-- MetaProfile 模拟数据（PG）—— 确定性、可重复导入。
-- 生成时间标记: 2026-06-15T12:00:00+00:00
BEGIN;

DELETE FROM tech_dev_milestone WHERE tech_id LIKE 'TECH_S_%';
DELETE FROM tech_review_impact WHERE tech_id LIKE 'TECH_S_%';
DELETE FROM tech_funding WHERE tech_id LIKE 'TECH_S_%';
DELETE FROM tech_academic_output WHERE tech_id LIKE 'TECH_S_%';
DELETE FROM tech_experiment WHERE tech_id LIKE 'TECH_S_%';
DELETE FROM tech_profile WHERE tech_id LIKE 'TECH_S_%';
DELETE FROM project_history WHERE project_id LIKE 'PROJECT_S_%';
DELETE FROM project_budget WHERE project_id LIKE 'PROJECT_S_%';
DELETE FROM project_output WHERE project_id LIKE 'PROJECT_S_%';
DELETE FROM project_profile WHERE project_id LIKE 'PROJECT_S_%';
DELETE FROM org_history WHERE org_id LIKE 'ORG_S_%';
DELETE FROM org_affiliation WHERE org_id LIKE 'ORG_S_%';
DELETE FROM org_award WHERE org_id LIKE 'ORG_S_%';
DELETE FROM org_budget WHERE org_id LIKE 'ORG_S_%';
DELETE FROM org_funding WHERE org_id LIKE 'ORG_S_%';
DELETE FROM org_output WHERE org_id LIKE 'ORG_S_%';
DELETE FROM org_review WHERE org_id LIKE 'ORG_S_%';
DELETE FROM org_address WHERE org_id LIKE 'ORG_S_%';
DELETE FROM org_activity WHERE org_id LIKE 'ORG_S_%';
DELETE FROM org_team WHERE org_id LIKE 'ORG_S_%';
DELETE FROM org_facility WHERE org_id LIKE 'ORG_S_%';
DELETE FROM org_profile WHERE org_id LIKE 'ORG_S_%';
DELETE FROM person_education WHERE person_id LIKE 'PERSON_S_%';
DELETE FROM person_career WHERE person_id LIKE 'PERSON_S_%';
DELETE FROM person_award WHERE person_id LIKE 'PERSON_S_%';
DELETE FROM person_academic_output WHERE person_id LIKE 'PERSON_S_%';
DELETE FROM person_opinion WHERE person_id LIKE 'PERSON_S_%';
DELETE FROM person_review WHERE person_id LIKE 'PERSON_S_%';
DELETE FROM person_focus WHERE person_id LIKE 'PERSON_S_%';
DELETE FROM person_profile WHERE person_id LIKE 'PERSON_S_%';
DELETE FROM entity_change_log WHERE entity_id LIKE 'TECH_S_%' OR entity_id LIKE 'PROJECT_S_%' OR entity_id LIKE 'ORG_S_%' OR entity_id LIKE 'PERSON_S_%';

-- ── 技术 ──
INSERT INTO tech_profile (tech_id, tech_name_cn, tech_name_en, tech_name_other, tech_domain, invention_date, application_date, tech_summary, dev_goal, project_layout, key_points, transformation_status, basic_research_status, autonomy_capability, industrial_capability, tech_advantages, current_status, trend, remark, confidence, completeness, created_at, updated_at) VALUES ('TECH_S_7183025edd682392', '一体化卫星星座组网平台', 'Tech-000 基因剪刀', NULL, '["自动驾驶", "先进算力"]'::json, '2016-08-08', '2018-01-23', '一体化卫星星座组网平台是自动驾驶领域的关键技术，具有高可靠性等优势，应用前景广阔。', '突破自动驾驶核心技术瓶颈，实现自主可控。', '["自动驾驶基础理论", "自动驾驶工程化"]'::json, '["自动驾驶关键工艺", "自动驾驶系统集成"]'::json, '待转化', '基础理论已建立', '具备完全自主知识产权', '形成完整产业链', '相比同类技术，一体化卫星星座组网平台在性能与成本上优势明显。', '工程化应用', '下降', '', 0.883, 0.655, '2026-06-15T12:00:00+00:00', '2026-06-15T12:00:00+00:00');
INSERT INTO tech_dev_milestone (tech_id, milestone_date, milestone_name, contributor_keywords, milestone_content, created_at, updated_at) VALUES ('TECH_S_7183025edd682392', '2011-11-25', '概念提出', '["航天基因工程技术中心"]'::json, '概念提出：实现自动驾驶关键突破。', '2026-06-15T12:00:00+00:00', '2026-06-15T12:00:00+00:00');
INSERT INTO tech_dev_milestone (tech_id, milestone_date, milestone_name, contributor_keywords, milestone_content, created_at, updated_at) VALUES ('TECH_S_7183025edd682392', '2011-09-21', '实验室验证', '["南方前沿集团"]'::json, '实验室验证：实现自动驾驶关键突破。', '2026-06-15T12:00:00+00:00', '2026-06-15T12:00:00+00:00');
INSERT INTO tech_dev_milestone (tech_id, milestone_date, milestone_name, contributor_keywords, milestone_content, created_at, updated_at) VALUES ('TECH_S_7183025edd682392', '2023-11-23', '工程样机', '["中聚变研究所"]'::json, '工程样机：实现自动驾驶关键突破。', '2026-06-15T12:00:00+00:00', '2026-06-15T12:00:00+00:00');
INSERT INTO tech_dev_milestone (tech_id, milestone_date, milestone_name, contributor_keywords, milestone_content, created_at, updated_at) VALUES ('TECH_S_7183025edd682392', '2013-04-21', '中试成功', '["中生医研究所"]'::json, '中试成功：实现自动驾驶关键突破。', '2026-06-15T12:00:00+00:00', '2026-06-15T12:00:00+00:00');
INSERT INTO tech_dev_milestone (tech_id, milestone_date, milestone_name, contributor_keywords, milestone_content, created_at, updated_at) VALUES ('TECH_S_7183025edd682392', '2022-09-20', '产业化', '["国生医研究所"]'::json, '产业化：实现自动驾驶关键突破。', '2026-06-15T12:00:00+00:00', '2026-06-15T12:00:00+00:00');
INSERT INTO tech_funding (tech_id, amount, source, created_at, updated_at) VALUES ('TECH_S_7183025edd682392', 15000.0, '国家自然科学基金', '2026-06-15T12:00:00+00:00', '2026-06-15T12:00:00+00:00');
INSERT INTO tech_academic_output (tech_id, name, publish_date, subject_keywords, image, created_at, updated_at) VALUES ('TECH_S_7183025edd682392', '一体化卫星星座组网平台相关研究', '2019-08-12', '["东方未来研究院"]'::json, '', '2026-06-15T12:00:00+00:00', '2026-06-15T12:00:00+00:00');
INSERT INTO tech_experiment (tech_id, content, experiment_date, result, subject_keywords, image, created_at, updated_at) VALUES ('TECH_S_7183025edd682392', '一体化卫星星座组网平台原理验证实验', '2020-12-20', '实验数据达到预期指标', '["自动驾驶"]'::json, '', '2026-06-15T12:00:00+00:00', '2026-06-15T12:00:00+00:00');
INSERT INTO entity_change_log (entity_id, entity_type, field, old_value, new_value, method, operator, source_doc_id, reason, changed_at) VALUES ('TECH_S_7183025edd682392', 'tech', '*', NULL, '{"action": "create"}'::json, 'rule', NULL, 'mock_seed', NULL, '2026-06-15T12:00:00+00:00');
INSERT INTO tech_profile (tech_id, tech_name_cn, tech_name_en, tech_name_other, tech_domain, invention_date, application_date, tech_summary, dev_goal, project_layout, key_points, transformation_status, basic_research_status, autonomy_capability, industrial_capability, tech_advantages, current_status, trend, remark, confidence, completeness, created_at, updated_at) VALUES ('TECH_S_e5f34964b9d795c5', '高可靠仿生机械臂系统', 'Tech-001 可重复使用火箭', NULL, '["储能", "生物医药"]'::json, '2019-01-27', '2024-07-22', '高可靠仿生机械臂系统是储能领域的关键技术，具有低成本等优势，应用前景广阔。', '突破储能核心技术瓶颈，实现自主可控。', '["储能基础理论", "储能工程化"]'::json, '["储能关键工艺", "储能系统集成"]'::json, '已转化', '基础理论已建立', '具备完全自主知识产权', '形成完整产业链', '相比同类技术，高可靠仿生机械臂系统在性能与成本上优势明显。', '实验室阶段', '稳步上升', '', 0.726, 0.864, '2026-06-15T12:00:00+00:00', '2026-06-15T12:00:00+00:00');
INSERT INTO tech_dev_milestone (tech_id, milestone_date, milestone_name, contributor_keywords, milestone_content, created_at, updated_at) VALUES ('TECH_S_e5f34964b9d795c5', '2020-03-05', '概念提出', '["远储能研究院"]'::json, '概念提出：实现储能关键突破。', '2026-06-15T12:00:00+00:00', '2026-06-15T12:00:00+00:00');
INSERT INTO tech_dev_milestone (tech_id, milestone_date, milestone_name, contributor_keywords, milestone_content, created_at, updated_at) VALUES ('TECH_S_e5f34964b9d795c5', '2023-12-14', '实验室验证', '["中氢动实验室"]'::json, '实验室验证：实现储能关键突破。', '2026-06-15T12:00:00+00:00', '2026-06-15T12:00:00+00:00');
INSERT INTO tech_dev_milestone (tech_id, milestone_date, milestone_name, contributor_keywords, milestone_content, created_at, updated_at) VALUES ('TECH_S_e5f34964b9d795c5', '2013-07-02', '工程样机', '["国生医科技"]'::json, '工程样机：实现储能关键突破。', '2026-06-15T12:00:00+00:00', '2026-06-15T12:00:00+00:00');
INSERT INTO tech_dev_milestone (tech_id, milestone_date, milestone_name, contributor_keywords, milestone_content, created_at, updated_at) VALUES ('TECH_S_e5f34964b9d795c5', '2021-12-19', '中试成功', '["航天光电高科"]'::json, '中试成功：实现储能关键突破。', '2026-06-15T12:00:00+00:00', '2026-06-15T12:00:00+00:00');
INSERT INTO tech_dev_milestone (tech_id, milestone_date, milestone_name, contributor_keywords, milestone_content, created_at, updated_at) VALUES ('TECH_S_e5f34964b9d795c5', '2022-04-14', '产业化', '["航天光电高科"]'::json, '产业化：实现储能关键突破。', '2026-06-15T12:00:00+00:00', '2026-06-15T12:00:00+00:00');
INSERT INTO tech_funding (tech_id, amount, source, created_at, updated_at) VALUES ('TECH_S_e5f34964b9d795c5', 15000.0, '国家重点研发计划', '2026-06-15T12:00:00+00:00', '2026-06-15T12:00:00+00:00');
INSERT INTO tech_academic_output (tech_id, name, publish_date, subject_keywords, image, created_at, updated_at) VALUES ('TECH_S_e5f34964b9d795c5', '高可靠仿生机械臂系统相关研究', '2022-11-28', '["航天基因集团"]'::json, '', '2026-06-15T12:00:00+00:00', '2026-06-15T12:00:00+00:00');
INSERT INTO tech_experiment (tech_id, content, experiment_date, result, subject_keywords, image, created_at, updated_at) VALUES ('TECH_S_e5f34964b9d795c5', '高可靠仿生机械臂系统原理验证实验', '2024-02-06', '实验数据达到预期指标', '["储能"]'::json, '', '2026-06-15T12:00:00+00:00', '2026-06-15T12:00:00+00:00');
INSERT INTO entity_change_log (entity_id, entity_type, field, old_value, new_value, method, operator, source_doc_id, reason, changed_at) VALUES ('TECH_S_e5f34964b9d795c5', 'tech', '*', NULL, '{"action": "create"}'::json, 'rule', NULL, 'mock_seed', NULL, '2026-06-15T12:00:00+00:00');
INSERT INTO tech_profile (tech_id, tech_name_cn, tech_name_en, tech_name_other, tech_domain, invention_date, application_date, tech_summary, dev_goal, project_layout, key_points, transformation_status, basic_research_status, autonomy_capability, industrial_capability, tech_advantages, current_status, trend, remark, confidence, completeness, created_at, updated_at) VALUES ('TECH_S_90e8ec9fe814ce1c', '小型化毫米波雷达装置', 'Tech-002 碳化硅功率器件', NULL, '["新材料", "航空航天"]'::json, '2020-10-26', '2023-10-14', '小型化毫米波雷达装置是新材料领域的关键技术，具有低成本等优势，应用前景广阔。', '突破新材料核心技术瓶颈，实现自主可控。', '["新材料基础理论", "新材料工程化"]'::json, '["新材料关键工艺", "新材料系统集成"]'::json, '待转化', '基础理论已建立', '具备完全自主知识产权', '形成完整产业链', '相比同类技术，小型化毫米波雷达装置在性能与成本上优势明显。', '工程化应用', '下降', '', 0.776, 0.662, '2026-06-15T12:00:00+00:00', '2026-06-15T12:00:00+00:00');
INSERT INTO tech_dev_milestone (tech_id, milestone_date, milestone_name, contributor_keywords, milestone_content, created_at, updated_at) VALUES ('TECH_S_90e8ec9fe814ce1c', '2014-07-25', '概念提出', '["远储能研究院"]'::json, '概念提出：实现新材料关键突破。', '2026-06-15T12:00:00+00:00', '2026-06-15T12:00:00+00:00');
INSERT INTO tech_dev_milestone (tech_id, milestone_date, milestone_name, contributor_keywords, milestone_content, created_at, updated_at) VALUES ('TECH_S_90e8ec9fe814ce1c', '2010-01-10', '实验室验证', '["新基因实验室"]'::json, '实验室验证：实现新材料关键突破。', '2026-06-15T12:00:00+00:00', '2026-06-15T12:00:00+00:00');
INSERT INTO tech_dev_milestone (tech_id, milestone_date, milestone_name, contributor_keywords, milestone_content, created_at, updated_at) VALUES ('TECH_S_90e8ec9fe814ce1c', '2020-11-15', '工程样机', '["东方生医科技"]'::json, '工程样机：实现新材料关键突破。', '2026-06-15T12:00:00+00:00', '2026-06-15T12:00:00+00:00');
INSERT INTO tech_dev_milestone (tech_id, milestone_date, milestone_name, contributor_keywords, milestone_content, created_at, updated_at) VALUES ('TECH_S_90e8ec9fe814ce1c', '2010-05-24', '中试成功', '["东方脑科学科技"]'::json, '中试成功：实现新材料关键突破。', '2026-06-15T12:00:00+00:00', '2026-06-15T12:00:00+00:00');
INSERT INTO tech_dev_milestone (tech_id, milestone_date, milestone_name, contributor_keywords, milestone_content, created_at, updated_at) VALUES ('TECH_S_90e8ec9fe814ce1c', '2021-03-03', '产业化', '["南方前沿高科"]'::json, '产业化：实现新材料关键突破。', '2026-06-15T12:00:00+00:00', '2026-06-15T12:00:00+00:00');
INSERT INTO tech_funding (tech_id, amount, source, created_at, updated_at) VALUES ('TECH_S_90e8ec9fe814ce1c', 500.0, '国家自然科学基金', '2026-06-15T12:00:00+00:00', '2026-06-15T12:00:00+00:00');
INSERT INTO tech_academic_output (tech_id, name, publish_date, subject_keywords, image, created_at, updated_at) VALUES ('TECH_S_90e8ec9fe814ce1c', '小型化毫米波雷达装置相关研究', '2018-01-07', '["国航宇高科"]'::json, '', '2026-06-15T12:00:00+00:00', '2026-06-15T12:00:00+00:00');
INSERT INTO tech_academic_output (tech_id, name, publish_date, subject_keywords, image, created_at, updated_at) VALUES ('TECH_S_90e8ec9fe814ce1c', '小型化毫米波雷达装置相关研究', '2023-12-23', '["新基因股份"]'::json, '', '2026-06-15T12:00:00+00:00', '2026-06-15T12:00:00+00:00');
INSERT INTO tech_experiment (tech_id, content, experiment_date, result, subject_keywords, image, created_at, updated_at) VALUES ('TECH_S_90e8ec9fe814ce1c', '小型化毫米波雷达装置原理验证实验', '2020-01-25', '实验数据达到预期指标', '["新材料"]'::json, '', '2026-06-15T12:00:00+00:00', '2026-06-15T12:00:00+00:00');
INSERT INTO entity_change_log (entity_id, entity_type, field, old_value, new_value, method, operator, source_doc_id, reason, changed_at) VALUES ('TECH_S_90e8ec9fe814ce1c', 'tech', '*', NULL, '{"action": "create"}'::json, 'rule', NULL, 'mock_seed', NULL, '2026-06-15T12:00:00+00:00');
INSERT INTO tech_profile (tech_id, tech_name_cn, tech_name_en, tech_name_other, tech_domain, invention_date, application_date, tech_summary, dev_goal, project_layout, key_points, transformation_status, basic_research_status, autonomy_capability, industrial_capability, tech_advantages, current_status, trend, remark, confidence, completeness, created_at, updated_at) VALUES ('TECH_S_eb1655cfcfe7f456', '自主可控固态电池装置', 'Tech-003 碳纳米管', NULL, '["网络安全"]'::json, '2005-11-18', '2021-09-08', '自主可控固态电池装置是网络安全领域的关键技术，具有低成本等优势，应用前景广阔。', '突破网络安全核心技术瓶颈，实现自主可控。', '["网络安全基础理论", "网络安全工程化"]'::json, '["网络安全关键工艺", "网络安全系统集成"]'::json, '已转化', '基础理论已建立', '具备完全自主知识产权', '形成完整产业链', '相比同类技术，自主可控固态电池装置在性能与成本上优势明显。', '实验室阶段', '稳步上升', '', 0.748, 0.56, '2026-06-15T12:00:00+00:00', '2026-06-15T12:00:00+00:00');
INSERT INTO tech_dev_milestone (tech_id, milestone_date, milestone_name, contributor_keywords, milestone_content, created_at, updated_at) VALUES ('TECH_S_eb1655cfcfe7f456', '2013-12-11', '概念提出', '["新新材科技"]'::json, '概念提出：实现网络安全关键突破。', '2026-06-15T12:00:00+00:00', '2026-06-15T12:00:00+00:00');
INSERT INTO tech_dev_milestone (tech_id, milestone_date, milestone_name, contributor_keywords, milestone_content, created_at, updated_at) VALUES ('TECH_S_eb1655cfcfe7f456', '2010-07-09', '实验室验证', '["中科深海研究所"]'::json, '实验室验证：实现网络安全关键突破。', '2026-06-15T12:00:00+00:00', '2026-06-15T12:00:00+00:00');
INSERT INTO tech_dev_milestone (tech_id, milestone_date, milestone_name, contributor_keywords, milestone_content, created_at, updated_at) VALUES ('TECH_S_eb1655cfcfe7f456', '2015-05-06', '工程样机', '["中先进研究院"]'::json, '工程样机：实现网络安全关键突破。', '2026-06-15T12:00:00+00:00', '2026-06-15T12:00:00+00:00');
INSERT INTO tech_dev_milestone (tech_id, milestone_date, milestone_name, contributor_keywords, milestone_content, created_at, updated_at) VALUES ('TECH_S_eb1655cfcfe7f456', '2017-11-26', '中试成功', '["新芯创科技"]'::json, '中试成功：实现网络安全关键突破。', '2026-06-15T12:00:00+00:00', '2026-06-15T12:00:00+00:00');
INSERT INTO tech_dev_milestone (tech_id, milestone_date, milestone_name, contributor_keywords, milestone_content, created_at, updated_at) VALUES ('TECH_S_eb1655cfcfe7f456', '2019-07-25', '产业化', '["新生医实验室"]'::json, '产业化：实现网络安全关键突破。', '2026-06-15T12:00:00+00:00', '2026-06-15T12:00:00+00:00');
INSERT INTO tech_funding (tech_id, amount, source, created_at, updated_at) VALUES ('TECH_S_eb1655cfcfe7f456', 15000.0, '国家重点研发计划', '2026-06-15T12:00:00+00:00', '2026-06-15T12:00:00+00:00');
INSERT INTO tech_funding (tech_id, amount, source, created_at, updated_at) VALUES ('TECH_S_eb1655cfcfe7f456', 3000.0, '地方专项', '2026-06-15T12:00:00+00:00', '2026-06-15T12:00:00+00:00');
INSERT INTO tech_academic_output (tech_id, name, publish_date, subject_keywords, image, created_at, updated_at) VALUES ('TECH_S_eb1655cfcfe7f456', '自主可控固态电池装置相关研究', '2018-09-19', '["远算力工程技术中心"]'::json, '', '2026-06-15T12:00:00+00:00', '2026-06-15T12:00:00+00:00');
INSERT INTO tech_academic_output (tech_id, name, publish_date, subject_keywords, image, created_at, updated_at) VALUES ('TECH_S_eb1655cfcfe7f456', '自主可控固态电池装置相关研究', '2024-12-20', '["北方未来高科"]'::json, '', '2026-06-15T12:00:00+00:00', '2026-06-15T12:00:00+00:00');
INSERT INTO tech_experiment (tech_id, content, experiment_date, result, subject_keywords, image, created_at, updated_at) VALUES ('TECH_S_eb1655cfcfe7f456', '自主可控固态电池装置原理验证实验', '2020-01-27', '实验数据达到预期指标', '["网络安全"]'::json, '', '2026-06-15T12:00:00+00:00', '2026-06-15T12:00:00+00:00');
INSERT INTO entity_change_log (entity_id, entity_type, field, old_value, new_value, method, operator, source_doc_id, reason, changed_at) VALUES ('TECH_S_eb1655cfcfe7f456', 'tech', '*', NULL, '{"action": "create"}'::json, 'rule', NULL, 'mock_seed', NULL, '2026-06-15T12:00:00+00:00');
INSERT INTO tech_profile (tech_id, tech_name_cn, tech_name_en, tech_name_other, tech_domain, invention_date, application_date, tech_summary, dev_goal, project_layout, key_points, transformation_status, basic_research_status, autonomy_capability, industrial_capability, tech_advantages, current_status, trend, remark, confidence, completeness, created_at, updated_at) VALUES ('TECH_S_de0d6b15ac87b93d', '低功耗mRNA疫苗方法', 'Tech-004 神经形态芯片', NULL, '["增材制造", "基因编辑"]'::json, '2000-02-27', '2020-10-05', '低功耗mRNA疫苗方法是基因编辑领域的关键技术，具有高效率等优势，应用前景广阔。', '突破基因编辑核心技术瓶颈，实现自主可控。', '["基因编辑基础理论", "基因编辑工程化"]'::json, '["基因编辑关键工艺", "基因编辑系统集成"]'::json, '转化中', '基础理论已建立', '具备完全自主知识产权', '形成完整产业链', '相比同类技术，低功耗mRNA疫苗方法在性能与成本上优势明显。', '实验室阶段', '波动', '', 0.858, 0.718, '2026-06-15T12:00:00+00:00', '2026-06-15T12:00:00+00:00');
INSERT INTO tech_dev_milestone (tech_id, milestone_date, milestone_name, contributor_keywords, milestone_content, created_at, updated_at) VALUES ('TECH_S_de0d6b15ac87b93d', '2015-03-20', '概念提出', '["国芯创研究所"]'::json, '概念提出：实现基因编辑关键突破。', '2026-06-15T12:00:00+00:00', '2026-06-15T12:00:00+00:00');
INSERT INTO tech_dev_milestone (tech_id, milestone_date, milestone_name, contributor_keywords, milestone_content, created_at, updated_at) VALUES ('TECH_S_de0d6b15ac87b93d', '2016-08-20', '实验室验证', '["东方智算实验室"]'::json, '实验室验证：实现基因编辑关键突破。', '2026-06-15T12:00:00+00:00', '2026-06-15T12:00:00+00:00');
INSERT INTO tech_dev_milestone (tech_id, milestone_date, milestone_name, contributor_keywords, milestone_content, created_at, updated_at) VALUES ('TECH_S_de0d6b15ac87b93d', '2019-01-14', '工程样机', '["东方天网科技"]'::json, '工程样机：实现基因编辑关键突破。', '2026-06-15T12:00:00+00:00', '2026-06-15T12:00:00+00:00');
INSERT INTO tech_dev_milestone (tech_id, milestone_date, milestone_name, contributor_keywords, milestone_content, created_at, updated_at) VALUES ('TECH_S_de0d6b15ac87b93d', '2015-12-23', '中试成功', '["新前沿科技"]'::json, '中试成功：实现基因编辑关键突破。', '2026-06-15T12:00:00+00:00', '2026-06-15T12:00:00+00:00');
INSERT INTO tech_dev_milestone (tech_id, milestone_date, milestone_name, contributor_keywords, milestone_content, created_at, updated_at) VALUES ('TECH_S_de0d6b15ac87b93d', '2017-12-18', '产业化', '["远储能研究院"]'::json, '产业化：实现基因编辑关键突破。', '2026-06-15T12:00:00+00:00', '2026-06-15T12:00:00+00:00');
INSERT INTO tech_funding (tech_id, amount, source, created_at, updated_at) VALUES ('TECH_S_de0d6b15ac87b93d', 8000.0, '企业自筹', '2026-06-15T12:00:00+00:00', '2026-06-15T12:00:00+00:00');
INSERT INTO tech_funding (tech_id, amount, source, created_at, updated_at) VALUES ('TECH_S_de0d6b15ac87b93d', 8000.0, '国家重点研发计划', '2026-06-15T12:00:00+00:00', '2026-06-15T12:00:00+00:00');
INSERT INTO tech_funding (tech_id, amount, source, created_at, updated_at) VALUES ('TECH_S_de0d6b15ac87b93d', 15000.0, '企业自筹', '2026-06-15T12:00:00+00:00', '2026-06-15T12:00:00+00:00');
INSERT INTO tech_academic_output (tech_id, name, publish_date, subject_keywords, image, created_at, updated_at) VALUES ('TECH_S_de0d6b15ac87b93d', '低功耗mRNA疫苗方法相关研究', '2023-06-17', '["国未来研究院"]'::json, '', '2026-06-15T12:00:00+00:00', '2026-06-15T12:00:00+00:00');
INSERT INTO tech_academic_output (tech_id, name, publish_date, subject_keywords, image, created_at, updated_at) VALUES ('TECH_S_de0d6b15ac87b93d', '低功耗mRNA疫苗方法相关研究', '2018-06-26', '["新聚变工程技术中心"]'::json, '', '2026-06-15T12:00:00+00:00', '2026-06-15T12:00:00+00:00');
INSERT INTO tech_academic_output (tech_id, name, publish_date, subject_keywords, image, created_at, updated_at) VALUES ('TECH_S_de0d6b15ac87b93d', '低功耗mRNA疫苗方法相关研究', '2024-02-14', '["东方未来研究院"]'::json, '', '2026-06-15T12:00:00+00:00', '2026-06-15T12:00:00+00:00');
INSERT INTO tech_experiment (tech_id, content, experiment_date, result, subject_keywords, image, created_at, updated_at) VALUES ('TECH_S_de0d6b15ac87b93d', '低功耗mRNA疫苗方法原理验证实验', '2022-01-16', '实验数据达到预期指标', '["基因编辑"]'::json, '', '2026-06-15T12:00:00+00:00', '2026-06-15T12:00:00+00:00');
INSERT INTO entity_change_log (entity_id, entity_type, field, old_value, new_value, method, operator, source_doc_id, reason, changed_at) VALUES ('TECH_S_de0d6b15ac87b93d', 'tech', '*', NULL, '{"action": "create"}'::json, 'rule', NULL, 'mock_seed', NULL, '2026-06-15T12:00:00+00:00');
INSERT INTO tech_profile (tech_id, tech_name_cn, tech_name_en, tech_name_other, tech_domain, invention_date, application_date, tech_summary, dev_goal, project_layout, key_points, transformation_status, basic_research_status, autonomy_capability, industrial_capability, tech_advantages, current_status, trend, remark, confidence, completeness, created_at, updated_at) VALUES ('TECH_S_4b9144aa1cbf1b8e', '新型固态电池技术', 'Tech-005 类脑计算架构', NULL, '["无人机", "新材料"]'::json, '2011-06-24', '2020-04-19', '新型固态电池技术是新材料领域的关键技术，具有高可靠性等优势，应用前景广阔。', '突破新材料核心技术瓶颈，实现自主可控。', '["新材料基础理论", "新材料工程化"]'::json, '["新材料关键工艺", "新材料系统集成"]'::json, '转化中', '基础理论已建立', '具备完全自主知识产权', '形成完整产业链', '相比同类技术，新型固态电池技术在性能与成本上优势明显。', '中试阶段', '快速上升', '', 0.97, 0.821, '2026-06-15T12:00:00+00:00', '2026-06-15T12:00:00+00:00');
INSERT INTO tech_dev_milestone (tech_id, milestone_date, milestone_name, contributor_keywords, milestone_content, created_at, updated_at) VALUES ('TECH_S_4b9144aa1cbf1b8e', '2015-09-22', '概念提出', '["航天芯创科技"]'::json, '概念提出：实现新材料关键突破。', '2026-06-15T12:00:00+00:00', '2026-06-15T12:00:00+00:00');
INSERT INTO tech_dev_milestone (tech_id, milestone_date, milestone_name, contributor_keywords, milestone_content, created_at, updated_at) VALUES ('TECH_S_4b9144aa1cbf1b8e', '2018-07-03', '实验室验证', '["新光电集团"]'::json, '实验室验证：实现新材料关键突破。', '2026-06-15T12:00:00+00:00', '2026-06-15T12:00:00+00:00');
INSERT INTO tech_dev_milestone (tech_id, milestone_date, milestone_name, contributor_keywords, milestone_content, created_at, updated_at) VALUES ('TECH_S_4b9144aa1cbf1b8e', '2022-01-10', '工程样机', '["华基因工程技术中心"]'::json, '工程样机：实现新材料关键突破。', '2026-06-15T12:00:00+00:00', '2026-06-15T12:00:00+00:00');
INSERT INTO tech_dev_milestone (tech_id, milestone_date, milestone_name, contributor_keywords, milestone_content, created_at, updated_at) VALUES ('TECH_S_4b9144aa1cbf1b8e', '2017-04-25', '中试成功', '["华先进股份"]'::json, '中试成功：实现新材料关键突破。', '2026-06-15T12:00:00+00:00', '2026-06-15T12:00:00+00:00');
INSERT INTO tech_dev_milestone (tech_id, milestone_date, milestone_name, contributor_keywords, milestone_content, created_at, updated_at) VALUES ('TECH_S_4b9144aa1cbf1b8e', '2021-12-05', '产业化', '["中科天网研究所"]'::json, '产业化：实现新材料关键突破。', '2026-06-15T12:00:00+00:00', '2026-06-15T12:00:00+00:00');
INSERT INTO tech_funding (tech_id, amount, source, created_at, updated_at) VALUES ('TECH_S_4b9144aa1cbf1b8e', 8000.0, '国家自然科学基金', '2026-06-15T12:00:00+00:00', '2026-06-15T12:00:00+00:00');
INSERT INTO tech_funding (tech_id, amount, source, created_at, updated_at) VALUES ('TECH_S_4b9144aa1cbf1b8e', 3000.0, '国家自然科学基金', '2026-06-15T12:00:00+00:00', '2026-06-15T12:00:00+00:00');
INSERT INTO tech_academic_output (tech_id, name, publish_date, subject_keywords, image, created_at, updated_at) VALUES ('TECH_S_4b9144aa1cbf1b8e', '新型固态电池技术相关研究', '2020-08-22', '["航天储能实验室"]'::json, '', '2026-06-15T12:00:00+00:00', '2026-06-15T12:00:00+00:00');
INSERT INTO tech_experiment (tech_id, content, experiment_date, result, subject_keywords, image, created_at, updated_at) VALUES ('TECH_S_4b9144aa1cbf1b8e', '新型固态电池技术原理验证实验', '2020-05-07', '实验数据达到预期指标', '["新材料"]'::json, '', '2026-06-15T12:00:00+00:00', '2026-06-15T12:00:00+00:00');
INSERT INTO entity_change_log (entity_id, entity_type, field, old_value, new_value, method, operator, source_doc_id, reason, changed_at) VALUES ('TECH_S_4b9144aa1cbf1b8e', 'tech', '*', NULL, '{"action": "create"}'::json, 'rule', NULL, 'mock_seed', NULL, '2026-06-15T12:00:00+00:00');
INSERT INTO tech_profile (tech_id, tech_name_cn, tech_name_en, tech_name_other, tech_domain, invention_date, application_date, tech_summary, dev_goal, project_layout, key_points, transformation_status, basic_research_status, autonomy_capability, industrial_capability, tech_advantages, current_status, trend, remark, confidence, completeness, created_at, updated_at) VALUES ('TECH_S_7889c1b7c08b7f89', '一体化mRNA疫苗方法', 'Tech-006 钙钛矿太阳能电池', NULL, '["脑机接口", "深海装备"]'::json, '2003-10-21', '2020-02-06', '一体化mRNA疫苗方法是脑机接口领域的关键技术，具有高效率等优势，应用前景广阔。', '突破脑机接口核心技术瓶颈，实现自主可控。', '["脑机接口基础理论", "脑机接口工程化"]'::json, '["脑机接口关键工艺", "脑机接口系统集成"]'::json, '已转化', '基础理论已建立', '具备完全自主知识产权', '形成完整产业链', '相比同类技术，一体化mRNA疫苗方法在性能与成本上优势明显。', '中试阶段', '稳步上升', '', 0.958, 0.879, '2026-06-15T12:00:00+00:00', '2026-06-15T12:00:00+00:00');
INSERT INTO tech_dev_milestone (tech_id, milestone_date, milestone_name, contributor_keywords, milestone_content, created_at, updated_at) VALUES ('TECH_S_7889c1b7c08b7f89', '2011-08-21', '概念提出', '["东方芯创股份"]'::json, '概念提出：实现脑机接口关键突破。', '2026-06-15T12:00:00+00:00', '2026-06-15T12:00:00+00:00');
INSERT INTO tech_dev_milestone (tech_id, milestone_date, milestone_name, contributor_keywords, milestone_content, created_at, updated_at) VALUES ('TECH_S_7889c1b7c08b7f89', '2021-12-09', '实验室验证', '["中生医研究所"]'::json, '实验室验证：实现脑机接口关键突破。', '2026-06-15T12:00:00+00:00', '2026-06-15T12:00:00+00:00');
INSERT INTO tech_dev_milestone (tech_id, milestone_date, milestone_name, contributor_keywords, milestone_content, created_at, updated_at) VALUES ('TECH_S_7889c1b7c08b7f89', '2019-06-16', '工程样机', '["航天基因工程技术中心"]'::json, '工程样机：实现脑机接口关键突破。', '2026-06-15T12:00:00+00:00', '2026-06-15T12:00:00+00:00');
INSERT INTO tech_dev_milestone (tech_id, milestone_date, milestone_name, contributor_keywords, milestone_content, created_at, updated_at) VALUES ('TECH_S_7889c1b7c08b7f89', '2022-09-02', '中试成功', '["国芯创研究所"]'::json, '中试成功：实现脑机接口关键突破。', '2026-06-15T12:00:00+00:00', '2026-06-15T12:00:00+00:00');
INSERT INTO tech_dev_milestone (tech_id, milestone_date, milestone_name, contributor_keywords, milestone_content, created_at, updated_at) VALUES ('TECH_S_7889c1b7c08b7f89', '2013-10-18', '产业化', '["南方前沿集团"]'::json, '产业化：实现脑机接口关键突破。', '2026-06-15T12:00:00+00:00', '2026-06-15T12:00:00+00:00');
INSERT INTO tech_funding (tech_id, amount, source, created_at, updated_at) VALUES ('TECH_S_7889c1b7c08b7f89', 1000.0, '国家重点研发计划', '2026-06-15T12:00:00+00:00', '2026-06-15T12:00:00+00:00');
INSERT INTO tech_funding (tech_id, amount, source, created_at, updated_at) VALUES ('TECH_S_7889c1b7c08b7f89', 15000.0, '企业自筹', '2026-06-15T12:00:00+00:00', '2026-06-15T12:00:00+00:00');
INSERT INTO tech_funding (tech_id, amount, source, created_at, updated_at) VALUES ('TECH_S_7889c1b7c08b7f89', 1000.0, '地方专项', '2026-06-15T12:00:00+00:00', '2026-06-15T12:00:00+00:00');
INSERT INTO tech_academic_output (tech_id, name, publish_date, subject_keywords, image, created_at, updated_at) VALUES ('TECH_S_7889c1b7c08b7f89', '一体化mRNA疫苗方法相关研究', '2021-08-03', '["中科未来实验室"]'::json, '', '2026-06-15T12:00:00+00:00', '2026-06-15T12:00:00+00:00');
INSERT INTO tech_academic_output (tech_id, name, publish_date, subject_keywords, image, created_at, updated_at) VALUES ('TECH_S_7889c1b7c08b7f89', '一体化mRNA疫苗方法相关研究', '2022-10-09', '["新前沿科技"]'::json, '', '2026-06-15T12:00:00+00:00', '2026-06-15T12:00:00+00:00');
INSERT INTO tech_experiment (tech_id, content, experiment_date, result, subject_keywords, image, created_at, updated_at) VALUES ('TECH_S_7889c1b7c08b7f89', '一体化mRNA疫苗方法原理验证实验', '2023-01-01', '实验数据达到预期指标', '["脑机接口"]'::json, '', '2026-06-15T12:00:00+00:00', '2026-06-15T12:00:00+00:00');
INSERT INTO entity_change_log (entity_id, entity_type, field, old_value, new_value, method, operator, source_doc_id, reason, changed_at) VALUES ('TECH_S_7889c1b7c08b7f89', 'tech', '*', NULL, '{"action": "create"}'::json, 'rule', NULL, 'mock_seed', NULL, '2026-06-15T12:00:00+00:00');
INSERT INTO tech_profile (tech_id, tech_name_cn, tech_name_en, tech_name_other, tech_domain, invention_date, application_date, tech_summary, dev_goal, project_layout, key_points, transformation_status, basic_research_status, autonomy_capability, industrial_capability, tech_advantages, current_status, trend, remark, confidence, completeness, created_at, updated_at) VALUES ('TECH_S_e4abb0393eb8605b', '低功耗卫星星座组网解决方案', 'Tech-007 毫米波雷达', NULL, '["卫星互联网", "光电技术"]'::json, '2008-06-06', '2023-07-15', '低功耗卫星星座组网解决方案是卫星互联网领域的关键技术，具有高效率等优势，应用前景广阔。', '突破卫星互联网核心技术瓶颈，实现自主可控。', '["卫星互联网基础理论", "卫星互联网工程化"]'::json, '["卫星互联网关键工艺", "卫星互联网系统集成"]'::json, '已转化', '基础理论已建立', '具备完全自主知识产权', '形成完整产业链', '相比同类技术，低功耗卫星星座组网解决方案在性能与成本上优势明显。', '中试阶段', '快速上升', '', 0.741, 0.87, '2026-06-15T12:00:00+00:00', '2026-06-15T12:00:00+00:00');
INSERT INTO tech_dev_milestone (tech_id, milestone_date, milestone_name, contributor_keywords, milestone_content, created_at, updated_at) VALUES ('TECH_S_e4abb0393eb8605b', '2023-07-12', '概念提出', '["中基因工程技术中心"]'::json, '概念提出：实现卫星互联网关键突破。', '2026-06-15T12:00:00+00:00', '2026-06-15T12:00:00+00:00');
INSERT INTO tech_dev_milestone (tech_id, milestone_date, milestone_name, contributor_keywords, milestone_content, created_at, updated_at) VALUES ('TECH_S_e4abb0393eb8605b', '2020-12-16', '实验室验证', '["新新材科技"]'::json, '实验室验证：实现卫星互联网关键突破。', '2026-06-15T12:00:00+00:00', '2026-06-15T12:00:00+00:00');
INSERT INTO tech_dev_milestone (tech_id, milestone_date, milestone_name, contributor_keywords, milestone_content, created_at, updated_at) VALUES ('TECH_S_e4abb0393eb8605b', '2012-01-28', '工程样机', '["华聚变高科"]'::json, '工程样机：实现卫星互联网关键突破。', '2026-06-15T12:00:00+00:00', '2026-06-15T12:00:00+00:00');
INSERT INTO tech_dev_milestone (tech_id, milestone_date, milestone_name, contributor_keywords, milestone_content, created_at, updated_at) VALUES ('TECH_S_e4abb0393eb8605b', '2017-08-04', '中试成功', '["华信息研究所"]'::json, '中试成功：实现卫星互联网关键突破。', '2026-06-15T12:00:00+00:00', '2026-06-15T12:00:00+00:00');
INSERT INTO tech_dev_milestone (tech_id, milestone_date, milestone_name, contributor_keywords, milestone_content, created_at, updated_at) VALUES ('TECH_S_e4abb0393eb8605b', '2022-07-14', '产业化', '["航天氢动实验室"]'::json, '产业化：实现卫星互联网关键突破。', '2026-06-15T12:00:00+00:00', '2026-06-15T12:00:00+00:00');
INSERT INTO tech_funding (tech_id, amount, source, created_at, updated_at) VALUES ('TECH_S_e4abb0393eb8605b', 1000.0, '地方专项', '2026-06-15T12:00:00+00:00', '2026-06-15T12:00:00+00:00');
INSERT INTO tech_academic_output (tech_id, name, publish_date, subject_keywords, image, created_at, updated_at) VALUES ('TECH_S_e4abb0393eb8605b', '低功耗卫星星座组网解决方案相关研究', '2020-11-12', '["国前沿研究院"]'::json, '', '2026-06-15T12:00:00+00:00', '2026-06-15T12:00:00+00:00');
INSERT INTO tech_academic_output (tech_id, name, publish_date, subject_keywords, image, created_at, updated_at) VALUES ('TECH_S_e4abb0393eb8605b', '低功耗卫星星座组网解决方案相关研究', '2020-11-20', '["新基因股份"]'::json, '', '2026-06-15T12:00:00+00:00', '2026-06-15T12:00:00+00:00');
INSERT INTO tech_experiment (tech_id, content, experiment_date, result, subject_keywords, image, created_at, updated_at) VALUES ('TECH_S_e4abb0393eb8605b', '低功耗卫星星座组网解决方案原理验证实验', '2020-04-06', '实验数据达到预期指标', '["卫星互联网"]'::json, '', '2026-06-15T12:00:00+00:00', '2026-06-15T12:00:00+00:00');
INSERT INTO entity_change_log (entity_id, entity_type, field, old_value, new_value, method, operator, source_doc_id, reason, changed_at) VALUES ('TECH_S_e4abb0393eb8605b', 'tech', '*', NULL, '{"action": "create"}'::json, 'rule', NULL, 'mock_seed', NULL, '2026-06-15T12:00:00+00:00');
INSERT INTO tech_profile (tech_id, tech_name_cn, tech_name_en, tech_name_other, tech_domain, invention_date, application_date, tech_summary, dev_goal, project_layout, key_points, transformation_status, basic_research_status, autonomy_capability, industrial_capability, tech_advantages, current_status, trend, remark, confidence, completeness, created_at, updated_at) VALUES ('TECH_S_357116b9df43d50d', '小型化光量子计算系统', 'Tech-008 碳纳米管', NULL, '["生物医药", "卫星互联网"]'::json, '2000-05-24', '2024-12-27', '小型化光量子计算系统是生物医药领域的关键技术，具有低成本等优势，应用前景广阔。', '突破生物医药核心技术瓶颈，实现自主可控。', '["生物医药基础理论", "生物医药工程化"]'::json, '["生物医药关键工艺", "生物医药系统集成"]'::json, '待转化', '基础理论已建立', '具备完全自主知识产权', '形成完整产业链', '相比同类技术，小型化光量子计算系统在性能与成本上优势明显。', '工程化应用', '快速上升', '', 0.898, 0.942, '2026-06-15T12:00:00+00:00', '2026-06-15T12:00:00+00:00');
INSERT INTO tech_dev_milestone (tech_id, milestone_date, milestone_name, contributor_keywords, milestone_content, created_at, updated_at) VALUES ('TECH_S_357116b9df43d50d', '2020-12-24', '概念提出', '["国芯创研究所"]'::json, '概念提出：实现生物医药关键突破。', '2026-06-15T12:00:00+00:00', '2026-06-15T12:00:00+00:00');
INSERT INTO tech_dev_milestone (tech_id, milestone_date, milestone_name, contributor_keywords, milestone_content, created_at, updated_at) VALUES ('TECH_S_357116b9df43d50d', '2011-06-23', '实验室验证', '["国前沿研究院"]'::json, '实验室验证：实现生物医药关键突破。', '2026-06-15T12:00:00+00:00', '2026-06-15T12:00:00+00:00');
INSERT INTO tech_dev_milestone (tech_id, milestone_date, milestone_name, contributor_keywords, milestone_content, created_at, updated_at) VALUES ('TECH_S_357116b9df43d50d', '2018-10-14', '工程样机', '["新前沿研究院"]'::json, '工程样机：实现生物医药关键突破。', '2026-06-15T12:00:00+00:00', '2026-06-15T12:00:00+00:00');
INSERT INTO tech_dev_milestone (tech_id, milestone_date, milestone_name, contributor_keywords, milestone_content, created_at, updated_at) VALUES ('TECH_S_357116b9df43d50d', '2013-12-15', '中试成功', '["东方未来研究院"]'::json, '中试成功：实现生物医药关键突破。', '2026-06-15T12:00:00+00:00', '2026-06-15T12:00:00+00:00');
INSERT INTO tech_dev_milestone (tech_id, milestone_date, milestone_name, contributor_keywords, milestone_content, created_at, updated_at) VALUES ('TECH_S_357116b9df43d50d', '2012-06-24', '产业化', '["新生医研究所"]'::json, '产业化：实现生物医药关键突破。', '2026-06-15T12:00:00+00:00', '2026-06-15T12:00:00+00:00');
INSERT INTO tech_funding (tech_id, amount, source, created_at, updated_at) VALUES ('TECH_S_357116b9df43d50d', 500.0, '国家重点研发计划', '2026-06-15T12:00:00+00:00', '2026-06-15T12:00:00+00:00');
INSERT INTO tech_academic_output (tech_id, name, publish_date, subject_keywords, image, created_at, updated_at) VALUES ('TECH_S_357116b9df43d50d', '小型化光量子计算系统相关研究', '2024-11-22', '["新前沿研究院"]'::json, '', '2026-06-15T12:00:00+00:00', '2026-06-15T12:00:00+00:00');
INSERT INTO tech_academic_output (tech_id, name, publish_date, subject_keywords, image, created_at, updated_at) VALUES ('TECH_S_357116b9df43d50d', '小型化光量子计算系统相关研究', '2018-12-08', '["国前沿研究院"]'::json, '', '2026-06-15T12:00:00+00:00', '2026-06-15T12:00:00+00:00');
INSERT INTO tech_experiment (tech_id, content, experiment_date, result, subject_keywords, image, created_at, updated_at) VALUES ('TECH_S_357116b9df43d50d', '小型化光量子计算系统原理验证实验', '2021-02-02', '实验数据达到预期指标', '["生物医药"]'::json, '', '2026-06-15T12:00:00+00:00', '2026-06-15T12:00:00+00:00');
INSERT INTO entity_change_log (entity_id, entity_type, field, old_value, new_value, method, operator, source_doc_id, reason, changed_at) VALUES ('TECH_S_357116b9df43d50d', 'tech', '*', NULL, '{"action": "create"}'::json, 'rule', NULL, 'mock_seed', NULL, '2026-06-15T12:00:00+00:00');
INSERT INTO tech_profile (tech_id, tech_name_cn, tech_name_en, tech_name_other, tech_domain, invention_date, application_date, tech_summary, dev_goal, project_layout, key_points, transformation_status, basic_research_status, autonomy_capability, industrial_capability, tech_advantages, current_status, trend, remark, confidence, completeness, created_at, updated_at) VALUES ('TECH_S_9f1eb357614d3268', '高性能深海潜水器装置', 'Tech-009 毫米波雷达', NULL, '["半导体", "基因编辑"]'::json, '2018-09-22', '2018-10-14', '高性能深海潜水器装置是半导体领域的关键技术，具有高效率等优势，应用前景广阔。', '突破半导体核心技术瓶颈，实现自主可控。', '["半导体基础理论", "半导体工程化"]'::json, '["半导体关键工艺", "半导体系统集成"]'::json, '待转化', '基础理论已建立', '具备完全自主知识产权', '形成完整产业链', '相比同类技术，高性能深海潜水器装置在性能与成本上优势明显。', '概念论证', '平稳', '', 0.852, 0.869, '2026-06-15T12:00:00+00:00', '2026-06-15T12:00:00+00:00');
INSERT INTO tech_dev_milestone (tech_id, milestone_date, milestone_name, contributor_keywords, milestone_content, created_at, updated_at) VALUES ('TECH_S_9f1eb357614d3268', '2011-02-12', '概念提出', '["中科天网研究所"]'::json, '概念提出：实现半导体关键突破。', '2026-06-15T12:00:00+00:00', '2026-06-15T12:00:00+00:00');
INSERT INTO tech_dev_milestone (tech_id, milestone_date, milestone_name, contributor_keywords, milestone_content, created_at, updated_at) VALUES ('TECH_S_9f1eb357614d3268', '2022-12-08', '实验室验证', '["新生医研究所"]'::json, '实验室验证：实现半导体关键突破。', '2026-06-15T12:00:00+00:00', '2026-06-15T12:00:00+00:00');
INSERT INTO tech_dev_milestone (tech_id, milestone_date, milestone_name, contributor_keywords, milestone_content, created_at, updated_at) VALUES ('TECH_S_9f1eb357614d3268', '2015-01-17', '工程样机', '["国储能研究所"]'::json, '工程样机：实现半导体关键突破。', '2026-06-15T12:00:00+00:00', '2026-06-15T12:00:00+00:00');
INSERT INTO tech_dev_milestone (tech_id, milestone_date, milestone_name, contributor_keywords, milestone_content, created_at, updated_at) VALUES ('TECH_S_9f1eb357614d3268', '2013-12-08', '中试成功', '["中科天网研究所"]'::json, '中试成功：实现半导体关键突破。', '2026-06-15T12:00:00+00:00', '2026-06-15T12:00:00+00:00');
INSERT INTO tech_dev_milestone (tech_id, milestone_date, milestone_name, contributor_keywords, milestone_content, created_at, updated_at) VALUES ('TECH_S_9f1eb357614d3268', '2012-05-15', '产业化', '["中氢动实验室"]'::json, '产业化：实现半导体关键突破。', '2026-06-15T12:00:00+00:00', '2026-06-15T12:00:00+00:00');
INSERT INTO tech_funding (tech_id, amount, source, created_at, updated_at) VALUES ('TECH_S_9f1eb357614d3268', 1000.0, '企业自筹', '2026-06-15T12:00:00+00:00', '2026-06-15T12:00:00+00:00');
INSERT INTO tech_academic_output (tech_id, name, publish_date, subject_keywords, image, created_at, updated_at) VALUES ('TECH_S_9f1eb357614d3268', '高性能深海潜水器装置相关研究', '2024-05-26', '["新前沿研究院"]'::json, '', '2026-06-15T12:00:00+00:00', '2026-06-15T12:00:00+00:00');
INSERT INTO tech_academic_output (tech_id, name, publish_date, subject_keywords, image, created_at, updated_at) VALUES ('TECH_S_9f1eb357614d3268', '高性能深海潜水器装置相关研究', '2022-04-13', '["华信息高科"]'::json, '', '2026-06-15T12:00:00+00:00', '2026-06-15T12:00:00+00:00');
INSERT INTO tech_experiment (tech_id, content, experiment_date, result, subject_keywords, image, created_at, updated_at) VALUES ('TECH_S_9f1eb357614d3268', '高性能深海潜水器装置原理验证实验', '2020-07-14', '实验数据达到预期指标', '["半导体"]'::json, '', '2026-06-15T12:00:00+00:00', '2026-06-15T12:00:00+00:00');
INSERT INTO entity_change_log (entity_id, entity_type, field, old_value, new_value, method, operator, source_doc_id, reason, changed_at) VALUES ('TECH_S_9f1eb357614d3268', 'tech', '*', NULL, '{"action": "create"}'::json, 'rule', NULL, 'mock_seed', NULL, '2026-06-15T12:00:00+00:00');
INSERT INTO tech_profile (tech_id, tech_name_cn, tech_name_en, tech_name_other, tech_domain, invention_date, application_date, tech_summary, dev_goal, project_layout, key_points, transformation_status, basic_research_status, autonomy_capability, industrial_capability, tech_advantages, current_status, trend, remark, confidence, completeness, created_at, updated_at) VALUES ('TECH_S_43020db5f6585f07', '分布式mRNA疫苗技术', 'Tech-010 神经网络芯片', NULL, '["量子计算", "6G通信"]'::json, '2009-01-03', '2022-10-17', '分布式mRNA疫苗技术是量子计算领域的关键技术，具有高效率等优势，应用前景广阔。', '突破量子计算核心技术瓶颈，实现自主可控。', '["量子计算基础理论", "量子计算工程化"]'::json, '["量子计算关键工艺", "量子计算系统集成"]'::json, '待转化', '基础理论已建立', '具备完全自主知识产权', '形成完整产业链', '相比同类技术，分布式mRNA疫苗技术在性能与成本上优势明显。', '中试阶段', '稳步上升', '', 0.969, 0.664, '2026-06-15T12:00:00+00:00', '2026-06-15T12:00:00+00:00');
INSERT INTO tech_dev_milestone (tech_id, milestone_date, milestone_name, contributor_keywords, milestone_content, created_at, updated_at) VALUES ('TECH_S_43020db5f6585f07', '2021-10-22', '概念提出', '["中先进研究院"]'::json, '概念提出：实现量子计算关键突破。', '2026-06-15T12:00:00+00:00', '2026-06-15T12:00:00+00:00');
INSERT INTO tech_dev_milestone (tech_id, milestone_date, milestone_name, contributor_keywords, milestone_content, created_at, updated_at) VALUES ('TECH_S_43020db5f6585f07', '2012-03-10', '实验室验证', '["中先进研究院"]'::json, '实验室验证：实现量子计算关键突破。', '2026-06-15T12:00:00+00:00', '2026-06-15T12:00:00+00:00');
INSERT INTO tech_dev_milestone (tech_id, milestone_date, milestone_name, contributor_keywords, milestone_content, created_at, updated_at) VALUES ('TECH_S_43020db5f6585f07', '2024-05-09', '工程样机', '["航天储能研究院"]'::json, '工程样机：实现量子计算关键突破。', '2026-06-15T12:00:00+00:00', '2026-06-15T12:00:00+00:00');
INSERT INTO tech_dev_milestone (tech_id, milestone_date, milestone_name, contributor_keywords, milestone_content, created_at, updated_at) VALUES ('TECH_S_43020db5f6585f07', '2011-06-12', '中试成功', '["中科前沿实验室"]'::json, '中试成功：实现量子计算关键突破。', '2026-06-15T12:00:00+00:00', '2026-06-15T12:00:00+00:00');
INSERT INTO tech_dev_milestone (tech_id, milestone_date, milestone_name, contributor_keywords, milestone_content, created_at, updated_at) VALUES ('TECH_S_43020db5f6585f07', '2015-02-17', '产业化', '["北方量子研究所"]'::json, '产业化：实现量子计算关键突破。', '2026-06-15T12:00:00+00:00', '2026-06-15T12:00:00+00:00');
INSERT INTO tech_funding (tech_id, amount, source, created_at, updated_at) VALUES ('TECH_S_43020db5f6585f07', 3000.0, '国家自然科学基金', '2026-06-15T12:00:00+00:00', '2026-06-15T12:00:00+00:00');
INSERT INTO tech_academic_output (tech_id, name, publish_date, subject_keywords, image, created_at, updated_at) VALUES ('TECH_S_43020db5f6585f07', '分布式mRNA疫苗技术相关研究', '2021-08-25', '["南方量子科技"]'::json, '', '2026-06-15T12:00:00+00:00', '2026-06-15T12:00:00+00:00');
INSERT INTO tech_academic_output (tech_id, name, publish_date, subject_keywords, image, created_at, updated_at) VALUES ('TECH_S_43020db5f6585f07', '分布式mRNA疫苗技术相关研究', '2021-02-26', '["东方天网科技"]'::json, '', '2026-06-15T12:00:00+00:00', '2026-06-15T12:00:00+00:00');
INSERT INTO tech_experiment (tech_id, content, experiment_date, result, subject_keywords, image, created_at, updated_at) VALUES ('TECH_S_43020db5f6585f07', '分布式mRNA疫苗技术原理验证实验', '2023-05-17', '实验数据达到预期指标', '["量子计算"]'::json, '', '2026-06-15T12:00:00+00:00', '2026-06-15T12:00:00+00:00');
INSERT INTO entity_change_log (entity_id, entity_type, field, old_value, new_value, method, operator, source_doc_id, reason, changed_at) VALUES ('TECH_S_43020db5f6585f07', 'tech', '*', NULL, '{"action": "create"}'::json, 'rule', NULL, 'mock_seed', NULL, '2026-06-15T12:00:00+00:00');
INSERT INTO tech_profile (tech_id, tech_name_cn, tech_name_en, tech_name_other, tech_domain, invention_date, application_date, tech_summary, dev_goal, project_layout, key_points, transformation_status, basic_research_status, autonomy_capability, industrial_capability, tech_advantages, current_status, trend, remark, confidence, completeness, created_at, updated_at) VALUES ('TECH_S_5f88d3810677fdc7', '小型化可重复使用火箭工艺', 'Tech-011 可重复使用火箭', NULL, '["氢能", "先进算力"]'::json, '2014-04-02', '2025-02-16', '小型化可重复使用火箭工艺是先进算力领域的关键技术，具有高可靠性等优势，应用前景广阔。', '突破先进算力核心技术瓶颈，实现自主可控。', '["先进算力基础理论", "先进算力工程化"]'::json, '["先进算力关键工艺", "先进算力系统集成"]'::json, '已转化', '基础理论已建立', '具备完全自主知识产权', '形成完整产业链', '相比同类技术，小型化可重复使用火箭工艺在性能与成本上优势明显。', '实验室阶段', '稳步上升', '', 0.96, 0.773, '2026-06-15T12:00:00+00:00', '2026-06-15T12:00:00+00:00');
INSERT INTO tech_dev_milestone (tech_id, milestone_date, milestone_name, contributor_keywords, milestone_content, created_at, updated_at) VALUES ('TECH_S_5f88d3810677fdc7', '2022-11-14', '概念提出', '["中科智算工程技术中心"]'::json, '概念提出：实现先进算力关键突破。', '2026-06-15T12:00:00+00:00', '2026-06-15T12:00:00+00:00');
INSERT INTO tech_dev_milestone (tech_id, milestone_date, milestone_name, contributor_keywords, milestone_content, created_at, updated_at) VALUES ('TECH_S_5f88d3810677fdc7', '2017-11-04', '实验室验证', '["新基因实验室"]'::json, '实验室验证：实现先进算力关键突破。', '2026-06-15T12:00:00+00:00', '2026-06-15T12:00:00+00:00');
INSERT INTO tech_dev_milestone (tech_id, milestone_date, milestone_name, contributor_keywords, milestone_content, created_at, updated_at) VALUES ('TECH_S_5f88d3810677fdc7', '2015-06-19', '工程样机', '["华聚变高科"]'::json, '工程样机：实现先进算力关键突破。', '2026-06-15T12:00:00+00:00', '2026-06-15T12:00:00+00:00');
INSERT INTO tech_dev_milestone (tech_id, milestone_date, milestone_name, contributor_keywords, milestone_content, created_at, updated_at) VALUES ('TECH_S_5f88d3810677fdc7', '2012-02-03', '中试成功', '["北方前沿实验室"]'::json, '中试成功：实现先进算力关键突破。', '2026-06-15T12:00:00+00:00', '2026-06-15T12:00:00+00:00');
INSERT INTO tech_dev_milestone (tech_id, milestone_date, milestone_name, contributor_keywords, milestone_content, created_at, updated_at) VALUES ('TECH_S_5f88d3810677fdc7', '2022-01-28', '产业化', '["东方储能高科"]'::json, '产业化：实现先进算力关键突破。', '2026-06-15T12:00:00+00:00', '2026-06-15T12:00:00+00:00');
INSERT INTO tech_funding (tech_id, amount, source, created_at, updated_at) VALUES ('TECH_S_5f88d3810677fdc7', 1000.0, '地方专项', '2026-06-15T12:00:00+00:00', '2026-06-15T12:00:00+00:00');
INSERT INTO tech_funding (tech_id, amount, source, created_at, updated_at) VALUES ('TECH_S_5f88d3810677fdc7', 1000.0, '国家自然科学基金', '2026-06-15T12:00:00+00:00', '2026-06-15T12:00:00+00:00');
INSERT INTO tech_funding (tech_id, amount, source, created_at, updated_at) VALUES ('TECH_S_5f88d3810677fdc7', 500.0, '国家重点研发计划', '2026-06-15T12:00:00+00:00', '2026-06-15T12:00:00+00:00');
INSERT INTO tech_academic_output (tech_id, name, publish_date, subject_keywords, image, created_at, updated_at) VALUES ('TECH_S_5f88d3810677fdc7', '小型化可重复使用火箭工艺相关研究', '2023-07-06', '["远储能研究院"]'::json, '', '2026-06-15T12:00:00+00:00', '2026-06-15T12:00:00+00:00');
INSERT INTO tech_experiment (tech_id, content, experiment_date, result, subject_keywords, image, created_at, updated_at) VALUES ('TECH_S_5f88d3810677fdc7', '小型化可重复使用火箭工艺原理验证实验', '2023-01-12', '实验数据达到预期指标', '["先进算力"]'::json, '', '2026-06-15T12:00:00+00:00', '2026-06-15T12:00:00+00:00');
INSERT INTO entity_change_log (entity_id, entity_type, field, old_value, new_value, method, operator, source_doc_id, reason, changed_at) VALUES ('TECH_S_5f88d3810677fdc7', 'tech', '*', NULL, '{"action": "create"}'::json, 'rule', NULL, 'mock_seed', NULL, '2026-06-15T12:00:00+00:00');
INSERT INTO tech_profile (tech_id, tech_name_cn, tech_name_en, tech_name_other, tech_domain, invention_date, application_date, tech_summary, dev_goal, project_layout, key_points, transformation_status, basic_research_status, autonomy_capability, industrial_capability, tech_advantages, current_status, trend, remark, confidence, completeness, created_at, updated_at) VALUES ('TECH_S_9f381cb0aa053e84', '一体化深海潜水器技术', 'Tech-012 卫星星座组网', NULL, '["网络安全", "脑机接口"]'::json, '2012-10-12', '2024-08-21', '一体化深海潜水器技术是网络安全领域的关键技术，具有高效率等优势，应用前景广阔。', '突破网络安全核心技术瓶颈，实现自主可控。', '["网络安全基础理论", "网络安全工程化"]'::json, '["网络安全关键工艺", "网络安全系统集成"]'::json, '待转化', '基础理论已建立', '具备完全自主知识产权', '形成完整产业链', '相比同类技术，一体化深海潜水器技术在性能与成本上优势明显。', '规模化部署', '快速上升', '', 0.845, 0.565, '2026-06-15T12:00:00+00:00', '2026-06-15T12:00:00+00:00');
INSERT INTO tech_dev_milestone (tech_id, milestone_date, milestone_name, contributor_keywords, milestone_content, created_at, updated_at) VALUES ('TECH_S_9f381cb0aa053e84', '2010-04-06', '概念提出', '["东方航宇研究所"]'::json, '概念提出：实现网络安全关键突破。', '2026-06-15T12:00:00+00:00', '2026-06-15T12:00:00+00:00');
INSERT INTO tech_dev_milestone (tech_id, milestone_date, milestone_name, contributor_keywords, milestone_content, created_at, updated_at) VALUES ('TECH_S_9f381cb0aa053e84', '2015-02-16', '实验室验证', '["中生医研究所"]'::json, '实验室验证：实现网络安全关键突破。', '2026-06-15T12:00:00+00:00', '2026-06-15T12:00:00+00:00');
INSERT INTO tech_dev_milestone (tech_id, milestone_date, milestone_name, contributor_keywords, milestone_content, created_at, updated_at) VALUES ('TECH_S_9f381cb0aa053e84', '2024-09-18', '工程样机', '["航天基因集团"]'::json, '工程样机：实现网络安全关键突破。', '2026-06-15T12:00:00+00:00', '2026-06-15T12:00:00+00:00');
INSERT INTO tech_dev_milestone (tech_id, milestone_date, milestone_name, contributor_keywords, milestone_content, created_at, updated_at) VALUES ('TECH_S_9f381cb0aa053e84', '2016-09-25', '中试成功', '["航天算力研究所"]'::json, '中试成功：实现网络安全关键突破。', '2026-06-15T12:00:00+00:00', '2026-06-15T12:00:00+00:00');
INSERT INTO tech_dev_milestone (tech_id, milestone_date, milestone_name, contributor_keywords, milestone_content, created_at, updated_at) VALUES ('TECH_S_9f381cb0aa053e84', '2022-09-15', '产业化', '["国前沿研究院"]'::json, '产业化：实现网络安全关键突破。', '2026-06-15T12:00:00+00:00', '2026-06-15T12:00:00+00:00');
INSERT INTO tech_funding (tech_id, amount, source, created_at, updated_at) VALUES ('TECH_S_9f381cb0aa053e84', 8000.0, '地方专项', '2026-06-15T12:00:00+00:00', '2026-06-15T12:00:00+00:00');
INSERT INTO tech_funding (tech_id, amount, source, created_at, updated_at) VALUES ('TECH_S_9f381cb0aa053e84', 500.0, '国家重点研发计划', '2026-06-15T12:00:00+00:00', '2026-06-15T12:00:00+00:00');
INSERT INTO tech_funding (tech_id, amount, source, created_at, updated_at) VALUES ('TECH_S_9f381cb0aa053e84', 1000.0, '国家自然科学基金', '2026-06-15T12:00:00+00:00', '2026-06-15T12:00:00+00:00');
INSERT INTO tech_academic_output (tech_id, name, publish_date, subject_keywords, image, created_at, updated_at) VALUES ('TECH_S_9f381cb0aa053e84', '一体化深海潜水器技术相关研究', '2018-06-23', '["南方量子科技"]'::json, '', '2026-06-15T12:00:00+00:00', '2026-06-15T12:00:00+00:00');
INSERT INTO tech_academic_output (tech_id, name, publish_date, subject_keywords, image, created_at, updated_at) VALUES ('TECH_S_9f381cb0aa053e84', '一体化深海潜水器技术相关研究', '2018-03-01', '["航天储能研究院"]'::json, '', '2026-06-15T12:00:00+00:00', '2026-06-15T12:00:00+00:00');
INSERT INTO tech_experiment (tech_id, content, experiment_date, result, subject_keywords, image, created_at, updated_at) VALUES ('TECH_S_9f381cb0aa053e84', '一体化深海潜水器技术原理验证实验', '2022-03-18', '实验数据达到预期指标', '["网络安全"]'::json, '', '2026-06-15T12:00:00+00:00', '2026-06-15T12:00:00+00:00');
INSERT INTO entity_change_log (entity_id, entity_type, field, old_value, new_value, method, operator, source_doc_id, reason, changed_at) VALUES ('TECH_S_9f381cb0aa053e84', 'tech', '*', NULL, '{"action": "create"}'::json, 'rule', NULL, 'mock_seed', NULL, '2026-06-15T12:00:00+00:00');
INSERT INTO tech_profile (tech_id, tech_name_cn, tech_name_en, tech_name_other, tech_domain, invention_date, application_date, tech_summary, dev_goal, project_layout, key_points, transformation_status, basic_research_status, autonomy_capability, industrial_capability, tech_advantages, current_status, trend, remark, confidence, completeness, created_at, updated_at) VALUES ('TECH_S_1e3ce55076d0a616', '柔性类脑计算架构方法', 'Tech-013 神经形态芯片', NULL, '["人工智能", "卫星互联网"]'::json, '2014-09-14', '2021-03-19', '柔性类脑计算架构方法是人工智能领域的关键技术，具有低成本等优势，应用前景广阔。', '突破人工智能核心技术瓶颈，实现自主可控。', '["人工智能基础理论", "人工智能工程化"]'::json, '["人工智能关键工艺", "人工智能系统集成"]'::json, '已转化', '基础理论已建立', '具备完全自主知识产权', '形成完整产业链', '相比同类技术，柔性类脑计算架构方法在性能与成本上优势明显。', '规模化部署', '下降', '', 0.746, 0.84, '2026-06-15T12:00:00+00:00', '2026-06-15T12:00:00+00:00');
INSERT INTO tech_dev_milestone (tech_id, milestone_date, milestone_name, contributor_keywords, milestone_content, created_at, updated_at) VALUES ('TECH_S_1e3ce55076d0a616', '2019-02-01', '概念提出', '["国航宇高科"]'::json, '概念提出：实现人工智能关键突破。', '2026-06-15T12:00:00+00:00', '2026-06-15T12:00:00+00:00');
INSERT INTO tech_dev_milestone (tech_id, milestone_date, milestone_name, contributor_keywords, milestone_content, created_at, updated_at) VALUES ('TECH_S_1e3ce55076d0a616', '2013-12-08', '实验室验证', '["东方脑科学科技"]'::json, '实验室验证：实现人工智能关键突破。', '2026-06-15T12:00:00+00:00', '2026-06-15T12:00:00+00:00');
INSERT INTO tech_dev_milestone (tech_id, milestone_date, milestone_name, contributor_keywords, milestone_content, created_at, updated_at) VALUES ('TECH_S_1e3ce55076d0a616', '2019-06-26', '工程样机', '["中聚变集团"]'::json, '工程样机：实现人工智能关键突破。', '2026-06-15T12:00:00+00:00', '2026-06-15T12:00:00+00:00');
INSERT INTO tech_dev_milestone (tech_id, milestone_date, milestone_name, contributor_keywords, milestone_content, created_at, updated_at) VALUES ('TECH_S_1e3ce55076d0a616', '2015-10-22', '中试成功', '["南方光电研究所"]'::json, '中试成功：实现人工智能关键突破。', '2026-06-15T12:00:00+00:00', '2026-06-15T12:00:00+00:00');
INSERT INTO tech_dev_milestone (tech_id, milestone_date, milestone_name, contributor_keywords, milestone_content, created_at, updated_at) VALUES ('TECH_S_1e3ce55076d0a616', '2011-10-24', '产业化', '["东方芯创股份"]'::json, '产业化：实现人工智能关键突破。', '2026-06-15T12:00:00+00:00', '2026-06-15T12:00:00+00:00');
INSERT INTO tech_funding (tech_id, amount, source, created_at, updated_at) VALUES ('TECH_S_1e3ce55076d0a616', 15000.0, '国家自然科学基金', '2026-06-15T12:00:00+00:00', '2026-06-15T12:00:00+00:00');
INSERT INTO tech_academic_output (tech_id, name, publish_date, subject_keywords, image, created_at, updated_at) VALUES ('TECH_S_1e3ce55076d0a616', '柔性类脑计算架构方法相关研究', '2020-03-28', '["航天氢动集团"]'::json, '', '2026-06-15T12:00:00+00:00', '2026-06-15T12:00:00+00:00');
INSERT INTO tech_academic_output (tech_id, name, publish_date, subject_keywords, image, created_at, updated_at) VALUES ('TECH_S_1e3ce55076d0a616', '柔性类脑计算架构方法相关研究', '2023-10-03', '["中氢动实验室"]'::json, '', '2026-06-15T12:00:00+00:00', '2026-06-15T12:00:00+00:00');
INSERT INTO tech_experiment (tech_id, content, experiment_date, result, subject_keywords, image, created_at, updated_at) VALUES ('TECH_S_1e3ce55076d0a616', '柔性类脑计算架构方法原理验证实验', '2020-04-09', '实验数据达到预期指标', '["人工智能"]'::json, '', '2026-06-15T12:00:00+00:00', '2026-06-15T12:00:00+00:00');
INSERT INTO entity_change_log (entity_id, entity_type, field, old_value, new_value, method, operator, source_doc_id, reason, changed_at) VALUES ('TECH_S_1e3ce55076d0a616', 'tech', '*', NULL, '{"action": "create"}'::json, 'rule', NULL, 'mock_seed', NULL, '2026-06-15T12:00:00+00:00');
INSERT INTO tech_profile (tech_id, tech_name_cn, tech_name_en, tech_name_other, tech_domain, invention_date, application_date, tech_summary, dev_goal, project_layout, key_points, transformation_status, basic_research_status, autonomy_capability, industrial_capability, tech_advantages, current_status, trend, remark, confidence, completeness, created_at, updated_at) VALUES ('TECH_S_897fab99fb98407a', '自主可控基因剪刀平台', 'Tech-014 卫星星座组网', NULL, '["生物医药", "脑机接口"]'::json, '2014-07-24', '2022-04-11', '自主可控基因剪刀平台是生物医药领域的关键技术，具有低成本等优势，应用前景广阔。', '突破生物医药核心技术瓶颈，实现自主可控。', '["生物医药基础理论", "生物医药工程化"]'::json, '["生物医药关键工艺", "生物医药系统集成"]'::json, '已转化', '基础理论已建立', '具备完全自主知识产权', '形成完整产业链', '相比同类技术，自主可控基因剪刀平台在性能与成本上优势明显。', '中试阶段', '稳步上升', '', 0.719, 0.679, '2026-06-15T12:00:00+00:00', '2026-06-15T12:00:00+00:00');
INSERT INTO tech_dev_milestone (tech_id, milestone_date, milestone_name, contributor_keywords, milestone_content, created_at, updated_at) VALUES ('TECH_S_897fab99fb98407a', '2012-01-20', '概念提出', '["东方芯创集团"]'::json, '概念提出：实现生物医药关键突破。', '2026-06-15T12:00:00+00:00', '2026-06-15T12:00:00+00:00');
INSERT INTO tech_dev_milestone (tech_id, milestone_date, milestone_name, contributor_keywords, milestone_content, created_at, updated_at) VALUES ('TECH_S_897fab99fb98407a', '2010-05-17', '实验室验证', '["国先进研究所"]'::json, '实验室验证：实现生物医药关键突破。', '2026-06-15T12:00:00+00:00', '2026-06-15T12:00:00+00:00');
INSERT INTO tech_dev_milestone (tech_id, milestone_date, milestone_name, contributor_keywords, milestone_content, created_at, updated_at) VALUES ('TECH_S_897fab99fb98407a', '2021-09-20', '工程样机', '["航天基因集团"]'::json, '工程样机：实现生物医药关键突破。', '2026-06-15T12:00:00+00:00', '2026-06-15T12:00:00+00:00');
INSERT INTO tech_dev_milestone (tech_id, milestone_date, milestone_name, contributor_keywords, milestone_content, created_at, updated_at) VALUES ('TECH_S_897fab99fb98407a', '2013-04-10', '中试成功', '["中先进研究院"]'::json, '中试成功：实现生物医药关键突破。', '2026-06-15T12:00:00+00:00', '2026-06-15T12:00:00+00:00');
INSERT INTO tech_dev_milestone (tech_id, milestone_date, milestone_name, contributor_keywords, milestone_content, created_at, updated_at) VALUES ('TECH_S_897fab99fb98407a', '2021-05-14', '产业化', '["东方脑科学科技"]'::json, '产业化：实现生物医药关键突破。', '2026-06-15T12:00:00+00:00', '2026-06-15T12:00:00+00:00');
INSERT INTO tech_funding (tech_id, amount, source, created_at, updated_at) VALUES ('TECH_S_897fab99fb98407a', 15000.0, '企业自筹', '2026-06-15T12:00:00+00:00', '2026-06-15T12:00:00+00:00');
INSERT INTO tech_funding (tech_id, amount, source, created_at, updated_at) VALUES ('TECH_S_897fab99fb98407a', 3000.0, '国家重点研发计划', '2026-06-15T12:00:00+00:00', '2026-06-15T12:00:00+00:00');
INSERT INTO tech_funding (tech_id, amount, source, created_at, updated_at) VALUES ('TECH_S_897fab99fb98407a', 8000.0, '国家重点研发计划', '2026-06-15T12:00:00+00:00', '2026-06-15T12:00:00+00:00');
INSERT INTO tech_academic_output (tech_id, name, publish_date, subject_keywords, image, created_at, updated_at) VALUES ('TECH_S_897fab99fb98407a', '自主可控基因剪刀平台相关研究', '2018-04-05', '["北方算力研究院"]'::json, '', '2026-06-15T12:00:00+00:00', '2026-06-15T12:00:00+00:00');
INSERT INTO tech_experiment (tech_id, content, experiment_date, result, subject_keywords, image, created_at, updated_at) VALUES ('TECH_S_897fab99fb98407a', '自主可控基因剪刀平台原理验证实验', '2021-05-03', '实验数据达到预期指标', '["生物医药"]'::json, '', '2026-06-15T12:00:00+00:00', '2026-06-15T12:00:00+00:00');
INSERT INTO entity_change_log (entity_id, entity_type, field, old_value, new_value, method, operator, source_doc_id, reason, changed_at) VALUES ('TECH_S_897fab99fb98407a', 'tech', '*', NULL, '{"action": "create"}'::json, 'rule', NULL, 'mock_seed', NULL, '2026-06-15T12:00:00+00:00');
INSERT INTO tech_profile (tech_id, tech_name_cn, tech_name_en, tech_name_other, tech_domain, invention_date, application_date, tech_summary, dev_goal, project_layout, key_points, transformation_status, basic_research_status, autonomy_capability, industrial_capability, tech_advantages, current_status, trend, remark, confidence, completeness, created_at, updated_at) VALUES ('TECH_S_25defc25e25a9548', '自主可控神经形态芯片平台', 'Tech-015 固态电池', NULL, '["量子计算", "集成电路"]'::json, '2005-05-13', '2018-03-18', '自主可控神经形态芯片平台是集成电路领域的关键技术，具有高效率等优势，应用前景广阔。', '突破集成电路核心技术瓶颈，实现自主可控。', '["集成电路基础理论", "集成电路工程化"]'::json, '["集成电路关键工艺", "集成电路系统集成"]'::json, '待转化', '基础理论已建立', '具备完全自主知识产权', '形成完整产业链', '相比同类技术，自主可控神经形态芯片平台在性能与成本上优势明显。', '工程化应用', '快速上升', '', 0.896, 0.67, '2026-06-15T12:00:00+00:00', '2026-06-15T12:00:00+00:00');
INSERT INTO tech_dev_milestone (tech_id, milestone_date, milestone_name, contributor_keywords, milestone_content, created_at, updated_at) VALUES ('TECH_S_25defc25e25a9548', '2014-07-25', '概念提出', '["中科前沿实验室"]'::json, '概念提出：实现集成电路关键突破。', '2026-06-15T12:00:00+00:00', '2026-06-15T12:00:00+00:00');
INSERT INTO tech_dev_milestone (tech_id, milestone_date, milestone_name, contributor_keywords, milestone_content, created_at, updated_at) VALUES ('TECH_S_25defc25e25a9548', '2010-02-02', '实验室验证', '["南方氢动科技"]'::json, '实验室验证：实现集成电路关键突破。', '2026-06-15T12:00:00+00:00', '2026-06-15T12:00:00+00:00');
INSERT INTO tech_dev_milestone (tech_id, milestone_date, milestone_name, contributor_keywords, milestone_content, created_at, updated_at) VALUES ('TECH_S_25defc25e25a9548', '2012-12-27', '工程样机', '["新新材科技"]'::json, '工程样机：实现集成电路关键突破。', '2026-06-15T12:00:00+00:00', '2026-06-15T12:00:00+00:00');
INSERT INTO tech_dev_milestone (tech_id, milestone_date, milestone_name, contributor_keywords, milestone_content, created_at, updated_at) VALUES ('TECH_S_25defc25e25a9548', '2023-07-25', '中试成功', '["远储能集团"]'::json, '中试成功：实现集成电路关键突破。', '2026-06-15T12:00:00+00:00', '2026-06-15T12:00:00+00:00');
INSERT INTO tech_dev_milestone (tech_id, milestone_date, milestone_name, contributor_keywords, milestone_content, created_at, updated_at) VALUES ('TECH_S_25defc25e25a9548', '2023-07-06', '产业化', '["国芯创研究所"]'::json, '产业化：实现集成电路关键突破。', '2026-06-15T12:00:00+00:00', '2026-06-15T12:00:00+00:00');
INSERT INTO tech_funding (tech_id, amount, source, created_at, updated_at) VALUES ('TECH_S_25defc25e25a9548', 500.0, '国家重点研发计划', '2026-06-15T12:00:00+00:00', '2026-06-15T12:00:00+00:00');
INSERT INTO tech_funding (tech_id, amount, source, created_at, updated_at) VALUES ('TECH_S_25defc25e25a9548', 15000.0, '国家重点研发计划', '2026-06-15T12:00:00+00:00', '2026-06-15T12:00:00+00:00');
INSERT INTO tech_funding (tech_id, amount, source, created_at, updated_at) VALUES ('TECH_S_25defc25e25a9548', 3000.0, '地方专项', '2026-06-15T12:00:00+00:00', '2026-06-15T12:00:00+00:00');
INSERT INTO tech_academic_output (tech_id, name, publish_date, subject_keywords, image, created_at, updated_at) VALUES ('TECH_S_25defc25e25a9548', '自主可控神经形态芯片平台相关研究', '2019-07-25', '["航天光电高科"]'::json, '', '2026-06-15T12:00:00+00:00', '2026-06-15T12:00:00+00:00');
INSERT INTO tech_academic_output (tech_id, name, publish_date, subject_keywords, image, created_at, updated_at) VALUES ('TECH_S_25defc25e25a9548', '自主可控神经形态芯片平台相关研究', '2023-01-17', '["南方算力工程技术中心"]'::json, '', '2026-06-15T12:00:00+00:00', '2026-06-15T12:00:00+00:00');
INSERT INTO tech_experiment (tech_id, content, experiment_date, result, subject_keywords, image, created_at, updated_at) VALUES ('TECH_S_25defc25e25a9548', '自主可控神经形态芯片平台原理验证实验', '2022-11-21', '实验数据达到预期指标', '["集成电路"]'::json, '', '2026-06-15T12:00:00+00:00', '2026-06-15T12:00:00+00:00');
INSERT INTO entity_change_log (entity_id, entity_type, field, old_value, new_value, method, operator, source_doc_id, reason, changed_at) VALUES ('TECH_S_25defc25e25a9548', 'tech', '*', NULL, '{"action": "create"}'::json, 'rule', NULL, 'mock_seed', NULL, '2026-06-15T12:00:00+00:00');
INSERT INTO tech_profile (tech_id, tech_name_cn, tech_name_en, tech_name_other, tech_domain, invention_date, application_date, tech_summary, dev_goal, project_layout, key_points, transformation_status, basic_research_status, autonomy_capability, industrial_capability, tech_advantages, current_status, trend, remark, confidence, completeness, created_at, updated_at) VALUES ('TECH_S_e922af99ab46bd54', '新型神经形态芯片方法', 'Tech-016 量子纠错码', NULL, '["新能源", "新材料"]'::json, '2011-12-17', '2025-05-12', '新型神经形态芯片方法是新能源领域的关键技术，具有高可靠性等优势，应用前景广阔。', '突破新能源核心技术瓶颈，实现自主可控。', '["新能源基础理论", "新能源工程化"]'::json, '["新能源关键工艺", "新能源系统集成"]'::json, '待转化', '基础理论已建立', '具备完全自主知识产权', '形成完整产业链', '相比同类技术，新型神经形态芯片方法在性能与成本上优势明显。', '规模化部署', '平稳', '', 0.944, 0.554, '2026-06-15T12:00:00+00:00', '2026-06-15T12:00:00+00:00');
INSERT INTO tech_dev_milestone (tech_id, milestone_date, milestone_name, contributor_keywords, milestone_content, created_at, updated_at) VALUES ('TECH_S_e922af99ab46bd54', '2015-04-22', '概念提出', '["北方脑科学实验室"]'::json, '概念提出：实现新能源关键突破。', '2026-06-15T12:00:00+00:00', '2026-06-15T12:00:00+00:00');
INSERT INTO tech_dev_milestone (tech_id, milestone_date, milestone_name, contributor_keywords, milestone_content, created_at, updated_at) VALUES ('TECH_S_e922af99ab46bd54', '2016-08-05', '实验室验证', '["国航宇高科"]'::json, '实验室验证：实现新能源关键突破。', '2026-06-15T12:00:00+00:00', '2026-06-15T12:00:00+00:00');
INSERT INTO tech_dev_milestone (tech_id, milestone_date, milestone_name, contributor_keywords, milestone_content, created_at, updated_at) VALUES ('TECH_S_e922af99ab46bd54', '2023-06-20', '工程样机', '["南方前沿集团"]'::json, '工程样机：实现新能源关键突破。', '2026-06-15T12:00:00+00:00', '2026-06-15T12:00:00+00:00');
INSERT INTO tech_dev_milestone (tech_id, milestone_date, milestone_name, contributor_keywords, milestone_content, created_at, updated_at) VALUES ('TECH_S_e922af99ab46bd54', '2022-06-12', '中试成功', '["航天新材集团"]'::json, '中试成功：实现新能源关键突破。', '2026-06-15T12:00:00+00:00', '2026-06-15T12:00:00+00:00');
INSERT INTO tech_dev_milestone (tech_id, milestone_date, milestone_name, contributor_keywords, milestone_content, created_at, updated_at) VALUES ('TECH_S_e922af99ab46bd54', '2020-11-19', '产业化', '["东方未来研究院"]'::json, '产业化：实现新能源关键突破。', '2026-06-15T12:00:00+00:00', '2026-06-15T12:00:00+00:00');
INSERT INTO tech_funding (tech_id, amount, source, created_at, updated_at) VALUES ('TECH_S_e922af99ab46bd54', 500.0, '国家自然科学基金', '2026-06-15T12:00:00+00:00', '2026-06-15T12:00:00+00:00');
INSERT INTO tech_academic_output (tech_id, name, publish_date, subject_keywords, image, created_at, updated_at) VALUES ('TECH_S_e922af99ab46bd54', '新型神经形态芯片方法相关研究', '2019-07-21', '["北方算力研究院"]'::json, '', '2026-06-15T12:00:00+00:00', '2026-06-15T12:00:00+00:00');
INSERT INTO tech_experiment (tech_id, content, experiment_date, result, subject_keywords, image, created_at, updated_at) VALUES ('TECH_S_e922af99ab46bd54', '新型神经形态芯片方法原理验证实验', '2021-09-25', '实验数据达到预期指标', '["新能源"]'::json, '', '2026-06-15T12:00:00+00:00', '2026-06-15T12:00:00+00:00');
INSERT INTO entity_change_log (entity_id, entity_type, field, old_value, new_value, method, operator, source_doc_id, reason, changed_at) VALUES ('TECH_S_e922af99ab46bd54', 'tech', '*', NULL, '{"action": "create"}'::json, 'rule', NULL, 'mock_seed', NULL, '2026-06-15T12:00:00+00:00');
INSERT INTO tech_profile (tech_id, tech_name_cn, tech_name_en, tech_name_other, tech_domain, invention_date, application_date, tech_summary, dev_goal, project_layout, key_points, transformation_status, basic_research_status, autonomy_capability, industrial_capability, tech_advantages, current_status, trend, remark, confidence, completeness, created_at, updated_at) VALUES ('TECH_S_c8836d5b3997b17b', '低功耗卫星星座组网解决方案', 'Tech-017 光量子计算', NULL, '["卫星互联网", "碳捕集"]'::json, '2017-06-26', '2019-07-09', '低功耗卫星星座组网解决方案是碳捕集领域的关键技术，具有高效率等优势，应用前景广阔。', '突破碳捕集核心技术瓶颈，实现自主可控。', '["碳捕集基础理论", "碳捕集工程化"]'::json, '["碳捕集关键工艺", "碳捕集系统集成"]'::json, '待转化', '基础理论已建立', '具备完全自主知识产权', '形成完整产业链', '相比同类技术，低功耗卫星星座组网解决方案在性能与成本上优势明显。', '实验室阶段', '稳步上升', '', 0.879, 0.574, '2026-06-15T12:00:00+00:00', '2026-06-15T12:00:00+00:00');
INSERT INTO tech_dev_milestone (tech_id, milestone_date, milestone_name, contributor_keywords, milestone_content, created_at, updated_at) VALUES ('TECH_S_c8836d5b3997b17b', '2012-12-22', '概念提出', '["中科脑科学集团"]'::json, '概念提出：实现碳捕集关键突破。', '2026-06-15T12:00:00+00:00', '2026-06-15T12:00:00+00:00');
INSERT INTO tech_dev_milestone (tech_id, milestone_date, milestone_name, contributor_keywords, milestone_content, created_at, updated_at) VALUES ('TECH_S_c8836d5b3997b17b', '2012-12-25', '实验室验证', '["国航宇高科"]'::json, '实验室验证：实现碳捕集关键突破。', '2026-06-15T12:00:00+00:00', '2026-06-15T12:00:00+00:00');
INSERT INTO tech_dev_milestone (tech_id, milestone_date, milestone_name, contributor_keywords, milestone_content, created_at, updated_at) VALUES ('TECH_S_c8836d5b3997b17b', '2012-08-11', '工程样机', '["远生医工程技术中心"]'::json, '工程样机：实现碳捕集关键突破。', '2026-06-15T12:00:00+00:00', '2026-06-15T12:00:00+00:00');
INSERT INTO tech_dev_milestone (tech_id, milestone_date, milestone_name, contributor_keywords, milestone_content, created_at, updated_at) VALUES ('TECH_S_c8836d5b3997b17b', '2023-01-26', '中试成功', '["北方航宇科技"]'::json, '中试成功：实现碳捕集关键突破。', '2026-06-15T12:00:00+00:00', '2026-06-15T12:00:00+00:00');
INSERT INTO tech_dev_milestone (tech_id, milestone_date, milestone_name, contributor_keywords, milestone_content, created_at, updated_at) VALUES ('TECH_S_c8836d5b3997b17b', '2018-05-06', '产业化', '["南方前沿集团"]'::json, '产业化：实现碳捕集关键突破。', '2026-06-15T12:00:00+00:00', '2026-06-15T12:00:00+00:00');
INSERT INTO tech_funding (tech_id, amount, source, created_at, updated_at) VALUES ('TECH_S_c8836d5b3997b17b', 1000.0, '地方专项', '2026-06-15T12:00:00+00:00', '2026-06-15T12:00:00+00:00');
INSERT INTO tech_academic_output (tech_id, name, publish_date, subject_keywords, image, created_at, updated_at) VALUES ('TECH_S_c8836d5b3997b17b', '低功耗卫星星座组网解决方案相关研究', '2021-05-01', '["国航宇高科"]'::json, '', '2026-06-15T12:00:00+00:00', '2026-06-15T12:00:00+00:00');
INSERT INTO tech_experiment (tech_id, content, experiment_date, result, subject_keywords, image, created_at, updated_at) VALUES ('TECH_S_c8836d5b3997b17b', '低功耗卫星星座组网解决方案原理验证实验', '2022-03-27', '实验数据达到预期指标', '["碳捕集"]'::json, '', '2026-06-15T12:00:00+00:00', '2026-06-15T12:00:00+00:00');
INSERT INTO entity_change_log (entity_id, entity_type, field, old_value, new_value, method, operator, source_doc_id, reason, changed_at) VALUES ('TECH_S_c8836d5b3997b17b', 'tech', '*', NULL, '{"action": "create"}'::json, 'rule', NULL, 'mock_seed', NULL, '2026-06-15T12:00:00+00:00');
INSERT INTO tech_profile (tech_id, tech_name_cn, tech_name_en, tech_name_other, tech_domain, invention_date, application_date, tech_summary, dev_goal, project_layout, key_points, transformation_status, basic_research_status, autonomy_capability, industrial_capability, tech_advantages, current_status, trend, remark, confidence, completeness, created_at, updated_at) VALUES ('TECH_S_bb95c4031220f628', '新型基因剪刀技术', 'Tech-018 毫米波雷达', NULL, '["增材制造", "自动驾驶"]'::json, '2015-07-14', '2025-07-19', '新型基因剪刀技术是自动驾驶领域的关键技术，具有高效率等优势，应用前景广阔。', '突破自动驾驶核心技术瓶颈，实现自主可控。', '["自动驾驶基础理论", "自动驾驶工程化"]'::json, '["自动驾驶关键工艺", "自动驾驶系统集成"]'::json, '已转化', '基础理论已建立', '具备完全自主知识产权', '形成完整产业链', '相比同类技术，新型基因剪刀技术在性能与成本上优势明显。', '实验室阶段', '快速上升', '', 0.961, 0.739, '2026-06-15T12:00:00+00:00', '2026-06-15T12:00:00+00:00');
INSERT INTO tech_dev_milestone (tech_id, milestone_date, milestone_name, contributor_keywords, milestone_content, created_at, updated_at) VALUES ('TECH_S_bb95c4031220f628', '2018-03-24', '概念提出', '["中科前沿实验室"]'::json, '概念提出：实现自动驾驶关键突破。', '2026-06-15T12:00:00+00:00', '2026-06-15T12:00:00+00:00');
INSERT INTO tech_dev_milestone (tech_id, milestone_date, milestone_name, contributor_keywords, milestone_content, created_at, updated_at) VALUES ('TECH_S_bb95c4031220f628', '2023-10-03', '实验室验证', '["远量子实验室"]'::json, '实验室验证：实现自动驾驶关键突破。', '2026-06-15T12:00:00+00:00', '2026-06-15T12:00:00+00:00');
INSERT INTO tech_dev_milestone (tech_id, milestone_date, milestone_name, contributor_keywords, milestone_content, created_at, updated_at) VALUES ('TECH_S_bb95c4031220f628', '2011-04-15', '工程样机', '["航天氢动集团"]'::json, '工程样机：实现自动驾驶关键突破。', '2026-06-15T12:00:00+00:00', '2026-06-15T12:00:00+00:00');
INSERT INTO tech_dev_milestone (tech_id, milestone_date, milestone_name, contributor_keywords, milestone_content, created_at, updated_at) VALUES ('TECH_S_bb95c4031220f628', '2024-12-09', '中试成功', '["远储能研究院"]'::json, '中试成功：实现自动驾驶关键突破。', '2026-06-15T12:00:00+00:00', '2026-06-15T12:00:00+00:00');
INSERT INTO tech_dev_milestone (tech_id, milestone_date, milestone_name, contributor_keywords, milestone_content, created_at, updated_at) VALUES ('TECH_S_bb95c4031220f628', '2015-05-08', '产业化', '["东方智算实验室"]'::json, '产业化：实现自动驾驶关键突破。', '2026-06-15T12:00:00+00:00', '2026-06-15T12:00:00+00:00');
INSERT INTO tech_funding (tech_id, amount, source, created_at, updated_at) VALUES ('TECH_S_bb95c4031220f628', 3000.0, '国家自然科学基金', '2026-06-15T12:00:00+00:00', '2026-06-15T12:00:00+00:00');
INSERT INTO tech_funding (tech_id, amount, source, created_at, updated_at) VALUES ('TECH_S_bb95c4031220f628', 3000.0, '国家自然科学基金', '2026-06-15T12:00:00+00:00', '2026-06-15T12:00:00+00:00');
INSERT INTO tech_funding (tech_id, amount, source, created_at, updated_at) VALUES ('TECH_S_bb95c4031220f628', 15000.0, '地方专项', '2026-06-15T12:00:00+00:00', '2026-06-15T12:00:00+00:00');
INSERT INTO tech_academic_output (tech_id, name, publish_date, subject_keywords, image, created_at, updated_at) VALUES ('TECH_S_bb95c4031220f628', '新型基因剪刀技术相关研究', '2023-04-07', '["航天算力研究院"]'::json, '', '2026-06-15T12:00:00+00:00', '2026-06-15T12:00:00+00:00');
INSERT INTO tech_experiment (tech_id, content, experiment_date, result, subject_keywords, image, created_at, updated_at) VALUES ('TECH_S_bb95c4031220f628', '新型基因剪刀技术原理验证实验', '2020-01-15', '实验数据达到预期指标', '["自动驾驶"]'::json, '', '2026-06-15T12:00:00+00:00', '2026-06-15T12:00:00+00:00');
INSERT INTO entity_change_log (entity_id, entity_type, field, old_value, new_value, method, operator, source_doc_id, reason, changed_at) VALUES ('TECH_S_bb95c4031220f628', 'tech', '*', NULL, '{"action": "create"}'::json, 'rule', NULL, 'mock_seed', NULL, '2026-06-15T12:00:00+00:00');
INSERT INTO tech_profile (tech_id, tech_name_cn, tech_name_en, tech_name_other, tech_domain, invention_date, application_date, tech_summary, dev_goal, project_layout, key_points, transformation_status, basic_research_status, autonomy_capability, industrial_capability, tech_advantages, current_status, trend, remark, confidence, completeness, created_at, updated_at) VALUES ('TECH_S_2933c6353a36cc55', '智能化钙钛矿太阳能电池工艺', 'Tech-019 可重复使用火箭', NULL, '["氢能", "网络安全"]'::json, '2000-09-08', '2019-01-18', '智能化钙钛矿太阳能电池工艺是网络安全领域的关键技术，具有高可靠性等优势，应用前景广阔。', '突破网络安全核心技术瓶颈，实现自主可控。', '["网络安全基础理论", "网络安全工程化"]'::json, '["网络安全关键工艺", "网络安全系统集成"]'::json, '待转化', '基础理论已建立', '具备完全自主知识产权', '形成完整产业链', '相比同类技术，智能化钙钛矿太阳能电池工艺在性能与成本上优势明显。', '实验室阶段', '下降', '', 0.962, 0.628, '2026-06-15T12:00:00+00:00', '2026-06-15T12:00:00+00:00');
INSERT INTO tech_dev_milestone (tech_id, milestone_date, milestone_name, contributor_keywords, milestone_content, created_at, updated_at) VALUES ('TECH_S_2933c6353a36cc55', '2010-10-21', '概念提出', '["国生医研究所"]'::json, '概念提出：实现网络安全关键突破。', '2026-06-15T12:00:00+00:00', '2026-06-15T12:00:00+00:00');
INSERT INTO tech_dev_milestone (tech_id, milestone_date, milestone_name, contributor_keywords, milestone_content, created_at, updated_at) VALUES ('TECH_S_2933c6353a36cc55', '2019-11-06', '实验室验证', '["中科前沿实验室"]'::json, '实验室验证：实现网络安全关键突破。', '2026-06-15T12:00:00+00:00', '2026-06-15T12:00:00+00:00');
INSERT INTO tech_dev_milestone (tech_id, milestone_date, milestone_name, contributor_keywords, milestone_content, created_at, updated_at) VALUES ('TECH_S_2933c6353a36cc55', '2019-09-03', '工程样机', '["华信息高科"]'::json, '工程样机：实现网络安全关键突破。', '2026-06-15T12:00:00+00:00', '2026-06-15T12:00:00+00:00');
INSERT INTO tech_dev_milestone (tech_id, milestone_date, milestone_name, contributor_keywords, milestone_content, created_at, updated_at) VALUES ('TECH_S_2933c6353a36cc55', '2014-02-17', '中试成功', '["国先进研究所"]'::json, '中试成功：实现网络安全关键突破。', '2026-06-15T12:00:00+00:00', '2026-06-15T12:00:00+00:00');
INSERT INTO tech_dev_milestone (tech_id, milestone_date, milestone_name, contributor_keywords, milestone_content, created_at, updated_at) VALUES ('TECH_S_2933c6353a36cc55', '2010-11-11', '产业化', '["东方聚变实验室"]'::json, '产业化：实现网络安全关键突破。', '2026-06-15T12:00:00+00:00', '2026-06-15T12:00:00+00:00');
INSERT INTO tech_funding (tech_id, amount, source, created_at, updated_at) VALUES ('TECH_S_2933c6353a36cc55', 8000.0, '地方专项', '2026-06-15T12:00:00+00:00', '2026-06-15T12:00:00+00:00');
INSERT INTO tech_funding (tech_id, amount, source, created_at, updated_at) VALUES ('TECH_S_2933c6353a36cc55', 500.0, '国家重点研发计划', '2026-06-15T12:00:00+00:00', '2026-06-15T12:00:00+00:00');
INSERT INTO tech_funding (tech_id, amount, source, created_at, updated_at) VALUES ('TECH_S_2933c6353a36cc55', 1000.0, '国家自然科学基金', '2026-06-15T12:00:00+00:00', '2026-06-15T12:00:00+00:00');
INSERT INTO tech_academic_output (tech_id, name, publish_date, subject_keywords, image, created_at, updated_at) VALUES ('TECH_S_2933c6353a36cc55', '智能化钙钛矿太阳能电池工艺相关研究', '2022-02-22', '["远算力工程技术中心"]'::json, '', '2026-06-15T12:00:00+00:00', '2026-06-15T12:00:00+00:00');
INSERT INTO tech_academic_output (tech_id, name, publish_date, subject_keywords, image, created_at, updated_at) VALUES ('TECH_S_2933c6353a36cc55', '智能化钙钛矿太阳能电池工艺相关研究', '2020-01-05', '["航天脑科学高科"]'::json, '', '2026-06-15T12:00:00+00:00', '2026-06-15T12:00:00+00:00');
INSERT INTO tech_academic_output (tech_id, name, publish_date, subject_keywords, image, created_at, updated_at) VALUES ('TECH_S_2933c6353a36cc55', '智能化钙钛矿太阳能电池工艺相关研究', '2023-04-13', '["新基因实验室"]'::json, '', '2026-06-15T12:00:00+00:00', '2026-06-15T12:00:00+00:00');
INSERT INTO tech_experiment (tech_id, content, experiment_date, result, subject_keywords, image, created_at, updated_at) VALUES ('TECH_S_2933c6353a36cc55', '智能化钙钛矿太阳能电池工艺原理验证实验', '2022-04-09', '实验数据达到预期指标', '["网络安全"]'::json, '', '2026-06-15T12:00:00+00:00', '2026-06-15T12:00:00+00:00');
INSERT INTO entity_change_log (entity_id, entity_type, field, old_value, new_value, method, operator, source_doc_id, reason, changed_at) VALUES ('TECH_S_2933c6353a36cc55', 'tech', '*', NULL, '{"action": "create"}'::json, 'rule', NULL, 'mock_seed', NULL, '2026-06-15T12:00:00+00:00');
INSERT INTO tech_profile (tech_id, tech_name_cn, tech_name_en, tech_name_other, tech_domain, invention_date, application_date, tech_summary, dev_goal, project_layout, key_points, transformation_status, basic_research_status, autonomy_capability, industrial_capability, tech_advantages, current_status, trend, remark, confidence, completeness, created_at, updated_at) VALUES ('TECH_S_a815900ce0166b03', '低功耗仿生机械臂解决方案', 'Tech-020 钙钛矿太阳能电池', NULL, '["半导体", "集成电路"]'::json, '2006-07-02', '2024-12-22', '低功耗仿生机械臂解决方案是集成电路领域的关键技术，具有高效率等优势，应用前景广阔。', '突破集成电路核心技术瓶颈，实现自主可控。', '["集成电路基础理论", "集成电路工程化"]'::json, '["集成电路关键工艺", "集成电路系统集成"]'::json, '转化中', '基础理论已建立', '具备完全自主知识产权', '形成完整产业链', '相比同类技术，低功耗仿生机械臂解决方案在性能与成本上优势明显。', '中试阶段', '波动', '', 0.853, 0.685, '2026-06-15T12:00:00+00:00', '2026-06-15T12:00:00+00:00');
INSERT INTO tech_dev_milestone (tech_id, milestone_date, milestone_name, contributor_keywords, milestone_content, created_at, updated_at) VALUES ('TECH_S_a815900ce0166b03', '2024-02-24', '概念提出', '["北方量子研究所"]'::json, '概念提出：实现集成电路关键突破。', '2026-06-15T12:00:00+00:00', '2026-06-15T12:00:00+00:00');
INSERT INTO tech_dev_milestone (tech_id, milestone_date, milestone_name, contributor_keywords, milestone_content, created_at, updated_at) VALUES ('TECH_S_a815900ce0166b03', '2015-08-24', '实验室验证', '["航天光电高科"]'::json, '实验室验证：实现集成电路关键突破。', '2026-06-15T12:00:00+00:00', '2026-06-15T12:00:00+00:00');
INSERT INTO tech_dev_milestone (tech_id, milestone_date, milestone_name, contributor_keywords, milestone_content, created_at, updated_at) VALUES ('TECH_S_a815900ce0166b03', '2023-12-22', '工程样机', '["中科聚变集团"]'::json, '工程样机：实现集成电路关键突破。', '2026-06-15T12:00:00+00:00', '2026-06-15T12:00:00+00:00');
INSERT INTO tech_dev_milestone (tech_id, milestone_date, milestone_name, contributor_keywords, milestone_content, created_at, updated_at) VALUES ('TECH_S_a815900ce0166b03', '2024-01-15', '中试成功', '["远储能集团"]'::json, '中试成功：实现集成电路关键突破。', '2026-06-15T12:00:00+00:00', '2026-06-15T12:00:00+00:00');
INSERT INTO tech_dev_milestone (tech_id, milestone_date, milestone_name, contributor_keywords, milestone_content, created_at, updated_at) VALUES ('TECH_S_a815900ce0166b03', '2023-08-21', '产业化', '["华信息高科"]'::json, '产业化：实现集成电路关键突破。', '2026-06-15T12:00:00+00:00', '2026-06-15T12:00:00+00:00');
INSERT INTO tech_funding (tech_id, amount, source, created_at, updated_at) VALUES ('TECH_S_a815900ce0166b03', 1000.0, '企业自筹', '2026-06-15T12:00:00+00:00', '2026-06-15T12:00:00+00:00');
INSERT INTO tech_academic_output (tech_id, name, publish_date, subject_keywords, image, created_at, updated_at) VALUES ('TECH_S_a815900ce0166b03', '低功耗仿生机械臂解决方案相关研究', '2024-12-04', '["国未来高科"]'::json, '', '2026-06-15T12:00:00+00:00', '2026-06-15T12:00:00+00:00');
INSERT INTO tech_academic_output (tech_id, name, publish_date, subject_keywords, image, created_at, updated_at) VALUES ('TECH_S_a815900ce0166b03', '低功耗仿生机械臂解决方案相关研究', '2019-01-28', '["中先进研究院"]'::json, '', '2026-06-15T12:00:00+00:00', '2026-06-15T12:00:00+00:00');
INSERT INTO tech_academic_output (tech_id, name, publish_date, subject_keywords, image, created_at, updated_at) VALUES ('TECH_S_a815900ce0166b03', '低功耗仿生机械臂解决方案相关研究', '2019-10-07', '["南方量子科技"]'::json, '', '2026-06-15T12:00:00+00:00', '2026-06-15T12:00:00+00:00');
INSERT INTO tech_experiment (tech_id, content, experiment_date, result, subject_keywords, image, created_at, updated_at) VALUES ('TECH_S_a815900ce0166b03', '低功耗仿生机械臂解决方案原理验证实验', '2023-12-21', '实验数据达到预期指标', '["集成电路"]'::json, '', '2026-06-15T12:00:00+00:00', '2026-06-15T12:00:00+00:00');
INSERT INTO entity_change_log (entity_id, entity_type, field, old_value, new_value, method, operator, source_doc_id, reason, changed_at) VALUES ('TECH_S_a815900ce0166b03', 'tech', '*', NULL, '{"action": "create"}'::json, 'rule', NULL, 'mock_seed', NULL, '2026-06-15T12:00:00+00:00');
INSERT INTO tech_profile (tech_id, tech_name_cn, tech_name_en, tech_name_other, tech_domain, invention_date, application_date, tech_summary, dev_goal, project_layout, key_points, transformation_status, basic_research_status, autonomy_capability, industrial_capability, tech_advantages, current_status, trend, remark, confidence, completeness, created_at, updated_at) VALUES ('TECH_S_6523ac1854df85aa', '柔性神经网络芯片工艺', 'Tech-021 钙钛矿太阳能电池', NULL, '["增材制造", "机器人"]'::json, '2008-06-28', '2018-10-06', '柔性神经网络芯片工艺是机器人领域的关键技术，具有高可靠性等优势，应用前景广阔。', '突破机器人核心技术瓶颈，实现自主可控。', '["机器人基础理论", "机器人工程化"]'::json, '["机器人关键工艺", "机器人系统集成"]'::json, '转化中', '基础理论已建立', '具备完全自主知识产权', '形成完整产业链', '相比同类技术，柔性神经网络芯片工艺在性能与成本上优势明显。', '工程化应用', '波动', '', 0.869, 0.686, '2026-06-15T12:00:00+00:00', '2026-06-15T12:00:00+00:00');
INSERT INTO tech_dev_milestone (tech_id, milestone_date, milestone_name, contributor_keywords, milestone_content, created_at, updated_at) VALUES ('TECH_S_6523ac1854df85aa', '2018-02-26', '概念提出', '["新智算高科"]'::json, '概念提出：实现机器人关键突破。', '2026-06-15T12:00:00+00:00', '2026-06-15T12:00:00+00:00');
INSERT INTO tech_dev_milestone (tech_id, milestone_date, milestone_name, contributor_keywords, milestone_content, created_at, updated_at) VALUES ('TECH_S_6523ac1854df85aa', '2012-02-07', '实验室验证', '["华聚变高科"]'::json, '实验室验证：实现机器人关键突破。', '2026-06-15T12:00:00+00:00', '2026-06-15T12:00:00+00:00');
INSERT INTO tech_dev_milestone (tech_id, milestone_date, milestone_name, contributor_keywords, milestone_content, created_at, updated_at) VALUES ('TECH_S_6523ac1854df85aa', '2024-07-22', '工程样机', '["东方未来研究院"]'::json, '工程样机：实现机器人关键突破。', '2026-06-15T12:00:00+00:00', '2026-06-15T12:00:00+00:00');
INSERT INTO tech_dev_milestone (tech_id, milestone_date, milestone_name, contributor_keywords, milestone_content, created_at, updated_at) VALUES ('TECH_S_6523ac1854df85aa', '2013-02-23', '中试成功', '["国航宇高科"]'::json, '中试成功：实现机器人关键突破。', '2026-06-15T12:00:00+00:00', '2026-06-15T12:00:00+00:00');
INSERT INTO tech_dev_milestone (tech_id, milestone_date, milestone_name, contributor_keywords, milestone_content, created_at, updated_at) VALUES ('TECH_S_6523ac1854df85aa', '2019-06-18', '产业化', '["国信息高科"]'::json, '产业化：实现机器人关键突破。', '2026-06-15T12:00:00+00:00', '2026-06-15T12:00:00+00:00');
INSERT INTO tech_funding (tech_id, amount, source, created_at, updated_at) VALUES ('TECH_S_6523ac1854df85aa', 15000.0, '国家重点研发计划', '2026-06-15T12:00:00+00:00', '2026-06-15T12:00:00+00:00');
INSERT INTO tech_academic_output (tech_id, name, publish_date, subject_keywords, image, created_at, updated_at) VALUES ('TECH_S_6523ac1854df85aa', '柔性神经网络芯片工艺相关研究', '2023-03-15', '["国先进研究所"]'::json, '', '2026-06-15T12:00:00+00:00', '2026-06-15T12:00:00+00:00');
INSERT INTO tech_academic_output (tech_id, name, publish_date, subject_keywords, image, created_at, updated_at) VALUES ('TECH_S_6523ac1854df85aa', '柔性神经网络芯片工艺相关研究', '2022-12-17', '["新新材科技"]'::json, '', '2026-06-15T12:00:00+00:00', '2026-06-15T12:00:00+00:00');
INSERT INTO tech_experiment (tech_id, content, experiment_date, result, subject_keywords, image, created_at, updated_at) VALUES ('TECH_S_6523ac1854df85aa', '柔性神经网络芯片工艺原理验证实验', '2022-09-03', '实验数据达到预期指标', '["机器人"]'::json, '', '2026-06-15T12:00:00+00:00', '2026-06-15T12:00:00+00:00');
INSERT INTO entity_change_log (entity_id, entity_type, field, old_value, new_value, method, operator, source_doc_id, reason, changed_at) VALUES ('TECH_S_6523ac1854df85aa', 'tech', '*', NULL, '{"action": "create"}'::json, 'rule', NULL, 'mock_seed', NULL, '2026-06-15T12:00:00+00:00');
INSERT INTO tech_profile (tech_id, tech_name_cn, tech_name_en, tech_name_other, tech_domain, invention_date, application_date, tech_summary, dev_goal, project_layout, key_points, transformation_status, basic_research_status, autonomy_capability, industrial_capability, tech_advantages, current_status, trend, remark, confidence, completeness, created_at, updated_at) VALUES ('TECH_S_96f2c5d7e33f84c4', '高可靠钙钛矿太阳能电池平台', 'Tech-022 太赫兹通信', NULL, '["生物医药", "集成电路"]'::json, '2013-05-06', '2023-08-08', '高可靠钙钛矿太阳能电池平台是生物医药领域的关键技术，具有高效率等优势，应用前景广阔。', '突破生物医药核心技术瓶颈，实现自主可控。', '["生物医药基础理论", "生物医药工程化"]'::json, '["生物医药关键工艺", "生物医药系统集成"]'::json, '已转化', '基础理论已建立', '具备完全自主知识产权', '形成完整产业链', '相比同类技术，高可靠钙钛矿太阳能电池平台在性能与成本上优势明显。', '概念论证', '快速上升', '', 0.771, 0.791, '2026-06-15T12:00:00+00:00', '2026-06-15T12:00:00+00:00');
INSERT INTO tech_dev_milestone (tech_id, milestone_date, milestone_name, contributor_keywords, milestone_content, created_at, updated_at) VALUES ('TECH_S_96f2c5d7e33f84c4', '2012-09-06', '概念提出', '["远量子实验室"]'::json, '概念提出：实现生物医药关键突破。', '2026-06-15T12:00:00+00:00', '2026-06-15T12:00:00+00:00');
INSERT INTO tech_dev_milestone (tech_id, milestone_date, milestone_name, contributor_keywords, milestone_content, created_at, updated_at) VALUES ('TECH_S_96f2c5d7e33f84c4', '2019-10-22', '实验室验证', '["东方脑科学科技"]'::json, '实验室验证：实现生物医药关键突破。', '2026-06-15T12:00:00+00:00', '2026-06-15T12:00:00+00:00');
INSERT INTO tech_dev_milestone (tech_id, milestone_date, milestone_name, contributor_keywords, milestone_content, created_at, updated_at) VALUES ('TECH_S_96f2c5d7e33f84c4', '2022-12-09', '工程样机', '["航天储能研究院"]'::json, '工程样机：实现生物医药关键突破。', '2026-06-15T12:00:00+00:00', '2026-06-15T12:00:00+00:00');
INSERT INTO tech_dev_milestone (tech_id, milestone_date, milestone_name, contributor_keywords, milestone_content, created_at, updated_at) VALUES ('TECH_S_96f2c5d7e33f84c4', '2015-11-09', '中试成功', '["国生医科技"]'::json, '中试成功：实现生物医药关键突破。', '2026-06-15T12:00:00+00:00', '2026-06-15T12:00:00+00:00');
INSERT INTO tech_dev_milestone (tech_id, milestone_date, milestone_name, contributor_keywords, milestone_content, created_at, updated_at) VALUES ('TECH_S_96f2c5d7e33f84c4', '2011-04-15', '产业化', '["南方前沿高科"]'::json, '产业化：实现生物医药关键突破。', '2026-06-15T12:00:00+00:00', '2026-06-15T12:00:00+00:00');
INSERT INTO tech_funding (tech_id, amount, source, created_at, updated_at) VALUES ('TECH_S_96f2c5d7e33f84c4', 3000.0, '地方专项', '2026-06-15T12:00:00+00:00', '2026-06-15T12:00:00+00:00');
INSERT INTO tech_funding (tech_id, amount, source, created_at, updated_at) VALUES ('TECH_S_96f2c5d7e33f84c4', 500.0, '国家自然科学基金', '2026-06-15T12:00:00+00:00', '2026-06-15T12:00:00+00:00');
INSERT INTO tech_funding (tech_id, amount, source, created_at, updated_at) VALUES ('TECH_S_96f2c5d7e33f84c4', 1000.0, '地方专项', '2026-06-15T12:00:00+00:00', '2026-06-15T12:00:00+00:00');
INSERT INTO tech_academic_output (tech_id, name, publish_date, subject_keywords, image, created_at, updated_at) VALUES ('TECH_S_96f2c5d7e33f84c4', '高可靠钙钛矿太阳能电池平台相关研究', '2022-11-28', '["航天储能实验室"]'::json, '', '2026-06-15T12:00:00+00:00', '2026-06-15T12:00:00+00:00');
INSERT INTO tech_academic_output (tech_id, name, publish_date, subject_keywords, image, created_at, updated_at) VALUES ('TECH_S_96f2c5d7e33f84c4', '高可靠钙钛矿太阳能电池平台相关研究', '2023-09-25', '["中科前沿实验室"]'::json, '', '2026-06-15T12:00:00+00:00', '2026-06-15T12:00:00+00:00');
INSERT INTO tech_academic_output (tech_id, name, publish_date, subject_keywords, image, created_at, updated_at) VALUES ('TECH_S_96f2c5d7e33f84c4', '高可靠钙钛矿太阳能电池平台相关研究', '2021-10-13', '["北方未来高科"]'::json, '', '2026-06-15T12:00:00+00:00', '2026-06-15T12:00:00+00:00');
INSERT INTO tech_experiment (tech_id, content, experiment_date, result, subject_keywords, image, created_at, updated_at) VALUES ('TECH_S_96f2c5d7e33f84c4', '高可靠钙钛矿太阳能电池平台原理验证实验', '2023-11-28', '实验数据达到预期指标', '["生物医药"]'::json, '', '2026-06-15T12:00:00+00:00', '2026-06-15T12:00:00+00:00');
INSERT INTO entity_change_log (entity_id, entity_type, field, old_value, new_value, method, operator, source_doc_id, reason, changed_at) VALUES ('TECH_S_96f2c5d7e33f84c4', 'tech', '*', NULL, '{"action": "create"}'::json, 'rule', NULL, 'mock_seed', NULL, '2026-06-15T12:00:00+00:00');
INSERT INTO tech_profile (tech_id, tech_name_cn, tech_name_en, tech_name_other, tech_domain, invention_date, application_date, tech_summary, dev_goal, project_layout, key_points, transformation_status, basic_research_status, autonomy_capability, industrial_capability, tech_advantages, current_status, trend, remark, confidence, completeness, created_at, updated_at) VALUES ('TECH_S_caebe1b9f36736b2', '柔性光量子计算方法', 'Tech-023 碳化硅功率器件', NULL, '["无人机", "新能源"]'::json, '2012-09-26', '2023-11-15', '柔性光量子计算方法是无人机领域的关键技术，具有高可靠性等优势，应用前景广阔。', '突破无人机核心技术瓶颈，实现自主可控。', '["无人机基础理论", "无人机工程化"]'::json, '["无人机关键工艺", "无人机系统集成"]'::json, '已转化', '基础理论已建立', '具备完全自主知识产权', '形成完整产业链', '相比同类技术，柔性光量子计算方法在性能与成本上优势明显。', '规模化部署', '快速上升', '', 0.762, 0.566, '2026-06-15T12:00:00+00:00', '2026-06-15T12:00:00+00:00');
INSERT INTO tech_dev_milestone (tech_id, milestone_date, milestone_name, contributor_keywords, milestone_content, created_at, updated_at) VALUES ('TECH_S_caebe1b9f36736b2', '2011-04-05', '概念提出', '["南方光电研究所"]'::json, '概念提出：实现无人机关键突破。', '2026-06-15T12:00:00+00:00', '2026-06-15T12:00:00+00:00');
INSERT INTO tech_dev_milestone (tech_id, milestone_date, milestone_name, contributor_keywords, milestone_content, created_at, updated_at) VALUES ('TECH_S_caebe1b9f36736b2', '2013-07-22', '实验室验证', '["东方天网科技"]'::json, '实验室验证：实现无人机关键突破。', '2026-06-15T12:00:00+00:00', '2026-06-15T12:00:00+00:00');
INSERT INTO tech_dev_milestone (tech_id, milestone_date, milestone_name, contributor_keywords, milestone_content, created_at, updated_at) VALUES ('TECH_S_caebe1b9f36736b2', '2015-01-08', '工程样机', '["新前沿研究院"]'::json, '工程样机：实现无人机关键突破。', '2026-06-15T12:00:00+00:00', '2026-06-15T12:00:00+00:00');
INSERT INTO tech_dev_milestone (tech_id, milestone_date, milestone_name, contributor_keywords, milestone_content, created_at, updated_at) VALUES ('TECH_S_caebe1b9f36736b2', '2010-12-26', '中试成功', '["国未来高科"]'::json, '中试成功：实现无人机关键突破。', '2026-06-15T12:00:00+00:00', '2026-06-15T12:00:00+00:00');
INSERT INTO tech_dev_milestone (tech_id, milestone_date, milestone_name, contributor_keywords, milestone_content, created_at, updated_at) VALUES ('TECH_S_caebe1b9f36736b2', '2020-06-03', '产业化', '["国芯创研究所"]'::json, '产业化：实现无人机关键突破。', '2026-06-15T12:00:00+00:00', '2026-06-15T12:00:00+00:00');
INSERT INTO tech_funding (tech_id, amount, source, created_at, updated_at) VALUES ('TECH_S_caebe1b9f36736b2', 15000.0, '国家重点研发计划', '2026-06-15T12:00:00+00:00', '2026-06-15T12:00:00+00:00');
INSERT INTO tech_funding (tech_id, amount, source, created_at, updated_at) VALUES ('TECH_S_caebe1b9f36736b2', 8000.0, '企业自筹', '2026-06-15T12:00:00+00:00', '2026-06-15T12:00:00+00:00');
INSERT INTO tech_funding (tech_id, amount, source, created_at, updated_at) VALUES ('TECH_S_caebe1b9f36736b2', 3000.0, '国家重点研发计划', '2026-06-15T12:00:00+00:00', '2026-06-15T12:00:00+00:00');
INSERT INTO tech_academic_output (tech_id, name, publish_date, subject_keywords, image, created_at, updated_at) VALUES ('TECH_S_caebe1b9f36736b2', '柔性光量子计算方法相关研究', '2021-12-23', '["中光电实验室"]'::json, '', '2026-06-15T12:00:00+00:00', '2026-06-15T12:00:00+00:00');
INSERT INTO tech_academic_output (tech_id, name, publish_date, subject_keywords, image, created_at, updated_at) VALUES ('TECH_S_caebe1b9f36736b2', '柔性光量子计算方法相关研究', '2018-01-08', '["航天芯创科技"]'::json, '', '2026-06-15T12:00:00+00:00', '2026-06-15T12:00:00+00:00');
INSERT INTO tech_academic_output (tech_id, name, publish_date, subject_keywords, image, created_at, updated_at) VALUES ('TECH_S_caebe1b9f36736b2', '柔性光量子计算方法相关研究', '2021-01-15', '["中科天网研究所"]'::json, '', '2026-06-15T12:00:00+00:00', '2026-06-15T12:00:00+00:00');
INSERT INTO tech_experiment (tech_id, content, experiment_date, result, subject_keywords, image, created_at, updated_at) VALUES ('TECH_S_caebe1b9f36736b2', '柔性光量子计算方法原理验证实验', '2020-12-04', '实验数据达到预期指标', '["无人机"]'::json, '', '2026-06-15T12:00:00+00:00', '2026-06-15T12:00:00+00:00');
INSERT INTO entity_change_log (entity_id, entity_type, field, old_value, new_value, method, operator, source_doc_id, reason, changed_at) VALUES ('TECH_S_caebe1b9f36736b2', 'tech', '*', NULL, '{"action": "create"}'::json, 'rule', NULL, 'mock_seed', NULL, '2026-06-15T12:00:00+00:00');
INSERT INTO tech_profile (tech_id, tech_name_cn, tech_name_en, tech_name_other, tech_domain, invention_date, application_date, tech_summary, dev_goal, project_layout, key_points, transformation_status, basic_research_status, autonomy_capability, industrial_capability, tech_advantages, current_status, trend, remark, confidence, completeness, created_at, updated_at) VALUES ('TECH_S_14e064efb9c00475', '分布式神经网络芯片方法', 'Tech-024 碳纳米管', NULL, '["自动驾驶", "6G通信"]'::json, '2013-01-25', '2023-03-13', '分布式神经网络芯片方法是6G通信领域的关键技术，具有低成本等优势，应用前景广阔。', '突破6G通信核心技术瓶颈，实现自主可控。', '["6G通信基础理论", "6G通信工程化"]'::json, '["6G通信关键工艺", "6G通信系统集成"]'::json, '待转化', '基础理论已建立', '具备完全自主知识产权', '形成完整产业链', '相比同类技术，分布式神经网络芯片方法在性能与成本上优势明显。', '概念论证', '波动', '', 0.757, 0.721, '2026-06-15T12:00:00+00:00', '2026-06-15T12:00:00+00:00');
INSERT INTO tech_dev_milestone (tech_id, milestone_date, milestone_name, contributor_keywords, milestone_content, created_at, updated_at) VALUES ('TECH_S_14e064efb9c00475', '2010-05-01', '概念提出', '["中科脑科学集团"]'::json, '概念提出：实现6G通信关键突破。', '2026-06-15T12:00:00+00:00', '2026-06-15T12:00:00+00:00');
INSERT INTO tech_dev_milestone (tech_id, milestone_date, milestone_name, contributor_keywords, milestone_content, created_at, updated_at) VALUES ('TECH_S_14e064efb9c00475', '2023-01-28', '实验室验证', '["中聚变集团"]'::json, '实验室验证：实现6G通信关键突破。', '2026-06-15T12:00:00+00:00', '2026-06-15T12:00:00+00:00');
INSERT INTO tech_dev_milestone (tech_id, milestone_date, milestone_name, contributor_keywords, milestone_content, created_at, updated_at) VALUES ('TECH_S_14e064efb9c00475', '2010-06-11', '工程样机', '["中聚变研究所"]'::json, '工程样机：实现6G通信关键突破。', '2026-06-15T12:00:00+00:00', '2026-06-15T12:00:00+00:00');
INSERT INTO tech_dev_milestone (tech_id, milestone_date, milestone_name, contributor_keywords, milestone_content, created_at, updated_at) VALUES ('TECH_S_14e064efb9c00475', '2021-01-23', '中试成功', '["国生医研究所"]'::json, '中试成功：实现6G通信关键突破。', '2026-06-15T12:00:00+00:00', '2026-06-15T12:00:00+00:00');
INSERT INTO tech_dev_milestone (tech_id, milestone_date, milestone_name, contributor_keywords, milestone_content, created_at, updated_at) VALUES ('TECH_S_14e064efb9c00475', '2014-10-03', '产业化', '["东方天网科技"]'::json, '产业化：实现6G通信关键突破。', '2026-06-15T12:00:00+00:00', '2026-06-15T12:00:00+00:00');
INSERT INTO tech_funding (tech_id, amount, source, created_at, updated_at) VALUES ('TECH_S_14e064efb9c00475', 8000.0, '国家自然科学基金', '2026-06-15T12:00:00+00:00', '2026-06-15T12:00:00+00:00');
INSERT INTO tech_funding (tech_id, amount, source, created_at, updated_at) VALUES ('TECH_S_14e064efb9c00475', 3000.0, '国家重点研发计划', '2026-06-15T12:00:00+00:00', '2026-06-15T12:00:00+00:00');
INSERT INTO tech_academic_output (tech_id, name, publish_date, subject_keywords, image, created_at, updated_at) VALUES ('TECH_S_14e064efb9c00475', '分布式神经网络芯片方法相关研究', '2018-02-06', '["东方生医科技"]'::json, '', '2026-06-15T12:00:00+00:00', '2026-06-15T12:00:00+00:00');
INSERT INTO tech_academic_output (tech_id, name, publish_date, subject_keywords, image, created_at, updated_at) VALUES ('TECH_S_14e064efb9c00475', '分布式神经网络芯片方法相关研究', '2020-11-02', '["远储能集团"]'::json, '', '2026-06-15T12:00:00+00:00', '2026-06-15T12:00:00+00:00');
INSERT INTO tech_academic_output (tech_id, name, publish_date, subject_keywords, image, created_at, updated_at) VALUES ('TECH_S_14e064efb9c00475', '分布式神经网络芯片方法相关研究', '2022-03-05', '["东方芯创股份"]'::json, '', '2026-06-15T12:00:00+00:00', '2026-06-15T12:00:00+00:00');
INSERT INTO tech_experiment (tech_id, content, experiment_date, result, subject_keywords, image, created_at, updated_at) VALUES ('TECH_S_14e064efb9c00475', '分布式神经网络芯片方法原理验证实验', '2024-06-03', '实验数据达到预期指标', '["6G通信"]'::json, '', '2026-06-15T12:00:00+00:00', '2026-06-15T12:00:00+00:00');
INSERT INTO entity_change_log (entity_id, entity_type, field, old_value, new_value, method, operator, source_doc_id, reason, changed_at) VALUES ('TECH_S_14e064efb9c00475', 'tech', '*', NULL, '{"action": "create"}'::json, 'rule', NULL, 'mock_seed', NULL, '2026-06-15T12:00:00+00:00');
INSERT INTO tech_profile (tech_id, tech_name_cn, tech_name_en, tech_name_other, tech_domain, invention_date, application_date, tech_summary, dev_goal, project_layout, key_points, transformation_status, basic_research_status, autonomy_capability, industrial_capability, tech_advantages, current_status, trend, remark, confidence, completeness, created_at, updated_at) VALUES ('TECH_S_af3ff252ff3b822c', '小型化神经网络芯片平台', 'Tech-025 光量子计算', NULL, '["量子计算", "碳捕集"]'::json, '2014-04-21', '2022-06-04', '小型化神经网络芯片平台是量子计算领域的关键技术，具有高可靠性等优势，应用前景广阔。', '突破量子计算核心技术瓶颈，实现自主可控。', '["量子计算基础理论", "量子计算工程化"]'::json, '["量子计算关键工艺", "量子计算系统集成"]'::json, '待转化', '基础理论已建立', '具备完全自主知识产权', '形成完整产业链', '相比同类技术，小型化神经网络芯片平台在性能与成本上优势明显。', '中试阶段', '平稳', '', 0.838, 0.869, '2026-06-15T12:00:00+00:00', '2026-06-15T12:00:00+00:00');
INSERT INTO tech_dev_milestone (tech_id, milestone_date, milestone_name, contributor_keywords, milestone_content, created_at, updated_at) VALUES ('TECH_S_af3ff252ff3b822c', '2019-08-04', '概念提出', '["南方航宇研究院"]'::json, '概念提出：实现量子计算关键突破。', '2026-06-15T12:00:00+00:00', '2026-06-15T12:00:00+00:00');
INSERT INTO tech_dev_milestone (tech_id, milestone_date, milestone_name, contributor_keywords, milestone_content, created_at, updated_at) VALUES ('TECH_S_af3ff252ff3b822c', '2020-03-24', '实验室验证', '["远算力工程技术中心"]'::json, '实验室验证：实现量子计算关键突破。', '2026-06-15T12:00:00+00:00', '2026-06-15T12:00:00+00:00');
INSERT INTO tech_dev_milestone (tech_id, milestone_date, milestone_name, contributor_keywords, milestone_content, created_at, updated_at) VALUES ('TECH_S_af3ff252ff3b822c', '2022-07-23', '工程样机', '["航天储能实验室"]'::json, '工程样机：实现量子计算关键突破。', '2026-06-15T12:00:00+00:00', '2026-06-15T12:00:00+00:00');
INSERT INTO tech_dev_milestone (tech_id, milestone_date, milestone_name, contributor_keywords, milestone_content, created_at, updated_at) VALUES ('TECH_S_af3ff252ff3b822c', '2016-10-19', '中试成功', '["南方航宇研究院"]'::json, '中试成功：实现量子计算关键突破。', '2026-06-15T12:00:00+00:00', '2026-06-15T12:00:00+00:00');
INSERT INTO tech_dev_milestone (tech_id, milestone_date, milestone_name, contributor_keywords, milestone_content, created_at, updated_at) VALUES ('TECH_S_af3ff252ff3b822c', '2020-01-05', '产业化', '["国前沿科技"]'::json, '产业化：实现量子计算关键突破。', '2026-06-15T12:00:00+00:00', '2026-06-15T12:00:00+00:00');
INSERT INTO tech_funding (tech_id, amount, source, created_at, updated_at) VALUES ('TECH_S_af3ff252ff3b822c', 8000.0, '国家自然科学基金', '2026-06-15T12:00:00+00:00', '2026-06-15T12:00:00+00:00');
INSERT INTO tech_funding (tech_id, amount, source, created_at, updated_at) VALUES ('TECH_S_af3ff252ff3b822c', 1000.0, '国家重点研发计划', '2026-06-15T12:00:00+00:00', '2026-06-15T12:00:00+00:00');
INSERT INTO tech_academic_output (tech_id, name, publish_date, subject_keywords, image, created_at, updated_at) VALUES ('TECH_S_af3ff252ff3b822c', '小型化神经网络芯片平台相关研究', '2018-02-14', '["南方前沿高科"]'::json, '', '2026-06-15T12:00:00+00:00', '2026-06-15T12:00:00+00:00');
INSERT INTO tech_academic_output (tech_id, name, publish_date, subject_keywords, image, created_at, updated_at) VALUES ('TECH_S_af3ff252ff3b822c', '小型化神经网络芯片平台相关研究', '2024-07-18', '["东方未来研究院"]'::json, '', '2026-06-15T12:00:00+00:00', '2026-06-15T12:00:00+00:00');
INSERT INTO tech_experiment (tech_id, content, experiment_date, result, subject_keywords, image, created_at, updated_at) VALUES ('TECH_S_af3ff252ff3b822c', '小型化神经网络芯片平台原理验证实验', '2024-04-03', '实验数据达到预期指标', '["量子计算"]'::json, '', '2026-06-15T12:00:00+00:00', '2026-06-15T12:00:00+00:00');
INSERT INTO entity_change_log (entity_id, entity_type, field, old_value, new_value, method, operator, source_doc_id, reason, changed_at) VALUES ('TECH_S_af3ff252ff3b822c', 'tech', '*', NULL, '{"action": "create"}'::json, 'rule', NULL, 'mock_seed', NULL, '2026-06-15T12:00:00+00:00');
INSERT INTO tech_profile (tech_id, tech_name_cn, tech_name_en, tech_name_other, tech_domain, invention_date, application_date, tech_summary, dev_goal, project_layout, key_points, transformation_status, basic_research_status, autonomy_capability, industrial_capability, tech_advantages, current_status, trend, remark, confidence, completeness, created_at, updated_at) VALUES ('TECH_S_8e8dccac44bb089d', '分布式碳化硅功率器件方法', 'Tech-026 自动驾驶域控制器', NULL, '["大模型", "碳捕集"]'::json, '2017-02-04', '2025-03-25', '分布式碳化硅功率器件方法是碳捕集领域的关键技术，具有高可靠性等优势，应用前景广阔。', '突破碳捕集核心技术瓶颈，实现自主可控。', '["碳捕集基础理论", "碳捕集工程化"]'::json, '["碳捕集关键工艺", "碳捕集系统集成"]'::json, '已转化', '基础理论已建立', '具备完全自主知识产权', '形成完整产业链', '相比同类技术，分布式碳化硅功率器件方法在性能与成本上优势明显。', '中试阶段', '波动', '', 0.832, 0.852, '2026-06-15T12:00:00+00:00', '2026-06-15T12:00:00+00:00');
INSERT INTO tech_dev_milestone (tech_id, milestone_date, milestone_name, contributor_keywords, milestone_content, created_at, updated_at) VALUES ('TECH_S_8e8dccac44bb089d', '2021-12-08', '概念提出', '["航天基因集团"]'::json, '概念提出：实现碳捕集关键突破。', '2026-06-15T12:00:00+00:00', '2026-06-15T12:00:00+00:00');
INSERT INTO tech_dev_milestone (tech_id, milestone_date, milestone_name, contributor_keywords, milestone_content, created_at, updated_at) VALUES ('TECH_S_8e8dccac44bb089d', '2021-12-14', '实验室验证', '["中聚变研究所"]'::json, '实验室验证：实现碳捕集关键突破。', '2026-06-15T12:00:00+00:00', '2026-06-15T12:00:00+00:00');
INSERT INTO tech_dev_milestone (tech_id, milestone_date, milestone_name, contributor_keywords, milestone_content, created_at, updated_at) VALUES ('TECH_S_8e8dccac44bb089d', '2021-10-06', '工程样机', '["新生医研究所"]'::json, '工程样机：实现碳捕集关键突破。', '2026-06-15T12:00:00+00:00', '2026-06-15T12:00:00+00:00');
INSERT INTO tech_dev_milestone (tech_id, milestone_date, milestone_name, contributor_keywords, milestone_content, created_at, updated_at) VALUES ('TECH_S_8e8dccac44bb089d', '2013-02-06', '中试成功', '["东方芯创集团"]'::json, '中试成功：实现碳捕集关键突破。', '2026-06-15T12:00:00+00:00', '2026-06-15T12:00:00+00:00');
INSERT INTO tech_dev_milestone (tech_id, milestone_date, milestone_name, contributor_keywords, milestone_content, created_at, updated_at) VALUES ('TECH_S_8e8dccac44bb089d', '2018-11-16', '产业化', '["国生医集团"]'::json, '产业化：实现碳捕集关键突破。', '2026-06-15T12:00:00+00:00', '2026-06-15T12:00:00+00:00');
INSERT INTO tech_funding (tech_id, amount, source, created_at, updated_at) VALUES ('TECH_S_8e8dccac44bb089d', 15000.0, '国家自然科学基金', '2026-06-15T12:00:00+00:00', '2026-06-15T12:00:00+00:00');
INSERT INTO tech_academic_output (tech_id, name, publish_date, subject_keywords, image, created_at, updated_at) VALUES ('TECH_S_8e8dccac44bb089d', '分布式碳化硅功率器件方法相关研究', '2023-09-22', '["华基因工程技术中心"]'::json, '', '2026-06-15T12:00:00+00:00', '2026-06-15T12:00:00+00:00');
INSERT INTO tech_academic_output (tech_id, name, publish_date, subject_keywords, image, created_at, updated_at) VALUES ('TECH_S_8e8dccac44bb089d', '分布式碳化硅功率器件方法相关研究', '2021-05-02', '["航天光电高科"]'::json, '', '2026-06-15T12:00:00+00:00', '2026-06-15T12:00:00+00:00');
INSERT INTO tech_academic_output (tech_id, name, publish_date, subject_keywords, image, created_at, updated_at) VALUES ('TECH_S_8e8dccac44bb089d', '分布式碳化硅功率器件方法相关研究', '2023-09-08', '["南方量子科技"]'::json, '', '2026-06-15T12:00:00+00:00', '2026-06-15T12:00:00+00:00');
INSERT INTO tech_experiment (tech_id, content, experiment_date, result, subject_keywords, image, created_at, updated_at) VALUES ('TECH_S_8e8dccac44bb089d', '分布式碳化硅功率器件方法原理验证实验', '2021-12-20', '实验数据达到预期指标', '["碳捕集"]'::json, '', '2026-06-15T12:00:00+00:00', '2026-06-15T12:00:00+00:00');
INSERT INTO entity_change_log (entity_id, entity_type, field, old_value, new_value, method, operator, source_doc_id, reason, changed_at) VALUES ('TECH_S_8e8dccac44bb089d', 'tech', '*', NULL, '{"action": "create"}'::json, 'rule', NULL, 'mock_seed', NULL, '2026-06-15T12:00:00+00:00');
INSERT INTO tech_profile (tech_id, tech_name_cn, tech_name_en, tech_name_other, tech_domain, invention_date, application_date, tech_summary, dev_goal, project_layout, key_points, transformation_status, basic_research_status, autonomy_capability, industrial_capability, tech_advantages, current_status, trend, remark, confidence, completeness, created_at, updated_at) VALUES ('TECH_S_3d1189ebb1821c93', '自主可控太赫兹通信系统', 'Tech-027 可重复使用火箭', NULL, '["新能源", "网络安全"]'::json, '2009-10-19', '2019-03-07', '自主可控太赫兹通信系统是新能源领域的关键技术，具有高效率等优势，应用前景广阔。', '突破新能源核心技术瓶颈，实现自主可控。', '["新能源基础理论", "新能源工程化"]'::json, '["新能源关键工艺", "新能源系统集成"]'::json, '待转化', '基础理论已建立', '具备完全自主知识产权', '形成完整产业链', '相比同类技术，自主可控太赫兹通信系统在性能与成本上优势明显。', '工程化应用', '平稳', '', 0.975, 0.751, '2026-06-15T12:00:00+00:00', '2026-06-15T12:00:00+00:00');
INSERT INTO tech_dev_milestone (tech_id, milestone_date, milestone_name, contributor_keywords, milestone_content, created_at, updated_at) VALUES ('TECH_S_3d1189ebb1821c93', '2014-08-27', '概念提出', '["航天储能实验室"]'::json, '概念提出：实现新能源关键突破。', '2026-06-15T12:00:00+00:00', '2026-06-15T12:00:00+00:00');
INSERT INTO tech_dev_milestone (tech_id, milestone_date, milestone_name, contributor_keywords, milestone_content, created_at, updated_at) VALUES ('TECH_S_3d1189ebb1821c93', '2010-10-01', '实验室验证', '["中聚变集团"]'::json, '实验室验证：实现新能源关键突破。', '2026-06-15T12:00:00+00:00', '2026-06-15T12:00:00+00:00');
INSERT INTO tech_dev_milestone (tech_id, milestone_date, milestone_name, contributor_keywords, milestone_content, created_at, updated_at) VALUES ('TECH_S_3d1189ebb1821c93', '2019-09-27', '工程样机', '["国生医研究所"]'::json, '工程样机：实现新能源关键突破。', '2026-06-15T12:00:00+00:00', '2026-06-15T12:00:00+00:00');
INSERT INTO tech_dev_milestone (tech_id, milestone_date, milestone_name, contributor_keywords, milestone_content, created_at, updated_at) VALUES ('TECH_S_3d1189ebb1821c93', '2019-07-10', '中试成功', '["东方未来研究院"]'::json, '中试成功：实现新能源关键突破。', '2026-06-15T12:00:00+00:00', '2026-06-15T12:00:00+00:00');
INSERT INTO tech_dev_milestone (tech_id, milestone_date, milestone_name, contributor_keywords, milestone_content, created_at, updated_at) VALUES ('TECH_S_3d1189ebb1821c93', '2021-04-17', '产业化', '["中科深海研究所"]'::json, '产业化：实现新能源关键突破。', '2026-06-15T12:00:00+00:00', '2026-06-15T12:00:00+00:00');
INSERT INTO tech_funding (tech_id, amount, source, created_at, updated_at) VALUES ('TECH_S_3d1189ebb1821c93', 500.0, '地方专项', '2026-06-15T12:00:00+00:00', '2026-06-15T12:00:00+00:00');
INSERT INTO tech_funding (tech_id, amount, source, created_at, updated_at) VALUES ('TECH_S_3d1189ebb1821c93', 1000.0, '国家重点研发计划', '2026-06-15T12:00:00+00:00', '2026-06-15T12:00:00+00:00');
INSERT INTO tech_funding (tech_id, amount, source, created_at, updated_at) VALUES ('TECH_S_3d1189ebb1821c93', 500.0, '地方专项', '2026-06-15T12:00:00+00:00', '2026-06-15T12:00:00+00:00');
INSERT INTO tech_academic_output (tech_id, name, publish_date, subject_keywords, image, created_at, updated_at) VALUES ('TECH_S_3d1189ebb1821c93', '自主可控太赫兹通信系统相关研究', '2019-08-11', '["华聚变高科"]'::json, '', '2026-06-15T12:00:00+00:00', '2026-06-15T12:00:00+00:00');
INSERT INTO tech_academic_output (tech_id, name, publish_date, subject_keywords, image, created_at, updated_at) VALUES ('TECH_S_3d1189ebb1821c93', '自主可控太赫兹通信系统相关研究', '2020-11-24', '["新基因实验室"]'::json, '', '2026-06-15T12:00:00+00:00', '2026-06-15T12:00:00+00:00');
INSERT INTO tech_academic_output (tech_id, name, publish_date, subject_keywords, image, created_at, updated_at) VALUES ('TECH_S_3d1189ebb1821c93', '自主可控太赫兹通信系统相关研究', '2024-01-22', '["远储能集团"]'::json, '', '2026-06-15T12:00:00+00:00', '2026-06-15T12:00:00+00:00');
INSERT INTO tech_experiment (tech_id, content, experiment_date, result, subject_keywords, image, created_at, updated_at) VALUES ('TECH_S_3d1189ebb1821c93', '自主可控太赫兹通信系统原理验证实验', '2024-01-12', '实验数据达到预期指标', '["新能源"]'::json, '', '2026-06-15T12:00:00+00:00', '2026-06-15T12:00:00+00:00');
INSERT INTO entity_change_log (entity_id, entity_type, field, old_value, new_value, method, operator, source_doc_id, reason, changed_at) VALUES ('TECH_S_3d1189ebb1821c93', 'tech', '*', NULL, '{"action": "create"}'::json, 'rule', NULL, 'mock_seed', NULL, '2026-06-15T12:00:00+00:00');
INSERT INTO tech_profile (tech_id, tech_name_cn, tech_name_en, tech_name_other, tech_domain, invention_date, application_date, tech_summary, dev_goal, project_layout, key_points, transformation_status, basic_research_status, autonomy_capability, industrial_capability, tech_advantages, current_status, trend, remark, confidence, completeness, created_at, updated_at) VALUES ('TECH_S_08766bfc33b58582', '小型化氢燃料电池电堆系统', 'Tech-028 金属3D打印', NULL, '["增材制造", "集成电路"]'::json, '2020-07-26', '2025-12-01', '小型化氢燃料电池电堆系统是集成电路领域的关键技术，具有高可靠性等优势，应用前景广阔。', '突破集成电路核心技术瓶颈，实现自主可控。', '["集成电路基础理论", "集成电路工程化"]'::json, '["集成电路关键工艺", "集成电路系统集成"]'::json, '待转化', '基础理论已建立', '具备完全自主知识产权', '形成完整产业链', '相比同类技术，小型化氢燃料电池电堆系统在性能与成本上优势明显。', '中试阶段', '快速上升', '', 0.763, 0.775, '2026-06-15T12:00:00+00:00', '2026-06-15T12:00:00+00:00');
INSERT INTO tech_dev_milestone (tech_id, milestone_date, milestone_name, contributor_keywords, milestone_content, created_at, updated_at) VALUES ('TECH_S_08766bfc33b58582', '2013-05-12', '概念提出', '["国前沿科技"]'::json, '概念提出：实现集成电路关键突破。', '2026-06-15T12:00:00+00:00', '2026-06-15T12:00:00+00:00');
INSERT INTO tech_dev_milestone (tech_id, milestone_date, milestone_name, contributor_keywords, milestone_content, created_at, updated_at) VALUES ('TECH_S_08766bfc33b58582', '2022-11-27', '实验室验证', '["远储能研究院"]'::json, '实验室验证：实现集成电路关键突破。', '2026-06-15T12:00:00+00:00', '2026-06-15T12:00:00+00:00');
INSERT INTO tech_dev_milestone (tech_id, milestone_date, milestone_name, contributor_keywords, milestone_content, created_at, updated_at) VALUES ('TECH_S_08766bfc33b58582', '2017-01-19', '工程样机', '["国芯创研究所"]'::json, '工程样机：实现集成电路关键突破。', '2026-06-15T12:00:00+00:00', '2026-06-15T12:00:00+00:00');
INSERT INTO tech_dev_milestone (tech_id, milestone_date, milestone_name, contributor_keywords, milestone_content, created_at, updated_at) VALUES ('TECH_S_08766bfc33b58582', '2022-02-25', '中试成功', '["国生医研究所"]'::json, '中试成功：实现集成电路关键突破。', '2026-06-15T12:00:00+00:00', '2026-06-15T12:00:00+00:00');
INSERT INTO tech_dev_milestone (tech_id, milestone_date, milestone_name, contributor_keywords, milestone_content, created_at, updated_at) VALUES ('TECH_S_08766bfc33b58582', '2016-11-12', '产业化', '["国新材科技"]'::json, '产业化：实现集成电路关键突破。', '2026-06-15T12:00:00+00:00', '2026-06-15T12:00:00+00:00');
INSERT INTO tech_funding (tech_id, amount, source, created_at, updated_at) VALUES ('TECH_S_08766bfc33b58582', 3000.0, '地方专项', '2026-06-15T12:00:00+00:00', '2026-06-15T12:00:00+00:00');
INSERT INTO tech_academic_output (tech_id, name, publish_date, subject_keywords, image, created_at, updated_at) VALUES ('TECH_S_08766bfc33b58582', '小型化氢燃料电池电堆系统相关研究', '2018-04-02', '["东方聚变实验室"]'::json, '', '2026-06-15T12:00:00+00:00', '2026-06-15T12:00:00+00:00');
INSERT INTO tech_academic_output (tech_id, name, publish_date, subject_keywords, image, created_at, updated_at) VALUES ('TECH_S_08766bfc33b58582', '小型化氢燃料电池电堆系统相关研究', '2024-02-08', '["中科聚变集团"]'::json, '', '2026-06-15T12:00:00+00:00', '2026-06-15T12:00:00+00:00');
INSERT INTO tech_experiment (tech_id, content, experiment_date, result, subject_keywords, image, created_at, updated_at) VALUES ('TECH_S_08766bfc33b58582', '小型化氢燃料电池电堆系统原理验证实验', '2024-09-04', '实验数据达到预期指标', '["集成电路"]'::json, '', '2026-06-15T12:00:00+00:00', '2026-06-15T12:00:00+00:00');
INSERT INTO entity_change_log (entity_id, entity_type, field, old_value, new_value, method, operator, source_doc_id, reason, changed_at) VALUES ('TECH_S_08766bfc33b58582', 'tech', '*', NULL, '{"action": "create"}'::json, 'rule', NULL, 'mock_seed', NULL, '2026-06-15T12:00:00+00:00');
INSERT INTO tech_profile (tech_id, tech_name_cn, tech_name_en, tech_name_other, tech_domain, invention_date, application_date, tech_summary, dev_goal, project_layout, key_points, transformation_status, basic_research_status, autonomy_capability, industrial_capability, tech_advantages, current_status, trend, remark, confidence, completeness, created_at, updated_at) VALUES ('TECH_S_84a75761cc7ad300', '低功耗氢燃料电池电堆工艺', 'Tech-029 可重复使用火箭', NULL, '["生物医药", "6G通信"]'::json, '2008-02-03', '2020-11-11', '低功耗氢燃料电池电堆工艺是6G通信领域的关键技术，具有高可靠性等优势，应用前景广阔。', '突破6G通信核心技术瓶颈，实现自主可控。', '["6G通信基础理论", "6G通信工程化"]'::json, '["6G通信关键工艺", "6G通信系统集成"]'::json, '已转化', '基础理论已建立', '具备完全自主知识产权', '形成完整产业链', '相比同类技术，低功耗氢燃料电池电堆工艺在性能与成本上优势明显。', '实验室阶段', '平稳', '', 0.711, 0.696, '2026-06-15T12:00:00+00:00', '2026-06-15T12:00:00+00:00');
INSERT INTO tech_dev_milestone (tech_id, milestone_date, milestone_name, contributor_keywords, milestone_content, created_at, updated_at) VALUES ('TECH_S_84a75761cc7ad300', '2012-07-10', '概念提出', '["北方前沿实验室"]'::json, '概念提出：实现6G通信关键突破。', '2026-06-15T12:00:00+00:00', '2026-06-15T12:00:00+00:00');
INSERT INTO tech_dev_milestone (tech_id, milestone_date, milestone_name, contributor_keywords, milestone_content, created_at, updated_at) VALUES ('TECH_S_84a75761cc7ad300', '2024-02-23', '实验室验证', '["航天基因集团"]'::json, '实验室验证：实现6G通信关键突破。', '2026-06-15T12:00:00+00:00', '2026-06-15T12:00:00+00:00');
INSERT INTO tech_dev_milestone (tech_id, milestone_date, milestone_name, contributor_keywords, milestone_content, created_at, updated_at) VALUES ('TECH_S_84a75761cc7ad300', '2015-06-19', '工程样机', '["中氢动实验室"]'::json, '工程样机：实现6G通信关键突破。', '2026-06-15T12:00:00+00:00', '2026-06-15T12:00:00+00:00');
INSERT INTO tech_dev_milestone (tech_id, milestone_date, milestone_name, contributor_keywords, milestone_content, created_at, updated_at) VALUES ('TECH_S_84a75761cc7ad300', '2013-08-23', '中试成功', '["新芯创高科"]'::json, '中试成功：实现6G通信关键突破。', '2026-06-15T12:00:00+00:00', '2026-06-15T12:00:00+00:00');
INSERT INTO tech_dev_milestone (tech_id, milestone_date, milestone_name, contributor_keywords, milestone_content, created_at, updated_at) VALUES ('TECH_S_84a75761cc7ad300', '2018-08-15', '产业化', '["国前沿研究院"]'::json, '产业化：实现6G通信关键突破。', '2026-06-15T12:00:00+00:00', '2026-06-15T12:00:00+00:00');
INSERT INTO tech_funding (tech_id, amount, source, created_at, updated_at) VALUES ('TECH_S_84a75761cc7ad300', 1000.0, '国家自然科学基金', '2026-06-15T12:00:00+00:00', '2026-06-15T12:00:00+00:00');
INSERT INTO tech_academic_output (tech_id, name, publish_date, subject_keywords, image, created_at, updated_at) VALUES ('TECH_S_84a75761cc7ad300', '低功耗氢燃料电池电堆工艺相关研究', '2022-09-24', '["国先进研究所"]'::json, '', '2026-06-15T12:00:00+00:00', '2026-06-15T12:00:00+00:00');
INSERT INTO tech_academic_output (tech_id, name, publish_date, subject_keywords, image, created_at, updated_at) VALUES ('TECH_S_84a75761cc7ad300', '低功耗氢燃料电池电堆工艺相关研究', '2023-02-09', '["华聚变高科"]'::json, '', '2026-06-15T12:00:00+00:00', '2026-06-15T12:00:00+00:00');
INSERT INTO tech_experiment (tech_id, content, experiment_date, result, subject_keywords, image, created_at, updated_at) VALUES ('TECH_S_84a75761cc7ad300', '低功耗氢燃料电池电堆工艺原理验证实验', '2024-05-05', '实验数据达到预期指标', '["6G通信"]'::json, '', '2026-06-15T12:00:00+00:00', '2026-06-15T12:00:00+00:00');
INSERT INTO entity_change_log (entity_id, entity_type, field, old_value, new_value, method, operator, source_doc_id, reason, changed_at) VALUES ('TECH_S_84a75761cc7ad300', 'tech', '*', NULL, '{"action": "create"}'::json, 'rule', NULL, 'mock_seed', NULL, '2026-06-15T12:00:00+00:00');
INSERT INTO tech_profile (tech_id, tech_name_cn, tech_name_en, tech_name_other, tech_domain, invention_date, application_date, tech_summary, dev_goal, project_layout, key_points, transformation_status, basic_research_status, autonomy_capability, industrial_capability, tech_advantages, current_status, trend, remark, confidence, completeness, created_at, updated_at) VALUES ('TECH_S_ab7bfa9d01d55a08', '高可靠钙钛矿太阳能电池解决方案', 'Tech-030 量子纠错码', NULL, '["氢能", "集成电路"]'::json, '2000-02-25', '2021-02-18', '高可靠钙钛矿太阳能电池解决方案是氢能领域的关键技术，具有高效率等优势，应用前景广阔。', '突破氢能核心技术瓶颈，实现自主可控。', '["氢能基础理论", "氢能工程化"]'::json, '["氢能关键工艺", "氢能系统集成"]'::json, '转化中', '基础理论已建立', '具备完全自主知识产权', '形成完整产业链', '相比同类技术，高可靠钙钛矿太阳能电池解决方案在性能与成本上优势明显。', '中试阶段', '稳步上升', '', 0.86, 0.911, '2026-06-15T12:00:00+00:00', '2026-06-15T12:00:00+00:00');
INSERT INTO tech_dev_milestone (tech_id, milestone_date, milestone_name, contributor_keywords, milestone_content, created_at, updated_at) VALUES ('TECH_S_ab7bfa9d01d55a08', '2024-08-16', '概念提出', '["北方脑科学实验室"]'::json, '概念提出：实现氢能关键突破。', '2026-06-15T12:00:00+00:00', '2026-06-15T12:00:00+00:00');
INSERT INTO tech_dev_milestone (tech_id, milestone_date, milestone_name, contributor_keywords, milestone_content, created_at, updated_at) VALUES ('TECH_S_ab7bfa9d01d55a08', '2022-09-02', '实验室验证', '["南方氢动科技"]'::json, '实验室验证：实现氢能关键突破。', '2026-06-15T12:00:00+00:00', '2026-06-15T12:00:00+00:00');
INSERT INTO tech_dev_milestone (tech_id, milestone_date, milestone_name, contributor_keywords, milestone_content, created_at, updated_at) VALUES ('TECH_S_ab7bfa9d01d55a08', '2022-06-18', '工程样机', '["东方智算实验室"]'::json, '工程样机：实现氢能关键突破。', '2026-06-15T12:00:00+00:00', '2026-06-15T12:00:00+00:00');
INSERT INTO tech_dev_milestone (tech_id, milestone_date, milestone_name, contributor_keywords, milestone_content, created_at, updated_at) VALUES ('TECH_S_ab7bfa9d01d55a08', '2022-02-14', '中试成功', '["东方生医科技"]'::json, '中试成功：实现氢能关键突破。', '2026-06-15T12:00:00+00:00', '2026-06-15T12:00:00+00:00');
INSERT INTO tech_dev_milestone (tech_id, milestone_date, milestone_name, contributor_keywords, milestone_content, created_at, updated_at) VALUES ('TECH_S_ab7bfa9d01d55a08', '2016-05-15', '产业化', '["中科智算工程技术中心"]'::json, '产业化：实现氢能关键突破。', '2026-06-15T12:00:00+00:00', '2026-06-15T12:00:00+00:00');
INSERT INTO tech_funding (tech_id, amount, source, created_at, updated_at) VALUES ('TECH_S_ab7bfa9d01d55a08', 1000.0, '国家重点研发计划', '2026-06-15T12:00:00+00:00', '2026-06-15T12:00:00+00:00');
INSERT INTO tech_funding (tech_id, amount, source, created_at, updated_at) VALUES ('TECH_S_ab7bfa9d01d55a08', 15000.0, '企业自筹', '2026-06-15T12:00:00+00:00', '2026-06-15T12:00:00+00:00');
INSERT INTO tech_academic_output (tech_id, name, publish_date, subject_keywords, image, created_at, updated_at) VALUES ('TECH_S_ab7bfa9d01d55a08', '高可靠钙钛矿太阳能电池解决方案相关研究', '2022-12-08', '["航天储能研究院"]'::json, '', '2026-06-15T12:00:00+00:00', '2026-06-15T12:00:00+00:00');
INSERT INTO tech_academic_output (tech_id, name, publish_date, subject_keywords, image, created_at, updated_at) VALUES ('TECH_S_ab7bfa9d01d55a08', '高可靠钙钛矿太阳能电池解决方案相关研究', '2023-02-03', '["国新材科技"]'::json, '', '2026-06-15T12:00:00+00:00', '2026-06-15T12:00:00+00:00');
INSERT INTO tech_experiment (tech_id, content, experiment_date, result, subject_keywords, image, created_at, updated_at) VALUES ('TECH_S_ab7bfa9d01d55a08', '高可靠钙钛矿太阳能电池解决方案原理验证实验', '2021-09-15', '实验数据达到预期指标', '["氢能"]'::json, '', '2026-06-15T12:00:00+00:00', '2026-06-15T12:00:00+00:00');
INSERT INTO entity_change_log (entity_id, entity_type, field, old_value, new_value, method, operator, source_doc_id, reason, changed_at) VALUES ('TECH_S_ab7bfa9d01d55a08', 'tech', '*', NULL, '{"action": "create"}'::json, 'rule', NULL, 'mock_seed', NULL, '2026-06-15T12:00:00+00:00');
INSERT INTO tech_profile (tech_id, tech_name_cn, tech_name_en, tech_name_other, tech_domain, invention_date, application_date, tech_summary, dev_goal, project_layout, key_points, transformation_status, basic_research_status, autonomy_capability, industrial_capability, tech_advantages, current_status, trend, remark, confidence, completeness, created_at, updated_at) VALUES ('TECH_S_763da18d01e2961d', '低功耗神经网络芯片技术', 'Tech-031 金属3D打印', NULL, '["机器人", "航空航天"]'::json, '2020-06-04', '2022-07-27', '低功耗神经网络芯片技术是航空航天领域的关键技术，具有低成本等优势，应用前景广阔。', '突破航空航天核心技术瓶颈，实现自主可控。', '["航空航天基础理论", "航空航天工程化"]'::json, '["航空航天关键工艺", "航空航天系统集成"]'::json, '转化中', '基础理论已建立', '具备完全自主知识产权', '形成完整产业链', '相比同类技术，低功耗神经网络芯片技术在性能与成本上优势明显。', '概念论证', '快速上升', '', 0.872, 0.809, '2026-06-15T12:00:00+00:00', '2026-06-15T12:00:00+00:00');
INSERT INTO tech_dev_milestone (tech_id, milestone_date, milestone_name, contributor_keywords, milestone_content, created_at, updated_at) VALUES ('TECH_S_763da18d01e2961d', '2022-05-08', '概念提出', '["远储能集团"]'::json, '概念提出：实现航空航天关键突破。', '2026-06-15T12:00:00+00:00', '2026-06-15T12:00:00+00:00');
INSERT INTO tech_dev_milestone (tech_id, milestone_date, milestone_name, contributor_keywords, milestone_content, created_at, updated_at) VALUES ('TECH_S_763da18d01e2961d', '2010-10-19', '实验室验证', '["航天新材集团"]'::json, '实验室验证：实现航空航天关键突破。', '2026-06-15T12:00:00+00:00', '2026-06-15T12:00:00+00:00');
INSERT INTO tech_dev_milestone (tech_id, milestone_date, milestone_name, contributor_keywords, milestone_content, created_at, updated_at) VALUES ('TECH_S_763da18d01e2961d', '2012-11-10', '工程样机', '["航天基因工程技术中心"]'::json, '工程样机：实现航空航天关键突破。', '2026-06-15T12:00:00+00:00', '2026-06-15T12:00:00+00:00');
INSERT INTO tech_dev_milestone (tech_id, milestone_date, milestone_name, contributor_keywords, milestone_content, created_at, updated_at) VALUES ('TECH_S_763da18d01e2961d', '2011-10-15', '中试成功', '["华氢动研究院"]'::json, '中试成功：实现航空航天关键突破。', '2026-06-15T12:00:00+00:00', '2026-06-15T12:00:00+00:00');
INSERT INTO tech_dev_milestone (tech_id, milestone_date, milestone_name, contributor_keywords, milestone_content, created_at, updated_at) VALUES ('TECH_S_763da18d01e2961d', '2020-02-07', '产业化', '["新智算高科"]'::json, '产业化：实现航空航天关键突破。', '2026-06-15T12:00:00+00:00', '2026-06-15T12:00:00+00:00');
INSERT INTO tech_funding (tech_id, amount, source, created_at, updated_at) VALUES ('TECH_S_763da18d01e2961d', 15000.0, '国家重点研发计划', '2026-06-15T12:00:00+00:00', '2026-06-15T12:00:00+00:00');
INSERT INTO tech_academic_output (tech_id, name, publish_date, subject_keywords, image, created_at, updated_at) VALUES ('TECH_S_763da18d01e2961d', '低功耗神经网络芯片技术相关研究', '2023-07-16', '["东方航宇研究院"]'::json, '', '2026-06-15T12:00:00+00:00', '2026-06-15T12:00:00+00:00');
INSERT INTO tech_academic_output (tech_id, name, publish_date, subject_keywords, image, created_at, updated_at) VALUES ('TECH_S_763da18d01e2961d', '低功耗神经网络芯片技术相关研究', '2018-07-26', '["东方航宇研究院"]'::json, '', '2026-06-15T12:00:00+00:00', '2026-06-15T12:00:00+00:00');
INSERT INTO tech_academic_output (tech_id, name, publish_date, subject_keywords, image, created_at, updated_at) VALUES ('TECH_S_763da18d01e2961d', '低功耗神经网络芯片技术相关研究', '2019-10-13', '["新芯创科技"]'::json, '', '2026-06-15T12:00:00+00:00', '2026-06-15T12:00:00+00:00');
INSERT INTO tech_experiment (tech_id, content, experiment_date, result, subject_keywords, image, created_at, updated_at) VALUES ('TECH_S_763da18d01e2961d', '低功耗神经网络芯片技术原理验证实验', '2020-04-27', '实验数据达到预期指标', '["航空航天"]'::json, '', '2026-06-15T12:00:00+00:00', '2026-06-15T12:00:00+00:00');
INSERT INTO entity_change_log (entity_id, entity_type, field, old_value, new_value, method, operator, source_doc_id, reason, changed_at) VALUES ('TECH_S_763da18d01e2961d', 'tech', '*', NULL, '{"action": "create"}'::json, 'rule', NULL, 'mock_seed', NULL, '2026-06-15T12:00:00+00:00');
INSERT INTO tech_profile (tech_id, tech_name_cn, tech_name_en, tech_name_other, tech_domain, invention_date, application_date, tech_summary, dev_goal, project_layout, key_points, transformation_status, basic_research_status, autonomy_capability, industrial_capability, tech_advantages, current_status, trend, remark, confidence, completeness, created_at, updated_at) VALUES ('TECH_S_f8bfea727364cd40', '一体化自动驾驶域控制器解决方案', 'Tech-032 可重复使用火箭', NULL, '["新能源", "半导体"]'::json, '2001-03-21', '2021-11-20', '一体化自动驾驶域控制器解决方案是新能源领域的关键技术，具有高可靠性等优势，应用前景广阔。', '突破新能源核心技术瓶颈，实现自主可控。', '["新能源基础理论", "新能源工程化"]'::json, '["新能源关键工艺", "新能源系统集成"]'::json, '转化中', '基础理论已建立', '具备完全自主知识产权', '形成完整产业链', '相比同类技术，一体化自动驾驶域控制器解决方案在性能与成本上优势明显。', '中试阶段', '稳步上升', '', 0.788, 0.855, '2026-06-15T12:00:00+00:00', '2026-06-15T12:00:00+00:00');
INSERT INTO tech_dev_milestone (tech_id, milestone_date, milestone_name, contributor_keywords, milestone_content, created_at, updated_at) VALUES ('TECH_S_f8bfea727364cd40', '2018-08-08', '概念提出', '["新生医实验室"]'::json, '概念提出：实现新能源关键突破。', '2026-06-15T12:00:00+00:00', '2026-06-15T12:00:00+00:00');
INSERT INTO tech_dev_milestone (tech_id, milestone_date, milestone_name, contributor_keywords, milestone_content, created_at, updated_at) VALUES ('TECH_S_f8bfea727364cd40', '2019-11-16', '实验室验证', '["国生医研究所"]'::json, '实验室验证：实现新能源关键突破。', '2026-06-15T12:00:00+00:00', '2026-06-15T12:00:00+00:00');
INSERT INTO tech_dev_milestone (tech_id, milestone_date, milestone_name, contributor_keywords, milestone_content, created_at, updated_at) VALUES ('TECH_S_f8bfea727364cd40', '2011-11-13', '工程样机', '["国生医科技"]'::json, '工程样机：实现新能源关键突破。', '2026-06-15T12:00:00+00:00', '2026-06-15T12:00:00+00:00');
INSERT INTO tech_dev_milestone (tech_id, milestone_date, milestone_name, contributor_keywords, milestone_content, created_at, updated_at) VALUES ('TECH_S_f8bfea727364cd40', '2016-08-12', '中试成功', '["航天航宇研究院"]'::json, '中试成功：实现新能源关键突破。', '2026-06-15T12:00:00+00:00', '2026-06-15T12:00:00+00:00');
INSERT INTO tech_dev_milestone (tech_id, milestone_date, milestone_name, contributor_keywords, milestone_content, created_at, updated_at) VALUES ('TECH_S_f8bfea727364cd40', '2014-08-03', '产业化', '["华信息高科"]'::json, '产业化：实现新能源关键突破。', '2026-06-15T12:00:00+00:00', '2026-06-15T12:00:00+00:00');
INSERT INTO tech_funding (tech_id, amount, source, created_at, updated_at) VALUES ('TECH_S_f8bfea727364cd40', 1000.0, '国家自然科学基金', '2026-06-15T12:00:00+00:00', '2026-06-15T12:00:00+00:00');
INSERT INTO tech_funding (tech_id, amount, source, created_at, updated_at) VALUES ('TECH_S_f8bfea727364cd40', 500.0, '地方专项', '2026-06-15T12:00:00+00:00', '2026-06-15T12:00:00+00:00');
INSERT INTO tech_academic_output (tech_id, name, publish_date, subject_keywords, image, created_at, updated_at) VALUES ('TECH_S_f8bfea727364cd40', '一体化自动驾驶域控制器解决方案相关研究', '2018-03-16', '["航天航宇研究院"]'::json, '', '2026-06-15T12:00:00+00:00', '2026-06-15T12:00:00+00:00');
INSERT INTO tech_experiment (tech_id, content, experiment_date, result, subject_keywords, image, created_at, updated_at) VALUES ('TECH_S_f8bfea727364cd40', '一体化自动驾驶域控制器解决方案原理验证实验', '2024-09-08', '实验数据达到预期指标', '["新能源"]'::json, '', '2026-06-15T12:00:00+00:00', '2026-06-15T12:00:00+00:00');
INSERT INTO entity_change_log (entity_id, entity_type, field, old_value, new_value, method, operator, source_doc_id, reason, changed_at) VALUES ('TECH_S_f8bfea727364cd40', 'tech', '*', NULL, '{"action": "create"}'::json, 'rule', NULL, 'mock_seed', NULL, '2026-06-15T12:00:00+00:00');
INSERT INTO tech_profile (tech_id, tech_name_cn, tech_name_en, tech_name_other, tech_domain, invention_date, application_date, tech_summary, dev_goal, project_layout, key_points, transformation_status, basic_research_status, autonomy_capability, industrial_capability, tech_advantages, current_status, trend, remark, confidence, completeness, created_at, updated_at) VALUES ('TECH_S_0e001609663ae8b6', '新型碳纳米管平台', 'Tech-033 可重复使用火箭', NULL, '["生物医药", "脑机接口"]'::json, '2017-11-07', '2021-09-19', '新型碳纳米管平台是生物医药领域的关键技术，具有高可靠性等优势，应用前景广阔。', '突破生物医药核心技术瓶颈，实现自主可控。', '["生物医药基础理论", "生物医药工程化"]'::json, '["生物医药关键工艺", "生物医药系统集成"]'::json, '已转化', '基础理论已建立', '具备完全自主知识产权', '形成完整产业链', '相比同类技术，新型碳纳米管平台在性能与成本上优势明显。', '概念论证', '下降', '', 0.739, 0.797, '2026-06-15T12:00:00+00:00', '2026-06-15T12:00:00+00:00');
INSERT INTO tech_dev_milestone (tech_id, milestone_date, milestone_name, contributor_keywords, milestone_content, created_at, updated_at) VALUES ('TECH_S_0e001609663ae8b6', '2014-02-03', '概念提出', '["华光电集团"]'::json, '概念提出：实现生物医药关键突破。', '2026-06-15T12:00:00+00:00', '2026-06-15T12:00:00+00:00');
INSERT INTO tech_dev_milestone (tech_id, milestone_date, milestone_name, contributor_keywords, milestone_content, created_at, updated_at) VALUES ('TECH_S_0e001609663ae8b6', '2017-07-22', '实验室验证', '["华光电集团"]'::json, '实验室验证：实现生物医药关键突破。', '2026-06-15T12:00:00+00:00', '2026-06-15T12:00:00+00:00');
INSERT INTO tech_dev_milestone (tech_id, milestone_date, milestone_name, contributor_keywords, milestone_content, created_at, updated_at) VALUES ('TECH_S_0e001609663ae8b6', '2018-06-08', '工程样机', '["国前沿科技"]'::json, '工程样机：实现生物医药关键突破。', '2026-06-15T12:00:00+00:00', '2026-06-15T12:00:00+00:00');
INSERT INTO tech_dev_milestone (tech_id, milestone_date, milestone_name, contributor_keywords, milestone_content, created_at, updated_at) VALUES ('TECH_S_0e001609663ae8b6', '2014-06-20', '中试成功', '["航天氢动实验室"]'::json, '中试成功：实现生物医药关键突破。', '2026-06-15T12:00:00+00:00', '2026-06-15T12:00:00+00:00');
INSERT INTO tech_dev_milestone (tech_id, milestone_date, milestone_name, contributor_keywords, milestone_content, created_at, updated_at) VALUES ('TECH_S_0e001609663ae8b6', '2015-05-06', '产业化', '["航天航宇研究院"]'::json, '产业化：实现生物医药关键突破。', '2026-06-15T12:00:00+00:00', '2026-06-15T12:00:00+00:00');
INSERT INTO tech_funding (tech_id, amount, source, created_at, updated_at) VALUES ('TECH_S_0e001609663ae8b6', 500.0, '地方专项', '2026-06-15T12:00:00+00:00', '2026-06-15T12:00:00+00:00');
INSERT INTO tech_academic_output (tech_id, name, publish_date, subject_keywords, image, created_at, updated_at) VALUES ('TECH_S_0e001609663ae8b6', '新型碳纳米管平台相关研究', '2018-02-13', '["北方未来高科"]'::json, '', '2026-06-15T12:00:00+00:00', '2026-06-15T12:00:00+00:00');
INSERT INTO tech_academic_output (tech_id, name, publish_date, subject_keywords, image, created_at, updated_at) VALUES ('TECH_S_0e001609663ae8b6', '新型碳纳米管平台相关研究', '2024-02-10', '["远算力工程技术中心"]'::json, '', '2026-06-15T12:00:00+00:00', '2026-06-15T12:00:00+00:00');
INSERT INTO tech_academic_output (tech_id, name, publish_date, subject_keywords, image, created_at, updated_at) VALUES ('TECH_S_0e001609663ae8b6', '新型碳纳米管平台相关研究', '2022-07-16', '["国未来高科"]'::json, '', '2026-06-15T12:00:00+00:00', '2026-06-15T12:00:00+00:00');
INSERT INTO tech_experiment (tech_id, content, experiment_date, result, subject_keywords, image, created_at, updated_at) VALUES ('TECH_S_0e001609663ae8b6', '新型碳纳米管平台原理验证实验', '2024-12-13', '实验数据达到预期指标', '["生物医药"]'::json, '', '2026-06-15T12:00:00+00:00', '2026-06-15T12:00:00+00:00');
INSERT INTO entity_change_log (entity_id, entity_type, field, old_value, new_value, method, operator, source_doc_id, reason, changed_at) VALUES ('TECH_S_0e001609663ae8b6', 'tech', '*', NULL, '{"action": "create"}'::json, 'rule', NULL, 'mock_seed', NULL, '2026-06-15T12:00:00+00:00');
INSERT INTO tech_profile (tech_id, tech_name_cn, tech_name_en, tech_name_other, tech_domain, invention_date, application_date, tech_summary, dev_goal, project_layout, key_points, transformation_status, basic_research_status, autonomy_capability, industrial_capability, tech_advantages, current_status, trend, remark, confidence, completeness, created_at, updated_at) VALUES ('TECH_S_8d6c083f11f6050f', '柔性毫米波雷达平台', 'Tech-034 mRNA疫苗', NULL, '["6G通信", "光电技术"]'::json, '2019-03-03', '2021-03-28', '柔性毫米波雷达平台是光电技术领域的关键技术，具有高效率等优势，应用前景广阔。', '突破光电技术核心技术瓶颈，实现自主可控。', '["光电技术基础理论", "光电技术工程化"]'::json, '["光电技术关键工艺", "光电技术系统集成"]'::json, '转化中', '基础理论已建立', '具备完全自主知识产权', '形成完整产业链', '相比同类技术，柔性毫米波雷达平台在性能与成本上优势明显。', '规模化部署', '稳步上升', '', 0.94, 0.643, '2026-06-15T12:00:00+00:00', '2026-06-15T12:00:00+00:00');
INSERT INTO tech_dev_milestone (tech_id, milestone_date, milestone_name, contributor_keywords, milestone_content, created_at, updated_at) VALUES ('TECH_S_8d6c083f11f6050f', '2022-08-27', '概念提出', '["新芯创高科"]'::json, '概念提出：实现光电技术关键突破。', '2026-06-15T12:00:00+00:00', '2026-06-15T12:00:00+00:00');
INSERT INTO tech_dev_milestone (tech_id, milestone_date, milestone_name, contributor_keywords, milestone_content, created_at, updated_at) VALUES ('TECH_S_8d6c083f11f6050f', '2011-01-08', '实验室验证', '["中基因工程技术中心"]'::json, '实验室验证：实现光电技术关键突破。', '2026-06-15T12:00:00+00:00', '2026-06-15T12:00:00+00:00');
INSERT INTO tech_dev_milestone (tech_id, milestone_date, milestone_name, contributor_keywords, milestone_content, created_at, updated_at) VALUES ('TECH_S_8d6c083f11f6050f', '2011-02-25', '工程样机', '["中科深海研究所"]'::json, '工程样机：实现光电技术关键突破。', '2026-06-15T12:00:00+00:00', '2026-06-15T12:00:00+00:00');
INSERT INTO tech_dev_milestone (tech_id, milestone_date, milestone_name, contributor_keywords, milestone_content, created_at, updated_at) VALUES ('TECH_S_8d6c083f11f6050f', '2022-02-11', '中试成功', '["新生医实验室"]'::json, '中试成功：实现光电技术关键突破。', '2026-06-15T12:00:00+00:00', '2026-06-15T12:00:00+00:00');
INSERT INTO tech_dev_milestone (tech_id, milestone_date, milestone_name, contributor_keywords, milestone_content, created_at, updated_at) VALUES ('TECH_S_8d6c083f11f6050f', '2011-03-03', '产业化', '["国未来高科"]'::json, '产业化：实现光电技术关键突破。', '2026-06-15T12:00:00+00:00', '2026-06-15T12:00:00+00:00');
INSERT INTO tech_funding (tech_id, amount, source, created_at, updated_at) VALUES ('TECH_S_8d6c083f11f6050f', 15000.0, '地方专项', '2026-06-15T12:00:00+00:00', '2026-06-15T12:00:00+00:00');
INSERT INTO tech_funding (tech_id, amount, source, created_at, updated_at) VALUES ('TECH_S_8d6c083f11f6050f', 500.0, '国家自然科学基金', '2026-06-15T12:00:00+00:00', '2026-06-15T12:00:00+00:00');
INSERT INTO tech_academic_output (tech_id, name, publish_date, subject_keywords, image, created_at, updated_at) VALUES ('TECH_S_8d6c083f11f6050f', '柔性毫米波雷达平台相关研究', '2022-08-02', '["东方芯创股份"]'::json, '', '2026-06-15T12:00:00+00:00', '2026-06-15T12:00:00+00:00');
INSERT INTO tech_academic_output (tech_id, name, publish_date, subject_keywords, image, created_at, updated_at) VALUES ('TECH_S_8d6c083f11f6050f', '柔性毫米波雷达平台相关研究', '2020-11-17', '["北方前沿实验室"]'::json, '', '2026-06-15T12:00:00+00:00', '2026-06-15T12:00:00+00:00');
INSERT INTO tech_experiment (tech_id, content, experiment_date, result, subject_keywords, image, created_at, updated_at) VALUES ('TECH_S_8d6c083f11f6050f', '柔性毫米波雷达平台原理验证实验', '2021-10-27', '实验数据达到预期指标', '["光电技术"]'::json, '', '2026-06-15T12:00:00+00:00', '2026-06-15T12:00:00+00:00');
INSERT INTO entity_change_log (entity_id, entity_type, field, old_value, new_value, method, operator, source_doc_id, reason, changed_at) VALUES ('TECH_S_8d6c083f11f6050f', 'tech', '*', NULL, '{"action": "create"}'::json, 'rule', NULL, 'mock_seed', NULL, '2026-06-15T12:00:00+00:00');
INSERT INTO tech_profile (tech_id, tech_name_cn, tech_name_en, tech_name_other, tech_domain, invention_date, application_date, tech_summary, dev_goal, project_layout, key_points, transformation_status, basic_research_status, autonomy_capability, industrial_capability, tech_advantages, current_status, trend, remark, confidence, completeness, created_at, updated_at) VALUES ('TECH_S_a65de25a57f059f2', '小型化神经网络芯片解决方案', 'Tech-035 固态电池', NULL, '["机器人", "基因编辑"]'::json, '2011-12-08', '2024-01-04', '小型化神经网络芯片解决方案是机器人领域的关键技术，具有低成本等优势，应用前景广阔。', '突破机器人核心技术瓶颈，实现自主可控。', '["机器人基础理论", "机器人工程化"]'::json, '["机器人关键工艺", "机器人系统集成"]'::json, '转化中', '基础理论已建立', '具备完全自主知识产权', '形成完整产业链', '相比同类技术，小型化神经网络芯片解决方案在性能与成本上优势明显。', '实验室阶段', '下降', '', 0.883, 0.775, '2026-06-15T12:00:00+00:00', '2026-06-15T12:00:00+00:00');
INSERT INTO tech_dev_milestone (tech_id, milestone_date, milestone_name, contributor_keywords, milestone_content, created_at, updated_at) VALUES ('TECH_S_a65de25a57f059f2', '2016-04-26', '概念提出', '["航天基因集团"]'::json, '概念提出：实现机器人关键突破。', '2026-06-15T12:00:00+00:00', '2026-06-15T12:00:00+00:00');
INSERT INTO tech_dev_milestone (tech_id, milestone_date, milestone_name, contributor_keywords, milestone_content, created_at, updated_at) VALUES ('TECH_S_a65de25a57f059f2', '2018-09-08', '实验室验证', '["东方芯创集团"]'::json, '实验室验证：实现机器人关键突破。', '2026-06-15T12:00:00+00:00', '2026-06-15T12:00:00+00:00');
INSERT INTO tech_dev_milestone (tech_id, milestone_date, milestone_name, contributor_keywords, milestone_content, created_at, updated_at) VALUES ('TECH_S_a65de25a57f059f2', '2015-06-09', '工程样机', '["新新材科技"]'::json, '工程样机：实现机器人关键突破。', '2026-06-15T12:00:00+00:00', '2026-06-15T12:00:00+00:00');
INSERT INTO tech_dev_milestone (tech_id, milestone_date, milestone_name, contributor_keywords, milestone_content, created_at, updated_at) VALUES ('TECH_S_a65de25a57f059f2', '2016-08-27', '中试成功', '["华信息研究所"]'::json, '中试成功：实现机器人关键突破。', '2026-06-15T12:00:00+00:00', '2026-06-15T12:00:00+00:00');
INSERT INTO tech_dev_milestone (tech_id, milestone_date, milestone_name, contributor_keywords, milestone_content, created_at, updated_at) VALUES ('TECH_S_a65de25a57f059f2', '2023-03-28', '产业化', '["航天氢动实验室"]'::json, '产业化：实现机器人关键突破。', '2026-06-15T12:00:00+00:00', '2026-06-15T12:00:00+00:00');
INSERT INTO tech_funding (tech_id, amount, source, created_at, updated_at) VALUES ('TECH_S_a65de25a57f059f2', 1000.0, '地方专项', '2026-06-15T12:00:00+00:00', '2026-06-15T12:00:00+00:00');
INSERT INTO tech_funding (tech_id, amount, source, created_at, updated_at) VALUES ('TECH_S_a65de25a57f059f2', 1000.0, '企业自筹', '2026-06-15T12:00:00+00:00', '2026-06-15T12:00:00+00:00');
INSERT INTO tech_academic_output (tech_id, name, publish_date, subject_keywords, image, created_at, updated_at) VALUES ('TECH_S_a65de25a57f059f2', '小型化神经网络芯片解决方案相关研究', '2021-03-14', '["新基因实验室"]'::json, '', '2026-06-15T12:00:00+00:00', '2026-06-15T12:00:00+00:00');
INSERT INTO tech_experiment (tech_id, content, experiment_date, result, subject_keywords, image, created_at, updated_at) VALUES ('TECH_S_a65de25a57f059f2', '小型化神经网络芯片解决方案原理验证实验', '2023-09-20', '实验数据达到预期指标', '["机器人"]'::json, '', '2026-06-15T12:00:00+00:00', '2026-06-15T12:00:00+00:00');
INSERT INTO entity_change_log (entity_id, entity_type, field, old_value, new_value, method, operator, source_doc_id, reason, changed_at) VALUES ('TECH_S_a65de25a57f059f2', 'tech', '*', NULL, '{"action": "create"}'::json, 'rule', NULL, 'mock_seed', NULL, '2026-06-15T12:00:00+00:00');
INSERT INTO tech_profile (tech_id, tech_name_cn, tech_name_en, tech_name_other, tech_domain, invention_date, application_date, tech_summary, dev_goal, project_layout, key_points, transformation_status, basic_research_status, autonomy_capability, industrial_capability, tech_advantages, current_status, trend, remark, confidence, completeness, created_at, updated_at) VALUES ('TECH_S_dc067ae67a4f0182', '高性能金属3D打印技术', 'Tech-036 金属3D打印', NULL, '["5G通信", "机器人"]'::json, '2017-07-13', '2021-04-02', '高性能金属3D打印技术是机器人领域的关键技术，具有低成本等优势，应用前景广阔。', '突破机器人核心技术瓶颈，实现自主可控。', '["机器人基础理论", "机器人工程化"]'::json, '["机器人关键工艺", "机器人系统集成"]'::json, '转化中', '基础理论已建立', '具备完全自主知识产权', '形成完整产业链', '相比同类技术，高性能金属3D打印技术在性能与成本上优势明显。', '中试阶段', '下降', '', 0.943, 0.908, '2026-06-15T12:00:00+00:00', '2026-06-15T12:00:00+00:00');
INSERT INTO tech_dev_milestone (tech_id, milestone_date, milestone_name, contributor_keywords, milestone_content, created_at, updated_at) VALUES ('TECH_S_dc067ae67a4f0182', '2014-09-08', '概念提出', '["航天基因集团"]'::json, '概念提出：实现机器人关键突破。', '2026-06-15T12:00:00+00:00', '2026-06-15T12:00:00+00:00');
INSERT INTO tech_dev_milestone (tech_id, milestone_date, milestone_name, contributor_keywords, milestone_content, created_at, updated_at) VALUES ('TECH_S_dc067ae67a4f0182', '2024-03-17', '实验室验证', '["新智算高科"]'::json, '实验室验证：实现机器人关键突破。', '2026-06-15T12:00:00+00:00', '2026-06-15T12:00:00+00:00');
INSERT INTO tech_dev_milestone (tech_id, milestone_date, milestone_name, contributor_keywords, milestone_content, created_at, updated_at) VALUES ('TECH_S_dc067ae67a4f0182', '2014-09-22', '工程样机', '["国新材科技"]'::json, '工程样机：实现机器人关键突破。', '2026-06-15T12:00:00+00:00', '2026-06-15T12:00:00+00:00');
INSERT INTO tech_dev_milestone (tech_id, milestone_date, milestone_name, contributor_keywords, milestone_content, created_at, updated_at) VALUES ('TECH_S_dc067ae67a4f0182', '2023-06-24', '中试成功', '["东方未来研究院"]'::json, '中试成功：实现机器人关键突破。', '2026-06-15T12:00:00+00:00', '2026-06-15T12:00:00+00:00');
INSERT INTO tech_dev_milestone (tech_id, milestone_date, milestone_name, contributor_keywords, milestone_content, created_at, updated_at) VALUES ('TECH_S_dc067ae67a4f0182', '2019-11-22', '产业化', '["国生医集团"]'::json, '产业化：实现机器人关键突破。', '2026-06-15T12:00:00+00:00', '2026-06-15T12:00:00+00:00');
INSERT INTO tech_funding (tech_id, amount, source, created_at, updated_at) VALUES ('TECH_S_dc067ae67a4f0182', 3000.0, '企业自筹', '2026-06-15T12:00:00+00:00', '2026-06-15T12:00:00+00:00');
INSERT INTO tech_funding (tech_id, amount, source, created_at, updated_at) VALUES ('TECH_S_dc067ae67a4f0182', 500.0, '企业自筹', '2026-06-15T12:00:00+00:00', '2026-06-15T12:00:00+00:00');
INSERT INTO tech_academic_output (tech_id, name, publish_date, subject_keywords, image, created_at, updated_at) VALUES ('TECH_S_dc067ae67a4f0182', '高性能金属3D打印技术相关研究', '2021-02-06', '["新基因实验室"]'::json, '', '2026-06-15T12:00:00+00:00', '2026-06-15T12:00:00+00:00');
INSERT INTO tech_academic_output (tech_id, name, publish_date, subject_keywords, image, created_at, updated_at) VALUES ('TECH_S_dc067ae67a4f0182', '高性能金属3D打印技术相关研究', '2023-09-14', '["航天储能实验室"]'::json, '', '2026-06-15T12:00:00+00:00', '2026-06-15T12:00:00+00:00');
INSERT INTO tech_academic_output (tech_id, name, publish_date, subject_keywords, image, created_at, updated_at) VALUES ('TECH_S_dc067ae67a4f0182', '高性能金属3D打印技术相关研究', '2019-09-15', '["国航宇高科"]'::json, '', '2026-06-15T12:00:00+00:00', '2026-06-15T12:00:00+00:00');
INSERT INTO tech_experiment (tech_id, content, experiment_date, result, subject_keywords, image, created_at, updated_at) VALUES ('TECH_S_dc067ae67a4f0182', '高性能金属3D打印技术原理验证实验', '2022-11-20', '实验数据达到预期指标', '["机器人"]'::json, '', '2026-06-15T12:00:00+00:00', '2026-06-15T12:00:00+00:00');
INSERT INTO entity_change_log (entity_id, entity_type, field, old_value, new_value, method, operator, source_doc_id, reason, changed_at) VALUES ('TECH_S_dc067ae67a4f0182', 'tech', '*', NULL, '{"action": "create"}'::json, 'rule', NULL, 'mock_seed', NULL, '2026-06-15T12:00:00+00:00');
INSERT INTO tech_profile (tech_id, tech_name_cn, tech_name_en, tech_name_other, tech_domain, invention_date, application_date, tech_summary, dev_goal, project_layout, key_points, transformation_status, basic_research_status, autonomy_capability, industrial_capability, tech_advantages, current_status, trend, remark, confidence, completeness, created_at, updated_at) VALUES ('TECH_S_a5c3de6ce5eeee4c', '分布式太赫兹通信技术', 'Tech-037 碳化硅功率器件', NULL, '["先进算力", "脑机接口"]'::json, '2003-11-12', '2024-04-24', '分布式太赫兹通信技术是先进算力领域的关键技术，具有高效率等优势，应用前景广阔。', '突破先进算力核心技术瓶颈，实现自主可控。', '["先进算力基础理论", "先进算力工程化"]'::json, '["先进算力关键工艺", "先进算力系统集成"]'::json, '转化中', '基础理论已建立', '具备完全自主知识产权', '形成完整产业链', '相比同类技术，分布式太赫兹通信技术在性能与成本上优势明显。', '规模化部署', '平稳', '', 0.941, 0.711, '2026-06-15T12:00:00+00:00', '2026-06-15T12:00:00+00:00');
INSERT INTO tech_dev_milestone (tech_id, milestone_date, milestone_name, contributor_keywords, milestone_content, created_at, updated_at) VALUES ('TECH_S_a5c3de6ce5eeee4c', '2013-04-01', '概念提出', '["中科聚变集团"]'::json, '概念提出：实现先进算力关键突破。', '2026-06-15T12:00:00+00:00', '2026-06-15T12:00:00+00:00');
INSERT INTO tech_dev_milestone (tech_id, milestone_date, milestone_name, contributor_keywords, milestone_content, created_at, updated_at) VALUES ('TECH_S_a5c3de6ce5eeee4c', '2022-06-14', '实验室验证', '["新芯创科技"]'::json, '实验室验证：实现先进算力关键突破。', '2026-06-15T12:00:00+00:00', '2026-06-15T12:00:00+00:00');
INSERT INTO tech_dev_milestone (tech_id, milestone_date, milestone_name, contributor_keywords, milestone_content, created_at, updated_at) VALUES ('TECH_S_a5c3de6ce5eeee4c', '2010-10-20', '工程样机', '["南方算力工程技术中心"]'::json, '工程样机：实现先进算力关键突破。', '2026-06-15T12:00:00+00:00', '2026-06-15T12:00:00+00:00');
INSERT INTO tech_dev_milestone (tech_id, milestone_date, milestone_name, contributor_keywords, milestone_content, created_at, updated_at) VALUES ('TECH_S_a5c3de6ce5eeee4c', '2010-06-04', '中试成功', '["南方前沿集团"]'::json, '中试成功：实现先进算力关键突破。', '2026-06-15T12:00:00+00:00', '2026-06-15T12:00:00+00:00');
INSERT INTO tech_dev_milestone (tech_id, milestone_date, milestone_name, contributor_keywords, milestone_content, created_at, updated_at) VALUES ('TECH_S_a5c3de6ce5eeee4c', '2020-05-20', '产业化', '["国生医研究所"]'::json, '产业化：实现先进算力关键突破。', '2026-06-15T12:00:00+00:00', '2026-06-15T12:00:00+00:00');
INSERT INTO tech_funding (tech_id, amount, source, created_at, updated_at) VALUES ('TECH_S_a5c3de6ce5eeee4c', 8000.0, '国家重点研发计划', '2026-06-15T12:00:00+00:00', '2026-06-15T12:00:00+00:00');
INSERT INTO tech_funding (tech_id, amount, source, created_at, updated_at) VALUES ('TECH_S_a5c3de6ce5eeee4c', 8000.0, '国家自然科学基金', '2026-06-15T12:00:00+00:00', '2026-06-15T12:00:00+00:00');
INSERT INTO tech_academic_output (tech_id, name, publish_date, subject_keywords, image, created_at, updated_at) VALUES ('TECH_S_a5c3de6ce5eeee4c', '分布式太赫兹通信技术相关研究', '2019-10-08', '["航天脑科学高科"]'::json, '', '2026-06-15T12:00:00+00:00', '2026-06-15T12:00:00+00:00');
INSERT INTO tech_academic_output (tech_id, name, publish_date, subject_keywords, image, created_at, updated_at) VALUES ('TECH_S_a5c3de6ce5eeee4c', '分布式太赫兹通信技术相关研究', '2019-01-14', '["远算力工程技术中心"]'::json, '', '2026-06-15T12:00:00+00:00', '2026-06-15T12:00:00+00:00');
INSERT INTO tech_experiment (tech_id, content, experiment_date, result, subject_keywords, image, created_at, updated_at) VALUES ('TECH_S_a5c3de6ce5eeee4c', '分布式太赫兹通信技术原理验证实验', '2022-06-14', '实验数据达到预期指标', '["先进算力"]'::json, '', '2026-06-15T12:00:00+00:00', '2026-06-15T12:00:00+00:00');
INSERT INTO entity_change_log (entity_id, entity_type, field, old_value, new_value, method, operator, source_doc_id, reason, changed_at) VALUES ('TECH_S_a5c3de6ce5eeee4c', 'tech', '*', NULL, '{"action": "create"}'::json, 'rule', NULL, 'mock_seed', NULL, '2026-06-15T12:00:00+00:00');
INSERT INTO tech_profile (tech_id, tech_name_cn, tech_name_en, tech_name_other, tech_domain, invention_date, application_date, tech_summary, dev_goal, project_layout, key_points, transformation_status, basic_research_status, autonomy_capability, industrial_capability, tech_advantages, current_status, trend, remark, confidence, completeness, created_at, updated_at) VALUES ('TECH_S_7fe48b9479f82fac', '高可靠可重复使用火箭技术', 'Tech-038 碳化硅功率器件', NULL, '["量子计算", "碳捕集"]'::json, '2011-04-15', '2021-10-17', '高可靠可重复使用火箭技术是碳捕集领域的关键技术，具有高可靠性等优势，应用前景广阔。', '突破碳捕集核心技术瓶颈，实现自主可控。', '["碳捕集基础理论", "碳捕集工程化"]'::json, '["碳捕集关键工艺", "碳捕集系统集成"]'::json, '转化中', '基础理论已建立', '具备完全自主知识产权', '形成完整产业链', '相比同类技术，高可靠可重复使用火箭技术在性能与成本上优势明显。', '概念论证', '快速上升', '', 0.809, 0.558, '2026-06-15T12:00:00+00:00', '2026-06-15T12:00:00+00:00');
INSERT INTO tech_dev_milestone (tech_id, milestone_date, milestone_name, contributor_keywords, milestone_content, created_at, updated_at) VALUES ('TECH_S_7fe48b9479f82fac', '2014-04-06', '概念提出', '["中科深海研究所"]'::json, '概念提出：实现碳捕集关键突破。', '2026-06-15T12:00:00+00:00', '2026-06-15T12:00:00+00:00');
INSERT INTO tech_dev_milestone (tech_id, milestone_date, milestone_name, contributor_keywords, milestone_content, created_at, updated_at) VALUES ('TECH_S_7fe48b9479f82fac', '2018-02-01', '实验室验证', '["中基因工程技术中心"]'::json, '实验室验证：实现碳捕集关键突破。', '2026-06-15T12:00:00+00:00', '2026-06-15T12:00:00+00:00');
INSERT INTO tech_dev_milestone (tech_id, milestone_date, milestone_name, contributor_keywords, milestone_content, created_at, updated_at) VALUES ('TECH_S_7fe48b9479f82fac', '2019-03-10', '工程样机', '["新基因股份"]'::json, '工程样机：实现碳捕集关键突破。', '2026-06-15T12:00:00+00:00', '2026-06-15T12:00:00+00:00');
INSERT INTO tech_dev_milestone (tech_id, milestone_date, milestone_name, contributor_keywords, milestone_content, created_at, updated_at) VALUES ('TECH_S_7fe48b9479f82fac', '2016-12-24', '中试成功', '["新前沿研究院"]'::json, '中试成功：实现碳捕集关键突破。', '2026-06-15T12:00:00+00:00', '2026-06-15T12:00:00+00:00');
INSERT INTO tech_dev_milestone (tech_id, milestone_date, milestone_name, contributor_keywords, milestone_content, created_at, updated_at) VALUES ('TECH_S_7fe48b9479f82fac', '2015-12-18', '产业化', '["东方聚变实验室"]'::json, '产业化：实现碳捕集关键突破。', '2026-06-15T12:00:00+00:00', '2026-06-15T12:00:00+00:00');
INSERT INTO tech_funding (tech_id, amount, source, created_at, updated_at) VALUES ('TECH_S_7fe48b9479f82fac', 3000.0, '地方专项', '2026-06-15T12:00:00+00:00', '2026-06-15T12:00:00+00:00');
INSERT INTO tech_funding (tech_id, amount, source, created_at, updated_at) VALUES ('TECH_S_7fe48b9479f82fac', 15000.0, '国家重点研发计划', '2026-06-15T12:00:00+00:00', '2026-06-15T12:00:00+00:00');
INSERT INTO tech_academic_output (tech_id, name, publish_date, subject_keywords, image, created_at, updated_at) VALUES ('TECH_S_7fe48b9479f82fac', '高可靠可重复使用火箭技术相关研究', '2024-01-18', '["东方脑科学实验室"]'::json, '', '2026-06-15T12:00:00+00:00', '2026-06-15T12:00:00+00:00');
INSERT INTO tech_academic_output (tech_id, name, publish_date, subject_keywords, image, created_at, updated_at) VALUES ('TECH_S_7fe48b9479f82fac', '高可靠可重复使用火箭技术相关研究', '2019-07-02', '["航天基因工程技术中心"]'::json, '', '2026-06-15T12:00:00+00:00', '2026-06-15T12:00:00+00:00');
INSERT INTO tech_experiment (tech_id, content, experiment_date, result, subject_keywords, image, created_at, updated_at) VALUES ('TECH_S_7fe48b9479f82fac', '高可靠可重复使用火箭技术原理验证实验', '2022-10-21', '实验数据达到预期指标', '["碳捕集"]'::json, '', '2026-06-15T12:00:00+00:00', '2026-06-15T12:00:00+00:00');
INSERT INTO entity_change_log (entity_id, entity_type, field, old_value, new_value, method, operator, source_doc_id, reason, changed_at) VALUES ('TECH_S_7fe48b9479f82fac', 'tech', '*', NULL, '{"action": "create"}'::json, 'rule', NULL, 'mock_seed', NULL, '2026-06-15T12:00:00+00:00');
INSERT INTO tech_profile (tech_id, tech_name_cn, tech_name_en, tech_name_other, tech_domain, invention_date, application_date, tech_summary, dev_goal, project_layout, key_points, transformation_status, basic_research_status, autonomy_capability, industrial_capability, tech_advantages, current_status, trend, remark, confidence, completeness, created_at, updated_at) VALUES ('TECH_S_6472cb8f0144396b', '新型碳化硅功率器件装置', 'Tech-039 氢燃料电池电堆', NULL, '["自动驾驶", "网络安全"]'::json, '2006-12-14', '2018-04-07', '新型碳化硅功率器件装置是自动驾驶领域的关键技术，具有高可靠性等优势，应用前景广阔。', '突破自动驾驶核心技术瓶颈，实现自主可控。', '["自动驾驶基础理论", "自动驾驶工程化"]'::json, '["自动驾驶关键工艺", "自动驾驶系统集成"]'::json, '已转化', '基础理论已建立', '具备完全自主知识产权', '形成完整产业链', '相比同类技术，新型碳化硅功率器件装置在性能与成本上优势明显。', '中试阶段', '快速上升', '', 0.816, 0.744, '2026-06-15T12:00:00+00:00', '2026-06-15T12:00:00+00:00');
INSERT INTO tech_dev_milestone (tech_id, milestone_date, milestone_name, contributor_keywords, milestone_content, created_at, updated_at) VALUES ('TECH_S_6472cb8f0144396b', '2024-04-22', '概念提出', '["南方量子科技"]'::json, '概念提出：实现自动驾驶关键突破。', '2026-06-15T12:00:00+00:00', '2026-06-15T12:00:00+00:00');
INSERT INTO tech_dev_milestone (tech_id, milestone_date, milestone_name, contributor_keywords, milestone_content, created_at, updated_at) VALUES ('TECH_S_6472cb8f0144396b', '2018-12-27', '实验室验证', '["东方天网科技"]'::json, '实验室验证：实现自动驾驶关键突破。', '2026-06-15T12:00:00+00:00', '2026-06-15T12:00:00+00:00');
INSERT INTO tech_dev_milestone (tech_id, milestone_date, milestone_name, contributor_keywords, milestone_content, created_at, updated_at) VALUES ('TECH_S_6472cb8f0144396b', '2013-03-10', '工程样机', '["东方天网科技"]'::json, '工程样机：实现自动驾驶关键突破。', '2026-06-15T12:00:00+00:00', '2026-06-15T12:00:00+00:00');
INSERT INTO tech_dev_milestone (tech_id, milestone_date, milestone_name, contributor_keywords, milestone_content, created_at, updated_at) VALUES ('TECH_S_6472cb8f0144396b', '2014-10-07', '中试成功', '["国生医研究所"]'::json, '中试成功：实现自动驾驶关键突破。', '2026-06-15T12:00:00+00:00', '2026-06-15T12:00:00+00:00');
INSERT INTO tech_dev_milestone (tech_id, milestone_date, milestone_name, contributor_keywords, milestone_content, created_at, updated_at) VALUES ('TECH_S_6472cb8f0144396b', '2019-06-19', '产业化', '["南方算力工程技术中心"]'::json, '产业化：实现自动驾驶关键突破。', '2026-06-15T12:00:00+00:00', '2026-06-15T12:00:00+00:00');
INSERT INTO tech_funding (tech_id, amount, source, created_at, updated_at) VALUES ('TECH_S_6472cb8f0144396b', 500.0, '国家重点研发计划', '2026-06-15T12:00:00+00:00', '2026-06-15T12:00:00+00:00');
INSERT INTO tech_funding (tech_id, amount, source, created_at, updated_at) VALUES ('TECH_S_6472cb8f0144396b', 3000.0, '国家重点研发计划', '2026-06-15T12:00:00+00:00', '2026-06-15T12:00:00+00:00');
INSERT INTO tech_academic_output (tech_id, name, publish_date, subject_keywords, image, created_at, updated_at) VALUES ('TECH_S_6472cb8f0144396b', '新型碳化硅功率器件装置相关研究', '2022-04-01', '["新生医实验室"]'::json, '', '2026-06-15T12:00:00+00:00', '2026-06-15T12:00:00+00:00');
INSERT INTO tech_academic_output (tech_id, name, publish_date, subject_keywords, image, created_at, updated_at) VALUES ('TECH_S_6472cb8f0144396b', '新型碳化硅功率器件装置相关研究', '2021-02-18', '["中聚变研究所"]'::json, '', '2026-06-15T12:00:00+00:00', '2026-06-15T12:00:00+00:00');
INSERT INTO tech_academic_output (tech_id, name, publish_date, subject_keywords, image, created_at, updated_at) VALUES ('TECH_S_6472cb8f0144396b', '新型碳化硅功率器件装置相关研究', '2020-11-03', '["航天基因工程技术中心"]'::json, '', '2026-06-15T12:00:00+00:00', '2026-06-15T12:00:00+00:00');
INSERT INTO tech_experiment (tech_id, content, experiment_date, result, subject_keywords, image, created_at, updated_at) VALUES ('TECH_S_6472cb8f0144396b', '新型碳化硅功率器件装置原理验证实验', '2022-07-03', '实验数据达到预期指标', '["自动驾驶"]'::json, '', '2026-06-15T12:00:00+00:00', '2026-06-15T12:00:00+00:00');
INSERT INTO entity_change_log (entity_id, entity_type, field, old_value, new_value, method, operator, source_doc_id, reason, changed_at) VALUES ('TECH_S_6472cb8f0144396b', 'tech', '*', NULL, '{"action": "create"}'::json, 'rule', NULL, 'mock_seed', NULL, '2026-06-15T12:00:00+00:00');
INSERT INTO tech_profile (tech_id, tech_name_cn, tech_name_en, tech_name_other, tech_domain, invention_date, application_date, tech_summary, dev_goal, project_layout, key_points, transformation_status, basic_research_status, autonomy_capability, industrial_capability, tech_advantages, current_status, trend, remark, confidence, completeness, created_at, updated_at) VALUES ('TECH_S_8cde91c38d836ef6', '分布式固态电池工艺', 'Tech-040 卫星星座组网', NULL, '["储能", "碳捕集"]'::json, '2002-07-18', '2018-02-27', '分布式固态电池工艺是储能领域的关键技术，具有高可靠性等优势，应用前景广阔。', '突破储能核心技术瓶颈，实现自主可控。', '["储能基础理论", "储能工程化"]'::json, '["储能关键工艺", "储能系统集成"]'::json, '已转化', '基础理论已建立', '具备完全自主知识产权', '形成完整产业链', '相比同类技术，分布式固态电池工艺在性能与成本上优势明显。', '概念论证', '平稳', '', 0.941, 0.671, '2026-06-15T12:00:00+00:00', '2026-06-15T12:00:00+00:00');
INSERT INTO tech_dev_milestone (tech_id, milestone_date, milestone_name, contributor_keywords, milestone_content, created_at, updated_at) VALUES ('TECH_S_8cde91c38d836ef6', '2019-05-21', '概念提出', '["国前沿研究院"]'::json, '概念提出：实现储能关键突破。', '2026-06-15T12:00:00+00:00', '2026-06-15T12:00:00+00:00');
INSERT INTO tech_dev_milestone (tech_id, milestone_date, milestone_name, contributor_keywords, milestone_content, created_at, updated_at) VALUES ('TECH_S_8cde91c38d836ef6', '2019-01-08', '实验室验证', '["华信息高科"]'::json, '实验室验证：实现储能关键突破。', '2026-06-15T12:00:00+00:00', '2026-06-15T12:00:00+00:00');
INSERT INTO tech_dev_milestone (tech_id, milestone_date, milestone_name, contributor_keywords, milestone_content, created_at, updated_at) VALUES ('TECH_S_8cde91c38d836ef6', '2017-07-25', '工程样机', '["华生医实验室"]'::json, '工程样机：实现储能关键突破。', '2026-06-15T12:00:00+00:00', '2026-06-15T12:00:00+00:00');
INSERT INTO tech_dev_milestone (tech_id, milestone_date, milestone_name, contributor_keywords, milestone_content, created_at, updated_at) VALUES ('TECH_S_8cde91c38d836ef6', '2015-08-28', '中试成功', '["国未来高科"]'::json, '中试成功：实现储能关键突破。', '2026-06-15T12:00:00+00:00', '2026-06-15T12:00:00+00:00');
INSERT INTO tech_dev_milestone (tech_id, milestone_date, milestone_name, contributor_keywords, milestone_content, created_at, updated_at) VALUES ('TECH_S_8cde91c38d836ef6', '2010-03-22', '产业化', '["中科天网研究所"]'::json, '产业化：实现储能关键突破。', '2026-06-15T12:00:00+00:00', '2026-06-15T12:00:00+00:00');
INSERT INTO tech_funding (tech_id, amount, source, created_at, updated_at) VALUES ('TECH_S_8cde91c38d836ef6', 1000.0, '企业自筹', '2026-06-15T12:00:00+00:00', '2026-06-15T12:00:00+00:00');
INSERT INTO tech_funding (tech_id, amount, source, created_at, updated_at) VALUES ('TECH_S_8cde91c38d836ef6', 1000.0, '企业自筹', '2026-06-15T12:00:00+00:00', '2026-06-15T12:00:00+00:00');
INSERT INTO tech_academic_output (tech_id, name, publish_date, subject_keywords, image, created_at, updated_at) VALUES ('TECH_S_8cde91c38d836ef6', '分布式固态电池工艺相关研究', '2023-08-21', '["中科未来实验室"]'::json, '', '2026-06-15T12:00:00+00:00', '2026-06-15T12:00:00+00:00');
INSERT INTO tech_academic_output (tech_id, name, publish_date, subject_keywords, image, created_at, updated_at) VALUES ('TECH_S_8cde91c38d836ef6', '分布式固态电池工艺相关研究', '2019-08-13', '["中科前沿实验室"]'::json, '', '2026-06-15T12:00:00+00:00', '2026-06-15T12:00:00+00:00');
INSERT INTO tech_experiment (tech_id, content, experiment_date, result, subject_keywords, image, created_at, updated_at) VALUES ('TECH_S_8cde91c38d836ef6', '分布式固态电池工艺原理验证实验', '2020-11-13', '实验数据达到预期指标', '["储能"]'::json, '', '2026-06-15T12:00:00+00:00', '2026-06-15T12:00:00+00:00');
INSERT INTO entity_change_log (entity_id, entity_type, field, old_value, new_value, method, operator, source_doc_id, reason, changed_at) VALUES ('TECH_S_8cde91c38d836ef6', 'tech', '*', NULL, '{"action": "create"}'::json, 'rule', NULL, 'mock_seed', NULL, '2026-06-15T12:00:00+00:00');
INSERT INTO tech_profile (tech_id, tech_name_cn, tech_name_en, tech_name_other, tech_domain, invention_date, application_date, tech_summary, dev_goal, project_layout, key_points, transformation_status, basic_research_status, autonomy_capability, industrial_capability, tech_advantages, current_status, trend, remark, confidence, completeness, created_at, updated_at) VALUES ('TECH_S_cc86f79f1f76d9e5', '新型自动驾驶域控制器平台', 'Tech-041 光量子计算', NULL, '["大模型", "增材制造"]'::json, '2006-02-05', '2018-07-08', '新型自动驾驶域控制器平台是大模型领域的关键技术，具有低成本等优势，应用前景广阔。', '突破大模型核心技术瓶颈，实现自主可控。', '["大模型基础理论", "大模型工程化"]'::json, '["大模型关键工艺", "大模型系统集成"]'::json, '已转化', '基础理论已建立', '具备完全自主知识产权', '形成完整产业链', '相比同类技术，新型自动驾驶域控制器平台在性能与成本上优势明显。', '工程化应用', '波动', '', 0.721, 0.746, '2026-06-15T12:00:00+00:00', '2026-06-15T12:00:00+00:00');
INSERT INTO tech_dev_milestone (tech_id, milestone_date, milestone_name, contributor_keywords, milestone_content, created_at, updated_at) VALUES ('TECH_S_cc86f79f1f76d9e5', '2022-01-23', '概念提出', '["国前沿科技"]'::json, '概念提出：实现大模型关键突破。', '2026-06-15T12:00:00+00:00', '2026-06-15T12:00:00+00:00');
INSERT INTO tech_dev_milestone (tech_id, milestone_date, milestone_name, contributor_keywords, milestone_content, created_at, updated_at) VALUES ('TECH_S_cc86f79f1f76d9e5', '2017-12-18', '实验室验证', '["远储能研究院"]'::json, '实验室验证：实现大模型关键突破。', '2026-06-15T12:00:00+00:00', '2026-06-15T12:00:00+00:00');
INSERT INTO tech_dev_milestone (tech_id, milestone_date, milestone_name, contributor_keywords, milestone_content, created_at, updated_at) VALUES ('TECH_S_cc86f79f1f76d9e5', '2020-07-08', '工程样机', '["新芯创科技"]'::json, '工程样机：实现大模型关键突破。', '2026-06-15T12:00:00+00:00', '2026-06-15T12:00:00+00:00');
INSERT INTO tech_dev_milestone (tech_id, milestone_date, milestone_name, contributor_keywords, milestone_content, created_at, updated_at) VALUES ('TECH_S_cc86f79f1f76d9e5', '2012-01-01', '中试成功', '["中科未来实验室"]'::json, '中试成功：实现大模型关键突破。', '2026-06-15T12:00:00+00:00', '2026-06-15T12:00:00+00:00');
INSERT INTO tech_dev_milestone (tech_id, milestone_date, milestone_name, contributor_keywords, milestone_content, created_at, updated_at) VALUES ('TECH_S_cc86f79f1f76d9e5', '2012-01-09', '产业化', '["航天基因集团"]'::json, '产业化：实现大模型关键突破。', '2026-06-15T12:00:00+00:00', '2026-06-15T12:00:00+00:00');
INSERT INTO tech_funding (tech_id, amount, source, created_at, updated_at) VALUES ('TECH_S_cc86f79f1f76d9e5', 8000.0, '企业自筹', '2026-06-15T12:00:00+00:00', '2026-06-15T12:00:00+00:00');
INSERT INTO tech_funding (tech_id, amount, source, created_at, updated_at) VALUES ('TECH_S_cc86f79f1f76d9e5', 1000.0, '国家重点研发计划', '2026-06-15T12:00:00+00:00', '2026-06-15T12:00:00+00:00');
INSERT INTO tech_funding (tech_id, amount, source, created_at, updated_at) VALUES ('TECH_S_cc86f79f1f76d9e5', 1000.0, '国家自然科学基金', '2026-06-15T12:00:00+00:00', '2026-06-15T12:00:00+00:00');
INSERT INTO tech_academic_output (tech_id, name, publish_date, subject_keywords, image, created_at, updated_at) VALUES ('TECH_S_cc86f79f1f76d9e5', '新型自动驾驶域控制器平台相关研究', '2019-10-21', '["东方储能高科"]'::json, '', '2026-06-15T12:00:00+00:00', '2026-06-15T12:00:00+00:00');
INSERT INTO tech_academic_output (tech_id, name, publish_date, subject_keywords, image, created_at, updated_at) VALUES ('TECH_S_cc86f79f1f76d9e5', '新型自动驾驶域控制器平台相关研究', '2022-03-20', '["新聚变工程技术中心"]'::json, '', '2026-06-15T12:00:00+00:00', '2026-06-15T12:00:00+00:00');
INSERT INTO tech_experiment (tech_id, content, experiment_date, result, subject_keywords, image, created_at, updated_at) VALUES ('TECH_S_cc86f79f1f76d9e5', '新型自动驾驶域控制器平台原理验证实验', '2020-02-16', '实验数据达到预期指标', '["大模型"]'::json, '', '2026-06-15T12:00:00+00:00', '2026-06-15T12:00:00+00:00');
INSERT INTO entity_change_log (entity_id, entity_type, field, old_value, new_value, method, operator, source_doc_id, reason, changed_at) VALUES ('TECH_S_cc86f79f1f76d9e5', 'tech', '*', NULL, '{"action": "create"}'::json, 'rule', NULL, 'mock_seed', NULL, '2026-06-15T12:00:00+00:00');
INSERT INTO tech_profile (tech_id, tech_name_cn, tech_name_en, tech_name_other, tech_domain, invention_date, application_date, tech_summary, dev_goal, project_layout, key_points, transformation_status, basic_research_status, autonomy_capability, industrial_capability, tech_advantages, current_status, trend, remark, confidence, completeness, created_at, updated_at) VALUES ('TECH_S_e61a86b6abedc2a3', '分布式碳化硅功率器件系统', 'Tech-042 太赫兹通信', NULL, '["无人机", "人工智能"]'::json, '2008-05-13', '2025-06-25', '分布式碳化硅功率器件系统是无人机领域的关键技术，具有低成本等优势，应用前景广阔。', '突破无人机核心技术瓶颈，实现自主可控。', '["无人机基础理论", "无人机工程化"]'::json, '["无人机关键工艺", "无人机系统集成"]'::json, '转化中', '基础理论已建立', '具备完全自主知识产权', '形成完整产业链', '相比同类技术，分布式碳化硅功率器件系统在性能与成本上优势明显。', '规模化部署', '波动', '', 0.798, 0.594, '2026-06-15T12:00:00+00:00', '2026-06-15T12:00:00+00:00');
INSERT INTO tech_dev_milestone (tech_id, milestone_date, milestone_name, contributor_keywords, milestone_content, created_at, updated_at) VALUES ('TECH_S_e61a86b6abedc2a3', '2020-04-20', '概念提出', '["中科脑科学集团"]'::json, '概念提出：实现无人机关键突破。', '2026-06-15T12:00:00+00:00', '2026-06-15T12:00:00+00:00');
INSERT INTO tech_dev_milestone (tech_id, milestone_date, milestone_name, contributor_keywords, milestone_content, created_at, updated_at) VALUES ('TECH_S_e61a86b6abedc2a3', '2015-07-12', '实验室验证', '["新基因实验室"]'::json, '实验室验证：实现无人机关键突破。', '2026-06-15T12:00:00+00:00', '2026-06-15T12:00:00+00:00');
INSERT INTO tech_dev_milestone (tech_id, milestone_date, milestone_name, contributor_keywords, milestone_content, created_at, updated_at) VALUES ('TECH_S_e61a86b6abedc2a3', '2015-10-10', '工程样机', '["华信息研究所"]'::json, '工程样机：实现无人机关键突破。', '2026-06-15T12:00:00+00:00', '2026-06-15T12:00:00+00:00');
INSERT INTO tech_dev_milestone (tech_id, milestone_date, milestone_name, contributor_keywords, milestone_content, created_at, updated_at) VALUES ('TECH_S_e61a86b6abedc2a3', '2018-03-13', '中试成功', '["新基因股份"]'::json, '中试成功：实现无人机关键突破。', '2026-06-15T12:00:00+00:00', '2026-06-15T12:00:00+00:00');
INSERT INTO tech_dev_milestone (tech_id, milestone_date, milestone_name, contributor_keywords, milestone_content, created_at, updated_at) VALUES ('TECH_S_e61a86b6abedc2a3', '2014-01-23', '产业化', '["南方前沿高科"]'::json, '产业化：实现无人机关键突破。', '2026-06-15T12:00:00+00:00', '2026-06-15T12:00:00+00:00');
INSERT INTO tech_funding (tech_id, amount, source, created_at, updated_at) VALUES ('TECH_S_e61a86b6abedc2a3', 15000.0, '国家自然科学基金', '2026-06-15T12:00:00+00:00', '2026-06-15T12:00:00+00:00');
INSERT INTO tech_funding (tech_id, amount, source, created_at, updated_at) VALUES ('TECH_S_e61a86b6abedc2a3', 1000.0, '企业自筹', '2026-06-15T12:00:00+00:00', '2026-06-15T12:00:00+00:00');
INSERT INTO tech_academic_output (tech_id, name, publish_date, subject_keywords, image, created_at, updated_at) VALUES ('TECH_S_e61a86b6abedc2a3', '分布式碳化硅功率器件系统相关研究', '2019-07-28', '["北方光电研究院"]'::json, '', '2026-06-15T12:00:00+00:00', '2026-06-15T12:00:00+00:00');
INSERT INTO tech_academic_output (tech_id, name, publish_date, subject_keywords, image, created_at, updated_at) VALUES ('TECH_S_e61a86b6abedc2a3', '分布式碳化硅功率器件系统相关研究', '2019-12-25', '["东方航宇研究院"]'::json, '', '2026-06-15T12:00:00+00:00', '2026-06-15T12:00:00+00:00');
INSERT INTO tech_academic_output (tech_id, name, publish_date, subject_keywords, image, created_at, updated_at) VALUES ('TECH_S_e61a86b6abedc2a3', '分布式碳化硅功率器件系统相关研究', '2024-01-24', '["东方脑科学科技"]'::json, '', '2026-06-15T12:00:00+00:00', '2026-06-15T12:00:00+00:00');
INSERT INTO tech_experiment (tech_id, content, experiment_date, result, subject_keywords, image, created_at, updated_at) VALUES ('TECH_S_e61a86b6abedc2a3', '分布式碳化硅功率器件系统原理验证实验', '2021-10-25', '实验数据达到预期指标', '["无人机"]'::json, '', '2026-06-15T12:00:00+00:00', '2026-06-15T12:00:00+00:00');
INSERT INTO entity_change_log (entity_id, entity_type, field, old_value, new_value, method, operator, source_doc_id, reason, changed_at) VALUES ('TECH_S_e61a86b6abedc2a3', 'tech', '*', NULL, '{"action": "create"}'::json, 'rule', NULL, 'mock_seed', NULL, '2026-06-15T12:00:00+00:00');
INSERT INTO tech_profile (tech_id, tech_name_cn, tech_name_en, tech_name_other, tech_domain, invention_date, application_date, tech_summary, dev_goal, project_layout, key_points, transformation_status, basic_research_status, autonomy_capability, industrial_capability, tech_advantages, current_status, trend, remark, confidence, completeness, created_at, updated_at) VALUES ('TECH_S_bc7a42c6795c462f', '智能化毫米波雷达平台', 'Tech-043 光量子计算', NULL, '["氢能", "碳捕集"]'::json, '2009-03-15', '2021-04-10', '智能化毫米波雷达平台是氢能领域的关键技术，具有低成本等优势，应用前景广阔。', '突破氢能核心技术瓶颈，实现自主可控。', '["氢能基础理论", "氢能工程化"]'::json, '["氢能关键工艺", "氢能系统集成"]'::json, '待转化', '基础理论已建立', '具备完全自主知识产权', '形成完整产业链', '相比同类技术，智能化毫米波雷达平台在性能与成本上优势明显。', '概念论证', '波动', '', 0.906, 0.903, '2026-06-15T12:00:00+00:00', '2026-06-15T12:00:00+00:00');
INSERT INTO tech_dev_milestone (tech_id, milestone_date, milestone_name, contributor_keywords, milestone_content, created_at, updated_at) VALUES ('TECH_S_bc7a42c6795c462f', '2022-05-23', '概念提出', '["国前沿研究院"]'::json, '概念提出：实现氢能关键突破。', '2026-06-15T12:00:00+00:00', '2026-06-15T12:00:00+00:00');
INSERT INTO tech_dev_milestone (tech_id, milestone_date, milestone_name, contributor_keywords, milestone_content, created_at, updated_at) VALUES ('TECH_S_bc7a42c6795c462f', '2012-07-12', '实验室验证', '["东方天网科技"]'::json, '实验室验证：实现氢能关键突破。', '2026-06-15T12:00:00+00:00', '2026-06-15T12:00:00+00:00');
INSERT INTO tech_dev_milestone (tech_id, milestone_date, milestone_name, contributor_keywords, milestone_content, created_at, updated_at) VALUES ('TECH_S_bc7a42c6795c462f', '2021-11-24', '工程样机', '["航天芯创科技"]'::json, '工程样机：实现氢能关键突破。', '2026-06-15T12:00:00+00:00', '2026-06-15T12:00:00+00:00');
INSERT INTO tech_dev_milestone (tech_id, milestone_date, milestone_name, contributor_keywords, milestone_content, created_at, updated_at) VALUES ('TECH_S_bc7a42c6795c462f', '2021-09-15', '中试成功', '["中科深海研究所"]'::json, '中试成功：实现氢能关键突破。', '2026-06-15T12:00:00+00:00', '2026-06-15T12:00:00+00:00');
INSERT INTO tech_dev_milestone (tech_id, milestone_date, milestone_name, contributor_keywords, milestone_content, created_at, updated_at) VALUES ('TECH_S_bc7a42c6795c462f', '2011-12-02', '产业化', '["华光电集团"]'::json, '产业化：实现氢能关键突破。', '2026-06-15T12:00:00+00:00', '2026-06-15T12:00:00+00:00');
INSERT INTO tech_funding (tech_id, amount, source, created_at, updated_at) VALUES ('TECH_S_bc7a42c6795c462f', 15000.0, '企业自筹', '2026-06-15T12:00:00+00:00', '2026-06-15T12:00:00+00:00');
INSERT INTO tech_academic_output (tech_id, name, publish_date, subject_keywords, image, created_at, updated_at) VALUES ('TECH_S_bc7a42c6795c462f', '智能化毫米波雷达平台相关研究', '2018-01-04', '["远储能研究院"]'::json, '', '2026-06-15T12:00:00+00:00', '2026-06-15T12:00:00+00:00');
INSERT INTO tech_academic_output (tech_id, name, publish_date, subject_keywords, image, created_at, updated_at) VALUES ('TECH_S_bc7a42c6795c462f', '智能化毫米波雷达平台相关研究', '2021-02-10', '["国前沿科技"]'::json, '', '2026-06-15T12:00:00+00:00', '2026-06-15T12:00:00+00:00');
INSERT INTO tech_academic_output (tech_id, name, publish_date, subject_keywords, image, created_at, updated_at) VALUES ('TECH_S_bc7a42c6795c462f', '智能化毫米波雷达平台相关研究', '2018-06-16', '["东方航宇研究所"]'::json, '', '2026-06-15T12:00:00+00:00', '2026-06-15T12:00:00+00:00');
INSERT INTO tech_experiment (tech_id, content, experiment_date, result, subject_keywords, image, created_at, updated_at) VALUES ('TECH_S_bc7a42c6795c462f', '智能化毫米波雷达平台原理验证实验', '2024-02-27', '实验数据达到预期指标', '["氢能"]'::json, '', '2026-06-15T12:00:00+00:00', '2026-06-15T12:00:00+00:00');
INSERT INTO entity_change_log (entity_id, entity_type, field, old_value, new_value, method, operator, source_doc_id, reason, changed_at) VALUES ('TECH_S_bc7a42c6795c462f', 'tech', '*', NULL, '{"action": "create"}'::json, 'rule', NULL, 'mock_seed', NULL, '2026-06-15T12:00:00+00:00');
INSERT INTO tech_profile (tech_id, tech_name_cn, tech_name_en, tech_name_other, tech_domain, invention_date, application_date, tech_summary, dev_goal, project_layout, key_points, transformation_status, basic_research_status, autonomy_capability, industrial_capability, tech_advantages, current_status, trend, remark, confidence, completeness, created_at, updated_at) VALUES ('TECH_S_e6ea7239e6fe7afe', '分布式毫米波雷达技术', 'Tech-044 氢燃料电池电堆', NULL, '["增材制造", "5G通信"]'::json, '2011-03-03', '2020-05-06', '分布式毫米波雷达技术是增材制造领域的关键技术，具有高效率等优势，应用前景广阔。', '突破增材制造核心技术瓶颈，实现自主可控。', '["增材制造基础理论", "增材制造工程化"]'::json, '["增材制造关键工艺", "增材制造系统集成"]'::json, '转化中', '基础理论已建立', '具备完全自主知识产权', '形成完整产业链', '相比同类技术，分布式毫米波雷达技术在性能与成本上优势明显。', '中试阶段', '平稳', '', 0.712, 0.765, '2026-06-15T12:00:00+00:00', '2026-06-15T12:00:00+00:00');
INSERT INTO tech_dev_milestone (tech_id, milestone_date, milestone_name, contributor_keywords, milestone_content, created_at, updated_at) VALUES ('TECH_S_e6ea7239e6fe7afe', '2024-12-21', '概念提出', '["航天光电高科"]'::json, '概念提出：实现增材制造关键突破。', '2026-06-15T12:00:00+00:00', '2026-06-15T12:00:00+00:00');
INSERT INTO tech_dev_milestone (tech_id, milestone_date, milestone_name, contributor_keywords, milestone_content, created_at, updated_at) VALUES ('TECH_S_e6ea7239e6fe7afe', '2012-05-28', '实验室验证', '["国未来研究院"]'::json, '实验室验证：实现增材制造关键突破。', '2026-06-15T12:00:00+00:00', '2026-06-15T12:00:00+00:00');
INSERT INTO tech_dev_milestone (tech_id, milestone_date, milestone_name, contributor_keywords, milestone_content, created_at, updated_at) VALUES ('TECH_S_e6ea7239e6fe7afe', '2016-01-22', '工程样机', '["国前沿科技"]'::json, '工程样机：实现增材制造关键突破。', '2026-06-15T12:00:00+00:00', '2026-06-15T12:00:00+00:00');
INSERT INTO tech_dev_milestone (tech_id, milestone_date, milestone_name, contributor_keywords, milestone_content, created_at, updated_at) VALUES ('TECH_S_e6ea7239e6fe7afe', '2021-10-03', '中试成功', '["航天基因工程技术中心"]'::json, '中试成功：实现增材制造关键突破。', '2026-06-15T12:00:00+00:00', '2026-06-15T12:00:00+00:00');
INSERT INTO tech_dev_milestone (tech_id, milestone_date, milestone_name, contributor_keywords, milestone_content, created_at, updated_at) VALUES ('TECH_S_e6ea7239e6fe7afe', '2022-07-10', '产业化', '["东方未来研究院"]'::json, '产业化：实现增材制造关键突破。', '2026-06-15T12:00:00+00:00', '2026-06-15T12:00:00+00:00');
INSERT INTO tech_funding (tech_id, amount, source, created_at, updated_at) VALUES ('TECH_S_e6ea7239e6fe7afe', 15000.0, '国家自然科学基金', '2026-06-15T12:00:00+00:00', '2026-06-15T12:00:00+00:00');
INSERT INTO tech_funding (tech_id, amount, source, created_at, updated_at) VALUES ('TECH_S_e6ea7239e6fe7afe', 8000.0, '国家重点研发计划', '2026-06-15T12:00:00+00:00', '2026-06-15T12:00:00+00:00');
INSERT INTO tech_academic_output (tech_id, name, publish_date, subject_keywords, image, created_at, updated_at) VALUES ('TECH_S_e6ea7239e6fe7afe', '分布式毫米波雷达技术相关研究', '2024-07-18', '["航天储能研究院"]'::json, '', '2026-06-15T12:00:00+00:00', '2026-06-15T12:00:00+00:00');
INSERT INTO tech_academic_output (tech_id, name, publish_date, subject_keywords, image, created_at, updated_at) VALUES ('TECH_S_e6ea7239e6fe7afe', '分布式毫米波雷达技术相关研究', '2019-02-04', '["北方脑科学实验室"]'::json, '', '2026-06-15T12:00:00+00:00', '2026-06-15T12:00:00+00:00');
INSERT INTO tech_academic_output (tech_id, name, publish_date, subject_keywords, image, created_at, updated_at) VALUES ('TECH_S_e6ea7239e6fe7afe', '分布式毫米波雷达技术相关研究', '2018-04-10', '["新光电集团"]'::json, '', '2026-06-15T12:00:00+00:00', '2026-06-15T12:00:00+00:00');
INSERT INTO tech_experiment (tech_id, content, experiment_date, result, subject_keywords, image, created_at, updated_at) VALUES ('TECH_S_e6ea7239e6fe7afe', '分布式毫米波雷达技术原理验证实验', '2023-08-28', '实验数据达到预期指标', '["增材制造"]'::json, '', '2026-06-15T12:00:00+00:00', '2026-06-15T12:00:00+00:00');
INSERT INTO entity_change_log (entity_id, entity_type, field, old_value, new_value, method, operator, source_doc_id, reason, changed_at) VALUES ('TECH_S_e6ea7239e6fe7afe', 'tech', '*', NULL, '{"action": "create"}'::json, 'rule', NULL, 'mock_seed', NULL, '2026-06-15T12:00:00+00:00');
INSERT INTO tech_profile (tech_id, tech_name_cn, tech_name_en, tech_name_other, tech_domain, invention_date, application_date, tech_summary, dev_goal, project_layout, key_points, transformation_status, basic_research_status, autonomy_capability, industrial_capability, tech_advantages, current_status, trend, remark, confidence, completeness, created_at, updated_at) VALUES ('TECH_S_ea8fb458c778db38', '低功耗光量子计算系统', 'Tech-045 自动驾驶域控制器', NULL, '["无人机"]'::json, '2009-06-09', '2020-02-27', '低功耗光量子计算系统是无人机领域的关键技术，具有低成本等优势，应用前景广阔。', '突破无人机核心技术瓶颈，实现自主可控。', '["无人机基础理论", "无人机工程化"]'::json, '["无人机关键工艺", "无人机系统集成"]'::json, '已转化', '基础理论已建立', '具备完全自主知识产权', '形成完整产业链', '相比同类技术，低功耗光量子计算系统在性能与成本上优势明显。', '工程化应用', '快速上升', '', 0.952, 0.76, '2026-06-15T12:00:00+00:00', '2026-06-15T12:00:00+00:00');
INSERT INTO tech_dev_milestone (tech_id, milestone_date, milestone_name, contributor_keywords, milestone_content, created_at, updated_at) VALUES ('TECH_S_ea8fb458c778db38', '2010-04-09', '概念提出', '["航天航宇研究院"]'::json, '概念提出：实现无人机关键突破。', '2026-06-15T12:00:00+00:00', '2026-06-15T12:00:00+00:00');
INSERT INTO tech_dev_milestone (tech_id, milestone_date, milestone_name, contributor_keywords, milestone_content, created_at, updated_at) VALUES ('TECH_S_ea8fb458c778db38', '2018-02-26', '实验室验证', '["航天氢动集团"]'::json, '实验室验证：实现无人机关键突破。', '2026-06-15T12:00:00+00:00', '2026-06-15T12:00:00+00:00');
INSERT INTO tech_dev_milestone (tech_id, milestone_date, milestone_name, contributor_keywords, milestone_content, created_at, updated_at) VALUES ('TECH_S_ea8fb458c778db38', '2010-03-06', '工程样机', '["新光电集团"]'::json, '工程样机：实现无人机关键突破。', '2026-06-15T12:00:00+00:00', '2026-06-15T12:00:00+00:00');
INSERT INTO tech_dev_milestone (tech_id, milestone_date, milestone_name, contributor_keywords, milestone_content, created_at, updated_at) VALUES ('TECH_S_ea8fb458c778db38', '2010-11-18', '中试成功', '["中光电实验室"]'::json, '中试成功：实现无人机关键突破。', '2026-06-15T12:00:00+00:00', '2026-06-15T12:00:00+00:00');
INSERT INTO tech_dev_milestone (tech_id, milestone_date, milestone_name, contributor_keywords, milestone_content, created_at, updated_at) VALUES ('TECH_S_ea8fb458c778db38', '2010-03-03', '产业化', '["中聚变集团"]'::json, '产业化：实现无人机关键突破。', '2026-06-15T12:00:00+00:00', '2026-06-15T12:00:00+00:00');
INSERT INTO tech_funding (tech_id, amount, source, created_at, updated_at) VALUES ('TECH_S_ea8fb458c778db38', 500.0, '企业自筹', '2026-06-15T12:00:00+00:00', '2026-06-15T12:00:00+00:00');
INSERT INTO tech_funding (tech_id, amount, source, created_at, updated_at) VALUES ('TECH_S_ea8fb458c778db38', 1000.0, '国家重点研发计划', '2026-06-15T12:00:00+00:00', '2026-06-15T12:00:00+00:00');
INSERT INTO tech_academic_output (tech_id, name, publish_date, subject_keywords, image, created_at, updated_at) VALUES ('TECH_S_ea8fb458c778db38', '低功耗光量子计算系统相关研究', '2018-01-05', '["中科深海研究所"]'::json, '', '2026-06-15T12:00:00+00:00', '2026-06-15T12:00:00+00:00');
INSERT INTO tech_academic_output (tech_id, name, publish_date, subject_keywords, image, created_at, updated_at) VALUES ('TECH_S_ea8fb458c778db38', '低功耗光量子计算系统相关研究', '2021-02-28', '["北方算力研究院"]'::json, '', '2026-06-15T12:00:00+00:00', '2026-06-15T12:00:00+00:00');
INSERT INTO tech_academic_output (tech_id, name, publish_date, subject_keywords, image, created_at, updated_at) VALUES ('TECH_S_ea8fb458c778db38', '低功耗光量子计算系统相关研究', '2018-11-22', '["中科微纳股份"]'::json, '', '2026-06-15T12:00:00+00:00', '2026-06-15T12:00:00+00:00');
INSERT INTO tech_experiment (tech_id, content, experiment_date, result, subject_keywords, image, created_at, updated_at) VALUES ('TECH_S_ea8fb458c778db38', '低功耗光量子计算系统原理验证实验', '2020-11-10', '实验数据达到预期指标', '["无人机"]'::json, '', '2026-06-15T12:00:00+00:00', '2026-06-15T12:00:00+00:00');
INSERT INTO entity_change_log (entity_id, entity_type, field, old_value, new_value, method, operator, source_doc_id, reason, changed_at) VALUES ('TECH_S_ea8fb458c778db38', 'tech', '*', NULL, '{"action": "create"}'::json, 'rule', NULL, 'mock_seed', NULL, '2026-06-15T12:00:00+00:00');
INSERT INTO tech_profile (tech_id, tech_name_cn, tech_name_en, tech_name_other, tech_domain, invention_date, application_date, tech_summary, dev_goal, project_layout, key_points, transformation_status, basic_research_status, autonomy_capability, industrial_capability, tech_advantages, current_status, trend, remark, confidence, completeness, created_at, updated_at) VALUES ('TECH_S_4ad146320cd99ba4', '柔性碳纳米管装置', 'Tech-046 mRNA疫苗', NULL, '["增材制造", "脑机接口"]'::json, '2003-06-21', '2018-01-26', '柔性碳纳米管装置是增材制造领域的关键技术，具有低成本等优势，应用前景广阔。', '突破增材制造核心技术瓶颈，实现自主可控。', '["增材制造基础理论", "增材制造工程化"]'::json, '["增材制造关键工艺", "增材制造系统集成"]'::json, '待转化', '基础理论已建立', '具备完全自主知识产权', '形成完整产业链', '相比同类技术，柔性碳纳米管装置在性能与成本上优势明显。', '中试阶段', '稳步上升', '', 0.877, 0.693, '2026-06-15T12:00:00+00:00', '2026-06-15T12:00:00+00:00');
INSERT INTO tech_dev_milestone (tech_id, milestone_date, milestone_name, contributor_keywords, milestone_content, created_at, updated_at) VALUES ('TECH_S_4ad146320cd99ba4', '2019-05-09', '概念提出', '["中聚变研究所"]'::json, '概念提出：实现增材制造关键突破。', '2026-06-15T12:00:00+00:00', '2026-06-15T12:00:00+00:00');
INSERT INTO tech_dev_milestone (tech_id, milestone_date, milestone_name, contributor_keywords, milestone_content, created_at, updated_at) VALUES ('TECH_S_4ad146320cd99ba4', '2017-03-16', '实验室验证', '["新基因股份"]'::json, '实验室验证：实现增材制造关键突破。', '2026-06-15T12:00:00+00:00', '2026-06-15T12:00:00+00:00');
INSERT INTO tech_dev_milestone (tech_id, milestone_date, milestone_name, contributor_keywords, milestone_content, created_at, updated_at) VALUES ('TECH_S_4ad146320cd99ba4', '2017-03-06', '工程样机', '["华光电集团"]'::json, '工程样机：实现增材制造关键突破。', '2026-06-15T12:00:00+00:00', '2026-06-15T12:00:00+00:00');
INSERT INTO tech_dev_milestone (tech_id, milestone_date, milestone_name, contributor_keywords, milestone_content, created_at, updated_at) VALUES ('TECH_S_4ad146320cd99ba4', '2016-06-24', '中试成功', '["东方航宇研究院"]'::json, '中试成功：实现增材制造关键突破。', '2026-06-15T12:00:00+00:00', '2026-06-15T12:00:00+00:00');
INSERT INTO tech_dev_milestone (tech_id, milestone_date, milestone_name, contributor_keywords, milestone_content, created_at, updated_at) VALUES ('TECH_S_4ad146320cd99ba4', '2019-12-04', '产业化', '["东方芯创股份"]'::json, '产业化：实现增材制造关键突破。', '2026-06-15T12:00:00+00:00', '2026-06-15T12:00:00+00:00');
INSERT INTO tech_funding (tech_id, amount, source, created_at, updated_at) VALUES ('TECH_S_4ad146320cd99ba4', 500.0, '国家重点研发计划', '2026-06-15T12:00:00+00:00', '2026-06-15T12:00:00+00:00');
INSERT INTO tech_academic_output (tech_id, name, publish_date, subject_keywords, image, created_at, updated_at) VALUES ('TECH_S_4ad146320cd99ba4', '柔性碳纳米管装置相关研究', '2021-05-27', '["航天基因集团"]'::json, '', '2026-06-15T12:00:00+00:00', '2026-06-15T12:00:00+00:00');
INSERT INTO tech_academic_output (tech_id, name, publish_date, subject_keywords, image, created_at, updated_at) VALUES ('TECH_S_4ad146320cd99ba4', '柔性碳纳米管装置相关研究', '2020-04-01', '["华信息研究所"]'::json, '', '2026-06-15T12:00:00+00:00', '2026-06-15T12:00:00+00:00');
INSERT INTO tech_experiment (tech_id, content, experiment_date, result, subject_keywords, image, created_at, updated_at) VALUES ('TECH_S_4ad146320cd99ba4', '柔性碳纳米管装置原理验证实验', '2023-05-27', '实验数据达到预期指标', '["增材制造"]'::json, '', '2026-06-15T12:00:00+00:00', '2026-06-15T12:00:00+00:00');
INSERT INTO entity_change_log (entity_id, entity_type, field, old_value, new_value, method, operator, source_doc_id, reason, changed_at) VALUES ('TECH_S_4ad146320cd99ba4', 'tech', '*', NULL, '{"action": "create"}'::json, 'rule', NULL, 'mock_seed', NULL, '2026-06-15T12:00:00+00:00');
INSERT INTO tech_profile (tech_id, tech_name_cn, tech_name_en, tech_name_other, tech_domain, invention_date, application_date, tech_summary, dev_goal, project_layout, key_points, transformation_status, basic_research_status, autonomy_capability, industrial_capability, tech_advantages, current_status, trend, remark, confidence, completeness, created_at, updated_at) VALUES ('TECH_S_adaa5b1ef4cacb31', '柔性基因剪刀方法', 'Tech-047 氢燃料电池电堆', NULL, '["半导体", "碳捕集"]'::json, '2012-04-07', '2018-02-26', '柔性基因剪刀方法是半导体领域的关键技术，具有高可靠性等优势，应用前景广阔。', '突破半导体核心技术瓶颈，实现自主可控。', '["半导体基础理论", "半导体工程化"]'::json, '["半导体关键工艺", "半导体系统集成"]'::json, '待转化', '基础理论已建立', '具备完全自主知识产权', '形成完整产业链', '相比同类技术，柔性基因剪刀方法在性能与成本上优势明显。', '实验室阶段', '稳步上升', '', 0.775, 0.555, '2026-06-15T12:00:00+00:00', '2026-06-15T12:00:00+00:00');
INSERT INTO tech_dev_milestone (tech_id, milestone_date, milestone_name, contributor_keywords, milestone_content, created_at, updated_at) VALUES ('TECH_S_adaa5b1ef4cacb31', '2011-06-23', '概念提出', '["新基因实验室"]'::json, '概念提出：实现半导体关键突破。', '2026-06-15T12:00:00+00:00', '2026-06-15T12:00:00+00:00');
INSERT INTO tech_dev_milestone (tech_id, milestone_date, milestone_name, contributor_keywords, milestone_content, created_at, updated_at) VALUES ('TECH_S_adaa5b1ef4cacb31', '2015-12-15', '实验室验证', '["东方未来研究院"]'::json, '实验室验证：实现半导体关键突破。', '2026-06-15T12:00:00+00:00', '2026-06-15T12:00:00+00:00');
INSERT INTO tech_dev_milestone (tech_id, milestone_date, milestone_name, contributor_keywords, milestone_content, created_at, updated_at) VALUES ('TECH_S_adaa5b1ef4cacb31', '2023-06-21', '工程样机', '["北方脑科学实验室"]'::json, '工程样机：实现半导体关键突破。', '2026-06-15T12:00:00+00:00', '2026-06-15T12:00:00+00:00');
INSERT INTO tech_dev_milestone (tech_id, milestone_date, milestone_name, contributor_keywords, milestone_content, created_at, updated_at) VALUES ('TECH_S_adaa5b1ef4cacb31', '2018-10-17', '中试成功', '["航天基因工程技术中心"]'::json, '中试成功：实现半导体关键突破。', '2026-06-15T12:00:00+00:00', '2026-06-15T12:00:00+00:00');
INSERT INTO tech_dev_milestone (tech_id, milestone_date, milestone_name, contributor_keywords, milestone_content, created_at, updated_at) VALUES ('TECH_S_adaa5b1ef4cacb31', '2014-11-27', '产业化', '["国航宇高科"]'::json, '产业化：实现半导体关键突破。', '2026-06-15T12:00:00+00:00', '2026-06-15T12:00:00+00:00');
INSERT INTO tech_funding (tech_id, amount, source, created_at, updated_at) VALUES ('TECH_S_adaa5b1ef4cacb31', 1000.0, '国家重点研发计划', '2026-06-15T12:00:00+00:00', '2026-06-15T12:00:00+00:00');
INSERT INTO tech_funding (tech_id, amount, source, created_at, updated_at) VALUES ('TECH_S_adaa5b1ef4cacb31', 15000.0, '地方专项', '2026-06-15T12:00:00+00:00', '2026-06-15T12:00:00+00:00');
INSERT INTO tech_academic_output (tech_id, name, publish_date, subject_keywords, image, created_at, updated_at) VALUES ('TECH_S_adaa5b1ef4cacb31', '柔性基因剪刀方法相关研究', '2023-11-07', '["中科深海研究所"]'::json, '', '2026-06-15T12:00:00+00:00', '2026-06-15T12:00:00+00:00');
INSERT INTO tech_academic_output (tech_id, name, publish_date, subject_keywords, image, created_at, updated_at) VALUES ('TECH_S_adaa5b1ef4cacb31', '柔性基因剪刀方法相关研究', '2018-10-08', '["东方天网科技"]'::json, '', '2026-06-15T12:00:00+00:00', '2026-06-15T12:00:00+00:00');
INSERT INTO tech_experiment (tech_id, content, experiment_date, result, subject_keywords, image, created_at, updated_at) VALUES ('TECH_S_adaa5b1ef4cacb31', '柔性基因剪刀方法原理验证实验', '2023-06-01', '实验数据达到预期指标', '["半导体"]'::json, '', '2026-06-15T12:00:00+00:00', '2026-06-15T12:00:00+00:00');
INSERT INTO entity_change_log (entity_id, entity_type, field, old_value, new_value, method, operator, source_doc_id, reason, changed_at) VALUES ('TECH_S_adaa5b1ef4cacb31', 'tech', '*', NULL, '{"action": "create"}'::json, 'rule', NULL, 'mock_seed', NULL, '2026-06-15T12:00:00+00:00');
INSERT INTO tech_profile (tech_id, tech_name_cn, tech_name_en, tech_name_other, tech_domain, invention_date, application_date, tech_summary, dev_goal, project_layout, key_points, transformation_status, basic_research_status, autonomy_capability, industrial_capability, tech_advantages, current_status, trend, remark, confidence, completeness, created_at, updated_at) VALUES ('TECH_S_f5fdca6b2119fe1a', '柔性mRNA疫苗工艺', 'Tech-048 固态电池', NULL, '["增材制造", "自动驾驶"]'::json, '2014-06-13', '2021-09-22', '柔性mRNA疫苗工艺是自动驾驶领域的关键技术，具有高效率等优势，应用前景广阔。', '突破自动驾驶核心技术瓶颈，实现自主可控。', '["自动驾驶基础理论", "自动驾驶工程化"]'::json, '["自动驾驶关键工艺", "自动驾驶系统集成"]'::json, '已转化', '基础理论已建立', '具备完全自主知识产权', '形成完整产业链', '相比同类技术，柔性mRNA疫苗工艺在性能与成本上优势明显。', '实验室阶段', '波动', '', 0.938, 0.873, '2026-06-15T12:00:00+00:00', '2026-06-15T12:00:00+00:00');
INSERT INTO tech_dev_milestone (tech_id, milestone_date, milestone_name, contributor_keywords, milestone_content, created_at, updated_at) VALUES ('TECH_S_f5fdca6b2119fe1a', '2018-10-26', '概念提出', '["航天算力研究院"]'::json, '概念提出：实现自动驾驶关键突破。', '2026-06-15T12:00:00+00:00', '2026-06-15T12:00:00+00:00');
INSERT INTO tech_dev_milestone (tech_id, milestone_date, milestone_name, contributor_keywords, milestone_content, created_at, updated_at) VALUES ('TECH_S_f5fdca6b2119fe1a', '2015-01-08', '实验室验证', '["航天储能研究院"]'::json, '实验室验证：实现自动驾驶关键突破。', '2026-06-15T12:00:00+00:00', '2026-06-15T12:00:00+00:00');
INSERT INTO tech_dev_milestone (tech_id, milestone_date, milestone_name, contributor_keywords, milestone_content, created_at, updated_at) VALUES ('TECH_S_f5fdca6b2119fe1a', '2015-12-16', '工程样机', '["远算力工程技术中心"]'::json, '工程样机：实现自动驾驶关键突破。', '2026-06-15T12:00:00+00:00', '2026-06-15T12:00:00+00:00');
INSERT INTO tech_dev_milestone (tech_id, milestone_date, milestone_name, contributor_keywords, milestone_content, created_at, updated_at) VALUES ('TECH_S_f5fdca6b2119fe1a', '2015-04-01', '中试成功', '["航天储能研究院"]'::json, '中试成功：实现自动驾驶关键突破。', '2026-06-15T12:00:00+00:00', '2026-06-15T12:00:00+00:00');
INSERT INTO tech_dev_milestone (tech_id, milestone_date, milestone_name, contributor_keywords, milestone_content, created_at, updated_at) VALUES ('TECH_S_f5fdca6b2119fe1a', '2023-11-11', '产业化', '["中科智算工程技术中心"]'::json, '产业化：实现自动驾驶关键突破。', '2026-06-15T12:00:00+00:00', '2026-06-15T12:00:00+00:00');
INSERT INTO tech_funding (tech_id, amount, source, created_at, updated_at) VALUES ('TECH_S_f5fdca6b2119fe1a', 15000.0, '企业自筹', '2026-06-15T12:00:00+00:00', '2026-06-15T12:00:00+00:00');
INSERT INTO tech_funding (tech_id, amount, source, created_at, updated_at) VALUES ('TECH_S_f5fdca6b2119fe1a', 1000.0, '国家自然科学基金', '2026-06-15T12:00:00+00:00', '2026-06-15T12:00:00+00:00');
INSERT INTO tech_funding (tech_id, amount, source, created_at, updated_at) VALUES ('TECH_S_f5fdca6b2119fe1a', 15000.0, '国家自然科学基金', '2026-06-15T12:00:00+00:00', '2026-06-15T12:00:00+00:00');
INSERT INTO tech_academic_output (tech_id, name, publish_date, subject_keywords, image, created_at, updated_at) VALUES ('TECH_S_f5fdca6b2119fe1a', '柔性mRNA疫苗工艺相关研究', '2021-09-11', '["新基因股份"]'::json, '', '2026-06-15T12:00:00+00:00', '2026-06-15T12:00:00+00:00');
INSERT INTO tech_experiment (tech_id, content, experiment_date, result, subject_keywords, image, created_at, updated_at) VALUES ('TECH_S_f5fdca6b2119fe1a', '柔性mRNA疫苗工艺原理验证实验', '2024-06-15', '实验数据达到预期指标', '["自动驾驶"]'::json, '', '2026-06-15T12:00:00+00:00', '2026-06-15T12:00:00+00:00');
INSERT INTO entity_change_log (entity_id, entity_type, field, old_value, new_value, method, operator, source_doc_id, reason, changed_at) VALUES ('TECH_S_f5fdca6b2119fe1a', 'tech', '*', NULL, '{"action": "create"}'::json, 'rule', NULL, 'mock_seed', NULL, '2026-06-15T12:00:00+00:00');
INSERT INTO tech_profile (tech_id, tech_name_cn, tech_name_en, tech_name_other, tech_domain, invention_date, application_date, tech_summary, dev_goal, project_layout, key_points, transformation_status, basic_research_status, autonomy_capability, industrial_capability, tech_advantages, current_status, trend, remark, confidence, completeness, created_at, updated_at) VALUES ('TECH_S_d650d6a6a8abf997', '一体化仿生机械臂系统', 'Tech-049 神经形态芯片', NULL, '["新材料", "自动驾驶"]'::json, '2013-08-27', '2025-03-28', '一体化仿生机械臂系统是新材料领域的关键技术，具有低成本等优势，应用前景广阔。', '突破新材料核心技术瓶颈，实现自主可控。', '["新材料基础理论", "新材料工程化"]'::json, '["新材料关键工艺", "新材料系统集成"]'::json, '已转化', '基础理论已建立', '具备完全自主知识产权', '形成完整产业链', '相比同类技术，一体化仿生机械臂系统在性能与成本上优势明显。', '中试阶段', '平稳', '', 0.771, 0.69, '2026-06-15T12:00:00+00:00', '2026-06-15T12:00:00+00:00');
INSERT INTO tech_dev_milestone (tech_id, milestone_date, milestone_name, contributor_keywords, milestone_content, created_at, updated_at) VALUES ('TECH_S_d650d6a6a8abf997', '2016-11-27', '概念提出', '["中科智算工程技术中心"]'::json, '概念提出：实现新材料关键突破。', '2026-06-15T12:00:00+00:00', '2026-06-15T12:00:00+00:00');
INSERT INTO tech_dev_milestone (tech_id, milestone_date, milestone_name, contributor_keywords, milestone_content, created_at, updated_at) VALUES ('TECH_S_d650d6a6a8abf997', '2012-04-24', '实验室验证', '["航天算力研究院"]'::json, '实验室验证：实现新材料关键突破。', '2026-06-15T12:00:00+00:00', '2026-06-15T12:00:00+00:00');
INSERT INTO tech_dev_milestone (tech_id, milestone_date, milestone_name, contributor_keywords, milestone_content, created_at, updated_at) VALUES ('TECH_S_d650d6a6a8abf997', '2021-05-03', '工程样机', '["中科前沿实验室"]'::json, '工程样机：实现新材料关键突破。', '2026-06-15T12:00:00+00:00', '2026-06-15T12:00:00+00:00');
INSERT INTO tech_dev_milestone (tech_id, milestone_date, milestone_name, contributor_keywords, milestone_content, created_at, updated_at) VALUES ('TECH_S_d650d6a6a8abf997', '2017-06-09', '中试成功', '["新光电集团"]'::json, '中试成功：实现新材料关键突破。', '2026-06-15T12:00:00+00:00', '2026-06-15T12:00:00+00:00');
INSERT INTO tech_dev_milestone (tech_id, milestone_date, milestone_name, contributor_keywords, milestone_content, created_at, updated_at) VALUES ('TECH_S_d650d6a6a8abf997', '2015-08-02', '产业化', '["东方脑科学科技"]'::json, '产业化：实现新材料关键突破。', '2026-06-15T12:00:00+00:00', '2026-06-15T12:00:00+00:00');
INSERT INTO tech_funding (tech_id, amount, source, created_at, updated_at) VALUES ('TECH_S_d650d6a6a8abf997', 1000.0, '国家自然科学基金', '2026-06-15T12:00:00+00:00', '2026-06-15T12:00:00+00:00');
INSERT INTO tech_funding (tech_id, amount, source, created_at, updated_at) VALUES ('TECH_S_d650d6a6a8abf997', 500.0, '企业自筹', '2026-06-15T12:00:00+00:00', '2026-06-15T12:00:00+00:00');
INSERT INTO tech_funding (tech_id, amount, source, created_at, updated_at) VALUES ('TECH_S_d650d6a6a8abf997', 15000.0, '国家自然科学基金', '2026-06-15T12:00:00+00:00', '2026-06-15T12:00:00+00:00');
INSERT INTO tech_academic_output (tech_id, name, publish_date, subject_keywords, image, created_at, updated_at) VALUES ('TECH_S_d650d6a6a8abf997', '一体化仿生机械臂系统相关研究', '2023-09-14', '["新生医实验室"]'::json, '', '2026-06-15T12:00:00+00:00', '2026-06-15T12:00:00+00:00');
INSERT INTO tech_academic_output (tech_id, name, publish_date, subject_keywords, image, created_at, updated_at) VALUES ('TECH_S_d650d6a6a8abf997', '一体化仿生机械臂系统相关研究', '2024-10-05', '["远储能研究院"]'::json, '', '2026-06-15T12:00:00+00:00', '2026-06-15T12:00:00+00:00');
INSERT INTO tech_academic_output (tech_id, name, publish_date, subject_keywords, image, created_at, updated_at) VALUES ('TECH_S_d650d6a6a8abf997', '一体化仿生机械臂系统相关研究', '2020-08-21', '["航天脑科学高科"]'::json, '', '2026-06-15T12:00:00+00:00', '2026-06-15T12:00:00+00:00');
INSERT INTO tech_experiment (tech_id, content, experiment_date, result, subject_keywords, image, created_at, updated_at) VALUES ('TECH_S_d650d6a6a8abf997', '一体化仿生机械臂系统原理验证实验', '2022-02-17', '实验数据达到预期指标', '["新材料"]'::json, '', '2026-06-15T12:00:00+00:00', '2026-06-15T12:00:00+00:00');
INSERT INTO entity_change_log (entity_id, entity_type, field, old_value, new_value, method, operator, source_doc_id, reason, changed_at) VALUES ('TECH_S_d650d6a6a8abf997', 'tech', '*', NULL, '{"action": "create"}'::json, 'rule', NULL, 'mock_seed', NULL, '2026-06-15T12:00:00+00:00');
INSERT INTO tech_profile (tech_id, tech_name_cn, tech_name_en, tech_name_other, tech_domain, invention_date, application_date, tech_summary, dev_goal, project_layout, key_points, transformation_status, basic_research_status, autonomy_capability, industrial_capability, tech_advantages, current_status, trend, remark, confidence, completeness, created_at, updated_at) VALUES ('TECH_S_188509bbd36140f4', '低功耗光量子计算装置', 'Tech-050 自动驾驶域控制器', NULL, '["氢能", "先进算力"]'::json, '2001-11-07', '2023-07-10', '低功耗光量子计算装置是先进算力领域的关键技术，具有低成本等优势，应用前景广阔。', '突破先进算力核心技术瓶颈，实现自主可控。', '["先进算力基础理论", "先进算力工程化"]'::json, '["先进算力关键工艺", "先进算力系统集成"]'::json, '待转化', '基础理论已建立', '具备完全自主知识产权', '形成完整产业链', '相比同类技术，低功耗光量子计算装置在性能与成本上优势明显。', '规模化部署', '稳步上升', '', 0.921, 0.661, '2026-06-15T12:00:00+00:00', '2026-06-15T12:00:00+00:00');
INSERT INTO tech_dev_milestone (tech_id, milestone_date, milestone_name, contributor_keywords, milestone_content, created_at, updated_at) VALUES ('TECH_S_188509bbd36140f4', '2011-05-02', '概念提出', '["远量子实验室"]'::json, '概念提出：实现先进算力关键突破。', '2026-06-15T12:00:00+00:00', '2026-06-15T12:00:00+00:00');
INSERT INTO tech_dev_milestone (tech_id, milestone_date, milestone_name, contributor_keywords, milestone_content, created_at, updated_at) VALUES ('TECH_S_188509bbd36140f4', '2020-06-18', '实验室验证', '["东方脑科学科技"]'::json, '实验室验证：实现先进算力关键突破。', '2026-06-15T12:00:00+00:00', '2026-06-15T12:00:00+00:00');
INSERT INTO tech_dev_milestone (tech_id, milestone_date, milestone_name, contributor_keywords, milestone_content, created_at, updated_at) VALUES ('TECH_S_188509bbd36140f4', '2021-12-20', '工程样机', '["东方航宇研究所"]'::json, '工程样机：实现先进算力关键突破。', '2026-06-15T12:00:00+00:00', '2026-06-15T12:00:00+00:00');
INSERT INTO tech_dev_milestone (tech_id, milestone_date, milestone_name, contributor_keywords, milestone_content, created_at, updated_at) VALUES ('TECH_S_188509bbd36140f4', '2016-06-15', '中试成功', '["中光电实验室"]'::json, '中试成功：实现先进算力关键突破。', '2026-06-15T12:00:00+00:00', '2026-06-15T12:00:00+00:00');
INSERT INTO tech_dev_milestone (tech_id, milestone_date, milestone_name, contributor_keywords, milestone_content, created_at, updated_at) VALUES ('TECH_S_188509bbd36140f4', '2021-09-03', '产业化', '["南方光电研究所"]'::json, '产业化：实现先进算力关键突破。', '2026-06-15T12:00:00+00:00', '2026-06-15T12:00:00+00:00');
INSERT INTO tech_funding (tech_id, amount, source, created_at, updated_at) VALUES ('TECH_S_188509bbd36140f4', 15000.0, '企业自筹', '2026-06-15T12:00:00+00:00', '2026-06-15T12:00:00+00:00');
INSERT INTO tech_funding (tech_id, amount, source, created_at, updated_at) VALUES ('TECH_S_188509bbd36140f4', 500.0, '国家重点研发计划', '2026-06-15T12:00:00+00:00', '2026-06-15T12:00:00+00:00');
INSERT INTO tech_academic_output (tech_id, name, publish_date, subject_keywords, image, created_at, updated_at) VALUES ('TECH_S_188509bbd36140f4', '低功耗光量子计算装置相关研究', '2024-11-08', '["航天基因集团"]'::json, '', '2026-06-15T12:00:00+00:00', '2026-06-15T12:00:00+00:00');
INSERT INTO tech_academic_output (tech_id, name, publish_date, subject_keywords, image, created_at, updated_at) VALUES ('TECH_S_188509bbd36140f4', '低功耗光量子计算装置相关研究', '2023-02-12', '["国新材科技"]'::json, '', '2026-06-15T12:00:00+00:00', '2026-06-15T12:00:00+00:00');
INSERT INTO tech_academic_output (tech_id, name, publish_date, subject_keywords, image, created_at, updated_at) VALUES ('TECH_S_188509bbd36140f4', '低功耗光量子计算装置相关研究', '2022-11-25', '["新基因实验室"]'::json, '', '2026-06-15T12:00:00+00:00', '2026-06-15T12:00:00+00:00');
INSERT INTO tech_experiment (tech_id, content, experiment_date, result, subject_keywords, image, created_at, updated_at) VALUES ('TECH_S_188509bbd36140f4', '低功耗光量子计算装置原理验证实验', '2024-05-18', '实验数据达到预期指标', '["先进算力"]'::json, '', '2026-06-15T12:00:00+00:00', '2026-06-15T12:00:00+00:00');
INSERT INTO entity_change_log (entity_id, entity_type, field, old_value, new_value, method, operator, source_doc_id, reason, changed_at) VALUES ('TECH_S_188509bbd36140f4', 'tech', '*', NULL, '{"action": "create"}'::json, 'rule', NULL, 'mock_seed', NULL, '2026-06-15T12:00:00+00:00');
INSERT INTO tech_profile (tech_id, tech_name_cn, tech_name_en, tech_name_other, tech_domain, invention_date, application_date, tech_summary, dev_goal, project_layout, key_points, transformation_status, basic_research_status, autonomy_capability, industrial_capability, tech_advantages, current_status, trend, remark, confidence, completeness, created_at, updated_at) VALUES ('TECH_S_d3e0693ea1bacc10', '柔性神经形态芯片系统', 'Tech-051 mRNA疫苗', NULL, '["先进算力", "机器人"]'::json, '2016-11-25', '2018-11-21', '柔性神经形态芯片系统是机器人领域的关键技术，具有高可靠性等优势，应用前景广阔。', '突破机器人核心技术瓶颈，实现自主可控。', '["机器人基础理论", "机器人工程化"]'::json, '["机器人关键工艺", "机器人系统集成"]'::json, '转化中', '基础理论已建立', '具备完全自主知识产权', '形成完整产业链', '相比同类技术，柔性神经形态芯片系统在性能与成本上优势明显。', '中试阶段', '下降', '', 0.975, 0.766, '2026-06-15T12:00:00+00:00', '2026-06-15T12:00:00+00:00');
INSERT INTO tech_dev_milestone (tech_id, milestone_date, milestone_name, contributor_keywords, milestone_content, created_at, updated_at) VALUES ('TECH_S_d3e0693ea1bacc10', '2022-06-09', '概念提出', '["东方生医科技"]'::json, '概念提出：实现机器人关键突破。', '2026-06-15T12:00:00+00:00', '2026-06-15T12:00:00+00:00');
INSERT INTO tech_dev_milestone (tech_id, milestone_date, milestone_name, contributor_keywords, milestone_content, created_at, updated_at) VALUES ('TECH_S_d3e0693ea1bacc10', '2013-07-28', '实验室验证', '["国前沿科技"]'::json, '实验室验证：实现机器人关键突破。', '2026-06-15T12:00:00+00:00', '2026-06-15T12:00:00+00:00');
INSERT INTO tech_dev_milestone (tech_id, milestone_date, milestone_name, contributor_keywords, milestone_content, created_at, updated_at) VALUES ('TECH_S_d3e0693ea1bacc10', '2010-02-07', '工程样机', '["东方生医科技"]'::json, '工程样机：实现机器人关键突破。', '2026-06-15T12:00:00+00:00', '2026-06-15T12:00:00+00:00');
INSERT INTO tech_dev_milestone (tech_id, milestone_date, milestone_name, contributor_keywords, milestone_content, created_at, updated_at) VALUES ('TECH_S_d3e0693ea1bacc10', '2019-04-24', '中试成功', '["中基因工程技术中心"]'::json, '中试成功：实现机器人关键突破。', '2026-06-15T12:00:00+00:00', '2026-06-15T12:00:00+00:00');
INSERT INTO tech_dev_milestone (tech_id, milestone_date, milestone_name, contributor_keywords, milestone_content, created_at, updated_at) VALUES ('TECH_S_d3e0693ea1bacc10', '2011-01-24', '产业化', '["北方光电研究院"]'::json, '产业化：实现机器人关键突破。', '2026-06-15T12:00:00+00:00', '2026-06-15T12:00:00+00:00');
INSERT INTO tech_funding (tech_id, amount, source, created_at, updated_at) VALUES ('TECH_S_d3e0693ea1bacc10', 500.0, '企业自筹', '2026-06-15T12:00:00+00:00', '2026-06-15T12:00:00+00:00');
INSERT INTO tech_funding (tech_id, amount, source, created_at, updated_at) VALUES ('TECH_S_d3e0693ea1bacc10', 15000.0, '国家重点研发计划', '2026-06-15T12:00:00+00:00', '2026-06-15T12:00:00+00:00');
INSERT INTO tech_funding (tech_id, amount, source, created_at, updated_at) VALUES ('TECH_S_d3e0693ea1bacc10', 500.0, '地方专项', '2026-06-15T12:00:00+00:00', '2026-06-15T12:00:00+00:00');
INSERT INTO tech_academic_output (tech_id, name, publish_date, subject_keywords, image, created_at, updated_at) VALUES ('TECH_S_d3e0693ea1bacc10', '柔性神经形态芯片系统相关研究', '2018-04-18', '["中聚变研究所"]'::json, '', '2026-06-15T12:00:00+00:00', '2026-06-15T12:00:00+00:00');
INSERT INTO tech_academic_output (tech_id, name, publish_date, subject_keywords, image, created_at, updated_at) VALUES ('TECH_S_d3e0693ea1bacc10', '柔性神经形态芯片系统相关研究', '2018-09-27', '["国生医科技"]'::json, '', '2026-06-15T12:00:00+00:00', '2026-06-15T12:00:00+00:00');
INSERT INTO tech_academic_output (tech_id, name, publish_date, subject_keywords, image, created_at, updated_at) VALUES ('TECH_S_d3e0693ea1bacc10', '柔性神经形态芯片系统相关研究', '2023-02-12', '["国航宇高科"]'::json, '', '2026-06-15T12:00:00+00:00', '2026-06-15T12:00:00+00:00');
INSERT INTO tech_experiment (tech_id, content, experiment_date, result, subject_keywords, image, created_at, updated_at) VALUES ('TECH_S_d3e0693ea1bacc10', '柔性神经形态芯片系统原理验证实验', '2024-10-11', '实验数据达到预期指标', '["机器人"]'::json, '', '2026-06-15T12:00:00+00:00', '2026-06-15T12:00:00+00:00');
INSERT INTO entity_change_log (entity_id, entity_type, field, old_value, new_value, method, operator, source_doc_id, reason, changed_at) VALUES ('TECH_S_d3e0693ea1bacc10', 'tech', '*', NULL, '{"action": "create"}'::json, 'rule', NULL, 'mock_seed', NULL, '2026-06-15T12:00:00+00:00');
INSERT INTO tech_profile (tech_id, tech_name_cn, tech_name_en, tech_name_other, tech_domain, invention_date, application_date, tech_summary, dev_goal, project_layout, key_points, transformation_status, basic_research_status, autonomy_capability, industrial_capability, tech_advantages, current_status, trend, remark, confidence, completeness, created_at, updated_at) VALUES ('TECH_S_dcd9f693c9014129', '小型化神经网络芯片方法', 'Tech-052 自动驾驶域控制器', NULL, '["航空航天", "集成电路"]'::json, '2016-05-18', '2020-11-12', '小型化神经网络芯片方法是集成电路领域的关键技术，具有低成本等优势，应用前景广阔。', '突破集成电路核心技术瓶颈，实现自主可控。', '["集成电路基础理论", "集成电路工程化"]'::json, '["集成电路关键工艺", "集成电路系统集成"]'::json, '待转化', '基础理论已建立', '具备完全自主知识产权', '形成完整产业链', '相比同类技术，小型化神经网络芯片方法在性能与成本上优势明显。', '概念论证', '下降', '', 0.911, 0.827, '2026-06-15T12:00:00+00:00', '2026-06-15T12:00:00+00:00');
INSERT INTO tech_dev_milestone (tech_id, milestone_date, milestone_name, contributor_keywords, milestone_content, created_at, updated_at) VALUES ('TECH_S_dcd9f693c9014129', '2023-08-27', '概念提出', '["国生医科技"]'::json, '概念提出：实现集成电路关键突破。', '2026-06-15T12:00:00+00:00', '2026-06-15T12:00:00+00:00');
INSERT INTO tech_dev_milestone (tech_id, milestone_date, milestone_name, contributor_keywords, milestone_content, created_at, updated_at) VALUES ('TECH_S_dcd9f693c9014129', '2023-05-01', '实验室验证', '["中科未来实验室"]'::json, '实验室验证：实现集成电路关键突破。', '2026-06-15T12:00:00+00:00', '2026-06-15T12:00:00+00:00');
INSERT INTO tech_dev_milestone (tech_id, milestone_date, milestone_name, contributor_keywords, milestone_content, created_at, updated_at) VALUES ('TECH_S_dcd9f693c9014129', '2019-06-18', '工程样机', '["华信息研究所"]'::json, '工程样机：实现集成电路关键突破。', '2026-06-15T12:00:00+00:00', '2026-06-15T12:00:00+00:00');
INSERT INTO tech_dev_milestone (tech_id, milestone_date, milestone_name, contributor_keywords, milestone_content, created_at, updated_at) VALUES ('TECH_S_dcd9f693c9014129', '2022-01-18', '中试成功', '["东方脑科学科技"]'::json, '中试成功：实现集成电路关键突破。', '2026-06-15T12:00:00+00:00', '2026-06-15T12:00:00+00:00');
INSERT INTO tech_dev_milestone (tech_id, milestone_date, milestone_name, contributor_keywords, milestone_content, created_at, updated_at) VALUES ('TECH_S_dcd9f693c9014129', '2023-11-02', '产业化', '["国新材科技"]'::json, '产业化：实现集成电路关键突破。', '2026-06-15T12:00:00+00:00', '2026-06-15T12:00:00+00:00');
INSERT INTO tech_funding (tech_id, amount, source, created_at, updated_at) VALUES ('TECH_S_dcd9f693c9014129', 500.0, '地方专项', '2026-06-15T12:00:00+00:00', '2026-06-15T12:00:00+00:00');
INSERT INTO tech_funding (tech_id, amount, source, created_at, updated_at) VALUES ('TECH_S_dcd9f693c9014129', 1000.0, '企业自筹', '2026-06-15T12:00:00+00:00', '2026-06-15T12:00:00+00:00');
INSERT INTO tech_funding (tech_id, amount, source, created_at, updated_at) VALUES ('TECH_S_dcd9f693c9014129', 8000.0, '地方专项', '2026-06-15T12:00:00+00:00', '2026-06-15T12:00:00+00:00');
INSERT INTO tech_academic_output (tech_id, name, publish_date, subject_keywords, image, created_at, updated_at) VALUES ('TECH_S_dcd9f693c9014129', '小型化神经网络芯片方法相关研究', '2018-07-07', '["南方算力工程技术中心"]'::json, '', '2026-06-15T12:00:00+00:00', '2026-06-15T12:00:00+00:00');
INSERT INTO tech_experiment (tech_id, content, experiment_date, result, subject_keywords, image, created_at, updated_at) VALUES ('TECH_S_dcd9f693c9014129', '小型化神经网络芯片方法原理验证实验', '2022-09-16', '实验数据达到预期指标', '["集成电路"]'::json, '', '2026-06-15T12:00:00+00:00', '2026-06-15T12:00:00+00:00');
INSERT INTO entity_change_log (entity_id, entity_type, field, old_value, new_value, method, operator, source_doc_id, reason, changed_at) VALUES ('TECH_S_dcd9f693c9014129', 'tech', '*', NULL, '{"action": "create"}'::json, 'rule', NULL, 'mock_seed', NULL, '2026-06-15T12:00:00+00:00');
INSERT INTO tech_profile (tech_id, tech_name_cn, tech_name_en, tech_name_other, tech_domain, invention_date, application_date, tech_summary, dev_goal, project_layout, key_points, transformation_status, basic_research_status, autonomy_capability, industrial_capability, tech_advantages, current_status, trend, remark, confidence, completeness, created_at, updated_at) VALUES ('TECH_S_830e6e14f2248a3a', '高可靠神经形态芯片装置', 'Tech-053 深海潜水器', NULL, '["先进算力", "集成电路"]'::json, '2005-07-19', '2022-08-18', '高可靠神经形态芯片装置是集成电路领域的关键技术，具有低成本等优势，应用前景广阔。', '突破集成电路核心技术瓶颈，实现自主可控。', '["集成电路基础理论", "集成电路工程化"]'::json, '["集成电路关键工艺", "集成电路系统集成"]'::json, '已转化', '基础理论已建立', '具备完全自主知识产权', '形成完整产业链', '相比同类技术，高可靠神经形态芯片装置在性能与成本上优势明显。', '概念论证', '下降', '', 0.728, 0.766, '2026-06-15T12:00:00+00:00', '2026-06-15T12:00:00+00:00');
INSERT INTO tech_dev_milestone (tech_id, milestone_date, milestone_name, contributor_keywords, milestone_content, created_at, updated_at) VALUES ('TECH_S_830e6e14f2248a3a', '2010-07-18', '概念提出', '["北方航宇科技"]'::json, '概念提出：实现集成电路关键突破。', '2026-06-15T12:00:00+00:00', '2026-06-15T12:00:00+00:00');
INSERT INTO tech_dev_milestone (tech_id, milestone_date, milestone_name, contributor_keywords, milestone_content, created_at, updated_at) VALUES ('TECH_S_830e6e14f2248a3a', '2010-05-04', '实验室验证', '["中先进研究院"]'::json, '实验室验证：实现集成电路关键突破。', '2026-06-15T12:00:00+00:00', '2026-06-15T12:00:00+00:00');
INSERT INTO tech_dev_milestone (tech_id, milestone_date, milestone_name, contributor_keywords, milestone_content, created_at, updated_at) VALUES ('TECH_S_830e6e14f2248a3a', '2013-12-09', '工程样机', '["国航宇高科"]'::json, '工程样机：实现集成电路关键突破。', '2026-06-15T12:00:00+00:00', '2026-06-15T12:00:00+00:00');
INSERT INTO tech_dev_milestone (tech_id, milestone_date, milestone_name, contributor_keywords, milestone_content, created_at, updated_at) VALUES ('TECH_S_830e6e14f2248a3a', '2016-06-25', '中试成功', '["中生医研究所"]'::json, '中试成功：实现集成电路关键突破。', '2026-06-15T12:00:00+00:00', '2026-06-15T12:00:00+00:00');
INSERT INTO tech_dev_milestone (tech_id, milestone_date, milestone_name, contributor_keywords, milestone_content, created_at, updated_at) VALUES ('TECH_S_830e6e14f2248a3a', '2024-07-24', '产业化', '["新新材科技"]'::json, '产业化：实现集成电路关键突破。', '2026-06-15T12:00:00+00:00', '2026-06-15T12:00:00+00:00');
INSERT INTO tech_funding (tech_id, amount, source, created_at, updated_at) VALUES ('TECH_S_830e6e14f2248a3a', 15000.0, '国家重点研发计划', '2026-06-15T12:00:00+00:00', '2026-06-15T12:00:00+00:00');
INSERT INTO tech_academic_output (tech_id, name, publish_date, subject_keywords, image, created_at, updated_at) VALUES ('TECH_S_830e6e14f2248a3a', '高可靠神经形态芯片装置相关研究', '2020-07-15', '["中科前沿实验室"]'::json, '', '2026-06-15T12:00:00+00:00', '2026-06-15T12:00:00+00:00');
INSERT INTO tech_experiment (tech_id, content, experiment_date, result, subject_keywords, image, created_at, updated_at) VALUES ('TECH_S_830e6e14f2248a3a', '高可靠神经形态芯片装置原理验证实验', '2020-07-13', '实验数据达到预期指标', '["集成电路"]'::json, '', '2026-06-15T12:00:00+00:00', '2026-06-15T12:00:00+00:00');
INSERT INTO entity_change_log (entity_id, entity_type, field, old_value, new_value, method, operator, source_doc_id, reason, changed_at) VALUES ('TECH_S_830e6e14f2248a3a', 'tech', '*', NULL, '{"action": "create"}'::json, 'rule', NULL, 'mock_seed', NULL, '2026-06-15T12:00:00+00:00');
INSERT INTO tech_profile (tech_id, tech_name_cn, tech_name_en, tech_name_other, tech_domain, invention_date, application_date, tech_summary, dev_goal, project_layout, key_points, transformation_status, basic_research_status, autonomy_capability, industrial_capability, tech_advantages, current_status, trend, remark, confidence, completeness, created_at, updated_at) VALUES ('TECH_S_aa590ac0f60e6247', '小型化量子纠错码工艺', 'Tech-054 碳纳米管', NULL, '["储能", "量子计算"]'::json, '2016-05-22', '2020-07-20', '小型化量子纠错码工艺是储能领域的关键技术，具有高可靠性等优势，应用前景广阔。', '突破储能核心技术瓶颈，实现自主可控。', '["储能基础理论", "储能工程化"]'::json, '["储能关键工艺", "储能系统集成"]'::json, '待转化', '基础理论已建立', '具备完全自主知识产权', '形成完整产业链', '相比同类技术，小型化量子纠错码工艺在性能与成本上优势明显。', '概念论证', '平稳', '', 0.746, 0.836, '2026-06-15T12:00:00+00:00', '2026-06-15T12:00:00+00:00');
INSERT INTO tech_dev_milestone (tech_id, milestone_date, milestone_name, contributor_keywords, milestone_content, created_at, updated_at) VALUES ('TECH_S_aa590ac0f60e6247', '2010-11-21', '概念提出', '["国生医研究所"]'::json, '概念提出：实现储能关键突破。', '2026-06-15T12:00:00+00:00', '2026-06-15T12:00:00+00:00');
INSERT INTO tech_dev_milestone (tech_id, milestone_date, milestone_name, contributor_keywords, milestone_content, created_at, updated_at) VALUES ('TECH_S_aa590ac0f60e6247', '2011-12-17', '实验室验证', '["中聚变研究所"]'::json, '实验室验证：实现储能关键突破。', '2026-06-15T12:00:00+00:00', '2026-06-15T12:00:00+00:00');
INSERT INTO tech_dev_milestone (tech_id, milestone_date, milestone_name, contributor_keywords, milestone_content, created_at, updated_at) VALUES ('TECH_S_aa590ac0f60e6247', '2011-04-25', '工程样机', '["北方算力研究院"]'::json, '工程样机：实现储能关键突破。', '2026-06-15T12:00:00+00:00', '2026-06-15T12:00:00+00:00');
INSERT INTO tech_dev_milestone (tech_id, milestone_date, milestone_name, contributor_keywords, milestone_content, created_at, updated_at) VALUES ('TECH_S_aa590ac0f60e6247', '2010-11-16', '中试成功', '["新聚变工程技术中心"]'::json, '中试成功：实现储能关键突破。', '2026-06-15T12:00:00+00:00', '2026-06-15T12:00:00+00:00');
INSERT INTO tech_dev_milestone (tech_id, milestone_date, milestone_name, contributor_keywords, milestone_content, created_at, updated_at) VALUES ('TECH_S_aa590ac0f60e6247', '2016-03-23', '产业化', '["北方储能科技"]'::json, '产业化：实现储能关键突破。', '2026-06-15T12:00:00+00:00', '2026-06-15T12:00:00+00:00');
INSERT INTO tech_funding (tech_id, amount, source, created_at, updated_at) VALUES ('TECH_S_aa590ac0f60e6247', 1000.0, '国家自然科学基金', '2026-06-15T12:00:00+00:00', '2026-06-15T12:00:00+00:00');
INSERT INTO tech_funding (tech_id, amount, source, created_at, updated_at) VALUES ('TECH_S_aa590ac0f60e6247', 500.0, '国家重点研发计划', '2026-06-15T12:00:00+00:00', '2026-06-15T12:00:00+00:00');
INSERT INTO tech_funding (tech_id, amount, source, created_at, updated_at) VALUES ('TECH_S_aa590ac0f60e6247', 15000.0, '地方专项', '2026-06-15T12:00:00+00:00', '2026-06-15T12:00:00+00:00');
INSERT INTO tech_academic_output (tech_id, name, publish_date, subject_keywords, image, created_at, updated_at) VALUES ('TECH_S_aa590ac0f60e6247', '小型化量子纠错码工艺相关研究', '2020-06-15', '["中科天网研究所"]'::json, '', '2026-06-15T12:00:00+00:00', '2026-06-15T12:00:00+00:00');
INSERT INTO tech_academic_output (tech_id, name, publish_date, subject_keywords, image, created_at, updated_at) VALUES ('TECH_S_aa590ac0f60e6247', '小型化量子纠错码工艺相关研究', '2022-04-20', '["远量子实验室"]'::json, '', '2026-06-15T12:00:00+00:00', '2026-06-15T12:00:00+00:00');
INSERT INTO tech_experiment (tech_id, content, experiment_date, result, subject_keywords, image, created_at, updated_at) VALUES ('TECH_S_aa590ac0f60e6247', '小型化量子纠错码工艺原理验证实验', '2024-07-17', '实验数据达到预期指标', '["储能"]'::json, '', '2026-06-15T12:00:00+00:00', '2026-06-15T12:00:00+00:00');
INSERT INTO entity_change_log (entity_id, entity_type, field, old_value, new_value, method, operator, source_doc_id, reason, changed_at) VALUES ('TECH_S_aa590ac0f60e6247', 'tech', '*', NULL, '{"action": "create"}'::json, 'rule', NULL, 'mock_seed', NULL, '2026-06-15T12:00:00+00:00');
INSERT INTO tech_profile (tech_id, tech_name_cn, tech_name_en, tech_name_other, tech_domain, invention_date, application_date, tech_summary, dev_goal, project_layout, key_points, transformation_status, basic_research_status, autonomy_capability, industrial_capability, tech_advantages, current_status, trend, remark, confidence, completeness, created_at, updated_at) VALUES ('TECH_S_235387ff5fe07971', '智能化固态电池技术', 'Tech-055 神经形态芯片', NULL, '["网络安全", "光电技术"]'::json, '2006-02-27', '2025-05-01', '智能化固态电池技术是光电技术领域的关键技术，具有高效率等优势，应用前景广阔。', '突破光电技术核心技术瓶颈，实现自主可控。', '["光电技术基础理论", "光电技术工程化"]'::json, '["光电技术关键工艺", "光电技术系统集成"]'::json, '已转化', '基础理论已建立', '具备完全自主知识产权', '形成完整产业链', '相比同类技术，智能化固态电池技术在性能与成本上优势明显。', '中试阶段', '稳步上升', '', 0.726, 0.803, '2026-06-15T12:00:00+00:00', '2026-06-15T12:00:00+00:00');
INSERT INTO tech_dev_milestone (tech_id, milestone_date, milestone_name, contributor_keywords, milestone_content, created_at, updated_at) VALUES ('TECH_S_235387ff5fe07971', '2012-02-24', '概念提出', '["中科深海研究所"]'::json, '概念提出：实现光电技术关键突破。', '2026-06-15T12:00:00+00:00', '2026-06-15T12:00:00+00:00');
INSERT INTO tech_dev_milestone (tech_id, milestone_date, milestone_name, contributor_keywords, milestone_content, created_at, updated_at) VALUES ('TECH_S_235387ff5fe07971', '2012-08-21', '实验室验证', '["南方算力工程技术中心"]'::json, '实验室验证：实现光电技术关键突破。', '2026-06-15T12:00:00+00:00', '2026-06-15T12:00:00+00:00');
INSERT INTO tech_dev_milestone (tech_id, milestone_date, milestone_name, contributor_keywords, milestone_content, created_at, updated_at) VALUES ('TECH_S_235387ff5fe07971', '2011-12-16', '工程样机', '["新基因实验室"]'::json, '工程样机：实现光电技术关键突破。', '2026-06-15T12:00:00+00:00', '2026-06-15T12:00:00+00:00');
INSERT INTO tech_dev_milestone (tech_id, milestone_date, milestone_name, contributor_keywords, milestone_content, created_at, updated_at) VALUES ('TECH_S_235387ff5fe07971', '2022-04-03', '中试成功', '["航天芯创科技"]'::json, '中试成功：实现光电技术关键突破。', '2026-06-15T12:00:00+00:00', '2026-06-15T12:00:00+00:00');
INSERT INTO tech_dev_milestone (tech_id, milestone_date, milestone_name, contributor_keywords, milestone_content, created_at, updated_at) VALUES ('TECH_S_235387ff5fe07971', '2020-08-25', '产业化', '["国未来研究院"]'::json, '产业化：实现光电技术关键突破。', '2026-06-15T12:00:00+00:00', '2026-06-15T12:00:00+00:00');
INSERT INTO tech_funding (tech_id, amount, source, created_at, updated_at) VALUES ('TECH_S_235387ff5fe07971', 1000.0, '国家重点研发计划', '2026-06-15T12:00:00+00:00', '2026-06-15T12:00:00+00:00');
INSERT INTO tech_funding (tech_id, amount, source, created_at, updated_at) VALUES ('TECH_S_235387ff5fe07971', 3000.0, '地方专项', '2026-06-15T12:00:00+00:00', '2026-06-15T12:00:00+00:00');
INSERT INTO tech_academic_output (tech_id, name, publish_date, subject_keywords, image, created_at, updated_at) VALUES ('TECH_S_235387ff5fe07971', '智能化固态电池技术相关研究', '2024-05-19', '["航天算力研究院"]'::json, '', '2026-06-15T12:00:00+00:00', '2026-06-15T12:00:00+00:00');
INSERT INTO tech_experiment (tech_id, content, experiment_date, result, subject_keywords, image, created_at, updated_at) VALUES ('TECH_S_235387ff5fe07971', '智能化固态电池技术原理验证实验', '2020-08-03', '实验数据达到预期指标', '["光电技术"]'::json, '', '2026-06-15T12:00:00+00:00', '2026-06-15T12:00:00+00:00');
INSERT INTO entity_change_log (entity_id, entity_type, field, old_value, new_value, method, operator, source_doc_id, reason, changed_at) VALUES ('TECH_S_235387ff5fe07971', 'tech', '*', NULL, '{"action": "create"}'::json, 'rule', NULL, 'mock_seed', NULL, '2026-06-15T12:00:00+00:00');
INSERT INTO tech_profile (tech_id, tech_name_cn, tech_name_en, tech_name_other, tech_domain, invention_date, application_date, tech_summary, dev_goal, project_layout, key_points, transformation_status, basic_research_status, autonomy_capability, industrial_capability, tech_advantages, current_status, trend, remark, confidence, completeness, created_at, updated_at) VALUES ('TECH_S_229cb9c599a8d9a7', '自主可控碳化硅功率器件装置', 'Tech-056 碳化硅功率器件', NULL, '["半导体", "光电技术"]'::json, '2014-03-19', '2022-12-02', '自主可控碳化硅功率器件装置是半导体领域的关键技术，具有高可靠性等优势，应用前景广阔。', '突破半导体核心技术瓶颈，实现自主可控。', '["半导体基础理论", "半导体工程化"]'::json, '["半导体关键工艺", "半导体系统集成"]'::json, '转化中', '基础理论已建立', '具备完全自主知识产权', '形成完整产业链', '相比同类技术，自主可控碳化硅功率器件装置在性能与成本上优势明显。', '规模化部署', '平稳', '', 0.789, 0.876, '2026-06-15T12:00:00+00:00', '2026-06-15T12:00:00+00:00');
INSERT INTO tech_dev_milestone (tech_id, milestone_date, milestone_name, contributor_keywords, milestone_content, created_at, updated_at) VALUES ('TECH_S_229cb9c599a8d9a7', '2018-05-25', '概念提出', '["东方航宇研究院"]'::json, '概念提出：实现半导体关键突破。', '2026-06-15T12:00:00+00:00', '2026-06-15T12:00:00+00:00');
INSERT INTO tech_dev_milestone (tech_id, milestone_date, milestone_name, contributor_keywords, milestone_content, created_at, updated_at) VALUES ('TECH_S_229cb9c599a8d9a7', '2016-09-15', '实验室验证', '["新芯创科技"]'::json, '实验室验证：实现半导体关键突破。', '2026-06-15T12:00:00+00:00', '2026-06-15T12:00:00+00:00');
INSERT INTO tech_dev_milestone (tech_id, milestone_date, milestone_name, contributor_keywords, milestone_content, created_at, updated_at) VALUES ('TECH_S_229cb9c599a8d9a7', '2018-02-08', '工程样机', '["中科智算工程技术中心"]'::json, '工程样机：实现半导体关键突破。', '2026-06-15T12:00:00+00:00', '2026-06-15T12:00:00+00:00');
INSERT INTO tech_dev_milestone (tech_id, milestone_date, milestone_name, contributor_keywords, milestone_content, created_at, updated_at) VALUES ('TECH_S_229cb9c599a8d9a7', '2018-02-08', '中试成功', '["华光电集团"]'::json, '中试成功：实现半导体关键突破。', '2026-06-15T12:00:00+00:00', '2026-06-15T12:00:00+00:00');
INSERT INTO tech_dev_milestone (tech_id, milestone_date, milestone_name, contributor_keywords, milestone_content, created_at, updated_at) VALUES ('TECH_S_229cb9c599a8d9a7', '2010-12-13', '产业化', '["南方航宇研究院"]'::json, '产业化：实现半导体关键突破。', '2026-06-15T12:00:00+00:00', '2026-06-15T12:00:00+00:00');
INSERT INTO tech_funding (tech_id, amount, source, created_at, updated_at) VALUES ('TECH_S_229cb9c599a8d9a7', 15000.0, '国家自然科学基金', '2026-06-15T12:00:00+00:00', '2026-06-15T12:00:00+00:00');
INSERT INTO tech_academic_output (tech_id, name, publish_date, subject_keywords, image, created_at, updated_at) VALUES ('TECH_S_229cb9c599a8d9a7', '自主可控碳化硅功率器件装置相关研究', '2018-04-03', '["新氢动高科"]'::json, '', '2026-06-15T12:00:00+00:00', '2026-06-15T12:00:00+00:00');
INSERT INTO tech_academic_output (tech_id, name, publish_date, subject_keywords, image, created_at, updated_at) VALUES ('TECH_S_229cb9c599a8d9a7', '自主可控碳化硅功率器件装置相关研究', '2021-10-04', '["国航宇高科"]'::json, '', '2026-06-15T12:00:00+00:00', '2026-06-15T12:00:00+00:00');
INSERT INTO tech_academic_output (tech_id, name, publish_date, subject_keywords, image, created_at, updated_at) VALUES ('TECH_S_229cb9c599a8d9a7', '自主可控碳化硅功率器件装置相关研究', '2022-02-26', '["国未来高科"]'::json, '', '2026-06-15T12:00:00+00:00', '2026-06-15T12:00:00+00:00');
INSERT INTO tech_experiment (tech_id, content, experiment_date, result, subject_keywords, image, created_at, updated_at) VALUES ('TECH_S_229cb9c599a8d9a7', '自主可控碳化硅功率器件装置原理验证实验', '2024-09-28', '实验数据达到预期指标', '["半导体"]'::json, '', '2026-06-15T12:00:00+00:00', '2026-06-15T12:00:00+00:00');
INSERT INTO entity_change_log (entity_id, entity_type, field, old_value, new_value, method, operator, source_doc_id, reason, changed_at) VALUES ('TECH_S_229cb9c599a8d9a7', 'tech', '*', NULL, '{"action": "create"}'::json, 'rule', NULL, 'mock_seed', NULL, '2026-06-15T12:00:00+00:00');
INSERT INTO tech_profile (tech_id, tech_name_cn, tech_name_en, tech_name_other, tech_domain, invention_date, application_date, tech_summary, dev_goal, project_layout, key_points, transformation_status, basic_research_status, autonomy_capability, industrial_capability, tech_advantages, current_status, trend, remark, confidence, completeness, created_at, updated_at) VALUES ('TECH_S_72f8efaf0ac9b660', '新型mRNA疫苗系统', 'Tech-057 自动驾驶域控制器', NULL, '["机器人", "脑机接口"]'::json, '2002-01-07', '2018-08-26', '新型mRNA疫苗系统是机器人领域的关键技术，具有低成本等优势，应用前景广阔。', '突破机器人核心技术瓶颈，实现自主可控。', '["机器人基础理论", "机器人工程化"]'::json, '["机器人关键工艺", "机器人系统集成"]'::json, '待转化', '基础理论已建立', '具备完全自主知识产权', '形成完整产业链', '相比同类技术，新型mRNA疫苗系统在性能与成本上优势明显。', '概念论证', '快速上升', '', 0.835, 0.943, '2026-06-15T12:00:00+00:00', '2026-06-15T12:00:00+00:00');
INSERT INTO tech_dev_milestone (tech_id, milestone_date, milestone_name, contributor_keywords, milestone_content, created_at, updated_at) VALUES ('TECH_S_72f8efaf0ac9b660', '2023-04-06', '概念提出', '["东方脑科学科技"]'::json, '概念提出：实现机器人关键突破。', '2026-06-15T12:00:00+00:00', '2026-06-15T12:00:00+00:00');
INSERT INTO tech_dev_milestone (tech_id, milestone_date, milestone_name, contributor_keywords, milestone_content, created_at, updated_at) VALUES ('TECH_S_72f8efaf0ac9b660', '2018-07-26', '实验室验证', '["新基因实验室"]'::json, '实验室验证：实现机器人关键突破。', '2026-06-15T12:00:00+00:00', '2026-06-15T12:00:00+00:00');
INSERT INTO tech_dev_milestone (tech_id, milestone_date, milestone_name, contributor_keywords, milestone_content, created_at, updated_at) VALUES ('TECH_S_72f8efaf0ac9b660', '2014-09-10', '工程样机', '["新前沿研究院"]'::json, '工程样机：实现机器人关键突破。', '2026-06-15T12:00:00+00:00', '2026-06-15T12:00:00+00:00');
INSERT INTO tech_dev_milestone (tech_id, milestone_date, milestone_name, contributor_keywords, milestone_content, created_at, updated_at) VALUES ('TECH_S_72f8efaf0ac9b660', '2024-07-14', '中试成功', '["东方未来研究院"]'::json, '中试成功：实现机器人关键突破。', '2026-06-15T12:00:00+00:00', '2026-06-15T12:00:00+00:00');
INSERT INTO tech_dev_milestone (tech_id, milestone_date, milestone_name, contributor_keywords, milestone_content, created_at, updated_at) VALUES ('TECH_S_72f8efaf0ac9b660', '2010-04-03', '产业化', '["南方航宇研究院"]'::json, '产业化：实现机器人关键突破。', '2026-06-15T12:00:00+00:00', '2026-06-15T12:00:00+00:00');
INSERT INTO tech_funding (tech_id, amount, source, created_at, updated_at) VALUES ('TECH_S_72f8efaf0ac9b660', 3000.0, '国家重点研发计划', '2026-06-15T12:00:00+00:00', '2026-06-15T12:00:00+00:00');
INSERT INTO tech_academic_output (tech_id, name, publish_date, subject_keywords, image, created_at, updated_at) VALUES ('TECH_S_72f8efaf0ac9b660', '新型mRNA疫苗系统相关研究', '2023-05-25', '["华基因工程技术中心"]'::json, '', '2026-06-15T12:00:00+00:00', '2026-06-15T12:00:00+00:00');
INSERT INTO tech_academic_output (tech_id, name, publish_date, subject_keywords, image, created_at, updated_at) VALUES ('TECH_S_72f8efaf0ac9b660', '新型mRNA疫苗系统相关研究', '2018-10-09', '["新基因实验室"]'::json, '', '2026-06-15T12:00:00+00:00', '2026-06-15T12:00:00+00:00');
INSERT INTO tech_academic_output (tech_id, name, publish_date, subject_keywords, image, created_at, updated_at) VALUES ('TECH_S_72f8efaf0ac9b660', '新型mRNA疫苗系统相关研究', '2020-11-04', '["东方未来研究院"]'::json, '', '2026-06-15T12:00:00+00:00', '2026-06-15T12:00:00+00:00');
INSERT INTO tech_experiment (tech_id, content, experiment_date, result, subject_keywords, image, created_at, updated_at) VALUES ('TECH_S_72f8efaf0ac9b660', '新型mRNA疫苗系统原理验证实验', '2021-10-23', '实验数据达到预期指标', '["机器人"]'::json, '', '2026-06-15T12:00:00+00:00', '2026-06-15T12:00:00+00:00');
INSERT INTO entity_change_log (entity_id, entity_type, field, old_value, new_value, method, operator, source_doc_id, reason, changed_at) VALUES ('TECH_S_72f8efaf0ac9b660', 'tech', '*', NULL, '{"action": "create"}'::json, 'rule', NULL, 'mock_seed', NULL, '2026-06-15T12:00:00+00:00');
INSERT INTO tech_profile (tech_id, tech_name_cn, tech_name_en, tech_name_other, tech_domain, invention_date, application_date, tech_summary, dev_goal, project_layout, key_points, transformation_status, basic_research_status, autonomy_capability, industrial_capability, tech_advantages, current_status, trend, remark, confidence, completeness, created_at, updated_at) VALUES ('TECH_S_275e3f9257395669', '小型化碳纳米管装置', 'Tech-058 固态电池', NULL, '["半导体", "新材料"]'::json, '2004-10-19', '2021-02-26', '小型化碳纳米管装置是半导体领域的关键技术，具有高效率等优势，应用前景广阔。', '突破半导体核心技术瓶颈，实现自主可控。', '["半导体基础理论", "半导体工程化"]'::json, '["半导体关键工艺", "半导体系统集成"]'::json, '转化中', '基础理论已建立', '具备完全自主知识产权', '形成完整产业链', '相比同类技术，小型化碳纳米管装置在性能与成本上优势明显。', '规模化部署', '平稳', '', 0.808, 0.718, '2026-06-15T12:00:00+00:00', '2026-06-15T12:00:00+00:00');
INSERT INTO tech_dev_milestone (tech_id, milestone_date, milestone_name, contributor_keywords, milestone_content, created_at, updated_at) VALUES ('TECH_S_275e3f9257395669', '2015-03-23', '概念提出', '["中科深海研究所"]'::json, '概念提出：实现半导体关键突破。', '2026-06-15T12:00:00+00:00', '2026-06-15T12:00:00+00:00');
INSERT INTO tech_dev_milestone (tech_id, milestone_date, milestone_name, contributor_keywords, milestone_content, created_at, updated_at) VALUES ('TECH_S_275e3f9257395669', '2017-01-18', '实验室验证', '["中聚变研究所"]'::json, '实验室验证：实现半导体关键突破。', '2026-06-15T12:00:00+00:00', '2026-06-15T12:00:00+00:00');
INSERT INTO tech_dev_milestone (tech_id, milestone_date, milestone_name, contributor_keywords, milestone_content, created_at, updated_at) VALUES ('TECH_S_275e3f9257395669', '2017-11-26', '工程样机', '["南方航宇研究院"]'::json, '工程样机：实现半导体关键突破。', '2026-06-15T12:00:00+00:00', '2026-06-15T12:00:00+00:00');
INSERT INTO tech_dev_milestone (tech_id, milestone_date, milestone_name, contributor_keywords, milestone_content, created_at, updated_at) VALUES ('TECH_S_275e3f9257395669', '2023-04-18', '中试成功', '["国生医研究所"]'::json, '中试成功：实现半导体关键突破。', '2026-06-15T12:00:00+00:00', '2026-06-15T12:00:00+00:00');
INSERT INTO tech_dev_milestone (tech_id, milestone_date, milestone_name, contributor_keywords, milestone_content, created_at, updated_at) VALUES ('TECH_S_275e3f9257395669', '2017-07-23', '产业化', '["航天基因集团"]'::json, '产业化：实现半导体关键突破。', '2026-06-15T12:00:00+00:00', '2026-06-15T12:00:00+00:00');
INSERT INTO tech_funding (tech_id, amount, source, created_at, updated_at) VALUES ('TECH_S_275e3f9257395669', 3000.0, '国家重点研发计划', '2026-06-15T12:00:00+00:00', '2026-06-15T12:00:00+00:00');
INSERT INTO tech_funding (tech_id, amount, source, created_at, updated_at) VALUES ('TECH_S_275e3f9257395669', 8000.0, '企业自筹', '2026-06-15T12:00:00+00:00', '2026-06-15T12:00:00+00:00');
INSERT INTO tech_academic_output (tech_id, name, publish_date, subject_keywords, image, created_at, updated_at) VALUES ('TECH_S_275e3f9257395669', '小型化碳纳米管装置相关研究', '2020-08-01', '["华基因工程技术中心"]'::json, '', '2026-06-15T12:00:00+00:00', '2026-06-15T12:00:00+00:00');
INSERT INTO tech_academic_output (tech_id, name, publish_date, subject_keywords, image, created_at, updated_at) VALUES ('TECH_S_275e3f9257395669', '小型化碳纳米管装置相关研究', '2018-05-07', '["南方航宇研究院"]'::json, '', '2026-06-15T12:00:00+00:00', '2026-06-15T12:00:00+00:00');
INSERT INTO tech_academic_output (tech_id, name, publish_date, subject_keywords, image, created_at, updated_at) VALUES ('TECH_S_275e3f9257395669', '小型化碳纳米管装置相关研究', '2021-06-03', '["南方算力工程技术中心"]'::json, '', '2026-06-15T12:00:00+00:00', '2026-06-15T12:00:00+00:00');
INSERT INTO tech_experiment (tech_id, content, experiment_date, result, subject_keywords, image, created_at, updated_at) VALUES ('TECH_S_275e3f9257395669', '小型化碳纳米管装置原理验证实验', '2020-01-02', '实验数据达到预期指标', '["半导体"]'::json, '', '2026-06-15T12:00:00+00:00', '2026-06-15T12:00:00+00:00');
INSERT INTO entity_change_log (entity_id, entity_type, field, old_value, new_value, method, operator, source_doc_id, reason, changed_at) VALUES ('TECH_S_275e3f9257395669', 'tech', '*', NULL, '{"action": "create"}'::json, 'rule', NULL, 'mock_seed', NULL, '2026-06-15T12:00:00+00:00');
INSERT INTO tech_profile (tech_id, tech_name_cn, tech_name_en, tech_name_other, tech_domain, invention_date, application_date, tech_summary, dev_goal, project_layout, key_points, transformation_status, basic_research_status, autonomy_capability, industrial_capability, tech_advantages, current_status, trend, remark, confidence, completeness, created_at, updated_at) VALUES ('TECH_S_751ada7fbbf4a298', '智能化碳化硅功率器件装置', 'Tech-059 钙钛矿太阳能电池', NULL, '["脑机接口", "集成电路"]'::json, '2014-01-07', '2021-03-04', '智能化碳化硅功率器件装置是脑机接口领域的关键技术，具有高效率等优势，应用前景广阔。', '突破脑机接口核心技术瓶颈，实现自主可控。', '["脑机接口基础理论", "脑机接口工程化"]'::json, '["脑机接口关键工艺", "脑机接口系统集成"]'::json, '转化中', '基础理论已建立', '具备完全自主知识产权', '形成完整产业链', '相比同类技术，智能化碳化硅功率器件装置在性能与成本上优势明显。', '概念论证', '快速上升', '', 0.819, 0.623, '2026-06-15T12:00:00+00:00', '2026-06-15T12:00:00+00:00');
INSERT INTO tech_dev_milestone (tech_id, milestone_date, milestone_name, contributor_keywords, milestone_content, created_at, updated_at) VALUES ('TECH_S_751ada7fbbf4a298', '2018-11-27', '概念提出', '["东方航宇研究院"]'::json, '概念提出：实现脑机接口关键突破。', '2026-06-15T12:00:00+00:00', '2026-06-15T12:00:00+00:00');
INSERT INTO tech_dev_milestone (tech_id, milestone_date, milestone_name, contributor_keywords, milestone_content, created_at, updated_at) VALUES ('TECH_S_751ada7fbbf4a298', '2016-12-27', '实验室验证', '["北方算力研究院"]'::json, '实验室验证：实现脑机接口关键突破。', '2026-06-15T12:00:00+00:00', '2026-06-15T12:00:00+00:00');
INSERT INTO tech_dev_milestone (tech_id, milestone_date, milestone_name, contributor_keywords, milestone_content, created_at, updated_at) VALUES ('TECH_S_751ada7fbbf4a298', '2024-11-04', '工程样机', '["中科聚变集团"]'::json, '工程样机：实现脑机接口关键突破。', '2026-06-15T12:00:00+00:00', '2026-06-15T12:00:00+00:00');
INSERT INTO tech_dev_milestone (tech_id, milestone_date, milestone_name, contributor_keywords, milestone_content, created_at, updated_at) VALUES ('TECH_S_751ada7fbbf4a298', '2022-06-02', '中试成功', '["东方聚变实验室"]'::json, '中试成功：实现脑机接口关键突破。', '2026-06-15T12:00:00+00:00', '2026-06-15T12:00:00+00:00');
INSERT INTO tech_dev_milestone (tech_id, milestone_date, milestone_name, contributor_keywords, milestone_content, created_at, updated_at) VALUES ('TECH_S_751ada7fbbf4a298', '2014-07-07', '产业化', '["北方量子研究所"]'::json, '产业化：实现脑机接口关键突破。', '2026-06-15T12:00:00+00:00', '2026-06-15T12:00:00+00:00');
INSERT INTO tech_funding (tech_id, amount, source, created_at, updated_at) VALUES ('TECH_S_751ada7fbbf4a298', 8000.0, '国家重点研发计划', '2026-06-15T12:00:00+00:00', '2026-06-15T12:00:00+00:00');
INSERT INTO tech_funding (tech_id, amount, source, created_at, updated_at) VALUES ('TECH_S_751ada7fbbf4a298', 500.0, '国家重点研发计划', '2026-06-15T12:00:00+00:00', '2026-06-15T12:00:00+00:00');
INSERT INTO tech_funding (tech_id, amount, source, created_at, updated_at) VALUES ('TECH_S_751ada7fbbf4a298', 1000.0, '国家自然科学基金', '2026-06-15T12:00:00+00:00', '2026-06-15T12:00:00+00:00');
INSERT INTO tech_academic_output (tech_id, name, publish_date, subject_keywords, image, created_at, updated_at) VALUES ('TECH_S_751ada7fbbf4a298', '智能化碳化硅功率器件装置相关研究', '2019-11-02', '["东方脑科学实验室"]'::json, '', '2026-06-15T12:00:00+00:00', '2026-06-15T12:00:00+00:00');
INSERT INTO tech_academic_output (tech_id, name, publish_date, subject_keywords, image, created_at, updated_at) VALUES ('TECH_S_751ada7fbbf4a298', '智能化碳化硅功率器件装置相关研究', '2022-12-09', '["南方量子科技"]'::json, '', '2026-06-15T12:00:00+00:00', '2026-06-15T12:00:00+00:00');
INSERT INTO tech_academic_output (tech_id, name, publish_date, subject_keywords, image, created_at, updated_at) VALUES ('TECH_S_751ada7fbbf4a298', '智能化碳化硅功率器件装置相关研究', '2024-07-27', '["国生医科技"]'::json, '', '2026-06-15T12:00:00+00:00', '2026-06-15T12:00:00+00:00');
INSERT INTO tech_experiment (tech_id, content, experiment_date, result, subject_keywords, image, created_at, updated_at) VALUES ('TECH_S_751ada7fbbf4a298', '智能化碳化硅功率器件装置原理验证实验', '2021-06-08', '实验数据达到预期指标', '["脑机接口"]'::json, '', '2026-06-15T12:00:00+00:00', '2026-06-15T12:00:00+00:00');
INSERT INTO entity_change_log (entity_id, entity_type, field, old_value, new_value, method, operator, source_doc_id, reason, changed_at) VALUES ('TECH_S_751ada7fbbf4a298', 'tech', '*', NULL, '{"action": "create"}'::json, 'rule', NULL, 'mock_seed', NULL, '2026-06-15T12:00:00+00:00');
INSERT INTO tech_profile (tech_id, tech_name_cn, tech_name_en, tech_name_other, tech_domain, invention_date, application_date, tech_summary, dev_goal, project_layout, key_points, transformation_status, basic_research_status, autonomy_capability, industrial_capability, tech_advantages, current_status, trend, remark, confidence, completeness, created_at, updated_at) VALUES ('TECH_S_29e88489cb7f00f9', '高可靠神经网络芯片解决方案', 'Tech-060 仿生机械臂', NULL, '["航空航天", "深海装备"]'::json, '2019-01-18', '2025-01-04', '高可靠神经网络芯片解决方案是航空航天领域的关键技术，具有低成本等优势，应用前景广阔。', '突破航空航天核心技术瓶颈，实现自主可控。', '["航空航天基础理论", "航空航天工程化"]'::json, '["航空航天关键工艺", "航空航天系统集成"]'::json, '转化中', '基础理论已建立', '具备完全自主知识产权', '形成完整产业链', '相比同类技术，高可靠神经网络芯片解决方案在性能与成本上优势明显。', '规模化部署', '下降', '', 0.866, 0.571, '2026-06-15T12:00:00+00:00', '2026-06-15T12:00:00+00:00');
INSERT INTO tech_dev_milestone (tech_id, milestone_date, milestone_name, contributor_keywords, milestone_content, created_at, updated_at) VALUES ('TECH_S_29e88489cb7f00f9', '2011-03-08', '概念提出', '["东方未来研究院"]'::json, '概念提出：实现航空航天关键突破。', '2026-06-15T12:00:00+00:00', '2026-06-15T12:00:00+00:00');
INSERT INTO tech_dev_milestone (tech_id, milestone_date, milestone_name, contributor_keywords, milestone_content, created_at, updated_at) VALUES ('TECH_S_29e88489cb7f00f9', '2011-02-07', '实验室验证', '["华信息研究所"]'::json, '实验室验证：实现航空航天关键突破。', '2026-06-15T12:00:00+00:00', '2026-06-15T12:00:00+00:00');
INSERT INTO tech_dev_milestone (tech_id, milestone_date, milestone_name, contributor_keywords, milestone_content, created_at, updated_at) VALUES ('TECH_S_29e88489cb7f00f9', '2011-04-25', '工程样机', '["新生医研究所"]'::json, '工程样机：实现航空航天关键突破。', '2026-06-15T12:00:00+00:00', '2026-06-15T12:00:00+00:00');
INSERT INTO tech_dev_milestone (tech_id, milestone_date, milestone_name, contributor_keywords, milestone_content, created_at, updated_at) VALUES ('TECH_S_29e88489cb7f00f9', '2020-09-12', '中试成功', '["东方脑科学实验室"]'::json, '中试成功：实现航空航天关键突破。', '2026-06-15T12:00:00+00:00', '2026-06-15T12:00:00+00:00');
INSERT INTO tech_dev_milestone (tech_id, milestone_date, milestone_name, contributor_keywords, milestone_content, created_at, updated_at) VALUES ('TECH_S_29e88489cb7f00f9', '2019-05-18', '产业化', '["航天算力研究所"]'::json, '产业化：实现航空航天关键突破。', '2026-06-15T12:00:00+00:00', '2026-06-15T12:00:00+00:00');
INSERT INTO tech_funding (tech_id, amount, source, created_at, updated_at) VALUES ('TECH_S_29e88489cb7f00f9', 1000.0, '地方专项', '2026-06-15T12:00:00+00:00', '2026-06-15T12:00:00+00:00');
INSERT INTO tech_funding (tech_id, amount, source, created_at, updated_at) VALUES ('TECH_S_29e88489cb7f00f9', 8000.0, '地方专项', '2026-06-15T12:00:00+00:00', '2026-06-15T12:00:00+00:00');
INSERT INTO tech_academic_output (tech_id, name, publish_date, subject_keywords, image, created_at, updated_at) VALUES ('TECH_S_29e88489cb7f00f9', '高可靠神经网络芯片解决方案相关研究', '2021-07-11', '["东方航宇研究所"]'::json, '', '2026-06-15T12:00:00+00:00', '2026-06-15T12:00:00+00:00');
INSERT INTO tech_experiment (tech_id, content, experiment_date, result, subject_keywords, image, created_at, updated_at) VALUES ('TECH_S_29e88489cb7f00f9', '高可靠神经网络芯片解决方案原理验证实验', '2024-12-17', '实验数据达到预期指标', '["航空航天"]'::json, '', '2026-06-15T12:00:00+00:00', '2026-06-15T12:00:00+00:00');
INSERT INTO entity_change_log (entity_id, entity_type, field, old_value, new_value, method, operator, source_doc_id, reason, changed_at) VALUES ('TECH_S_29e88489cb7f00f9', 'tech', '*', NULL, '{"action": "create"}'::json, 'rule', NULL, 'mock_seed', NULL, '2026-06-15T12:00:00+00:00');
INSERT INTO tech_profile (tech_id, tech_name_cn, tech_name_en, tech_name_other, tech_domain, invention_date, application_date, tech_summary, dev_goal, project_layout, key_points, transformation_status, basic_research_status, autonomy_capability, industrial_capability, tech_advantages, current_status, trend, remark, confidence, completeness, created_at, updated_at) VALUES ('TECH_S_4783c7437003dbb6', '小型化碳纳米管平台', 'Tech-061 光量子计算', NULL, '["氢能", "先进算力"]'::json, '2003-05-16', '2018-05-22', '小型化碳纳米管平台是氢能领域的关键技术，具有高效率等优势，应用前景广阔。', '突破氢能核心技术瓶颈，实现自主可控。', '["氢能基础理论", "氢能工程化"]'::json, '["氢能关键工艺", "氢能系统集成"]'::json, '待转化', '基础理论已建立', '具备完全自主知识产权', '形成完整产业链', '相比同类技术，小型化碳纳米管平台在性能与成本上优势明显。', '工程化应用', '波动', '', 0.718, 0.793, '2026-06-15T12:00:00+00:00', '2026-06-15T12:00:00+00:00');
INSERT INTO tech_dev_milestone (tech_id, milestone_date, milestone_name, contributor_keywords, milestone_content, created_at, updated_at) VALUES ('TECH_S_4783c7437003dbb6', '2023-09-11', '概念提出', '["北方前沿实验室"]'::json, '概念提出：实现氢能关键突破。', '2026-06-15T12:00:00+00:00', '2026-06-15T12:00:00+00:00');
INSERT INTO tech_dev_milestone (tech_id, milestone_date, milestone_name, contributor_keywords, milestone_content, created_at, updated_at) VALUES ('TECH_S_4783c7437003dbb6', '2020-09-14', '实验室验证', '["航天新材集团"]'::json, '实验室验证：实现氢能关键突破。', '2026-06-15T12:00:00+00:00', '2026-06-15T12:00:00+00:00');
INSERT INTO tech_dev_milestone (tech_id, milestone_date, milestone_name, contributor_keywords, milestone_content, created_at, updated_at) VALUES ('TECH_S_4783c7437003dbb6', '2015-06-09', '工程样机', '["远算力工程技术中心"]'::json, '工程样机：实现氢能关键突破。', '2026-06-15T12:00:00+00:00', '2026-06-15T12:00:00+00:00');
INSERT INTO tech_dev_milestone (tech_id, milestone_date, milestone_name, contributor_keywords, milestone_content, created_at, updated_at) VALUES ('TECH_S_4783c7437003dbb6', '2023-03-02', '中试成功', '["南方量子科技"]'::json, '中试成功：实现氢能关键突破。', '2026-06-15T12:00:00+00:00', '2026-06-15T12:00:00+00:00');
INSERT INTO tech_dev_milestone (tech_id, milestone_date, milestone_name, contributor_keywords, milestone_content, created_at, updated_at) VALUES ('TECH_S_4783c7437003dbb6', '2014-08-28', '产业化', '["国生医科技"]'::json, '产业化：实现氢能关键突破。', '2026-06-15T12:00:00+00:00', '2026-06-15T12:00:00+00:00');
INSERT INTO tech_funding (tech_id, amount, source, created_at, updated_at) VALUES ('TECH_S_4783c7437003dbb6', 8000.0, '地方专项', '2026-06-15T12:00:00+00:00', '2026-06-15T12:00:00+00:00');
INSERT INTO tech_funding (tech_id, amount, source, created_at, updated_at) VALUES ('TECH_S_4783c7437003dbb6', 3000.0, '地方专项', '2026-06-15T12:00:00+00:00', '2026-06-15T12:00:00+00:00');
INSERT INTO tech_funding (tech_id, amount, source, created_at, updated_at) VALUES ('TECH_S_4783c7437003dbb6', 500.0, '国家自然科学基金', '2026-06-15T12:00:00+00:00', '2026-06-15T12:00:00+00:00');
INSERT INTO tech_academic_output (tech_id, name, publish_date, subject_keywords, image, created_at, updated_at) VALUES ('TECH_S_4783c7437003dbb6', '小型化碳纳米管平台相关研究', '2020-08-26', '["南方氢动科技"]'::json, '', '2026-06-15T12:00:00+00:00', '2026-06-15T12:00:00+00:00');
INSERT INTO tech_academic_output (tech_id, name, publish_date, subject_keywords, image, created_at, updated_at) VALUES ('TECH_S_4783c7437003dbb6', '小型化碳纳米管平台相关研究', '2022-05-09', '["南方氢动科技"]'::json, '', '2026-06-15T12:00:00+00:00', '2026-06-15T12:00:00+00:00');
INSERT INTO tech_experiment (tech_id, content, experiment_date, result, subject_keywords, image, created_at, updated_at) VALUES ('TECH_S_4783c7437003dbb6', '小型化碳纳米管平台原理验证实验', '2021-11-14', '实验数据达到预期指标', '["氢能"]'::json, '', '2026-06-15T12:00:00+00:00', '2026-06-15T12:00:00+00:00');
INSERT INTO entity_change_log (entity_id, entity_type, field, old_value, new_value, method, operator, source_doc_id, reason, changed_at) VALUES ('TECH_S_4783c7437003dbb6', 'tech', '*', NULL, '{"action": "create"}'::json, 'rule', NULL, 'mock_seed', NULL, '2026-06-15T12:00:00+00:00');
INSERT INTO tech_profile (tech_id, tech_name_cn, tech_name_en, tech_name_other, tech_domain, invention_date, application_date, tech_summary, dev_goal, project_layout, key_points, transformation_status, basic_research_status, autonomy_capability, industrial_capability, tech_advantages, current_status, trend, remark, confidence, completeness, created_at, updated_at) VALUES ('TECH_S_d572ed66c7ad8927', '高可靠自动驾驶域控制器解决方案', 'Tech-062 光量子计算', NULL, '["自动驾驶", "光电技术"]'::json, '2006-08-28', '2023-10-23', '高可靠自动驾驶域控制器解决方案是光电技术领域的关键技术，具有高效率等优势，应用前景广阔。', '突破光电技术核心技术瓶颈，实现自主可控。', '["光电技术基础理论", "光电技术工程化"]'::json, '["光电技术关键工艺", "光电技术系统集成"]'::json, '待转化', '基础理论已建立', '具备完全自主知识产权', '形成完整产业链', '相比同类技术，高可靠自动驾驶域控制器解决方案在性能与成本上优势明显。', '规模化部署', '稳步上升', '', 0.876, 0.555, '2026-06-15T12:00:00+00:00', '2026-06-15T12:00:00+00:00');
INSERT INTO tech_dev_milestone (tech_id, milestone_date, milestone_name, contributor_keywords, milestone_content, created_at, updated_at) VALUES ('TECH_S_d572ed66c7ad8927', '2024-02-23', '概念提出', '["新前沿研究院"]'::json, '概念提出：实现光电技术关键突破。', '2026-06-15T12:00:00+00:00', '2026-06-15T12:00:00+00:00');
INSERT INTO tech_dev_milestone (tech_id, milestone_date, milestone_name, contributor_keywords, milestone_content, created_at, updated_at) VALUES ('TECH_S_d572ed66c7ad8927', '2010-08-22', '实验室验证', '["航天储能实验室"]'::json, '实验室验证：实现光电技术关键突破。', '2026-06-15T12:00:00+00:00', '2026-06-15T12:00:00+00:00');
INSERT INTO tech_dev_milestone (tech_id, milestone_date, milestone_name, contributor_keywords, milestone_content, created_at, updated_at) VALUES ('TECH_S_d572ed66c7ad8927', '2012-01-02', '工程样机', '["航天氢动实验室"]'::json, '工程样机：实现光电技术关键突破。', '2026-06-15T12:00:00+00:00', '2026-06-15T12:00:00+00:00');
INSERT INTO tech_dev_milestone (tech_id, milestone_date, milestone_name, contributor_keywords, milestone_content, created_at, updated_at) VALUES ('TECH_S_d572ed66c7ad8927', '2012-07-13', '中试成功', '["中基因工程技术中心"]'::json, '中试成功：实现光电技术关键突破。', '2026-06-15T12:00:00+00:00', '2026-06-15T12:00:00+00:00');
INSERT INTO tech_dev_milestone (tech_id, milestone_date, milestone_name, contributor_keywords, milestone_content, created_at, updated_at) VALUES ('TECH_S_d572ed66c7ad8927', '2015-03-06', '产业化', '["国生医集团"]'::json, '产业化：实现光电技术关键突破。', '2026-06-15T12:00:00+00:00', '2026-06-15T12:00:00+00:00');
INSERT INTO tech_funding (tech_id, amount, source, created_at, updated_at) VALUES ('TECH_S_d572ed66c7ad8927', 500.0, '地方专项', '2026-06-15T12:00:00+00:00', '2026-06-15T12:00:00+00:00');
INSERT INTO tech_funding (tech_id, amount, source, created_at, updated_at) VALUES ('TECH_S_d572ed66c7ad8927', 15000.0, '企业自筹', '2026-06-15T12:00:00+00:00', '2026-06-15T12:00:00+00:00');
INSERT INTO tech_funding (tech_id, amount, source, created_at, updated_at) VALUES ('TECH_S_d572ed66c7ad8927', 8000.0, '国家重点研发计划', '2026-06-15T12:00:00+00:00', '2026-06-15T12:00:00+00:00');
INSERT INTO tech_academic_output (tech_id, name, publish_date, subject_keywords, image, created_at, updated_at) VALUES ('TECH_S_d572ed66c7ad8927', '高可靠自动驾驶域控制器解决方案相关研究', '2019-05-16', '["国新材科技"]'::json, '', '2026-06-15T12:00:00+00:00', '2026-06-15T12:00:00+00:00');
INSERT INTO tech_academic_output (tech_id, name, publish_date, subject_keywords, image, created_at, updated_at) VALUES ('TECH_S_d572ed66c7ad8927', '高可靠自动驾驶域控制器解决方案相关研究', '2020-03-28', '["航天脑科学高科"]'::json, '', '2026-06-15T12:00:00+00:00', '2026-06-15T12:00:00+00:00');
INSERT INTO tech_academic_output (tech_id, name, publish_date, subject_keywords, image, created_at, updated_at) VALUES ('TECH_S_d572ed66c7ad8927', '高可靠自动驾驶域控制器解决方案相关研究', '2018-12-24', '["新聚变工程技术中心"]'::json, '', '2026-06-15T12:00:00+00:00', '2026-06-15T12:00:00+00:00');
INSERT INTO tech_experiment (tech_id, content, experiment_date, result, subject_keywords, image, created_at, updated_at) VALUES ('TECH_S_d572ed66c7ad8927', '高可靠自动驾驶域控制器解决方案原理验证实验', '2024-05-07', '实验数据达到预期指标', '["光电技术"]'::json, '', '2026-06-15T12:00:00+00:00', '2026-06-15T12:00:00+00:00');
INSERT INTO entity_change_log (entity_id, entity_type, field, old_value, new_value, method, operator, source_doc_id, reason, changed_at) VALUES ('TECH_S_d572ed66c7ad8927', 'tech', '*', NULL, '{"action": "create"}'::json, 'rule', NULL, 'mock_seed', NULL, '2026-06-15T12:00:00+00:00');
INSERT INTO tech_profile (tech_id, tech_name_cn, tech_name_en, tech_name_other, tech_domain, invention_date, application_date, tech_summary, dev_goal, project_layout, key_points, transformation_status, basic_research_status, autonomy_capability, industrial_capability, tech_advantages, current_status, trend, remark, confidence, completeness, created_at, updated_at) VALUES ('TECH_S_92beb9105c922e49', '高可靠神经形态芯片技术', 'Tech-063 mRNA疫苗', NULL, '["增材制造", "先进算力"]'::json, '2017-09-11', '2018-12-12', '高可靠神经形态芯片技术是先进算力领域的关键技术，具有高效率等优势，应用前景广阔。', '突破先进算力核心技术瓶颈，实现自主可控。', '["先进算力基础理论", "先进算力工程化"]'::json, '["先进算力关键工艺", "先进算力系统集成"]'::json, '已转化', '基础理论已建立', '具备完全自主知识产权', '形成完整产业链', '相比同类技术，高可靠神经形态芯片技术在性能与成本上优势明显。', '工程化应用', '波动', '', 0.756, 0.577, '2026-06-15T12:00:00+00:00', '2026-06-15T12:00:00+00:00');
INSERT INTO tech_dev_milestone (tech_id, milestone_date, milestone_name, contributor_keywords, milestone_content, created_at, updated_at) VALUES ('TECH_S_92beb9105c922e49', '2013-11-09', '概念提出', '["新生医实验室"]'::json, '概念提出：实现先进算力关键突破。', '2026-06-15T12:00:00+00:00', '2026-06-15T12:00:00+00:00');
INSERT INTO tech_dev_milestone (tech_id, milestone_date, milestone_name, contributor_keywords, milestone_content, created_at, updated_at) VALUES ('TECH_S_92beb9105c922e49', '2012-04-22', '实验室验证', '["国储能研究所"]'::json, '实验室验证：实现先进算力关键突破。', '2026-06-15T12:00:00+00:00', '2026-06-15T12:00:00+00:00');
INSERT INTO tech_dev_milestone (tech_id, milestone_date, milestone_name, contributor_keywords, milestone_content, created_at, updated_at) VALUES ('TECH_S_92beb9105c922e49', '2012-04-17', '工程样机', '["东方聚变实验室"]'::json, '工程样机：实现先进算力关键突破。', '2026-06-15T12:00:00+00:00', '2026-06-15T12:00:00+00:00');
INSERT INTO tech_dev_milestone (tech_id, milestone_date, milestone_name, contributor_keywords, milestone_content, created_at, updated_at) VALUES ('TECH_S_92beb9105c922e49', '2021-06-16', '中试成功', '["中科未来实验室"]'::json, '中试成功：实现先进算力关键突破。', '2026-06-15T12:00:00+00:00', '2026-06-15T12:00:00+00:00');
INSERT INTO tech_dev_milestone (tech_id, milestone_date, milestone_name, contributor_keywords, milestone_content, created_at, updated_at) VALUES ('TECH_S_92beb9105c922e49', '2014-04-18', '产业化', '["航天储能研究院"]'::json, '产业化：实现先进算力关键突破。', '2026-06-15T12:00:00+00:00', '2026-06-15T12:00:00+00:00');
INSERT INTO tech_funding (tech_id, amount, source, created_at, updated_at) VALUES ('TECH_S_92beb9105c922e49', 3000.0, '地方专项', '2026-06-15T12:00:00+00:00', '2026-06-15T12:00:00+00:00');
INSERT INTO tech_funding (tech_id, amount, source, created_at, updated_at) VALUES ('TECH_S_92beb9105c922e49', 1000.0, '国家自然科学基金', '2026-06-15T12:00:00+00:00', '2026-06-15T12:00:00+00:00');
INSERT INTO tech_funding (tech_id, amount, source, created_at, updated_at) VALUES ('TECH_S_92beb9105c922e49', 500.0, '地方专项', '2026-06-15T12:00:00+00:00', '2026-06-15T12:00:00+00:00');
INSERT INTO tech_academic_output (tech_id, name, publish_date, subject_keywords, image, created_at, updated_at) VALUES ('TECH_S_92beb9105c922e49', '高可靠神经形态芯片技术相关研究', '2018-07-13', '["中科脑科学集团"]'::json, '', '2026-06-15T12:00:00+00:00', '2026-06-15T12:00:00+00:00');
INSERT INTO tech_experiment (tech_id, content, experiment_date, result, subject_keywords, image, created_at, updated_at) VALUES ('TECH_S_92beb9105c922e49', '高可靠神经形态芯片技术原理验证实验', '2020-08-05', '实验数据达到预期指标', '["先进算力"]'::json, '', '2026-06-15T12:00:00+00:00', '2026-06-15T12:00:00+00:00');
INSERT INTO entity_change_log (entity_id, entity_type, field, old_value, new_value, method, operator, source_doc_id, reason, changed_at) VALUES ('TECH_S_92beb9105c922e49', 'tech', '*', NULL, '{"action": "create"}'::json, 'rule', NULL, 'mock_seed', NULL, '2026-06-15T12:00:00+00:00');
INSERT INTO tech_profile (tech_id, tech_name_cn, tech_name_en, tech_name_other, tech_domain, invention_date, application_date, tech_summary, dev_goal, project_layout, key_points, transformation_status, basic_research_status, autonomy_capability, industrial_capability, tech_advantages, current_status, trend, remark, confidence, completeness, created_at, updated_at) VALUES ('TECH_S_dfdae2ed276fb7a0', '柔性自动驾驶域控制器工艺', 'Tech-064 卫星星座组网', NULL, '["无人机", "生物医药"]'::json, '2018-04-24', '2020-11-22', '柔性自动驾驶域控制器工艺是无人机领域的关键技术，具有低成本等优势，应用前景广阔。', '突破无人机核心技术瓶颈，实现自主可控。', '["无人机基础理论", "无人机工程化"]'::json, '["无人机关键工艺", "无人机系统集成"]'::json, '已转化', '基础理论已建立', '具备完全自主知识产权', '形成完整产业链', '相比同类技术，柔性自动驾驶域控制器工艺在性能与成本上优势明显。', '规模化部署', '平稳', '', 0.79, 0.932, '2026-06-15T12:00:00+00:00', '2026-06-15T12:00:00+00:00');
INSERT INTO tech_dev_milestone (tech_id, milestone_date, milestone_name, contributor_keywords, milestone_content, created_at, updated_at) VALUES ('TECH_S_dfdae2ed276fb7a0', '2016-12-26', '概念提出', '["航天光电高科"]'::json, '概念提出：实现无人机关键突破。', '2026-06-15T12:00:00+00:00', '2026-06-15T12:00:00+00:00');
INSERT INTO tech_dev_milestone (tech_id, milestone_date, milestone_name, contributor_keywords, milestone_content, created_at, updated_at) VALUES ('TECH_S_dfdae2ed276fb7a0', '2014-08-10', '实验室验证', '["中科微纳股份"]'::json, '实验室验证：实现无人机关键突破。', '2026-06-15T12:00:00+00:00', '2026-06-15T12:00:00+00:00');
INSERT INTO tech_dev_milestone (tech_id, milestone_date, milestone_name, contributor_keywords, milestone_content, created_at, updated_at) VALUES ('TECH_S_dfdae2ed276fb7a0', '2015-09-21', '工程样机', '["航天储能实验室"]'::json, '工程样机：实现无人机关键突破。', '2026-06-15T12:00:00+00:00', '2026-06-15T12:00:00+00:00');
INSERT INTO tech_dev_milestone (tech_id, milestone_date, milestone_name, contributor_keywords, milestone_content, created_at, updated_at) VALUES ('TECH_S_dfdae2ed276fb7a0', '2019-08-10', '中试成功', '["航天芯创科技"]'::json, '中试成功：实现无人机关键突破。', '2026-06-15T12:00:00+00:00', '2026-06-15T12:00:00+00:00');
INSERT INTO tech_dev_milestone (tech_id, milestone_date, milestone_name, contributor_keywords, milestone_content, created_at, updated_at) VALUES ('TECH_S_dfdae2ed276fb7a0', '2011-12-15', '产业化', '["北方前沿实验室"]'::json, '产业化：实现无人机关键突破。', '2026-06-15T12:00:00+00:00', '2026-06-15T12:00:00+00:00');
INSERT INTO tech_funding (tech_id, amount, source, created_at, updated_at) VALUES ('TECH_S_dfdae2ed276fb7a0', 1000.0, '地方专项', '2026-06-15T12:00:00+00:00', '2026-06-15T12:00:00+00:00');
INSERT INTO tech_funding (tech_id, amount, source, created_at, updated_at) VALUES ('TECH_S_dfdae2ed276fb7a0', 1000.0, '国家自然科学基金', '2026-06-15T12:00:00+00:00', '2026-06-15T12:00:00+00:00');
INSERT INTO tech_funding (tech_id, amount, source, created_at, updated_at) VALUES ('TECH_S_dfdae2ed276fb7a0', 500.0, '地方专项', '2026-06-15T12:00:00+00:00', '2026-06-15T12:00:00+00:00');
INSERT INTO tech_academic_output (tech_id, name, publish_date, subject_keywords, image, created_at, updated_at) VALUES ('TECH_S_dfdae2ed276fb7a0', '柔性自动驾驶域控制器工艺相关研究', '2018-01-12', '["新生医研究所"]'::json, '', '2026-06-15T12:00:00+00:00', '2026-06-15T12:00:00+00:00');
INSERT INTO tech_experiment (tech_id, content, experiment_date, result, subject_keywords, image, created_at, updated_at) VALUES ('TECH_S_dfdae2ed276fb7a0', '柔性自动驾驶域控制器工艺原理验证实验', '2024-06-05', '实验数据达到预期指标', '["无人机"]'::json, '', '2026-06-15T12:00:00+00:00', '2026-06-15T12:00:00+00:00');
INSERT INTO entity_change_log (entity_id, entity_type, field, old_value, new_value, method, operator, source_doc_id, reason, changed_at) VALUES ('TECH_S_dfdae2ed276fb7a0', 'tech', '*', NULL, '{"action": "create"}'::json, 'rule', NULL, 'mock_seed', NULL, '2026-06-15T12:00:00+00:00');
INSERT INTO tech_profile (tech_id, tech_name_cn, tech_name_en, tech_name_other, tech_domain, invention_date, application_date, tech_summary, dev_goal, project_layout, key_points, transformation_status, basic_research_status, autonomy_capability, industrial_capability, tech_advantages, current_status, trend, remark, confidence, completeness, created_at, updated_at) VALUES ('TECH_S_bc85fe95ad5ecd49', '低功耗光量子计算方法', 'Tech-065 毫米波雷达', NULL, '["生物医药", "氢能"]'::json, '2005-03-27', '2018-06-10', '低功耗光量子计算方法是氢能领域的关键技术，具有高效率等优势，应用前景广阔。', '突破氢能核心技术瓶颈，实现自主可控。', '["氢能基础理论", "氢能工程化"]'::json, '["氢能关键工艺", "氢能系统集成"]'::json, '待转化', '基础理论已建立', '具备完全自主知识产权', '形成完整产业链', '相比同类技术，低功耗光量子计算方法在性能与成本上优势明显。', '规模化部署', '稳步上升', '', 0.914, 0.614, '2026-06-15T12:00:00+00:00', '2026-06-15T12:00:00+00:00');
INSERT INTO tech_dev_milestone (tech_id, milestone_date, milestone_name, contributor_keywords, milestone_content, created_at, updated_at) VALUES ('TECH_S_bc85fe95ad5ecd49', '2024-11-15', '概念提出', '["东方未来研究院"]'::json, '概念提出：实现氢能关键突破。', '2026-06-15T12:00:00+00:00', '2026-06-15T12:00:00+00:00');
INSERT INTO tech_dev_milestone (tech_id, milestone_date, milestone_name, contributor_keywords, milestone_content, created_at, updated_at) VALUES ('TECH_S_bc85fe95ad5ecd49', '2014-08-09', '实验室验证', '["新基因股份"]'::json, '实验室验证：实现氢能关键突破。', '2026-06-15T12:00:00+00:00', '2026-06-15T12:00:00+00:00');
INSERT INTO tech_dev_milestone (tech_id, milestone_date, milestone_name, contributor_keywords, milestone_content, created_at, updated_at) VALUES ('TECH_S_bc85fe95ad5ecd49', '2016-12-14', '工程样机', '["新新材科技"]'::json, '工程样机：实现氢能关键突破。', '2026-06-15T12:00:00+00:00', '2026-06-15T12:00:00+00:00');
INSERT INTO tech_dev_milestone (tech_id, milestone_date, milestone_name, contributor_keywords, milestone_content, created_at, updated_at) VALUES ('TECH_S_bc85fe95ad5ecd49', '2015-12-20', '中试成功', '["国生医研究所"]'::json, '中试成功：实现氢能关键突破。', '2026-06-15T12:00:00+00:00', '2026-06-15T12:00:00+00:00');
INSERT INTO tech_dev_milestone (tech_id, milestone_date, milestone_name, contributor_keywords, milestone_content, created_at, updated_at) VALUES ('TECH_S_bc85fe95ad5ecd49', '2011-11-27', '产业化', '["东方芯创股份"]'::json, '产业化：实现氢能关键突破。', '2026-06-15T12:00:00+00:00', '2026-06-15T12:00:00+00:00');
INSERT INTO tech_funding (tech_id, amount, source, created_at, updated_at) VALUES ('TECH_S_bc85fe95ad5ecd49', 1000.0, '地方专项', '2026-06-15T12:00:00+00:00', '2026-06-15T12:00:00+00:00');
INSERT INTO tech_funding (tech_id, amount, source, created_at, updated_at) VALUES ('TECH_S_bc85fe95ad5ecd49', 3000.0, '国家自然科学基金', '2026-06-15T12:00:00+00:00', '2026-06-15T12:00:00+00:00');
INSERT INTO tech_funding (tech_id, amount, source, created_at, updated_at) VALUES ('TECH_S_bc85fe95ad5ecd49', 500.0, '国家自然科学基金', '2026-06-15T12:00:00+00:00', '2026-06-15T12:00:00+00:00');
INSERT INTO tech_academic_output (tech_id, name, publish_date, subject_keywords, image, created_at, updated_at) VALUES ('TECH_S_bc85fe95ad5ecd49', '低功耗光量子计算方法相关研究', '2020-10-14', '["东方航宇研究院"]'::json, '', '2026-06-15T12:00:00+00:00', '2026-06-15T12:00:00+00:00');
INSERT INTO tech_experiment (tech_id, content, experiment_date, result, subject_keywords, image, created_at, updated_at) VALUES ('TECH_S_bc85fe95ad5ecd49', '低功耗光量子计算方法原理验证实验', '2020-04-08', '实验数据达到预期指标', '["氢能"]'::json, '', '2026-06-15T12:00:00+00:00', '2026-06-15T12:00:00+00:00');
INSERT INTO entity_change_log (entity_id, entity_type, field, old_value, new_value, method, operator, source_doc_id, reason, changed_at) VALUES ('TECH_S_bc85fe95ad5ecd49', 'tech', '*', NULL, '{"action": "create"}'::json, 'rule', NULL, 'mock_seed', NULL, '2026-06-15T12:00:00+00:00');
INSERT INTO tech_profile (tech_id, tech_name_cn, tech_name_en, tech_name_other, tech_domain, invention_date, application_date, tech_summary, dev_goal, project_layout, key_points, transformation_status, basic_research_status, autonomy_capability, industrial_capability, tech_advantages, current_status, trend, remark, confidence, completeness, created_at, updated_at) VALUES ('TECH_S_44ed84c82a301d6c', '低功耗神经形态芯片技术', 'Tech-066 固态电池', NULL, '["深海装备", "光电技术"]'::json, '2008-09-13', '2025-08-06', '低功耗神经形态芯片技术是深海装备领域的关键技术，具有低成本等优势，应用前景广阔。', '突破深海装备核心技术瓶颈，实现自主可控。', '["深海装备基础理论", "深海装备工程化"]'::json, '["深海装备关键工艺", "深海装备系统集成"]'::json, '已转化', '基础理论已建立', '具备完全自主知识产权', '形成完整产业链', '相比同类技术，低功耗神经形态芯片技术在性能与成本上优势明显。', '规模化部署', '波动', '', 0.876, 0.81, '2026-06-15T12:00:00+00:00', '2026-06-15T12:00:00+00:00');
INSERT INTO tech_dev_milestone (tech_id, milestone_date, milestone_name, contributor_keywords, milestone_content, created_at, updated_at) VALUES ('TECH_S_44ed84c82a301d6c', '2021-10-05', '概念提出', '["中科深海研究所"]'::json, '概念提出：实现深海装备关键突破。', '2026-06-15T12:00:00+00:00', '2026-06-15T12:00:00+00:00');
INSERT INTO tech_dev_milestone (tech_id, milestone_date, milestone_name, contributor_keywords, milestone_content, created_at, updated_at) VALUES ('TECH_S_44ed84c82a301d6c', '2015-03-07', '实验室验证', '["南方算力工程技术中心"]'::json, '实验室验证：实现深海装备关键突破。', '2026-06-15T12:00:00+00:00', '2026-06-15T12:00:00+00:00');
INSERT INTO tech_dev_milestone (tech_id, milestone_date, milestone_name, contributor_keywords, milestone_content, created_at, updated_at) VALUES ('TECH_S_44ed84c82a301d6c', '2023-05-17', '工程样机', '["东方芯创股份"]'::json, '工程样机：实现深海装备关键突破。', '2026-06-15T12:00:00+00:00', '2026-06-15T12:00:00+00:00');
INSERT INTO tech_dev_milestone (tech_id, milestone_date, milestone_name, contributor_keywords, milestone_content, created_at, updated_at) VALUES ('TECH_S_44ed84c82a301d6c', '2022-08-01', '中试成功', '["中科智算工程技术中心"]'::json, '中试成功：实现深海装备关键突破。', '2026-06-15T12:00:00+00:00', '2026-06-15T12:00:00+00:00');
INSERT INTO tech_dev_milestone (tech_id, milestone_date, milestone_name, contributor_keywords, milestone_content, created_at, updated_at) VALUES ('TECH_S_44ed84c82a301d6c', '2016-07-09', '产业化', '["南方算力工程技术中心"]'::json, '产业化：实现深海装备关键突破。', '2026-06-15T12:00:00+00:00', '2026-06-15T12:00:00+00:00');
INSERT INTO tech_funding (tech_id, amount, source, created_at, updated_at) VALUES ('TECH_S_44ed84c82a301d6c', 15000.0, '国家重点研发计划', '2026-06-15T12:00:00+00:00', '2026-06-15T12:00:00+00:00');
INSERT INTO tech_funding (tech_id, amount, source, created_at, updated_at) VALUES ('TECH_S_44ed84c82a301d6c', 1000.0, '国家自然科学基金', '2026-06-15T12:00:00+00:00', '2026-06-15T12:00:00+00:00');
INSERT INTO tech_funding (tech_id, amount, source, created_at, updated_at) VALUES ('TECH_S_44ed84c82a301d6c', 3000.0, '地方专项', '2026-06-15T12:00:00+00:00', '2026-06-15T12:00:00+00:00');
INSERT INTO tech_academic_output (tech_id, name, publish_date, subject_keywords, image, created_at, updated_at) VALUES ('TECH_S_44ed84c82a301d6c', '低功耗神经形态芯片技术相关研究', '2023-01-28', '["东方未来研究院"]'::json, '', '2026-06-15T12:00:00+00:00', '2026-06-15T12:00:00+00:00');
INSERT INTO tech_experiment (tech_id, content, experiment_date, result, subject_keywords, image, created_at, updated_at) VALUES ('TECH_S_44ed84c82a301d6c', '低功耗神经形态芯片技术原理验证实验', '2023-10-22', '实验数据达到预期指标', '["深海装备"]'::json, '', '2026-06-15T12:00:00+00:00', '2026-06-15T12:00:00+00:00');
INSERT INTO entity_change_log (entity_id, entity_type, field, old_value, new_value, method, operator, source_doc_id, reason, changed_at) VALUES ('TECH_S_44ed84c82a301d6c', 'tech', '*', NULL, '{"action": "create"}'::json, 'rule', NULL, 'mock_seed', NULL, '2026-06-15T12:00:00+00:00');
INSERT INTO tech_profile (tech_id, tech_name_cn, tech_name_en, tech_name_other, tech_domain, invention_date, application_date, tech_summary, dev_goal, project_layout, key_points, transformation_status, basic_research_status, autonomy_capability, industrial_capability, tech_advantages, current_status, trend, remark, confidence, completeness, created_at, updated_at) VALUES ('TECH_S_38e3e172946da887', '高性能固态电池工艺', 'Tech-067 碳化硅功率器件', NULL, '["氢能", "基因编辑"]'::json, '2017-11-19', '2023-07-24', '高性能固态电池工艺是氢能领域的关键技术，具有高可靠性等优势，应用前景广阔。', '突破氢能核心技术瓶颈，实现自主可控。', '["氢能基础理论", "氢能工程化"]'::json, '["氢能关键工艺", "氢能系统集成"]'::json, '转化中', '基础理论已建立', '具备完全自主知识产权', '形成完整产业链', '相比同类技术，高性能固态电池工艺在性能与成本上优势明显。', '概念论证', '平稳', '', 0.718, 0.771, '2026-06-15T12:00:00+00:00', '2026-06-15T12:00:00+00:00');
INSERT INTO tech_dev_milestone (tech_id, milestone_date, milestone_name, contributor_keywords, milestone_content, created_at, updated_at) VALUES ('TECH_S_38e3e172946da887', '2010-02-15', '概念提出', '["中科深海研究所"]'::json, '概念提出：实现氢能关键突破。', '2026-06-15T12:00:00+00:00', '2026-06-15T12:00:00+00:00');
INSERT INTO tech_dev_milestone (tech_id, milestone_date, milestone_name, contributor_keywords, milestone_content, created_at, updated_at) VALUES ('TECH_S_38e3e172946da887', '2011-11-22', '实验室验证', '["国新材科技"]'::json, '实验室验证：实现氢能关键突破。', '2026-06-15T12:00:00+00:00', '2026-06-15T12:00:00+00:00');
INSERT INTO tech_dev_milestone (tech_id, milestone_date, milestone_name, contributor_keywords, milestone_content, created_at, updated_at) VALUES ('TECH_S_38e3e172946da887', '2017-01-17', '工程样机', '["新前沿科技"]'::json, '工程样机：实现氢能关键突破。', '2026-06-15T12:00:00+00:00', '2026-06-15T12:00:00+00:00');
INSERT INTO tech_dev_milestone (tech_id, milestone_date, milestone_name, contributor_keywords, milestone_content, created_at, updated_at) VALUES ('TECH_S_38e3e172946da887', '2020-12-16', '中试成功', '["航天储能实验室"]'::json, '中试成功：实现氢能关键突破。', '2026-06-15T12:00:00+00:00', '2026-06-15T12:00:00+00:00');
INSERT INTO tech_dev_milestone (tech_id, milestone_date, milestone_name, contributor_keywords, milestone_content, created_at, updated_at) VALUES ('TECH_S_38e3e172946da887', '2022-05-10', '产业化', '["国新材科技"]'::json, '产业化：实现氢能关键突破。', '2026-06-15T12:00:00+00:00', '2026-06-15T12:00:00+00:00');
INSERT INTO tech_funding (tech_id, amount, source, created_at, updated_at) VALUES ('TECH_S_38e3e172946da887', 500.0, '国家自然科学基金', '2026-06-15T12:00:00+00:00', '2026-06-15T12:00:00+00:00');
INSERT INTO tech_funding (tech_id, amount, source, created_at, updated_at) VALUES ('TECH_S_38e3e172946da887', 1000.0, '地方专项', '2026-06-15T12:00:00+00:00', '2026-06-15T12:00:00+00:00');
INSERT INTO tech_funding (tech_id, amount, source, created_at, updated_at) VALUES ('TECH_S_38e3e172946da887', 3000.0, '国家重点研发计划', '2026-06-15T12:00:00+00:00', '2026-06-15T12:00:00+00:00');
INSERT INTO tech_academic_output (tech_id, name, publish_date, subject_keywords, image, created_at, updated_at) VALUES ('TECH_S_38e3e172946da887', '高性能固态电池工艺相关研究', '2019-01-05', '["国前沿研究院"]'::json, '', '2026-06-15T12:00:00+00:00', '2026-06-15T12:00:00+00:00');
INSERT INTO tech_experiment (tech_id, content, experiment_date, result, subject_keywords, image, created_at, updated_at) VALUES ('TECH_S_38e3e172946da887', '高性能固态电池工艺原理验证实验', '2024-06-13', '实验数据达到预期指标', '["氢能"]'::json, '', '2026-06-15T12:00:00+00:00', '2026-06-15T12:00:00+00:00');
INSERT INTO entity_change_log (entity_id, entity_type, field, old_value, new_value, method, operator, source_doc_id, reason, changed_at) VALUES ('TECH_S_38e3e172946da887', 'tech', '*', NULL, '{"action": "create"}'::json, 'rule', NULL, 'mock_seed', NULL, '2026-06-15T12:00:00+00:00');
INSERT INTO tech_profile (tech_id, tech_name_cn, tech_name_en, tech_name_other, tech_domain, invention_date, application_date, tech_summary, dev_goal, project_layout, key_points, transformation_status, basic_research_status, autonomy_capability, industrial_capability, tech_advantages, current_status, trend, remark, confidence, completeness, created_at, updated_at) VALUES ('TECH_S_1c4836d73e9bdfec', '低功耗神经形态芯片技术', 'Tech-068 神经形态芯片', NULL, '["储能", "碳捕集"]'::json, '2007-05-10', '2019-02-09', '低功耗神经形态芯片技术是储能领域的关键技术，具有高可靠性等优势，应用前景广阔。', '突破储能核心技术瓶颈，实现自主可控。', '["储能基础理论", "储能工程化"]'::json, '["储能关键工艺", "储能系统集成"]'::json, '转化中', '基础理论已建立', '具备完全自主知识产权', '形成完整产业链', '相比同类技术，低功耗神经形态芯片技术在性能与成本上优势明显。', '规模化部署', '波动', '', 0.814, 0.863, '2026-06-15T12:00:00+00:00', '2026-06-15T12:00:00+00:00');
INSERT INTO tech_dev_milestone (tech_id, milestone_date, milestone_name, contributor_keywords, milestone_content, created_at, updated_at) VALUES ('TECH_S_1c4836d73e9bdfec', '2011-01-14', '概念提出', '["东方智算实验室"]'::json, '概念提出：实现储能关键突破。', '2026-06-15T12:00:00+00:00', '2026-06-15T12:00:00+00:00');
INSERT INTO tech_dev_milestone (tech_id, milestone_date, milestone_name, contributor_keywords, milestone_content, created_at, updated_at) VALUES ('TECH_S_1c4836d73e9bdfec', '2013-07-18', '实验室验证', '["航天新材集团"]'::json, '实验室验证：实现储能关键突破。', '2026-06-15T12:00:00+00:00', '2026-06-15T12:00:00+00:00');
INSERT INTO tech_dev_milestone (tech_id, milestone_date, milestone_name, contributor_keywords, milestone_content, created_at, updated_at) VALUES ('TECH_S_1c4836d73e9bdfec', '2016-11-12', '工程样机', '["北方航宇科技"]'::json, '工程样机：实现储能关键突破。', '2026-06-15T12:00:00+00:00', '2026-06-15T12:00:00+00:00');
INSERT INTO tech_dev_milestone (tech_id, milestone_date, milestone_name, contributor_keywords, milestone_content, created_at, updated_at) VALUES ('TECH_S_1c4836d73e9bdfec', '2017-11-04', '中试成功', '["航天光电高科"]'::json, '中试成功：实现储能关键突破。', '2026-06-15T12:00:00+00:00', '2026-06-15T12:00:00+00:00');
INSERT INTO tech_dev_milestone (tech_id, milestone_date, milestone_name, contributor_keywords, milestone_content, created_at, updated_at) VALUES ('TECH_S_1c4836d73e9bdfec', '2011-05-02', '产业化', '["新智算高科"]'::json, '产业化：实现储能关键突破。', '2026-06-15T12:00:00+00:00', '2026-06-15T12:00:00+00:00');
INSERT INTO tech_funding (tech_id, amount, source, created_at, updated_at) VALUES ('TECH_S_1c4836d73e9bdfec', 500.0, '企业自筹', '2026-06-15T12:00:00+00:00', '2026-06-15T12:00:00+00:00');
INSERT INTO tech_academic_output (tech_id, name, publish_date, subject_keywords, image, created_at, updated_at) VALUES ('TECH_S_1c4836d73e9bdfec', '低功耗神经形态芯片技术相关研究', '2019-09-02', '["中聚变集团"]'::json, '', '2026-06-15T12:00:00+00:00', '2026-06-15T12:00:00+00:00');
INSERT INTO tech_academic_output (tech_id, name, publish_date, subject_keywords, image, created_at, updated_at) VALUES ('TECH_S_1c4836d73e9bdfec', '低功耗神经形态芯片技术相关研究', '2022-04-09', '["国芯创研究所"]'::json, '', '2026-06-15T12:00:00+00:00', '2026-06-15T12:00:00+00:00');
INSERT INTO tech_academic_output (tech_id, name, publish_date, subject_keywords, image, created_at, updated_at) VALUES ('TECH_S_1c4836d73e9bdfec', '低功耗神经形态芯片技术相关研究', '2019-09-19', '["东方未来研究院"]'::json, '', '2026-06-15T12:00:00+00:00', '2026-06-15T12:00:00+00:00');
INSERT INTO tech_experiment (tech_id, content, experiment_date, result, subject_keywords, image, created_at, updated_at) VALUES ('TECH_S_1c4836d73e9bdfec', '低功耗神经形态芯片技术原理验证实验', '2020-11-21', '实验数据达到预期指标', '["储能"]'::json, '', '2026-06-15T12:00:00+00:00', '2026-06-15T12:00:00+00:00');
INSERT INTO entity_change_log (entity_id, entity_type, field, old_value, new_value, method, operator, source_doc_id, reason, changed_at) VALUES ('TECH_S_1c4836d73e9bdfec', 'tech', '*', NULL, '{"action": "create"}'::json, 'rule', NULL, 'mock_seed', NULL, '2026-06-15T12:00:00+00:00');
INSERT INTO tech_profile (tech_id, tech_name_cn, tech_name_en, tech_name_other, tech_domain, invention_date, application_date, tech_summary, dev_goal, project_layout, key_points, transformation_status, basic_research_status, autonomy_capability, industrial_capability, tech_advantages, current_status, trend, remark, confidence, completeness, created_at, updated_at) VALUES ('TECH_S_4610bb5aa216eb81', '柔性卫星星座组网装置', 'Tech-069 仿生机械臂', NULL, '["5G通信", "卫星互联网"]'::json, '2006-12-03', '2022-12-25', '柔性卫星星座组网装置是5G通信领域的关键技术，具有低成本等优势，应用前景广阔。', '突破5G通信核心技术瓶颈，实现自主可控。', '["5G通信基础理论", "5G通信工程化"]'::json, '["5G通信关键工艺", "5G通信系统集成"]'::json, '待转化', '基础理论已建立', '具备完全自主知识产权', '形成完整产业链', '相比同类技术，柔性卫星星座组网装置在性能与成本上优势明显。', '实验室阶段', '下降', '', 0.924, 0.606, '2026-06-15T12:00:00+00:00', '2026-06-15T12:00:00+00:00');
INSERT INTO tech_dev_milestone (tech_id, milestone_date, milestone_name, contributor_keywords, milestone_content, created_at, updated_at) VALUES ('TECH_S_4610bb5aa216eb81', '2021-02-27', '概念提出', '["北方储能科技"]'::json, '概念提出：实现5G通信关键突破。', '2026-06-15T12:00:00+00:00', '2026-06-15T12:00:00+00:00');
INSERT INTO tech_dev_milestone (tech_id, milestone_date, milestone_name, contributor_keywords, milestone_content, created_at, updated_at) VALUES ('TECH_S_4610bb5aa216eb81', '2013-03-11', '实验室验证', '["中科聚变集团"]'::json, '实验室验证：实现5G通信关键突破。', '2026-06-15T12:00:00+00:00', '2026-06-15T12:00:00+00:00');
INSERT INTO tech_dev_milestone (tech_id, milestone_date, milestone_name, contributor_keywords, milestone_content, created_at, updated_at) VALUES ('TECH_S_4610bb5aa216eb81', '2023-03-22', '工程样机', '["新生医研究所"]'::json, '工程样机：实现5G通信关键突破。', '2026-06-15T12:00:00+00:00', '2026-06-15T12:00:00+00:00');
INSERT INTO tech_dev_milestone (tech_id, milestone_date, milestone_name, contributor_keywords, milestone_content, created_at, updated_at) VALUES ('TECH_S_4610bb5aa216eb81', '2021-03-04', '中试成功', '["中聚变研究所"]'::json, '中试成功：实现5G通信关键突破。', '2026-06-15T12:00:00+00:00', '2026-06-15T12:00:00+00:00');
INSERT INTO tech_dev_milestone (tech_id, milestone_date, milestone_name, contributor_keywords, milestone_content, created_at, updated_at) VALUES ('TECH_S_4610bb5aa216eb81', '2017-01-17', '产业化', '["新新材科技"]'::json, '产业化：实现5G通信关键突破。', '2026-06-15T12:00:00+00:00', '2026-06-15T12:00:00+00:00');
INSERT INTO tech_funding (tech_id, amount, source, created_at, updated_at) VALUES ('TECH_S_4610bb5aa216eb81', 3000.0, '国家自然科学基金', '2026-06-15T12:00:00+00:00', '2026-06-15T12:00:00+00:00');
INSERT INTO tech_funding (tech_id, amount, source, created_at, updated_at) VALUES ('TECH_S_4610bb5aa216eb81', 1000.0, '企业自筹', '2026-06-15T12:00:00+00:00', '2026-06-15T12:00:00+00:00');
INSERT INTO tech_funding (tech_id, amount, source, created_at, updated_at) VALUES ('TECH_S_4610bb5aa216eb81', 8000.0, '国家自然科学基金', '2026-06-15T12:00:00+00:00', '2026-06-15T12:00:00+00:00');
INSERT INTO tech_academic_output (tech_id, name, publish_date, subject_keywords, image, created_at, updated_at) VALUES ('TECH_S_4610bb5aa216eb81', '柔性卫星星座组网装置相关研究', '2020-06-27', '["东方脑科学科技"]'::json, '', '2026-06-15T12:00:00+00:00', '2026-06-15T12:00:00+00:00');
INSERT INTO tech_academic_output (tech_id, name, publish_date, subject_keywords, image, created_at, updated_at) VALUES ('TECH_S_4610bb5aa216eb81', '柔性卫星星座组网装置相关研究', '2022-02-03', '["航天航宇研究院"]'::json, '', '2026-06-15T12:00:00+00:00', '2026-06-15T12:00:00+00:00');
INSERT INTO tech_experiment (tech_id, content, experiment_date, result, subject_keywords, image, created_at, updated_at) VALUES ('TECH_S_4610bb5aa216eb81', '柔性卫星星座组网装置原理验证实验', '2024-12-19', '实验数据达到预期指标', '["5G通信"]'::json, '', '2026-06-15T12:00:00+00:00', '2026-06-15T12:00:00+00:00');
INSERT INTO entity_change_log (entity_id, entity_type, field, old_value, new_value, method, operator, source_doc_id, reason, changed_at) VALUES ('TECH_S_4610bb5aa216eb81', 'tech', '*', NULL, '{"action": "create"}'::json, 'rule', NULL, 'mock_seed', NULL, '2026-06-15T12:00:00+00:00');
INSERT INTO tech_profile (tech_id, tech_name_cn, tech_name_en, tech_name_other, tech_domain, invention_date, application_date, tech_summary, dev_goal, project_layout, key_points, transformation_status, basic_research_status, autonomy_capability, industrial_capability, tech_advantages, current_status, trend, remark, confidence, completeness, created_at, updated_at) VALUES ('TECH_S_6d879e472ceada57', '智能化自动驾驶域控制器解决方案', 'Tech-070 氢燃料电池电堆', NULL, '["半导体", "5G通信"]'::json, '2020-07-18', '2018-07-16', '智能化自动驾驶域控制器解决方案是半导体领域的关键技术，具有高效率等优势，应用前景广阔。', '突破半导体核心技术瓶颈，实现自主可控。', '["半导体基础理论", "半导体工程化"]'::json, '["半导体关键工艺", "半导体系统集成"]'::json, '转化中', '基础理论已建立', '具备完全自主知识产权', '形成完整产业链', '相比同类技术，智能化自动驾驶域控制器解决方案在性能与成本上优势明显。', '概念论证', '稳步上升', '', 0.786, 0.585, '2026-06-15T12:00:00+00:00', '2026-06-15T12:00:00+00:00');
INSERT INTO tech_dev_milestone (tech_id, milestone_date, milestone_name, contributor_keywords, milestone_content, created_at, updated_at) VALUES ('TECH_S_6d879e472ceada57', '2024-10-23', '概念提出', '["东方智算实验室"]'::json, '概念提出：实现半导体关键突破。', '2026-06-15T12:00:00+00:00', '2026-06-15T12:00:00+00:00');
INSERT INTO tech_dev_milestone (tech_id, milestone_date, milestone_name, contributor_keywords, milestone_content, created_at, updated_at) VALUES ('TECH_S_6d879e472ceada57', '2010-10-27', '实验室验证', '["华聚变高科"]'::json, '实验室验证：实现半导体关键突破。', '2026-06-15T12:00:00+00:00', '2026-06-15T12:00:00+00:00');
INSERT INTO tech_dev_milestone (tech_id, milestone_date, milestone_name, contributor_keywords, milestone_content, created_at, updated_at) VALUES ('TECH_S_6d879e472ceada57', '2017-10-28', '工程样机', '["南方光电研究所"]'::json, '工程样机：实现半导体关键突破。', '2026-06-15T12:00:00+00:00', '2026-06-15T12:00:00+00:00');
INSERT INTO tech_dev_milestone (tech_id, milestone_date, milestone_name, contributor_keywords, milestone_content, created_at, updated_at) VALUES ('TECH_S_6d879e472ceada57', '2012-06-18', '中试成功', '["中聚变研究所"]'::json, '中试成功：实现半导体关键突破。', '2026-06-15T12:00:00+00:00', '2026-06-15T12:00:00+00:00');
INSERT INTO tech_dev_milestone (tech_id, milestone_date, milestone_name, contributor_keywords, milestone_content, created_at, updated_at) VALUES ('TECH_S_6d879e472ceada57', '2019-07-01', '产业化', '["航天氢动实验室"]'::json, '产业化：实现半导体关键突破。', '2026-06-15T12:00:00+00:00', '2026-06-15T12:00:00+00:00');
INSERT INTO tech_funding (tech_id, amount, source, created_at, updated_at) VALUES ('TECH_S_6d879e472ceada57', 500.0, '国家重点研发计划', '2026-06-15T12:00:00+00:00', '2026-06-15T12:00:00+00:00');
INSERT INTO tech_academic_output (tech_id, name, publish_date, subject_keywords, image, created_at, updated_at) VALUES ('TECH_S_6d879e472ceada57', '智能化自动驾驶域控制器解决方案相关研究', '2019-11-26', '["中生医研究所"]'::json, '', '2026-06-15T12:00:00+00:00', '2026-06-15T12:00:00+00:00');
INSERT INTO tech_academic_output (tech_id, name, publish_date, subject_keywords, image, created_at, updated_at) VALUES ('TECH_S_6d879e472ceada57', '智能化自动驾驶域控制器解决方案相关研究', '2020-01-01', '["中科未来实验室"]'::json, '', '2026-06-15T12:00:00+00:00', '2026-06-15T12:00:00+00:00');
INSERT INTO tech_academic_output (tech_id, name, publish_date, subject_keywords, image, created_at, updated_at) VALUES ('TECH_S_6d879e472ceada57', '智能化自动驾驶域控制器解决方案相关研究', '2022-09-03', '["东方芯创集团"]'::json, '', '2026-06-15T12:00:00+00:00', '2026-06-15T12:00:00+00:00');
INSERT INTO tech_experiment (tech_id, content, experiment_date, result, subject_keywords, image, created_at, updated_at) VALUES ('TECH_S_6d879e472ceada57', '智能化自动驾驶域控制器解决方案原理验证实验', '2021-07-22', '实验数据达到预期指标', '["半导体"]'::json, '', '2026-06-15T12:00:00+00:00', '2026-06-15T12:00:00+00:00');
INSERT INTO entity_change_log (entity_id, entity_type, field, old_value, new_value, method, operator, source_doc_id, reason, changed_at) VALUES ('TECH_S_6d879e472ceada57', 'tech', '*', NULL, '{"action": "create"}'::json, 'rule', NULL, 'mock_seed', NULL, '2026-06-15T12:00:00+00:00');
INSERT INTO tech_profile (tech_id, tech_name_cn, tech_name_en, tech_name_other, tech_domain, invention_date, application_date, tech_summary, dev_goal, project_layout, key_points, transformation_status, basic_research_status, autonomy_capability, industrial_capability, tech_advantages, current_status, trend, remark, confidence, completeness, created_at, updated_at) VALUES ('TECH_S_c0b8b5d8a2deab36', '高可靠钙钛矿太阳能电池工艺', 'Tech-071 固态电池', NULL, '["航空航天", "碳捕集"]'::json, '2014-02-22', '2023-11-12', '高可靠钙钛矿太阳能电池工艺是航空航天领域的关键技术，具有高效率等优势，应用前景广阔。', '突破航空航天核心技术瓶颈，实现自主可控。', '["航空航天基础理论", "航空航天工程化"]'::json, '["航空航天关键工艺", "航空航天系统集成"]'::json, '转化中', '基础理论已建立', '具备完全自主知识产权', '形成完整产业链', '相比同类技术，高可靠钙钛矿太阳能电池工艺在性能与成本上优势明显。', '工程化应用', '快速上升', '', 0.823, 0.693, '2026-06-15T12:00:00+00:00', '2026-06-15T12:00:00+00:00');
INSERT INTO tech_dev_milestone (tech_id, milestone_date, milestone_name, contributor_keywords, milestone_content, created_at, updated_at) VALUES ('TECH_S_c0b8b5d8a2deab36', '2014-05-08', '概念提出', '["中聚变研究所"]'::json, '概念提出：实现航空航天关键突破。', '2026-06-15T12:00:00+00:00', '2026-06-15T12:00:00+00:00');
INSERT INTO tech_dev_milestone (tech_id, milestone_date, milestone_name, contributor_keywords, milestone_content, created_at, updated_at) VALUES ('TECH_S_c0b8b5d8a2deab36', '2011-12-28', '实验室验证', '["国生医科技"]'::json, '实验室验证：实现航空航天关键突破。', '2026-06-15T12:00:00+00:00', '2026-06-15T12:00:00+00:00');
INSERT INTO tech_dev_milestone (tech_id, milestone_date, milestone_name, contributor_keywords, milestone_content, created_at, updated_at) VALUES ('TECH_S_c0b8b5d8a2deab36', '2010-09-23', '工程样机', '["新芯创高科"]'::json, '工程样机：实现航空航天关键突破。', '2026-06-15T12:00:00+00:00', '2026-06-15T12:00:00+00:00');
INSERT INTO tech_dev_milestone (tech_id, milestone_date, milestone_name, contributor_keywords, milestone_content, created_at, updated_at) VALUES ('TECH_S_c0b8b5d8a2deab36', '2015-09-13', '中试成功', '["东方脑科学科技"]'::json, '中试成功：实现航空航天关键突破。', '2026-06-15T12:00:00+00:00', '2026-06-15T12:00:00+00:00');
INSERT INTO tech_dev_milestone (tech_id, milestone_date, milestone_name, contributor_keywords, milestone_content, created_at, updated_at) VALUES ('TECH_S_c0b8b5d8a2deab36', '2011-04-15', '产业化', '["新基因实验室"]'::json, '产业化：实现航空航天关键突破。', '2026-06-15T12:00:00+00:00', '2026-06-15T12:00:00+00:00');
INSERT INTO tech_funding (tech_id, amount, source, created_at, updated_at) VALUES ('TECH_S_c0b8b5d8a2deab36', 3000.0, '企业自筹', '2026-06-15T12:00:00+00:00', '2026-06-15T12:00:00+00:00');
INSERT INTO tech_funding (tech_id, amount, source, created_at, updated_at) VALUES ('TECH_S_c0b8b5d8a2deab36', 500.0, '国家自然科学基金', '2026-06-15T12:00:00+00:00', '2026-06-15T12:00:00+00:00');
INSERT INTO tech_academic_output (tech_id, name, publish_date, subject_keywords, image, created_at, updated_at) VALUES ('TECH_S_c0b8b5d8a2deab36', '高可靠钙钛矿太阳能电池工艺相关研究', '2020-09-05', '["远储能研究院"]'::json, '', '2026-06-15T12:00:00+00:00', '2026-06-15T12:00:00+00:00');
INSERT INTO tech_academic_output (tech_id, name, publish_date, subject_keywords, image, created_at, updated_at) VALUES ('TECH_S_c0b8b5d8a2deab36', '高可靠钙钛矿太阳能电池工艺相关研究', '2019-06-11', '["中聚变集团"]'::json, '', '2026-06-15T12:00:00+00:00', '2026-06-15T12:00:00+00:00');
INSERT INTO tech_academic_output (tech_id, name, publish_date, subject_keywords, image, created_at, updated_at) VALUES ('TECH_S_c0b8b5d8a2deab36', '高可靠钙钛矿太阳能电池工艺相关研究', '2023-11-20', '["新新材科技"]'::json, '', '2026-06-15T12:00:00+00:00', '2026-06-15T12:00:00+00:00');
INSERT INTO tech_experiment (tech_id, content, experiment_date, result, subject_keywords, image, created_at, updated_at) VALUES ('TECH_S_c0b8b5d8a2deab36', '高可靠钙钛矿太阳能电池工艺原理验证实验', '2020-11-13', '实验数据达到预期指标', '["航空航天"]'::json, '', '2026-06-15T12:00:00+00:00', '2026-06-15T12:00:00+00:00');
INSERT INTO entity_change_log (entity_id, entity_type, field, old_value, new_value, method, operator, source_doc_id, reason, changed_at) VALUES ('TECH_S_c0b8b5d8a2deab36', 'tech', '*', NULL, '{"action": "create"}'::json, 'rule', NULL, 'mock_seed', NULL, '2026-06-15T12:00:00+00:00');
INSERT INTO tech_profile (tech_id, tech_name_cn, tech_name_en, tech_name_other, tech_domain, invention_date, application_date, tech_summary, dev_goal, project_layout, key_points, transformation_status, basic_research_status, autonomy_capability, industrial_capability, tech_advantages, current_status, trend, remark, confidence, completeness, created_at, updated_at) VALUES ('TECH_S_ed6b697d49752c9c', '分布式碳纳米管方法', 'Tech-072 碳纳米管', NULL, '["集成电路", "基因编辑"]'::json, '2008-10-11', '2021-07-24', '分布式碳纳米管方法是集成电路领域的关键技术，具有高可靠性等优势，应用前景广阔。', '突破集成电路核心技术瓶颈，实现自主可控。', '["集成电路基础理论", "集成电路工程化"]'::json, '["集成电路关键工艺", "集成电路系统集成"]'::json, '待转化', '基础理论已建立', '具备完全自主知识产权', '形成完整产业链', '相比同类技术，分布式碳纳米管方法在性能与成本上优势明显。', '工程化应用', '下降', '', 0.812, 0.575, '2026-06-15T12:00:00+00:00', '2026-06-15T12:00:00+00:00');
INSERT INTO tech_dev_milestone (tech_id, milestone_date, milestone_name, contributor_keywords, milestone_content, created_at, updated_at) VALUES ('TECH_S_ed6b697d49752c9c', '2010-07-06', '概念提出', '["中科智算工程技术中心"]'::json, '概念提出：实现集成电路关键突破。', '2026-06-15T12:00:00+00:00', '2026-06-15T12:00:00+00:00');
INSERT INTO tech_dev_milestone (tech_id, milestone_date, milestone_name, contributor_keywords, milestone_content, created_at, updated_at) VALUES ('TECH_S_ed6b697d49752c9c', '2016-11-24', '实验室验证', '["东方生医科技"]'::json, '实验室验证：实现集成电路关键突破。', '2026-06-15T12:00:00+00:00', '2026-06-15T12:00:00+00:00');
INSERT INTO tech_dev_milestone (tech_id, milestone_date, milestone_name, contributor_keywords, milestone_content, created_at, updated_at) VALUES ('TECH_S_ed6b697d49752c9c', '2011-09-05', '工程样机', '["南方量子科技"]'::json, '工程样机：实现集成电路关键突破。', '2026-06-15T12:00:00+00:00', '2026-06-15T12:00:00+00:00');
INSERT INTO tech_dev_milestone (tech_id, milestone_date, milestone_name, contributor_keywords, milestone_content, created_at, updated_at) VALUES ('TECH_S_ed6b697d49752c9c', '2023-01-16', '中试成功', '["国航宇高科"]'::json, '中试成功：实现集成电路关键突破。', '2026-06-15T12:00:00+00:00', '2026-06-15T12:00:00+00:00');
INSERT INTO tech_dev_milestone (tech_id, milestone_date, milestone_name, contributor_keywords, milestone_content, created_at, updated_at) VALUES ('TECH_S_ed6b697d49752c9c', '2015-05-21', '产业化', '["航天算力研究院"]'::json, '产业化：实现集成电路关键突破。', '2026-06-15T12:00:00+00:00', '2026-06-15T12:00:00+00:00');
INSERT INTO tech_funding (tech_id, amount, source, created_at, updated_at) VALUES ('TECH_S_ed6b697d49752c9c', 3000.0, '企业自筹', '2026-06-15T12:00:00+00:00', '2026-06-15T12:00:00+00:00');
INSERT INTO tech_funding (tech_id, amount, source, created_at, updated_at) VALUES ('TECH_S_ed6b697d49752c9c', 8000.0, '企业自筹', '2026-06-15T12:00:00+00:00', '2026-06-15T12:00:00+00:00');
INSERT INTO tech_funding (tech_id, amount, source, created_at, updated_at) VALUES ('TECH_S_ed6b697d49752c9c', 500.0, '地方专项', '2026-06-15T12:00:00+00:00', '2026-06-15T12:00:00+00:00');
INSERT INTO tech_academic_output (tech_id, name, publish_date, subject_keywords, image, created_at, updated_at) VALUES ('TECH_S_ed6b697d49752c9c', '分布式碳纳米管方法相关研究', '2020-04-08', '["航天氢动实验室"]'::json, '', '2026-06-15T12:00:00+00:00', '2026-06-15T12:00:00+00:00');
INSERT INTO tech_experiment (tech_id, content, experiment_date, result, subject_keywords, image, created_at, updated_at) VALUES ('TECH_S_ed6b697d49752c9c', '分布式碳纳米管方法原理验证实验', '2021-02-24', '实验数据达到预期指标', '["集成电路"]'::json, '', '2026-06-15T12:00:00+00:00', '2026-06-15T12:00:00+00:00');
INSERT INTO entity_change_log (entity_id, entity_type, field, old_value, new_value, method, operator, source_doc_id, reason, changed_at) VALUES ('TECH_S_ed6b697d49752c9c', 'tech', '*', NULL, '{"action": "create"}'::json, 'rule', NULL, 'mock_seed', NULL, '2026-06-15T12:00:00+00:00');
INSERT INTO tech_profile (tech_id, tech_name_cn, tech_name_en, tech_name_other, tech_domain, invention_date, application_date, tech_summary, dev_goal, project_layout, key_points, transformation_status, basic_research_status, autonomy_capability, industrial_capability, tech_advantages, current_status, trend, remark, confidence, completeness, created_at, updated_at) VALUES ('TECH_S_8ac304f0e121d814', '分布式金属3D打印技术', 'Tech-073 太赫兹通信', NULL, '["无人机", "基因编辑"]'::json, '2015-07-16', '2022-05-16', '分布式金属3D打印技术是基因编辑领域的关键技术，具有高可靠性等优势，应用前景广阔。', '突破基因编辑核心技术瓶颈，实现自主可控。', '["基因编辑基础理论", "基因编辑工程化"]'::json, '["基因编辑关键工艺", "基因编辑系统集成"]'::json, '已转化', '基础理论已建立', '具备完全自主知识产权', '形成完整产业链', '相比同类技术，分布式金属3D打印技术在性能与成本上优势明显。', '工程化应用', '波动', '', 0.729, 0.779, '2026-06-15T12:00:00+00:00', '2026-06-15T12:00:00+00:00');
INSERT INTO tech_dev_milestone (tech_id, milestone_date, milestone_name, contributor_keywords, milestone_content, created_at, updated_at) VALUES ('TECH_S_8ac304f0e121d814', '2022-04-27', '概念提出', '["航天氢动集团"]'::json, '概念提出：实现基因编辑关键突破。', '2026-06-15T12:00:00+00:00', '2026-06-15T12:00:00+00:00');
INSERT INTO tech_dev_milestone (tech_id, milestone_date, milestone_name, contributor_keywords, milestone_content, created_at, updated_at) VALUES ('TECH_S_8ac304f0e121d814', '2024-02-08', '实验室验证', '["东方储能高科"]'::json, '实验室验证：实现基因编辑关键突破。', '2026-06-15T12:00:00+00:00', '2026-06-15T12:00:00+00:00');
INSERT INTO tech_dev_milestone (tech_id, milestone_date, milestone_name, contributor_keywords, milestone_content, created_at, updated_at) VALUES ('TECH_S_8ac304f0e121d814', '2021-12-10', '工程样机', '["东方未来研究院"]'::json, '工程样机：实现基因编辑关键突破。', '2026-06-15T12:00:00+00:00', '2026-06-15T12:00:00+00:00');
INSERT INTO tech_dev_milestone (tech_id, milestone_date, milestone_name, contributor_keywords, milestone_content, created_at, updated_at) VALUES ('TECH_S_8ac304f0e121d814', '2012-10-23', '中试成功', '["航天算力研究院"]'::json, '中试成功：实现基因编辑关键突破。', '2026-06-15T12:00:00+00:00', '2026-06-15T12:00:00+00:00');
INSERT INTO tech_dev_milestone (tech_id, milestone_date, milestone_name, contributor_keywords, milestone_content, created_at, updated_at) VALUES ('TECH_S_8ac304f0e121d814', '2016-07-06', '产业化', '["中先进研究院"]'::json, '产业化：实现基因编辑关键突破。', '2026-06-15T12:00:00+00:00', '2026-06-15T12:00:00+00:00');
INSERT INTO tech_funding (tech_id, amount, source, created_at, updated_at) VALUES ('TECH_S_8ac304f0e121d814', 500.0, '国家重点研发计划', '2026-06-15T12:00:00+00:00', '2026-06-15T12:00:00+00:00');
INSERT INTO tech_academic_output (tech_id, name, publish_date, subject_keywords, image, created_at, updated_at) VALUES ('TECH_S_8ac304f0e121d814', '分布式金属3D打印技术相关研究', '2018-12-07', '["中光电实验室"]'::json, '', '2026-06-15T12:00:00+00:00', '2026-06-15T12:00:00+00:00');
INSERT INTO tech_experiment (tech_id, content, experiment_date, result, subject_keywords, image, created_at, updated_at) VALUES ('TECH_S_8ac304f0e121d814', '分布式金属3D打印技术原理验证实验', '2022-10-18', '实验数据达到预期指标', '["基因编辑"]'::json, '', '2026-06-15T12:00:00+00:00', '2026-06-15T12:00:00+00:00');
INSERT INTO entity_change_log (entity_id, entity_type, field, old_value, new_value, method, operator, source_doc_id, reason, changed_at) VALUES ('TECH_S_8ac304f0e121d814', 'tech', '*', NULL, '{"action": "create"}'::json, 'rule', NULL, 'mock_seed', NULL, '2026-06-15T12:00:00+00:00');
INSERT INTO tech_profile (tech_id, tech_name_cn, tech_name_en, tech_name_other, tech_domain, invention_date, application_date, tech_summary, dev_goal, project_layout, key_points, transformation_status, basic_research_status, autonomy_capability, industrial_capability, tech_advantages, current_status, trend, remark, confidence, completeness, created_at, updated_at) VALUES ('TECH_S_6d43ddb83593c73d', '小型化自动驾驶域控制器技术', 'Tech-074 类脑计算架构', NULL, '["无人机", "碳捕集"]'::json, '2000-07-22', '2022-04-21', '小型化自动驾驶域控制器技术是碳捕集领域的关键技术，具有高可靠性等优势，应用前景广阔。', '突破碳捕集核心技术瓶颈，实现自主可控。', '["碳捕集基础理论", "碳捕集工程化"]'::json, '["碳捕集关键工艺", "碳捕集系统集成"]'::json, '转化中', '基础理论已建立', '具备完全自主知识产权', '形成完整产业链', '相比同类技术，小型化自动驾驶域控制器技术在性能与成本上优势明显。', '概念论证', '下降', '', 0.777, 0.681, '2026-06-15T12:00:00+00:00', '2026-06-15T12:00:00+00:00');
INSERT INTO tech_dev_milestone (tech_id, milestone_date, milestone_name, contributor_keywords, milestone_content, created_at, updated_at) VALUES ('TECH_S_6d43ddb83593c73d', '2021-04-06', '概念提出', '["东方脑科学科技"]'::json, '概念提出：实现碳捕集关键突破。', '2026-06-15T12:00:00+00:00', '2026-06-15T12:00:00+00:00');
INSERT INTO tech_dev_milestone (tech_id, milestone_date, milestone_name, contributor_keywords, milestone_content, created_at, updated_at) VALUES ('TECH_S_6d43ddb83593c73d', '2017-01-02', '实验室验证', '["新新材科技"]'::json, '实验室验证：实现碳捕集关键突破。', '2026-06-15T12:00:00+00:00', '2026-06-15T12:00:00+00:00');
INSERT INTO tech_dev_milestone (tech_id, milestone_date, milestone_name, contributor_keywords, milestone_content, created_at, updated_at) VALUES ('TECH_S_6d43ddb83593c73d', '2016-05-16', '工程样机', '["航天算力研究院"]'::json, '工程样机：实现碳捕集关键突破。', '2026-06-15T12:00:00+00:00', '2026-06-15T12:00:00+00:00');
INSERT INTO tech_dev_milestone (tech_id, milestone_date, milestone_name, contributor_keywords, milestone_content, created_at, updated_at) VALUES ('TECH_S_6d43ddb83593c73d', '2020-01-27', '中试成功', '["南方量子科技"]'::json, '中试成功：实现碳捕集关键突破。', '2026-06-15T12:00:00+00:00', '2026-06-15T12:00:00+00:00');
INSERT INTO tech_dev_milestone (tech_id, milestone_date, milestone_name, contributor_keywords, milestone_content, created_at, updated_at) VALUES ('TECH_S_6d43ddb83593c73d', '2022-12-03', '产业化', '["中光电实验室"]'::json, '产业化：实现碳捕集关键突破。', '2026-06-15T12:00:00+00:00', '2026-06-15T12:00:00+00:00');
INSERT INTO tech_funding (tech_id, amount, source, created_at, updated_at) VALUES ('TECH_S_6d43ddb83593c73d', 3000.0, '国家自然科学基金', '2026-06-15T12:00:00+00:00', '2026-06-15T12:00:00+00:00');
INSERT INTO tech_academic_output (tech_id, name, publish_date, subject_keywords, image, created_at, updated_at) VALUES ('TECH_S_6d43ddb83593c73d', '小型化自动驾驶域控制器技术相关研究', '2019-10-18', '["华信息高科"]'::json, '', '2026-06-15T12:00:00+00:00', '2026-06-15T12:00:00+00:00');
INSERT INTO tech_academic_output (tech_id, name, publish_date, subject_keywords, image, created_at, updated_at) VALUES ('TECH_S_6d43ddb83593c73d', '小型化自动驾驶域控制器技术相关研究', '2023-11-15', '["东方脑科学科技"]'::json, '', '2026-06-15T12:00:00+00:00', '2026-06-15T12:00:00+00:00');
INSERT INTO tech_academic_output (tech_id, name, publish_date, subject_keywords, image, created_at, updated_at) VALUES ('TECH_S_6d43ddb83593c73d', '小型化自动驾驶域控制器技术相关研究', '2024-04-03', '["北方未来高科"]'::json, '', '2026-06-15T12:00:00+00:00', '2026-06-15T12:00:00+00:00');
INSERT INTO tech_experiment (tech_id, content, experiment_date, result, subject_keywords, image, created_at, updated_at) VALUES ('TECH_S_6d43ddb83593c73d', '小型化自动驾驶域控制器技术原理验证实验', '2023-05-10', '实验数据达到预期指标', '["碳捕集"]'::json, '', '2026-06-15T12:00:00+00:00', '2026-06-15T12:00:00+00:00');
INSERT INTO entity_change_log (entity_id, entity_type, field, old_value, new_value, method, operator, source_doc_id, reason, changed_at) VALUES ('TECH_S_6d43ddb83593c73d', 'tech', '*', NULL, '{"action": "create"}'::json, 'rule', NULL, 'mock_seed', NULL, '2026-06-15T12:00:00+00:00');
INSERT INTO tech_profile (tech_id, tech_name_cn, tech_name_en, tech_name_other, tech_domain, invention_date, application_date, tech_summary, dev_goal, project_layout, key_points, transformation_status, basic_research_status, autonomy_capability, industrial_capability, tech_advantages, current_status, trend, remark, confidence, completeness, created_at, updated_at) VALUES ('TECH_S_e26ac8d2c3b2fe90', '柔性量子纠错码方法', 'Tech-075 卫星星座组网', NULL, '["新材料", "机器人"]'::json, '2019-10-14', '2025-11-05', '柔性量子纠错码方法是新材料领域的关键技术，具有低成本等优势，应用前景广阔。', '突破新材料核心技术瓶颈，实现自主可控。', '["新材料基础理论", "新材料工程化"]'::json, '["新材料关键工艺", "新材料系统集成"]'::json, '待转化', '基础理论已建立', '具备完全自主知识产权', '形成完整产业链', '相比同类技术，柔性量子纠错码方法在性能与成本上优势明显。', '概念论证', '下降', '', 0.782, 0.616, '2026-06-15T12:00:00+00:00', '2026-06-15T12:00:00+00:00');
INSERT INTO tech_dev_milestone (tech_id, milestone_date, milestone_name, contributor_keywords, milestone_content, created_at, updated_at) VALUES ('TECH_S_e26ac8d2c3b2fe90', '2024-07-25', '概念提出', '["远量子实验室"]'::json, '概念提出：实现新材料关键突破。', '2026-06-15T12:00:00+00:00', '2026-06-15T12:00:00+00:00');
INSERT INTO tech_dev_milestone (tech_id, milestone_date, milestone_name, contributor_keywords, milestone_content, created_at, updated_at) VALUES ('TECH_S_e26ac8d2c3b2fe90', '2023-01-09', '实验室验证', '["中科智算工程技术中心"]'::json, '实验室验证：实现新材料关键突破。', '2026-06-15T12:00:00+00:00', '2026-06-15T12:00:00+00:00');
INSERT INTO tech_dev_milestone (tech_id, milestone_date, milestone_name, contributor_keywords, milestone_content, created_at, updated_at) VALUES ('TECH_S_e26ac8d2c3b2fe90', '2019-08-12', '工程样机', '["南方量子科技"]'::json, '工程样机：实现新材料关键突破。', '2026-06-15T12:00:00+00:00', '2026-06-15T12:00:00+00:00');
INSERT INTO tech_dev_milestone (tech_id, milestone_date, milestone_name, contributor_keywords, milestone_content, created_at, updated_at) VALUES ('TECH_S_e26ac8d2c3b2fe90', '2023-01-27', '中试成功', '["新聚变工程技术中心"]'::json, '中试成功：实现新材料关键突破。', '2026-06-15T12:00:00+00:00', '2026-06-15T12:00:00+00:00');
INSERT INTO tech_dev_milestone (tech_id, milestone_date, milestone_name, contributor_keywords, milestone_content, created_at, updated_at) VALUES ('TECH_S_e26ac8d2c3b2fe90', '2014-12-06', '产业化', '["中科天网研究所"]'::json, '产业化：实现新材料关键突破。', '2026-06-15T12:00:00+00:00', '2026-06-15T12:00:00+00:00');
INSERT INTO tech_funding (tech_id, amount, source, created_at, updated_at) VALUES ('TECH_S_e26ac8d2c3b2fe90', 1000.0, '企业自筹', '2026-06-15T12:00:00+00:00', '2026-06-15T12:00:00+00:00');
INSERT INTO tech_funding (tech_id, amount, source, created_at, updated_at) VALUES ('TECH_S_e26ac8d2c3b2fe90', 15000.0, '国家重点研发计划', '2026-06-15T12:00:00+00:00', '2026-06-15T12:00:00+00:00');
INSERT INTO tech_academic_output (tech_id, name, publish_date, subject_keywords, image, created_at, updated_at) VALUES ('TECH_S_e26ac8d2c3b2fe90', '柔性量子纠错码方法相关研究', '2019-10-24', '["远量子实验室"]'::json, '', '2026-06-15T12:00:00+00:00', '2026-06-15T12:00:00+00:00');
INSERT INTO tech_academic_output (tech_id, name, publish_date, subject_keywords, image, created_at, updated_at) VALUES ('TECH_S_e26ac8d2c3b2fe90', '柔性量子纠错码方法相关研究', '2023-02-27', '["国航宇高科"]'::json, '', '2026-06-15T12:00:00+00:00', '2026-06-15T12:00:00+00:00');
INSERT INTO tech_academic_output (tech_id, name, publish_date, subject_keywords, image, created_at, updated_at) VALUES ('TECH_S_e26ac8d2c3b2fe90', '柔性量子纠错码方法相关研究', '2019-06-21', '["新基因股份"]'::json, '', '2026-06-15T12:00:00+00:00', '2026-06-15T12:00:00+00:00');
INSERT INTO tech_experiment (tech_id, content, experiment_date, result, subject_keywords, image, created_at, updated_at) VALUES ('TECH_S_e26ac8d2c3b2fe90', '柔性量子纠错码方法原理验证实验', '2023-08-21', '实验数据达到预期指标', '["新材料"]'::json, '', '2026-06-15T12:00:00+00:00', '2026-06-15T12:00:00+00:00');
INSERT INTO entity_change_log (entity_id, entity_type, field, old_value, new_value, method, operator, source_doc_id, reason, changed_at) VALUES ('TECH_S_e26ac8d2c3b2fe90', 'tech', '*', NULL, '{"action": "create"}'::json, 'rule', NULL, 'mock_seed', NULL, '2026-06-15T12:00:00+00:00');
INSERT INTO tech_profile (tech_id, tech_name_cn, tech_name_en, tech_name_other, tech_domain, invention_date, application_date, tech_summary, dev_goal, project_layout, key_points, transformation_status, basic_research_status, autonomy_capability, industrial_capability, tech_advantages, current_status, trend, remark, confidence, completeness, created_at, updated_at) VALUES ('TECH_S_9eccced6ab8e1888', '新型神经网络芯片方法', 'Tech-076 毫米波雷达', NULL, '["脑机接口", "深海装备"]'::json, '2011-03-24', '2020-09-01', '新型神经网络芯片方法是深海装备领域的关键技术，具有高效率等优势，应用前景广阔。', '突破深海装备核心技术瓶颈，实现自主可控。', '["深海装备基础理论", "深海装备工程化"]'::json, '["深海装备关键工艺", "深海装备系统集成"]'::json, '已转化', '基础理论已建立', '具备完全自主知识产权', '形成完整产业链', '相比同类技术，新型神经网络芯片方法在性能与成本上优势明显。', '规模化部署', '稳步上升', '', 0.813, 0.69, '2026-06-15T12:00:00+00:00', '2026-06-15T12:00:00+00:00');
INSERT INTO tech_dev_milestone (tech_id, milestone_date, milestone_name, contributor_keywords, milestone_content, created_at, updated_at) VALUES ('TECH_S_9eccced6ab8e1888', '2013-12-05', '概念提出', '["航天基因工程技术中心"]'::json, '概念提出：实现深海装备关键突破。', '2026-06-15T12:00:00+00:00', '2026-06-15T12:00:00+00:00');
INSERT INTO tech_dev_milestone (tech_id, milestone_date, milestone_name, contributor_keywords, milestone_content, created_at, updated_at) VALUES ('TECH_S_9eccced6ab8e1888', '2022-01-11', '实验室验证', '["中氢动实验室"]'::json, '实验室验证：实现深海装备关键突破。', '2026-06-15T12:00:00+00:00', '2026-06-15T12:00:00+00:00');
INSERT INTO tech_dev_milestone (tech_id, milestone_date, milestone_name, contributor_keywords, milestone_content, created_at, updated_at) VALUES ('TECH_S_9eccced6ab8e1888', '2021-06-25', '工程样机', '["航天氢动集团"]'::json, '工程样机：实现深海装备关键突破。', '2026-06-15T12:00:00+00:00', '2026-06-15T12:00:00+00:00');
INSERT INTO tech_dev_milestone (tech_id, milestone_date, milestone_name, contributor_keywords, milestone_content, created_at, updated_at) VALUES ('TECH_S_9eccced6ab8e1888', '2023-04-18', '中试成功', '["北方未来高科"]'::json, '中试成功：实现深海装备关键突破。', '2026-06-15T12:00:00+00:00', '2026-06-15T12:00:00+00:00');
INSERT INTO tech_dev_milestone (tech_id, milestone_date, milestone_name, contributor_keywords, milestone_content, created_at, updated_at) VALUES ('TECH_S_9eccced6ab8e1888', '2024-02-18', '产业化', '["航天算力研究所"]'::json, '产业化：实现深海装备关键突破。', '2026-06-15T12:00:00+00:00', '2026-06-15T12:00:00+00:00');
INSERT INTO tech_funding (tech_id, amount, source, created_at, updated_at) VALUES ('TECH_S_9eccced6ab8e1888', 15000.0, '企业自筹', '2026-06-15T12:00:00+00:00', '2026-06-15T12:00:00+00:00');
INSERT INTO tech_funding (tech_id, amount, source, created_at, updated_at) VALUES ('TECH_S_9eccced6ab8e1888', 500.0, '国家重点研发计划', '2026-06-15T12:00:00+00:00', '2026-06-15T12:00:00+00:00');
INSERT INTO tech_academic_output (tech_id, name, publish_date, subject_keywords, image, created_at, updated_at) VALUES ('TECH_S_9eccced6ab8e1888', '新型神经网络芯片方法相关研究', '2021-05-21', '["国储能研究所"]'::json, '', '2026-06-15T12:00:00+00:00', '2026-06-15T12:00:00+00:00');
INSERT INTO tech_academic_output (tech_id, name, publish_date, subject_keywords, image, created_at, updated_at) VALUES ('TECH_S_9eccced6ab8e1888', '新型神经网络芯片方法相关研究', '2019-08-23', '["航天算力研究院"]'::json, '', '2026-06-15T12:00:00+00:00', '2026-06-15T12:00:00+00:00');
INSERT INTO tech_academic_output (tech_id, name, publish_date, subject_keywords, image, created_at, updated_at) VALUES ('TECH_S_9eccced6ab8e1888', '新型神经网络芯片方法相关研究', '2020-06-04', '["南方前沿集团"]'::json, '', '2026-06-15T12:00:00+00:00', '2026-06-15T12:00:00+00:00');
INSERT INTO tech_experiment (tech_id, content, experiment_date, result, subject_keywords, image, created_at, updated_at) VALUES ('TECH_S_9eccced6ab8e1888', '新型神经网络芯片方法原理验证实验', '2020-07-21', '实验数据达到预期指标', '["深海装备"]'::json, '', '2026-06-15T12:00:00+00:00', '2026-06-15T12:00:00+00:00');
INSERT INTO entity_change_log (entity_id, entity_type, field, old_value, new_value, method, operator, source_doc_id, reason, changed_at) VALUES ('TECH_S_9eccced6ab8e1888', 'tech', '*', NULL, '{"action": "create"}'::json, 'rule', NULL, 'mock_seed', NULL, '2026-06-15T12:00:00+00:00');
INSERT INTO tech_profile (tech_id, tech_name_cn, tech_name_en, tech_name_other, tech_domain, invention_date, application_date, tech_summary, dev_goal, project_layout, key_points, transformation_status, basic_research_status, autonomy_capability, industrial_capability, tech_advantages, current_status, trend, remark, confidence, completeness, created_at, updated_at) VALUES ('TECH_S_7905965b0f3ab811', '分布式类脑计算架构工艺', 'Tech-077 量子纠错码', NULL, '["自动驾驶", "脑机接口"]'::json, '2006-03-13', '2023-09-04', '分布式类脑计算架构工艺是自动驾驶领域的关键技术，具有高效率等优势，应用前景广阔。', '突破自动驾驶核心技术瓶颈，实现自主可控。', '["自动驾驶基础理论", "自动驾驶工程化"]'::json, '["自动驾驶关键工艺", "自动驾驶系统集成"]'::json, '已转化', '基础理论已建立', '具备完全自主知识产权', '形成完整产业链', '相比同类技术，分布式类脑计算架构工艺在性能与成本上优势明显。', '工程化应用', '波动', '', 0.786, 0.788, '2026-06-15T12:00:00+00:00', '2026-06-15T12:00:00+00:00');
INSERT INTO tech_dev_milestone (tech_id, milestone_date, milestone_name, contributor_keywords, milestone_content, created_at, updated_at) VALUES ('TECH_S_7905965b0f3ab811', '2022-04-10', '概念提出', '["国航宇高科"]'::json, '概念提出：实现自动驾驶关键突破。', '2026-06-15T12:00:00+00:00', '2026-06-15T12:00:00+00:00');
INSERT INTO tech_dev_milestone (tech_id, milestone_date, milestone_name, contributor_keywords, milestone_content, created_at, updated_at) VALUES ('TECH_S_7905965b0f3ab811', '2011-07-22', '实验室验证', '["北方脑科学实验室"]'::json, '实验室验证：实现自动驾驶关键突破。', '2026-06-15T12:00:00+00:00', '2026-06-15T12:00:00+00:00');
INSERT INTO tech_dev_milestone (tech_id, milestone_date, milestone_name, contributor_keywords, milestone_content, created_at, updated_at) VALUES ('TECH_S_7905965b0f3ab811', '2023-05-07', '工程样机', '["航天芯创科技"]'::json, '工程样机：实现自动驾驶关键突破。', '2026-06-15T12:00:00+00:00', '2026-06-15T12:00:00+00:00');
INSERT INTO tech_dev_milestone (tech_id, milestone_date, milestone_name, contributor_keywords, milestone_content, created_at, updated_at) VALUES ('TECH_S_7905965b0f3ab811', '2012-06-01', '中试成功', '["北方光电研究院"]'::json, '中试成功：实现自动驾驶关键突破。', '2026-06-15T12:00:00+00:00', '2026-06-15T12:00:00+00:00');
INSERT INTO tech_dev_milestone (tech_id, milestone_date, milestone_name, contributor_keywords, milestone_content, created_at, updated_at) VALUES ('TECH_S_7905965b0f3ab811', '2011-11-25', '产业化', '["航天芯创科技"]'::json, '产业化：实现自动驾驶关键突破。', '2026-06-15T12:00:00+00:00', '2026-06-15T12:00:00+00:00');
INSERT INTO tech_funding (tech_id, amount, source, created_at, updated_at) VALUES ('TECH_S_7905965b0f3ab811', 1000.0, '地方专项', '2026-06-15T12:00:00+00:00', '2026-06-15T12:00:00+00:00');
INSERT INTO tech_funding (tech_id, amount, source, created_at, updated_at) VALUES ('TECH_S_7905965b0f3ab811', 1000.0, '国家重点研发计划', '2026-06-15T12:00:00+00:00', '2026-06-15T12:00:00+00:00');
INSERT INTO tech_academic_output (tech_id, name, publish_date, subject_keywords, image, created_at, updated_at) VALUES ('TECH_S_7905965b0f3ab811', '分布式类脑计算架构工艺相关研究', '2023-09-18', '["国未来高科"]'::json, '', '2026-06-15T12:00:00+00:00', '2026-06-15T12:00:00+00:00');
INSERT INTO tech_academic_output (tech_id, name, publish_date, subject_keywords, image, created_at, updated_at) VALUES ('TECH_S_7905965b0f3ab811', '分布式类脑计算架构工艺相关研究', '2018-04-03', '["东方芯创集团"]'::json, '', '2026-06-15T12:00:00+00:00', '2026-06-15T12:00:00+00:00');
INSERT INTO tech_experiment (tech_id, content, experiment_date, result, subject_keywords, image, created_at, updated_at) VALUES ('TECH_S_7905965b0f3ab811', '分布式类脑计算架构工艺原理验证实验', '2020-04-21', '实验数据达到预期指标', '["自动驾驶"]'::json, '', '2026-06-15T12:00:00+00:00', '2026-06-15T12:00:00+00:00');
INSERT INTO entity_change_log (entity_id, entity_type, field, old_value, new_value, method, operator, source_doc_id, reason, changed_at) VALUES ('TECH_S_7905965b0f3ab811', 'tech', '*', NULL, '{"action": "create"}'::json, 'rule', NULL, 'mock_seed', NULL, '2026-06-15T12:00:00+00:00');
INSERT INTO tech_profile (tech_id, tech_name_cn, tech_name_en, tech_name_other, tech_domain, invention_date, application_date, tech_summary, dev_goal, project_layout, key_points, transformation_status, basic_research_status, autonomy_capability, industrial_capability, tech_advantages, current_status, trend, remark, confidence, completeness, created_at, updated_at) VALUES ('TECH_S_a6236bb01cba6b4a', '新型仿生机械臂解决方案', 'Tech-078 固态电池', NULL, '["量子计算", "航空航天"]'::json, '2014-07-23', '2024-11-25', '新型仿生机械臂解决方案是航空航天领域的关键技术，具有高效率等优势，应用前景广阔。', '突破航空航天核心技术瓶颈，实现自主可控。', '["航空航天基础理论", "航空航天工程化"]'::json, '["航空航天关键工艺", "航空航天系统集成"]'::json, '已转化', '基础理论已建立', '具备完全自主知识产权', '形成完整产业链', '相比同类技术，新型仿生机械臂解决方案在性能与成本上优势明显。', '概念论证', '平稳', '', 0.759, 0.802, '2026-06-15T12:00:00+00:00', '2026-06-15T12:00:00+00:00');
INSERT INTO tech_dev_milestone (tech_id, milestone_date, milestone_name, contributor_keywords, milestone_content, created_at, updated_at) VALUES ('TECH_S_a6236bb01cba6b4a', '2023-08-27', '概念提出', '["东方脑科学科技"]'::json, '概念提出：实现航空航天关键突破。', '2026-06-15T12:00:00+00:00', '2026-06-15T12:00:00+00:00');
INSERT INTO tech_dev_milestone (tech_id, milestone_date, milestone_name, contributor_keywords, milestone_content, created_at, updated_at) VALUES ('TECH_S_a6236bb01cba6b4a', '2017-11-07', '实验室验证', '["北方脑科学实验室"]'::json, '实验室验证：实现航空航天关键突破。', '2026-06-15T12:00:00+00:00', '2026-06-15T12:00:00+00:00');
INSERT INTO tech_dev_milestone (tech_id, milestone_date, milestone_name, contributor_keywords, milestone_content, created_at, updated_at) VALUES ('TECH_S_a6236bb01cba6b4a', '2012-07-14', '工程样机', '["东方生医科技"]'::json, '工程样机：实现航空航天关键突破。', '2026-06-15T12:00:00+00:00', '2026-06-15T12:00:00+00:00');
INSERT INTO tech_dev_milestone (tech_id, milestone_date, milestone_name, contributor_keywords, milestone_content, created_at, updated_at) VALUES ('TECH_S_a6236bb01cba6b4a', '2017-03-01', '中试成功', '["新芯创高科"]'::json, '中试成功：实现航空航天关键突破。', '2026-06-15T12:00:00+00:00', '2026-06-15T12:00:00+00:00');
INSERT INTO tech_dev_milestone (tech_id, milestone_date, milestone_name, contributor_keywords, milestone_content, created_at, updated_at) VALUES ('TECH_S_a6236bb01cba6b4a', '2022-02-27', '产业化', '["新智算高科"]'::json, '产业化：实现航空航天关键突破。', '2026-06-15T12:00:00+00:00', '2026-06-15T12:00:00+00:00');
INSERT INTO tech_funding (tech_id, amount, source, created_at, updated_at) VALUES ('TECH_S_a6236bb01cba6b4a', 3000.0, '国家重点研发计划', '2026-06-15T12:00:00+00:00', '2026-06-15T12:00:00+00:00');
INSERT INTO tech_academic_output (tech_id, name, publish_date, subject_keywords, image, created_at, updated_at) VALUES ('TECH_S_a6236bb01cba6b4a', '新型仿生机械臂解决方案相关研究', '2022-01-09', '["中科未来实验室"]'::json, '', '2026-06-15T12:00:00+00:00', '2026-06-15T12:00:00+00:00');
INSERT INTO tech_academic_output (tech_id, name, publish_date, subject_keywords, image, created_at, updated_at) VALUES ('TECH_S_a6236bb01cba6b4a', '新型仿生机械臂解决方案相关研究', '2021-07-01', '["北方储能科技"]'::json, '', '2026-06-15T12:00:00+00:00', '2026-06-15T12:00:00+00:00');
INSERT INTO tech_academic_output (tech_id, name, publish_date, subject_keywords, image, created_at, updated_at) VALUES ('TECH_S_a6236bb01cba6b4a', '新型仿生机械臂解决方案相关研究', '2022-05-05', '["远算力工程技术中心"]'::json, '', '2026-06-15T12:00:00+00:00', '2026-06-15T12:00:00+00:00');
INSERT INTO tech_experiment (tech_id, content, experiment_date, result, subject_keywords, image, created_at, updated_at) VALUES ('TECH_S_a6236bb01cba6b4a', '新型仿生机械臂解决方案原理验证实验', '2021-05-26', '实验数据达到预期指标', '["航空航天"]'::json, '', '2026-06-15T12:00:00+00:00', '2026-06-15T12:00:00+00:00');
INSERT INTO entity_change_log (entity_id, entity_type, field, old_value, new_value, method, operator, source_doc_id, reason, changed_at) VALUES ('TECH_S_a6236bb01cba6b4a', 'tech', '*', NULL, '{"action": "create"}'::json, 'rule', NULL, 'mock_seed', NULL, '2026-06-15T12:00:00+00:00');
INSERT INTO tech_profile (tech_id, tech_name_cn, tech_name_en, tech_name_other, tech_domain, invention_date, application_date, tech_summary, dev_goal, project_layout, key_points, transformation_status, basic_research_status, autonomy_capability, industrial_capability, tech_advantages, current_status, trend, remark, confidence, completeness, created_at, updated_at) VALUES ('TECH_S_ff06506c483a8681', '分布式基因剪刀工艺', 'Tech-079 量子纠错码', NULL, '["5G通信", "集成电路"]'::json, '2017-04-19', '2022-11-06', '分布式基因剪刀工艺是5G通信领域的关键技术，具有高可靠性等优势，应用前景广阔。', '突破5G通信核心技术瓶颈，实现自主可控。', '["5G通信基础理论", "5G通信工程化"]'::json, '["5G通信关键工艺", "5G通信系统集成"]'::json, '待转化', '基础理论已建立', '具备完全自主知识产权', '形成完整产业链', '相比同类技术，分布式基因剪刀工艺在性能与成本上优势明显。', '概念论证', '下降', '', 0.714, 0.563, '2026-06-15T12:00:00+00:00', '2026-06-15T12:00:00+00:00');
INSERT INTO tech_dev_milestone (tech_id, milestone_date, milestone_name, contributor_keywords, milestone_content, created_at, updated_at) VALUES ('TECH_S_ff06506c483a8681', '2013-09-06', '概念提出', '["南方量子科技"]'::json, '概念提出：实现5G通信关键突破。', '2026-06-15T12:00:00+00:00', '2026-06-15T12:00:00+00:00');
INSERT INTO tech_dev_milestone (tech_id, milestone_date, milestone_name, contributor_keywords, milestone_content, created_at, updated_at) VALUES ('TECH_S_ff06506c483a8681', '2015-09-09', '实验室验证', '["东方储能高科"]'::json, '实验室验证：实现5G通信关键突破。', '2026-06-15T12:00:00+00:00', '2026-06-15T12:00:00+00:00');
INSERT INTO tech_dev_milestone (tech_id, milestone_date, milestone_name, contributor_keywords, milestone_content, created_at, updated_at) VALUES ('TECH_S_ff06506c483a8681', '2012-12-07', '工程样机', '["北方未来高科"]'::json, '工程样机：实现5G通信关键突破。', '2026-06-15T12:00:00+00:00', '2026-06-15T12:00:00+00:00');
INSERT INTO tech_dev_milestone (tech_id, milestone_date, milestone_name, contributor_keywords, milestone_content, created_at, updated_at) VALUES ('TECH_S_ff06506c483a8681', '2010-10-02', '中试成功', '["国信息高科"]'::json, '中试成功：实现5G通信关键突破。', '2026-06-15T12:00:00+00:00', '2026-06-15T12:00:00+00:00');
INSERT INTO tech_dev_milestone (tech_id, milestone_date, milestone_name, contributor_keywords, milestone_content, created_at, updated_at) VALUES ('TECH_S_ff06506c483a8681', '2020-10-21', '产业化', '["远储能研究院"]'::json, '产业化：实现5G通信关键突破。', '2026-06-15T12:00:00+00:00', '2026-06-15T12:00:00+00:00');
INSERT INTO tech_funding (tech_id, amount, source, created_at, updated_at) VALUES ('TECH_S_ff06506c483a8681', 500.0, '国家重点研发计划', '2026-06-15T12:00:00+00:00', '2026-06-15T12:00:00+00:00');
INSERT INTO tech_funding (tech_id, amount, source, created_at, updated_at) VALUES ('TECH_S_ff06506c483a8681', 3000.0, '国家自然科学基金', '2026-06-15T12:00:00+00:00', '2026-06-15T12:00:00+00:00');
INSERT INTO tech_academic_output (tech_id, name, publish_date, subject_keywords, image, created_at, updated_at) VALUES ('TECH_S_ff06506c483a8681', '分布式基因剪刀工艺相关研究', '2019-06-01', '["东方聚变实验室"]'::json, '', '2026-06-15T12:00:00+00:00', '2026-06-15T12:00:00+00:00');
INSERT INTO tech_academic_output (tech_id, name, publish_date, subject_keywords, image, created_at, updated_at) VALUES ('TECH_S_ff06506c483a8681', '分布式基因剪刀工艺相关研究', '2019-11-21', '["航天基因集团"]'::json, '', '2026-06-15T12:00:00+00:00', '2026-06-15T12:00:00+00:00');
INSERT INTO tech_academic_output (tech_id, name, publish_date, subject_keywords, image, created_at, updated_at) VALUES ('TECH_S_ff06506c483a8681', '分布式基因剪刀工艺相关研究', '2020-08-22', '["华信息高科"]'::json, '', '2026-06-15T12:00:00+00:00', '2026-06-15T12:00:00+00:00');
INSERT INTO tech_experiment (tech_id, content, experiment_date, result, subject_keywords, image, created_at, updated_at) VALUES ('TECH_S_ff06506c483a8681', '分布式基因剪刀工艺原理验证实验', '2020-12-28', '实验数据达到预期指标', '["5G通信"]'::json, '', '2026-06-15T12:00:00+00:00', '2026-06-15T12:00:00+00:00');
INSERT INTO entity_change_log (entity_id, entity_type, field, old_value, new_value, method, operator, source_doc_id, reason, changed_at) VALUES ('TECH_S_ff06506c483a8681', 'tech', '*', NULL, '{"action": "create"}'::json, 'rule', NULL, 'mock_seed', NULL, '2026-06-15T12:00:00+00:00');
INSERT INTO tech_profile (tech_id, tech_name_cn, tech_name_en, tech_name_other, tech_domain, invention_date, application_date, tech_summary, dev_goal, project_layout, key_points, transformation_status, basic_research_status, autonomy_capability, industrial_capability, tech_advantages, current_status, trend, remark, confidence, completeness, created_at, updated_at) VALUES ('TECH_S_498b59b9de6fac91', '新型可重复使用火箭系统', 'Tech-080 碳化硅功率器件', NULL, '["无人机", "集成电路"]'::json, '2010-04-01', '2018-12-21', '新型可重复使用火箭系统是无人机领域的关键技术，具有低成本等优势，应用前景广阔。', '突破无人机核心技术瓶颈，实现自主可控。', '["无人机基础理论", "无人机工程化"]'::json, '["无人机关键工艺", "无人机系统集成"]'::json, '待转化', '基础理论已建立', '具备完全自主知识产权', '形成完整产业链', '相比同类技术，新型可重复使用火箭系统在性能与成本上优势明显。', '工程化应用', '快速上升', '', 0.866, 0.556, '2026-06-15T12:00:00+00:00', '2026-06-15T12:00:00+00:00');
INSERT INTO tech_dev_milestone (tech_id, milestone_date, milestone_name, contributor_keywords, milestone_content, created_at, updated_at) VALUES ('TECH_S_498b59b9de6fac91', '2016-09-08', '概念提出', '["航天脑科学高科"]'::json, '概念提出：实现无人机关键突破。', '2026-06-15T12:00:00+00:00', '2026-06-15T12:00:00+00:00');
INSERT INTO tech_dev_milestone (tech_id, milestone_date, milestone_name, contributor_keywords, milestone_content, created_at, updated_at) VALUES ('TECH_S_498b59b9de6fac91', '2016-08-07', '实验室验证', '["中科微纳股份"]'::json, '实验室验证：实现无人机关键突破。', '2026-06-15T12:00:00+00:00', '2026-06-15T12:00:00+00:00');
INSERT INTO tech_dev_milestone (tech_id, milestone_date, milestone_name, contributor_keywords, milestone_content, created_at, updated_at) VALUES ('TECH_S_498b59b9de6fac91', '2019-01-23', '工程样机', '["东方芯创集团"]'::json, '工程样机：实现无人机关键突破。', '2026-06-15T12:00:00+00:00', '2026-06-15T12:00:00+00:00');
INSERT INTO tech_dev_milestone (tech_id, milestone_date, milestone_name, contributor_keywords, milestone_content, created_at, updated_at) VALUES ('TECH_S_498b59b9de6fac91', '2022-05-22', '中试成功', '["中科脑科学集团"]'::json, '中试成功：实现无人机关键突破。', '2026-06-15T12:00:00+00:00', '2026-06-15T12:00:00+00:00');
INSERT INTO tech_dev_milestone (tech_id, milestone_date, milestone_name, contributor_keywords, milestone_content, created_at, updated_at) VALUES ('TECH_S_498b59b9de6fac91', '2011-04-23', '产业化', '["航天储能研究院"]'::json, '产业化：实现无人机关键突破。', '2026-06-15T12:00:00+00:00', '2026-06-15T12:00:00+00:00');
INSERT INTO tech_funding (tech_id, amount, source, created_at, updated_at) VALUES ('TECH_S_498b59b9de6fac91', 3000.0, '企业自筹', '2026-06-15T12:00:00+00:00', '2026-06-15T12:00:00+00:00');
INSERT INTO tech_academic_output (tech_id, name, publish_date, subject_keywords, image, created_at, updated_at) VALUES ('TECH_S_498b59b9de6fac91', '新型可重复使用火箭系统相关研究', '2018-12-24', '["中聚变研究所"]'::json, '', '2026-06-15T12:00:00+00:00', '2026-06-15T12:00:00+00:00');
INSERT INTO tech_academic_output (tech_id, name, publish_date, subject_keywords, image, created_at, updated_at) VALUES ('TECH_S_498b59b9de6fac91', '新型可重复使用火箭系统相关研究', '2024-03-05', '["东方智算实验室"]'::json, '', '2026-06-15T12:00:00+00:00', '2026-06-15T12:00:00+00:00');
INSERT INTO tech_academic_output (tech_id, name, publish_date, subject_keywords, image, created_at, updated_at) VALUES ('TECH_S_498b59b9de6fac91', '新型可重复使用火箭系统相关研究', '2023-01-19', '["国前沿研究院"]'::json, '', '2026-06-15T12:00:00+00:00', '2026-06-15T12:00:00+00:00');
INSERT INTO tech_experiment (tech_id, content, experiment_date, result, subject_keywords, image, created_at, updated_at) VALUES ('TECH_S_498b59b9de6fac91', '新型可重复使用火箭系统原理验证实验', '2021-12-07', '实验数据达到预期指标', '["无人机"]'::json, '', '2026-06-15T12:00:00+00:00', '2026-06-15T12:00:00+00:00');
INSERT INTO entity_change_log (entity_id, entity_type, field, old_value, new_value, method, operator, source_doc_id, reason, changed_at) VALUES ('TECH_S_498b59b9de6fac91', 'tech', '*', NULL, '{"action": "create"}'::json, 'rule', NULL, 'mock_seed', NULL, '2026-06-15T12:00:00+00:00');
INSERT INTO tech_profile (tech_id, tech_name_cn, tech_name_en, tech_name_other, tech_domain, invention_date, application_date, tech_summary, dev_goal, project_layout, key_points, transformation_status, basic_research_status, autonomy_capability, industrial_capability, tech_advantages, current_status, trend, remark, confidence, completeness, created_at, updated_at) VALUES ('TECH_S_60a18a6987cf3b87', '自主可控神经形态芯片解决方案', 'Tech-081 碳纳米管', NULL, '["无人机", "量子计算"]'::json, '2010-08-22', '2021-02-06', '自主可控神经形态芯片解决方案是无人机领域的关键技术，具有高可靠性等优势，应用前景广阔。', '突破无人机核心技术瓶颈，实现自主可控。', '["无人机基础理论", "无人机工程化"]'::json, '["无人机关键工艺", "无人机系统集成"]'::json, '已转化', '基础理论已建立', '具备完全自主知识产权', '形成完整产业链', '相比同类技术，自主可控神经形态芯片解决方案在性能与成本上优势明显。', '中试阶段', '快速上升', '', 0.797, 0.643, '2026-06-15T12:00:00+00:00', '2026-06-15T12:00:00+00:00');
INSERT INTO tech_dev_milestone (tech_id, milestone_date, milestone_name, contributor_keywords, milestone_content, created_at, updated_at) VALUES ('TECH_S_60a18a6987cf3b87', '2012-03-01', '概念提出', '["新基因实验室"]'::json, '概念提出：实现无人机关键突破。', '2026-06-15T12:00:00+00:00', '2026-06-15T12:00:00+00:00');
INSERT INTO tech_dev_milestone (tech_id, milestone_date, milestone_name, contributor_keywords, milestone_content, created_at, updated_at) VALUES ('TECH_S_60a18a6987cf3b87', '2011-07-15', '实验室验证', '["中基因工程技术中心"]'::json, '实验室验证：实现无人机关键突破。', '2026-06-15T12:00:00+00:00', '2026-06-15T12:00:00+00:00');
INSERT INTO tech_dev_milestone (tech_id, milestone_date, milestone_name, contributor_keywords, milestone_content, created_at, updated_at) VALUES ('TECH_S_60a18a6987cf3b87', '2020-01-15', '工程样机', '["新前沿科技"]'::json, '工程样机：实现无人机关键突破。', '2026-06-15T12:00:00+00:00', '2026-06-15T12:00:00+00:00');
INSERT INTO tech_dev_milestone (tech_id, milestone_date, milestone_name, contributor_keywords, milestone_content, created_at, updated_at) VALUES ('TECH_S_60a18a6987cf3b87', '2018-04-24', '中试成功', '["航天储能研究院"]'::json, '中试成功：实现无人机关键突破。', '2026-06-15T12:00:00+00:00', '2026-06-15T12:00:00+00:00');
INSERT INTO tech_dev_milestone (tech_id, milestone_date, milestone_name, contributor_keywords, milestone_content, created_at, updated_at) VALUES ('TECH_S_60a18a6987cf3b87', '2023-08-28', '产业化', '["东方脑科学科技"]'::json, '产业化：实现无人机关键突破。', '2026-06-15T12:00:00+00:00', '2026-06-15T12:00:00+00:00');
INSERT INTO tech_funding (tech_id, amount, source, created_at, updated_at) VALUES ('TECH_S_60a18a6987cf3b87', 1000.0, '企业自筹', '2026-06-15T12:00:00+00:00', '2026-06-15T12:00:00+00:00');
INSERT INTO tech_funding (tech_id, amount, source, created_at, updated_at) VALUES ('TECH_S_60a18a6987cf3b87', 1000.0, '国家重点研发计划', '2026-06-15T12:00:00+00:00', '2026-06-15T12:00:00+00:00');
INSERT INTO tech_academic_output (tech_id, name, publish_date, subject_keywords, image, created_at, updated_at) VALUES ('TECH_S_60a18a6987cf3b87', '自主可控神经形态芯片解决方案相关研究', '2018-12-01', '["中科天网研究所"]'::json, '', '2026-06-15T12:00:00+00:00', '2026-06-15T12:00:00+00:00');
INSERT INTO tech_academic_output (tech_id, name, publish_date, subject_keywords, image, created_at, updated_at) VALUES ('TECH_S_60a18a6987cf3b87', '自主可控神经形态芯片解决方案相关研究', '2022-12-24', '["新基因实验室"]'::json, '', '2026-06-15T12:00:00+00:00', '2026-06-15T12:00:00+00:00');
INSERT INTO tech_experiment (tech_id, content, experiment_date, result, subject_keywords, image, created_at, updated_at) VALUES ('TECH_S_60a18a6987cf3b87', '自主可控神经形态芯片解决方案原理验证实验', '2021-03-23', '实验数据达到预期指标', '["无人机"]'::json, '', '2026-06-15T12:00:00+00:00', '2026-06-15T12:00:00+00:00');
INSERT INTO entity_change_log (entity_id, entity_type, field, old_value, new_value, method, operator, source_doc_id, reason, changed_at) VALUES ('TECH_S_60a18a6987cf3b87', 'tech', '*', NULL, '{"action": "create"}'::json, 'rule', NULL, 'mock_seed', NULL, '2026-06-15T12:00:00+00:00');
INSERT INTO tech_profile (tech_id, tech_name_cn, tech_name_en, tech_name_other, tech_domain, invention_date, application_date, tech_summary, dev_goal, project_layout, key_points, transformation_status, basic_research_status, autonomy_capability, industrial_capability, tech_advantages, current_status, trend, remark, confidence, completeness, created_at, updated_at) VALUES ('TECH_S_271a523f73f65027', '一体化深海潜水器方法', 'Tech-082 类脑计算架构', NULL, '["网络安全", "基因编辑"]'::json, '2011-04-17', '2021-04-26', '一体化深海潜水器方法是网络安全领域的关键技术，具有高效率等优势，应用前景广阔。', '突破网络安全核心技术瓶颈，实现自主可控。', '["网络安全基础理论", "网络安全工程化"]'::json, '["网络安全关键工艺", "网络安全系统集成"]'::json, '转化中', '基础理论已建立', '具备完全自主知识产权', '形成完整产业链', '相比同类技术，一体化深海潜水器方法在性能与成本上优势明显。', '工程化应用', '快速上升', '', 0.902, 0.803, '2026-06-15T12:00:00+00:00', '2026-06-15T12:00:00+00:00');
INSERT INTO tech_dev_milestone (tech_id, milestone_date, milestone_name, contributor_keywords, milestone_content, created_at, updated_at) VALUES ('TECH_S_271a523f73f65027', '2013-09-21', '概念提出', '["东方航宇研究院"]'::json, '概念提出：实现网络安全关键突破。', '2026-06-15T12:00:00+00:00', '2026-06-15T12:00:00+00:00');
INSERT INTO tech_dev_milestone (tech_id, milestone_date, milestone_name, contributor_keywords, milestone_content, created_at, updated_at) VALUES ('TECH_S_271a523f73f65027', '2018-03-21', '实验室验证', '["中先进研究院"]'::json, '实验室验证：实现网络安全关键突破。', '2026-06-15T12:00:00+00:00', '2026-06-15T12:00:00+00:00');
INSERT INTO tech_dev_milestone (tech_id, milestone_date, milestone_name, contributor_keywords, milestone_content, created_at, updated_at) VALUES ('TECH_S_271a523f73f65027', '2016-08-10', '工程样机', '["航天基因工程技术中心"]'::json, '工程样机：实现网络安全关键突破。', '2026-06-15T12:00:00+00:00', '2026-06-15T12:00:00+00:00');
INSERT INTO tech_dev_milestone (tech_id, milestone_date, milestone_name, contributor_keywords, milestone_content, created_at, updated_at) VALUES ('TECH_S_271a523f73f65027', '2018-05-08', '中试成功', '["国前沿研究院"]'::json, '中试成功：实现网络安全关键突破。', '2026-06-15T12:00:00+00:00', '2026-06-15T12:00:00+00:00');
INSERT INTO tech_dev_milestone (tech_id, milestone_date, milestone_name, contributor_keywords, milestone_content, created_at, updated_at) VALUES ('TECH_S_271a523f73f65027', '2016-08-25', '产业化', '["东方未来研究院"]'::json, '产业化：实现网络安全关键突破。', '2026-06-15T12:00:00+00:00', '2026-06-15T12:00:00+00:00');
INSERT INTO tech_funding (tech_id, amount, source, created_at, updated_at) VALUES ('TECH_S_271a523f73f65027', 3000.0, '国家重点研发计划', '2026-06-15T12:00:00+00:00', '2026-06-15T12:00:00+00:00');
INSERT INTO tech_funding (tech_id, amount, source, created_at, updated_at) VALUES ('TECH_S_271a523f73f65027', 15000.0, '地方专项', '2026-06-15T12:00:00+00:00', '2026-06-15T12:00:00+00:00');
INSERT INTO tech_funding (tech_id, amount, source, created_at, updated_at) VALUES ('TECH_S_271a523f73f65027', 3000.0, '国家重点研发计划', '2026-06-15T12:00:00+00:00', '2026-06-15T12:00:00+00:00');
INSERT INTO tech_academic_output (tech_id, name, publish_date, subject_keywords, image, created_at, updated_at) VALUES ('TECH_S_271a523f73f65027', '一体化深海潜水器方法相关研究', '2019-08-03', '["远生医工程技术中心"]'::json, '', '2026-06-15T12:00:00+00:00', '2026-06-15T12:00:00+00:00');
INSERT INTO tech_academic_output (tech_id, name, publish_date, subject_keywords, image, created_at, updated_at) VALUES ('TECH_S_271a523f73f65027', '一体化深海潜水器方法相关研究', '2019-07-26', '["中生医研究所"]'::json, '', '2026-06-15T12:00:00+00:00', '2026-06-15T12:00:00+00:00');
INSERT INTO tech_experiment (tech_id, content, experiment_date, result, subject_keywords, image, created_at, updated_at) VALUES ('TECH_S_271a523f73f65027', '一体化深海潜水器方法原理验证实验', '2024-03-05', '实验数据达到预期指标', '["网络安全"]'::json, '', '2026-06-15T12:00:00+00:00', '2026-06-15T12:00:00+00:00');
INSERT INTO entity_change_log (entity_id, entity_type, field, old_value, new_value, method, operator, source_doc_id, reason, changed_at) VALUES ('TECH_S_271a523f73f65027', 'tech', '*', NULL, '{"action": "create"}'::json, 'rule', NULL, 'mock_seed', NULL, '2026-06-15T12:00:00+00:00');
INSERT INTO tech_profile (tech_id, tech_name_cn, tech_name_en, tech_name_other, tech_domain, invention_date, application_date, tech_summary, dev_goal, project_layout, key_points, transformation_status, basic_research_status, autonomy_capability, industrial_capability, tech_advantages, current_status, trend, remark, confidence, completeness, created_at, updated_at) VALUES ('TECH_S_7d05820206561f1f', '高可靠仿生机械臂工艺', 'Tech-083 钙钛矿太阳能电池', NULL, '["先进算力", "深海装备"]'::json, '2000-05-01', '2018-09-12', '高可靠仿生机械臂工艺是深海装备领域的关键技术，具有低成本等优势，应用前景广阔。', '突破深海装备核心技术瓶颈，实现自主可控。', '["深海装备基础理论", "深海装备工程化"]'::json, '["深海装备关键工艺", "深海装备系统集成"]'::json, '转化中', '基础理论已建立', '具备完全自主知识产权', '形成完整产业链', '相比同类技术，高可靠仿生机械臂工艺在性能与成本上优势明显。', '规模化部署', '下降', '', 0.749, 0.578, '2026-06-15T12:00:00+00:00', '2026-06-15T12:00:00+00:00');
INSERT INTO tech_dev_milestone (tech_id, milestone_date, milestone_name, contributor_keywords, milestone_content, created_at, updated_at) VALUES ('TECH_S_7d05820206561f1f', '2011-06-20', '概念提出', '["中科深海研究所"]'::json, '概念提出：实现深海装备关键突破。', '2026-06-15T12:00:00+00:00', '2026-06-15T12:00:00+00:00');
INSERT INTO tech_dev_milestone (tech_id, milestone_date, milestone_name, contributor_keywords, milestone_content, created_at, updated_at) VALUES ('TECH_S_7d05820206561f1f', '2017-04-05', '实验室验证', '["国前沿科技"]'::json, '实验室验证：实现深海装备关键突破。', '2026-06-15T12:00:00+00:00', '2026-06-15T12:00:00+00:00');
INSERT INTO tech_dev_milestone (tech_id, milestone_date, milestone_name, contributor_keywords, milestone_content, created_at, updated_at) VALUES ('TECH_S_7d05820206561f1f', '2015-02-01', '工程样机', '["北方光电研究院"]'::json, '工程样机：实现深海装备关键突破。', '2026-06-15T12:00:00+00:00', '2026-06-15T12:00:00+00:00');
INSERT INTO tech_dev_milestone (tech_id, milestone_date, milestone_name, contributor_keywords, milestone_content, created_at, updated_at) VALUES ('TECH_S_7d05820206561f1f', '2011-07-05', '中试成功', '["东方脑科学实验室"]'::json, '中试成功：实现深海装备关键突破。', '2026-06-15T12:00:00+00:00', '2026-06-15T12:00:00+00:00');
INSERT INTO tech_dev_milestone (tech_id, milestone_date, milestone_name, contributor_keywords, milestone_content, created_at, updated_at) VALUES ('TECH_S_7d05820206561f1f', '2015-05-19', '产业化', '["中科未来实验室"]'::json, '产业化：实现深海装备关键突破。', '2026-06-15T12:00:00+00:00', '2026-06-15T12:00:00+00:00');
INSERT INTO tech_funding (tech_id, amount, source, created_at, updated_at) VALUES ('TECH_S_7d05820206561f1f', 3000.0, '国家重点研发计划', '2026-06-15T12:00:00+00:00', '2026-06-15T12:00:00+00:00');
INSERT INTO tech_funding (tech_id, amount, source, created_at, updated_at) VALUES ('TECH_S_7d05820206561f1f', 3000.0, '国家重点研发计划', '2026-06-15T12:00:00+00:00', '2026-06-15T12:00:00+00:00');
INSERT INTO tech_academic_output (tech_id, name, publish_date, subject_keywords, image, created_at, updated_at) VALUES ('TECH_S_7d05820206561f1f', '高可靠仿生机械臂工艺相关研究', '2024-03-19', '["中聚变集团"]'::json, '', '2026-06-15T12:00:00+00:00', '2026-06-15T12:00:00+00:00');
INSERT INTO tech_academic_output (tech_id, name, publish_date, subject_keywords, image, created_at, updated_at) VALUES ('TECH_S_7d05820206561f1f', '高可靠仿生机械臂工艺相关研究', '2021-03-08', '["中科前沿实验室"]'::json, '', '2026-06-15T12:00:00+00:00', '2026-06-15T12:00:00+00:00');
INSERT INTO tech_academic_output (tech_id, name, publish_date, subject_keywords, image, created_at, updated_at) VALUES ('TECH_S_7d05820206561f1f', '高可靠仿生机械臂工艺相关研究', '2019-02-09', '["南方前沿集团"]'::json, '', '2026-06-15T12:00:00+00:00', '2026-06-15T12:00:00+00:00');
INSERT INTO tech_experiment (tech_id, content, experiment_date, result, subject_keywords, image, created_at, updated_at) VALUES ('TECH_S_7d05820206561f1f', '高可靠仿生机械臂工艺原理验证实验', '2020-09-03', '实验数据达到预期指标', '["深海装备"]'::json, '', '2026-06-15T12:00:00+00:00', '2026-06-15T12:00:00+00:00');
INSERT INTO entity_change_log (entity_id, entity_type, field, old_value, new_value, method, operator, source_doc_id, reason, changed_at) VALUES ('TECH_S_7d05820206561f1f', 'tech', '*', NULL, '{"action": "create"}'::json, 'rule', NULL, 'mock_seed', NULL, '2026-06-15T12:00:00+00:00');
INSERT INTO tech_profile (tech_id, tech_name_cn, tech_name_en, tech_name_other, tech_domain, invention_date, application_date, tech_summary, dev_goal, project_layout, key_points, transformation_status, basic_research_status, autonomy_capability, industrial_capability, tech_advantages, current_status, trend, remark, confidence, completeness, created_at, updated_at) VALUES ('TECH_S_529c5850d5241ea5', '高性能类脑计算架构系统', 'Tech-084 太赫兹通信', NULL, '["人工智能", "网络安全"]'::json, '2014-05-12', '2024-09-06', '高性能类脑计算架构系统是人工智能领域的关键技术，具有高效率等优势，应用前景广阔。', '突破人工智能核心技术瓶颈，实现自主可控。', '["人工智能基础理论", "人工智能工程化"]'::json, '["人工智能关键工艺", "人工智能系统集成"]'::json, '待转化', '基础理论已建立', '具备完全自主知识产权', '形成完整产业链', '相比同类技术，高性能类脑计算架构系统在性能与成本上优势明显。', '规模化部署', '波动', '', 0.866, 0.758, '2026-06-15T12:00:00+00:00', '2026-06-15T12:00:00+00:00');
INSERT INTO tech_dev_milestone (tech_id, milestone_date, milestone_name, contributor_keywords, milestone_content, created_at, updated_at) VALUES ('TECH_S_529c5850d5241ea5', '2024-11-15', '概念提出', '["新生医实验室"]'::json, '概念提出：实现人工智能关键突破。', '2026-06-15T12:00:00+00:00', '2026-06-15T12:00:00+00:00');
INSERT INTO tech_dev_milestone (tech_id, milestone_date, milestone_name, contributor_keywords, milestone_content, created_at, updated_at) VALUES ('TECH_S_529c5850d5241ea5', '2022-08-19', '实验室验证', '["南方量子科技"]'::json, '实验室验证：实现人工智能关键突破。', '2026-06-15T12:00:00+00:00', '2026-06-15T12:00:00+00:00');
INSERT INTO tech_dev_milestone (tech_id, milestone_date, milestone_name, contributor_keywords, milestone_content, created_at, updated_at) VALUES ('TECH_S_529c5850d5241ea5', '2022-11-09', '工程样机', '["中科未来实验室"]'::json, '工程样机：实现人工智能关键突破。', '2026-06-15T12:00:00+00:00', '2026-06-15T12:00:00+00:00');
INSERT INTO tech_dev_milestone (tech_id, milestone_date, milestone_name, contributor_keywords, milestone_content, created_at, updated_at) VALUES ('TECH_S_529c5850d5241ea5', '2018-05-05', '中试成功', '["航天储能研究院"]'::json, '中试成功：实现人工智能关键突破。', '2026-06-15T12:00:00+00:00', '2026-06-15T12:00:00+00:00');
INSERT INTO tech_dev_milestone (tech_id, milestone_date, milestone_name, contributor_keywords, milestone_content, created_at, updated_at) VALUES ('TECH_S_529c5850d5241ea5', '2024-02-18', '产业化', '["南方量子科技"]'::json, '产业化：实现人工智能关键突破。', '2026-06-15T12:00:00+00:00', '2026-06-15T12:00:00+00:00');
INSERT INTO tech_funding (tech_id, amount, source, created_at, updated_at) VALUES ('TECH_S_529c5850d5241ea5', 8000.0, '国家自然科学基金', '2026-06-15T12:00:00+00:00', '2026-06-15T12:00:00+00:00');
INSERT INTO tech_funding (tech_id, amount, source, created_at, updated_at) VALUES ('TECH_S_529c5850d5241ea5', 3000.0, '国家自然科学基金', '2026-06-15T12:00:00+00:00', '2026-06-15T12:00:00+00:00');
INSERT INTO tech_academic_output (tech_id, name, publish_date, subject_keywords, image, created_at, updated_at) VALUES ('TECH_S_529c5850d5241ea5', '高性能类脑计算架构系统相关研究', '2021-09-08', '["南方航宇研究院"]'::json, '', '2026-06-15T12:00:00+00:00', '2026-06-15T12:00:00+00:00');
INSERT INTO tech_academic_output (tech_id, name, publish_date, subject_keywords, image, created_at, updated_at) VALUES ('TECH_S_529c5850d5241ea5', '高性能类脑计算架构系统相关研究', '2018-05-19', '["新前沿研究院"]'::json, '', '2026-06-15T12:00:00+00:00', '2026-06-15T12:00:00+00:00');
INSERT INTO tech_academic_output (tech_id, name, publish_date, subject_keywords, image, created_at, updated_at) VALUES ('TECH_S_529c5850d5241ea5', '高性能类脑计算架构系统相关研究', '2021-08-15', '["远储能集团"]'::json, '', '2026-06-15T12:00:00+00:00', '2026-06-15T12:00:00+00:00');
INSERT INTO tech_experiment (tech_id, content, experiment_date, result, subject_keywords, image, created_at, updated_at) VALUES ('TECH_S_529c5850d5241ea5', '高性能类脑计算架构系统原理验证实验', '2020-11-18', '实验数据达到预期指标', '["人工智能"]'::json, '', '2026-06-15T12:00:00+00:00', '2026-06-15T12:00:00+00:00');
INSERT INTO entity_change_log (entity_id, entity_type, field, old_value, new_value, method, operator, source_doc_id, reason, changed_at) VALUES ('TECH_S_529c5850d5241ea5', 'tech', '*', NULL, '{"action": "create"}'::json, 'rule', NULL, 'mock_seed', NULL, '2026-06-15T12:00:00+00:00');
INSERT INTO tech_profile (tech_id, tech_name_cn, tech_name_en, tech_name_other, tech_domain, invention_date, application_date, tech_summary, dev_goal, project_layout, key_points, transformation_status, basic_research_status, autonomy_capability, industrial_capability, tech_advantages, current_status, trend, remark, confidence, completeness, created_at, updated_at) VALUES ('TECH_S_eea6e9073e9cb8ed', '柔性仿生机械臂系统', 'Tech-085 氢燃料电池电堆', NULL, '["新能源", "卫星互联网"]'::json, '2012-07-12', '2019-12-25', '柔性仿生机械臂系统是新能源领域的关键技术，具有低成本等优势，应用前景广阔。', '突破新能源核心技术瓶颈，实现自主可控。', '["新能源基础理论", "新能源工程化"]'::json, '["新能源关键工艺", "新能源系统集成"]'::json, '已转化', '基础理论已建立', '具备完全自主知识产权', '形成完整产业链', '相比同类技术，柔性仿生机械臂系统在性能与成本上优势明显。', '工程化应用', '下降', '', 0.78, 0.772, '2026-06-15T12:00:00+00:00', '2026-06-15T12:00:00+00:00');
INSERT INTO tech_dev_milestone (tech_id, milestone_date, milestone_name, contributor_keywords, milestone_content, created_at, updated_at) VALUES ('TECH_S_eea6e9073e9cb8ed', '2020-02-26', '概念提出', '["南方光电研究所"]'::json, '概念提出：实现新能源关键突破。', '2026-06-15T12:00:00+00:00', '2026-06-15T12:00:00+00:00');
INSERT INTO tech_dev_milestone (tech_id, milestone_date, milestone_name, contributor_keywords, milestone_content, created_at, updated_at) VALUES ('TECH_S_eea6e9073e9cb8ed', '2021-11-18', '实验室验证', '["新聚变工程技术中心"]'::json, '实验室验证：实现新能源关键突破。', '2026-06-15T12:00:00+00:00', '2026-06-15T12:00:00+00:00');
INSERT INTO tech_dev_milestone (tech_id, milestone_date, milestone_name, contributor_keywords, milestone_content, created_at, updated_at) VALUES ('TECH_S_eea6e9073e9cb8ed', '2015-11-17', '工程样机', '["中聚变研究所"]'::json, '工程样机：实现新能源关键突破。', '2026-06-15T12:00:00+00:00', '2026-06-15T12:00:00+00:00');
INSERT INTO tech_dev_milestone (tech_id, milestone_date, milestone_name, contributor_keywords, milestone_content, created_at, updated_at) VALUES ('TECH_S_eea6e9073e9cb8ed', '2015-11-24', '中试成功', '["新芯创科技"]'::json, '中试成功：实现新能源关键突破。', '2026-06-15T12:00:00+00:00', '2026-06-15T12:00:00+00:00');
INSERT INTO tech_dev_milestone (tech_id, milestone_date, milestone_name, contributor_keywords, milestone_content, created_at, updated_at) VALUES ('TECH_S_eea6e9073e9cb8ed', '2020-05-19', '产业化', '["国生医集团"]'::json, '产业化：实现新能源关键突破。', '2026-06-15T12:00:00+00:00', '2026-06-15T12:00:00+00:00');
INSERT INTO tech_funding (tech_id, amount, source, created_at, updated_at) VALUES ('TECH_S_eea6e9073e9cb8ed', 8000.0, '地方专项', '2026-06-15T12:00:00+00:00', '2026-06-15T12:00:00+00:00');
INSERT INTO tech_academic_output (tech_id, name, publish_date, subject_keywords, image, created_at, updated_at) VALUES ('TECH_S_eea6e9073e9cb8ed', '柔性仿生机械臂系统相关研究', '2023-01-02', '["东方生医科技"]'::json, '', '2026-06-15T12:00:00+00:00', '2026-06-15T12:00:00+00:00');
INSERT INTO tech_experiment (tech_id, content, experiment_date, result, subject_keywords, image, created_at, updated_at) VALUES ('TECH_S_eea6e9073e9cb8ed', '柔性仿生机械臂系统原理验证实验', '2022-01-15', '实验数据达到预期指标', '["新能源"]'::json, '', '2026-06-15T12:00:00+00:00', '2026-06-15T12:00:00+00:00');
INSERT INTO entity_change_log (entity_id, entity_type, field, old_value, new_value, method, operator, source_doc_id, reason, changed_at) VALUES ('TECH_S_eea6e9073e9cb8ed', 'tech', '*', NULL, '{"action": "create"}'::json, 'rule', NULL, 'mock_seed', NULL, '2026-06-15T12:00:00+00:00');
INSERT INTO tech_profile (tech_id, tech_name_cn, tech_name_en, tech_name_other, tech_domain, invention_date, application_date, tech_summary, dev_goal, project_layout, key_points, transformation_status, basic_research_status, autonomy_capability, industrial_capability, tech_advantages, current_status, trend, remark, confidence, completeness, created_at, updated_at) VALUES ('TECH_S_41d8f300dc104762', '柔性mRNA疫苗系统', 'Tech-086 太赫兹通信', NULL, '["先进算力"]'::json, '2007-04-05', '2019-12-18', '柔性mRNA疫苗系统是先进算力领域的关键技术，具有高可靠性等优势，应用前景广阔。', '突破先进算力核心技术瓶颈，实现自主可控。', '["先进算力基础理论", "先进算力工程化"]'::json, '["先进算力关键工艺", "先进算力系统集成"]'::json, '转化中', '基础理论已建立', '具备完全自主知识产权', '形成完整产业链', '相比同类技术，柔性mRNA疫苗系统在性能与成本上优势明显。', '规模化部署', '下降', '', 0.937, 0.753, '2026-06-15T12:00:00+00:00', '2026-06-15T12:00:00+00:00');
INSERT INTO tech_dev_milestone (tech_id, milestone_date, milestone_name, contributor_keywords, milestone_content, created_at, updated_at) VALUES ('TECH_S_41d8f300dc104762', '2017-06-12', '概念提出', '["航天储能研究院"]'::json, '概念提出：实现先进算力关键突破。', '2026-06-15T12:00:00+00:00', '2026-06-15T12:00:00+00:00');
INSERT INTO tech_dev_milestone (tech_id, milestone_date, milestone_name, contributor_keywords, milestone_content, created_at, updated_at) VALUES ('TECH_S_41d8f300dc104762', '2024-06-25', '实验室验证', '["新基因实验室"]'::json, '实验室验证：实现先进算力关键突破。', '2026-06-15T12:00:00+00:00', '2026-06-15T12:00:00+00:00');
INSERT INTO tech_dev_milestone (tech_id, milestone_date, milestone_name, contributor_keywords, milestone_content, created_at, updated_at) VALUES ('TECH_S_41d8f300dc104762', '2017-10-15', '工程样机', '["航天氢动集团"]'::json, '工程样机：实现先进算力关键突破。', '2026-06-15T12:00:00+00:00', '2026-06-15T12:00:00+00:00');
INSERT INTO tech_dev_milestone (tech_id, milestone_date, milestone_name, contributor_keywords, milestone_content, created_at, updated_at) VALUES ('TECH_S_41d8f300dc104762', '2015-05-07', '中试成功', '["航天新材集团"]'::json, '中试成功：实现先进算力关键突破。', '2026-06-15T12:00:00+00:00', '2026-06-15T12:00:00+00:00');
INSERT INTO tech_dev_milestone (tech_id, milestone_date, milestone_name, contributor_keywords, milestone_content, created_at, updated_at) VALUES ('TECH_S_41d8f300dc104762', '2012-08-13', '产业化', '["东方芯创集团"]'::json, '产业化：实现先进算力关键突破。', '2026-06-15T12:00:00+00:00', '2026-06-15T12:00:00+00:00');
INSERT INTO tech_funding (tech_id, amount, source, created_at, updated_at) VALUES ('TECH_S_41d8f300dc104762', 8000.0, '地方专项', '2026-06-15T12:00:00+00:00', '2026-06-15T12:00:00+00:00');
INSERT INTO tech_funding (tech_id, amount, source, created_at, updated_at) VALUES ('TECH_S_41d8f300dc104762', 500.0, '企业自筹', '2026-06-15T12:00:00+00:00', '2026-06-15T12:00:00+00:00');
INSERT INTO tech_academic_output (tech_id, name, publish_date, subject_keywords, image, created_at, updated_at) VALUES ('TECH_S_41d8f300dc104762', '柔性mRNA疫苗系统相关研究', '2019-10-26', '["北方未来高科"]'::json, '', '2026-06-15T12:00:00+00:00', '2026-06-15T12:00:00+00:00');
INSERT INTO tech_academic_output (tech_id, name, publish_date, subject_keywords, image, created_at, updated_at) VALUES ('TECH_S_41d8f300dc104762', '柔性mRNA疫苗系统相关研究', '2018-11-15', '["航天氢动实验室"]'::json, '', '2026-06-15T12:00:00+00:00', '2026-06-15T12:00:00+00:00');
INSERT INTO tech_academic_output (tech_id, name, publish_date, subject_keywords, image, created_at, updated_at) VALUES ('TECH_S_41d8f300dc104762', '柔性mRNA疫苗系统相关研究', '2019-06-03', '["新芯创科技"]'::json, '', '2026-06-15T12:00:00+00:00', '2026-06-15T12:00:00+00:00');
INSERT INTO tech_experiment (tech_id, content, experiment_date, result, subject_keywords, image, created_at, updated_at) VALUES ('TECH_S_41d8f300dc104762', '柔性mRNA疫苗系统原理验证实验', '2023-10-06', '实验数据达到预期指标', '["先进算力"]'::json, '', '2026-06-15T12:00:00+00:00', '2026-06-15T12:00:00+00:00');
INSERT INTO entity_change_log (entity_id, entity_type, field, old_value, new_value, method, operator, source_doc_id, reason, changed_at) VALUES ('TECH_S_41d8f300dc104762', 'tech', '*', NULL, '{"action": "create"}'::json, 'rule', NULL, 'mock_seed', NULL, '2026-06-15T12:00:00+00:00');
INSERT INTO tech_profile (tech_id, tech_name_cn, tech_name_en, tech_name_other, tech_domain, invention_date, application_date, tech_summary, dev_goal, project_layout, key_points, transformation_status, basic_research_status, autonomy_capability, industrial_capability, tech_advantages, current_status, trend, remark, confidence, completeness, created_at, updated_at) VALUES ('TECH_S_8ce3a73e5974b3cb', '新型碳化硅功率器件解决方案', 'Tech-087 自动驾驶域控制器', NULL, '["网络安全", "深海装备"]'::json, '2000-11-05', '2025-02-18', '新型碳化硅功率器件解决方案是深海装备领域的关键技术，具有高可靠性等优势，应用前景广阔。', '突破深海装备核心技术瓶颈，实现自主可控。', '["深海装备基础理论", "深海装备工程化"]'::json, '["深海装备关键工艺", "深海装备系统集成"]'::json, '待转化', '基础理论已建立', '具备完全自主知识产权', '形成完整产业链', '相比同类技术，新型碳化硅功率器件解决方案在性能与成本上优势明显。', '中试阶段', '波动', '', 0.932, 0.755, '2026-06-15T12:00:00+00:00', '2026-06-15T12:00:00+00:00');
INSERT INTO tech_dev_milestone (tech_id, milestone_date, milestone_name, contributor_keywords, milestone_content, created_at, updated_at) VALUES ('TECH_S_8ce3a73e5974b3cb', '2022-08-05', '概念提出', '["中基因工程技术中心"]'::json, '概念提出：实现深海装备关键突破。', '2026-06-15T12:00:00+00:00', '2026-06-15T12:00:00+00:00');
INSERT INTO tech_dev_milestone (tech_id, milestone_date, milestone_name, contributor_keywords, milestone_content, created_at, updated_at) VALUES ('TECH_S_8ce3a73e5974b3cb', '2011-08-13', '实验室验证', '["中科脑科学集团"]'::json, '实验室验证：实现深海装备关键突破。', '2026-06-15T12:00:00+00:00', '2026-06-15T12:00:00+00:00');
INSERT INTO tech_dev_milestone (tech_id, milestone_date, milestone_name, contributor_keywords, milestone_content, created_at, updated_at) VALUES ('TECH_S_8ce3a73e5974b3cb', '2020-05-24', '工程样机', '["新生医研究所"]'::json, '工程样机：实现深海装备关键突破。', '2026-06-15T12:00:00+00:00', '2026-06-15T12:00:00+00:00');
INSERT INTO tech_dev_milestone (tech_id, milestone_date, milestone_name, contributor_keywords, milestone_content, created_at, updated_at) VALUES ('TECH_S_8ce3a73e5974b3cb', '2018-09-22', '中试成功', '["航天算力研究院"]'::json, '中试成功：实现深海装备关键突破。', '2026-06-15T12:00:00+00:00', '2026-06-15T12:00:00+00:00');
INSERT INTO tech_dev_milestone (tech_id, milestone_date, milestone_name, contributor_keywords, milestone_content, created_at, updated_at) VALUES ('TECH_S_8ce3a73e5974b3cb', '2012-02-28', '产业化', '["中光电实验室"]'::json, '产业化：实现深海装备关键突破。', '2026-06-15T12:00:00+00:00', '2026-06-15T12:00:00+00:00');
INSERT INTO tech_funding (tech_id, amount, source, created_at, updated_at) VALUES ('TECH_S_8ce3a73e5974b3cb', 3000.0, '国家重点研发计划', '2026-06-15T12:00:00+00:00', '2026-06-15T12:00:00+00:00');
INSERT INTO tech_academic_output (tech_id, name, publish_date, subject_keywords, image, created_at, updated_at) VALUES ('TECH_S_8ce3a73e5974b3cb', '新型碳化硅功率器件解决方案相关研究', '2021-12-23', '["北方前沿实验室"]'::json, '', '2026-06-15T12:00:00+00:00', '2026-06-15T12:00:00+00:00');
INSERT INTO tech_experiment (tech_id, content, experiment_date, result, subject_keywords, image, created_at, updated_at) VALUES ('TECH_S_8ce3a73e5974b3cb', '新型碳化硅功率器件解决方案原理验证实验', '2021-07-07', '实验数据达到预期指标', '["深海装备"]'::json, '', '2026-06-15T12:00:00+00:00', '2026-06-15T12:00:00+00:00');
INSERT INTO entity_change_log (entity_id, entity_type, field, old_value, new_value, method, operator, source_doc_id, reason, changed_at) VALUES ('TECH_S_8ce3a73e5974b3cb', 'tech', '*', NULL, '{"action": "create"}'::json, 'rule', NULL, 'mock_seed', NULL, '2026-06-15T12:00:00+00:00');
INSERT INTO tech_profile (tech_id, tech_name_cn, tech_name_en, tech_name_other, tech_domain, invention_date, application_date, tech_summary, dev_goal, project_layout, key_points, transformation_status, basic_research_status, autonomy_capability, industrial_capability, tech_advantages, current_status, trend, remark, confidence, completeness, created_at, updated_at) VALUES ('TECH_S_114fc734e52c933e', '低功耗碳化硅功率器件工艺', 'Tech-088 卫星星座组网', NULL, '["量子计算", "网络安全"]'::json, '2002-01-16', '2025-02-12', '低功耗碳化硅功率器件工艺是网络安全领域的关键技术，具有高效率等优势，应用前景广阔。', '突破网络安全核心技术瓶颈，实现自主可控。', '["网络安全基础理论", "网络安全工程化"]'::json, '["网络安全关键工艺", "网络安全系统集成"]'::json, '转化中', '基础理论已建立', '具备完全自主知识产权', '形成完整产业链', '相比同类技术，低功耗碳化硅功率器件工艺在性能与成本上优势明显。', '实验室阶段', '波动', '', 0.919, 0.662, '2026-06-15T12:00:00+00:00', '2026-06-15T12:00:00+00:00');
INSERT INTO tech_dev_milestone (tech_id, milestone_date, milestone_name, contributor_keywords, milestone_content, created_at, updated_at) VALUES ('TECH_S_114fc734e52c933e', '2021-03-22', '概念提出', '["东方航宇研究所"]'::json, '概念提出：实现网络安全关键突破。', '2026-06-15T12:00:00+00:00', '2026-06-15T12:00:00+00:00');
INSERT INTO tech_dev_milestone (tech_id, milestone_date, milestone_name, contributor_keywords, milestone_content, created_at, updated_at) VALUES ('TECH_S_114fc734e52c933e', '2019-02-24', '实验室验证', '["新智算高科"]'::json, '实验室验证：实现网络安全关键突破。', '2026-06-15T12:00:00+00:00', '2026-06-15T12:00:00+00:00');
INSERT INTO tech_dev_milestone (tech_id, milestone_date, milestone_name, contributor_keywords, milestone_content, created_at, updated_at) VALUES ('TECH_S_114fc734e52c933e', '2012-02-24', '工程样机', '["东方脑科学实验室"]'::json, '工程样机：实现网络安全关键突破。', '2026-06-15T12:00:00+00:00', '2026-06-15T12:00:00+00:00');
INSERT INTO tech_dev_milestone (tech_id, milestone_date, milestone_name, contributor_keywords, milestone_content, created_at, updated_at) VALUES ('TECH_S_114fc734e52c933e', '2024-12-16', '中试成功', '["新聚变工程技术中心"]'::json, '中试成功：实现网络安全关键突破。', '2026-06-15T12:00:00+00:00', '2026-06-15T12:00:00+00:00');
INSERT INTO tech_dev_milestone (tech_id, milestone_date, milestone_name, contributor_keywords, milestone_content, created_at, updated_at) VALUES ('TECH_S_114fc734e52c933e', '2018-02-15', '产业化', '["航天储能实验室"]'::json, '产业化：实现网络安全关键突破。', '2026-06-15T12:00:00+00:00', '2026-06-15T12:00:00+00:00');
INSERT INTO tech_funding (tech_id, amount, source, created_at, updated_at) VALUES ('TECH_S_114fc734e52c933e', 8000.0, '国家重点研发计划', '2026-06-15T12:00:00+00:00', '2026-06-15T12:00:00+00:00');
INSERT INTO tech_funding (tech_id, amount, source, created_at, updated_at) VALUES ('TECH_S_114fc734e52c933e', 8000.0, '地方专项', '2026-06-15T12:00:00+00:00', '2026-06-15T12:00:00+00:00');
INSERT INTO tech_academic_output (tech_id, name, publish_date, subject_keywords, image, created_at, updated_at) VALUES ('TECH_S_114fc734e52c933e', '低功耗碳化硅功率器件工艺相关研究', '2019-04-17', '["东方储能高科"]'::json, '', '2026-06-15T12:00:00+00:00', '2026-06-15T12:00:00+00:00');
INSERT INTO tech_academic_output (tech_id, name, publish_date, subject_keywords, image, created_at, updated_at) VALUES ('TECH_S_114fc734e52c933e', '低功耗碳化硅功率器件工艺相关研究', '2020-09-10', '["华信息研究所"]'::json, '', '2026-06-15T12:00:00+00:00', '2026-06-15T12:00:00+00:00');
INSERT INTO tech_experiment (tech_id, content, experiment_date, result, subject_keywords, image, created_at, updated_at) VALUES ('TECH_S_114fc734e52c933e', '低功耗碳化硅功率器件工艺原理验证实验', '2020-09-05', '实验数据达到预期指标', '["网络安全"]'::json, '', '2026-06-15T12:00:00+00:00', '2026-06-15T12:00:00+00:00');
INSERT INTO entity_change_log (entity_id, entity_type, field, old_value, new_value, method, operator, source_doc_id, reason, changed_at) VALUES ('TECH_S_114fc734e52c933e', 'tech', '*', NULL, '{"action": "create"}'::json, 'rule', NULL, 'mock_seed', NULL, '2026-06-15T12:00:00+00:00');
INSERT INTO tech_profile (tech_id, tech_name_cn, tech_name_en, tech_name_other, tech_domain, invention_date, application_date, tech_summary, dev_goal, project_layout, key_points, transformation_status, basic_research_status, autonomy_capability, industrial_capability, tech_advantages, current_status, trend, remark, confidence, completeness, created_at, updated_at) VALUES ('TECH_S_c212700176fb707c', '柔性碳化硅功率器件工艺', 'Tech-089 自动驾驶域控制器', NULL, '["人工智能", "基因编辑"]'::json, '2001-05-08', '2021-09-27', '柔性碳化硅功率器件工艺是基因编辑领域的关键技术，具有低成本等优势，应用前景广阔。', '突破基因编辑核心技术瓶颈，实现自主可控。', '["基因编辑基础理论", "基因编辑工程化"]'::json, '["基因编辑关键工艺", "基因编辑系统集成"]'::json, '已转化', '基础理论已建立', '具备完全自主知识产权', '形成完整产业链', '相比同类技术，柔性碳化硅功率器件工艺在性能与成本上优势明显。', '规模化部署', '快速上升', '', 0.924, 0.815, '2026-06-15T12:00:00+00:00', '2026-06-15T12:00:00+00:00');
INSERT INTO tech_dev_milestone (tech_id, milestone_date, milestone_name, contributor_keywords, milestone_content, created_at, updated_at) VALUES ('TECH_S_c212700176fb707c', '2013-06-21', '概念提出', '["航天光电高科"]'::json, '概念提出：实现基因编辑关键突破。', '2026-06-15T12:00:00+00:00', '2026-06-15T12:00:00+00:00');
INSERT INTO tech_dev_milestone (tech_id, milestone_date, milestone_name, contributor_keywords, milestone_content, created_at, updated_at) VALUES ('TECH_S_c212700176fb707c', '2023-12-06', '实验室验证', '["国未来研究院"]'::json, '实验室验证：实现基因编辑关键突破。', '2026-06-15T12:00:00+00:00', '2026-06-15T12:00:00+00:00');
INSERT INTO tech_dev_milestone (tech_id, milestone_date, milestone_name, contributor_keywords, milestone_content, created_at, updated_at) VALUES ('TECH_S_c212700176fb707c', '2017-03-28', '工程样机', '["东方天网科技"]'::json, '工程样机：实现基因编辑关键突破。', '2026-06-15T12:00:00+00:00', '2026-06-15T12:00:00+00:00');
INSERT INTO tech_dev_milestone (tech_id, milestone_date, milestone_name, contributor_keywords, milestone_content, created_at, updated_at) VALUES ('TECH_S_c212700176fb707c', '2010-08-23', '中试成功', '["远储能研究院"]'::json, '中试成功：实现基因编辑关键突破。', '2026-06-15T12:00:00+00:00', '2026-06-15T12:00:00+00:00');
INSERT INTO tech_dev_milestone (tech_id, milestone_date, milestone_name, contributor_keywords, milestone_content, created_at, updated_at) VALUES ('TECH_S_c212700176fb707c', '2010-08-25', '产业化', '["中科微纳股份"]'::json, '产业化：实现基因编辑关键突破。', '2026-06-15T12:00:00+00:00', '2026-06-15T12:00:00+00:00');
INSERT INTO tech_funding (tech_id, amount, source, created_at, updated_at) VALUES ('TECH_S_c212700176fb707c', 3000.0, '国家重点研发计划', '2026-06-15T12:00:00+00:00', '2026-06-15T12:00:00+00:00');
INSERT INTO tech_funding (tech_id, amount, source, created_at, updated_at) VALUES ('TECH_S_c212700176fb707c', 8000.0, '企业自筹', '2026-06-15T12:00:00+00:00', '2026-06-15T12:00:00+00:00');
INSERT INTO tech_academic_output (tech_id, name, publish_date, subject_keywords, image, created_at, updated_at) VALUES ('TECH_S_c212700176fb707c', '柔性碳化硅功率器件工艺相关研究', '2022-10-25', '["远生医工程技术中心"]'::json, '', '2026-06-15T12:00:00+00:00', '2026-06-15T12:00:00+00:00');
INSERT INTO tech_academic_output (tech_id, name, publish_date, subject_keywords, image, created_at, updated_at) VALUES ('TECH_S_c212700176fb707c', '柔性碳化硅功率器件工艺相关研究', '2024-11-22', '["航天储能实验室"]'::json, '', '2026-06-15T12:00:00+00:00', '2026-06-15T12:00:00+00:00');
INSERT INTO tech_academic_output (tech_id, name, publish_date, subject_keywords, image, created_at, updated_at) VALUES ('TECH_S_c212700176fb707c', '柔性碳化硅功率器件工艺相关研究', '2018-12-09', '["北方光电研究院"]'::json, '', '2026-06-15T12:00:00+00:00', '2026-06-15T12:00:00+00:00');
INSERT INTO tech_experiment (tech_id, content, experiment_date, result, subject_keywords, image, created_at, updated_at) VALUES ('TECH_S_c212700176fb707c', '柔性碳化硅功率器件工艺原理验证实验', '2022-09-18', '实验数据达到预期指标', '["基因编辑"]'::json, '', '2026-06-15T12:00:00+00:00', '2026-06-15T12:00:00+00:00');
INSERT INTO entity_change_log (entity_id, entity_type, field, old_value, new_value, method, operator, source_doc_id, reason, changed_at) VALUES ('TECH_S_c212700176fb707c', 'tech', '*', NULL, '{"action": "create"}'::json, 'rule', NULL, 'mock_seed', NULL, '2026-06-15T12:00:00+00:00');
INSERT INTO tech_profile (tech_id, tech_name_cn, tech_name_en, tech_name_other, tech_domain, invention_date, application_date, tech_summary, dev_goal, project_layout, key_points, transformation_status, basic_research_status, autonomy_capability, industrial_capability, tech_advantages, current_status, trend, remark, confidence, completeness, created_at, updated_at) VALUES ('TECH_S_2328d2a5f2d64c19', '柔性仿生机械臂解决方案', 'Tech-090 仿生机械臂', NULL, '["增材制造", "集成电路"]'::json, '2006-12-10', '2022-02-06', '柔性仿生机械臂解决方案是增材制造领域的关键技术，具有高可靠性等优势，应用前景广阔。', '突破增材制造核心技术瓶颈，实现自主可控。', '["增材制造基础理论", "增材制造工程化"]'::json, '["增材制造关键工艺", "增材制造系统集成"]'::json, '待转化', '基础理论已建立', '具备完全自主知识产权', '形成完整产业链', '相比同类技术，柔性仿生机械臂解决方案在性能与成本上优势明显。', '概念论证', '快速上升', '', 0.733, 0.869, '2026-06-15T12:00:00+00:00', '2026-06-15T12:00:00+00:00');
INSERT INTO tech_dev_milestone (tech_id, milestone_date, milestone_name, contributor_keywords, milestone_content, created_at, updated_at) VALUES ('TECH_S_2328d2a5f2d64c19', '2024-02-18', '概念提出', '["中科天网研究所"]'::json, '概念提出：实现增材制造关键突破。', '2026-06-15T12:00:00+00:00', '2026-06-15T12:00:00+00:00');
INSERT INTO tech_dev_milestone (tech_id, milestone_date, milestone_name, contributor_keywords, milestone_content, created_at, updated_at) VALUES ('TECH_S_2328d2a5f2d64c19', '2011-07-18', '实验室验证', '["东方脑科学科技"]'::json, '实验室验证：实现增材制造关键突破。', '2026-06-15T12:00:00+00:00', '2026-06-15T12:00:00+00:00');
INSERT INTO tech_dev_milestone (tech_id, milestone_date, milestone_name, contributor_keywords, milestone_content, created_at, updated_at) VALUES ('TECH_S_2328d2a5f2d64c19', '2011-06-17', '工程样机', '["国储能研究所"]'::json, '工程样机：实现增材制造关键突破。', '2026-06-15T12:00:00+00:00', '2026-06-15T12:00:00+00:00');
INSERT INTO tech_dev_milestone (tech_id, milestone_date, milestone_name, contributor_keywords, milestone_content, created_at, updated_at) VALUES ('TECH_S_2328d2a5f2d64c19', '2015-04-06', '中试成功', '["中基因工程技术中心"]'::json, '中试成功：实现增材制造关键突破。', '2026-06-15T12:00:00+00:00', '2026-06-15T12:00:00+00:00');
INSERT INTO tech_dev_milestone (tech_id, milestone_date, milestone_name, contributor_keywords, milestone_content, created_at, updated_at) VALUES ('TECH_S_2328d2a5f2d64c19', '2018-02-08', '产业化', '["南方算力工程技术中心"]'::json, '产业化：实现增材制造关键突破。', '2026-06-15T12:00:00+00:00', '2026-06-15T12:00:00+00:00');
INSERT INTO tech_funding (tech_id, amount, source, created_at, updated_at) VALUES ('TECH_S_2328d2a5f2d64c19', 8000.0, '国家重点研发计划', '2026-06-15T12:00:00+00:00', '2026-06-15T12:00:00+00:00');
INSERT INTO tech_academic_output (tech_id, name, publish_date, subject_keywords, image, created_at, updated_at) VALUES ('TECH_S_2328d2a5f2d64c19', '柔性仿生机械臂解决方案相关研究', '2023-08-21', '["华基因工程技术中心"]'::json, '', '2026-06-15T12:00:00+00:00', '2026-06-15T12:00:00+00:00');
INSERT INTO tech_academic_output (tech_id, name, publish_date, subject_keywords, image, created_at, updated_at) VALUES ('TECH_S_2328d2a5f2d64c19', '柔性仿生机械臂解决方案相关研究', '2019-02-14', '["北方未来高科"]'::json, '', '2026-06-15T12:00:00+00:00', '2026-06-15T12:00:00+00:00');
INSERT INTO tech_academic_output (tech_id, name, publish_date, subject_keywords, image, created_at, updated_at) VALUES ('TECH_S_2328d2a5f2d64c19', '柔性仿生机械臂解决方案相关研究', '2020-03-26', '["新基因实验室"]'::json, '', '2026-06-15T12:00:00+00:00', '2026-06-15T12:00:00+00:00');
INSERT INTO tech_experiment (tech_id, content, experiment_date, result, subject_keywords, image, created_at, updated_at) VALUES ('TECH_S_2328d2a5f2d64c19', '柔性仿生机械臂解决方案原理验证实验', '2024-11-11', '实验数据达到预期指标', '["增材制造"]'::json, '', '2026-06-15T12:00:00+00:00', '2026-06-15T12:00:00+00:00');
INSERT INTO entity_change_log (entity_id, entity_type, field, old_value, new_value, method, operator, source_doc_id, reason, changed_at) VALUES ('TECH_S_2328d2a5f2d64c19', 'tech', '*', NULL, '{"action": "create"}'::json, 'rule', NULL, 'mock_seed', NULL, '2026-06-15T12:00:00+00:00');
INSERT INTO tech_profile (tech_id, tech_name_cn, tech_name_en, tech_name_other, tech_domain, invention_date, application_date, tech_summary, dev_goal, project_layout, key_points, transformation_status, basic_research_status, autonomy_capability, industrial_capability, tech_advantages, current_status, trend, remark, confidence, completeness, created_at, updated_at) VALUES ('TECH_S_419a9e17d200c7ac', '自主可控固态电池技术', 'Tech-091 神经形态芯片', NULL, '["自动驾驶", "深海装备"]'::json, '2005-10-20', '2022-04-28', '自主可控固态电池技术是深海装备领域的关键技术，具有高效率等优势，应用前景广阔。', '突破深海装备核心技术瓶颈，实现自主可控。', '["深海装备基础理论", "深海装备工程化"]'::json, '["深海装备关键工艺", "深海装备系统集成"]'::json, '待转化', '基础理论已建立', '具备完全自主知识产权', '形成完整产业链', '相比同类技术，自主可控固态电池技术在性能与成本上优势明显。', '工程化应用', '波动', '', 0.925, 0.77, '2026-06-15T12:00:00+00:00', '2026-06-15T12:00:00+00:00');
INSERT INTO tech_dev_milestone (tech_id, milestone_date, milestone_name, contributor_keywords, milestone_content, created_at, updated_at) VALUES ('TECH_S_419a9e17d200c7ac', '2010-09-02', '概念提出', '["中聚变研究所"]'::json, '概念提出：实现深海装备关键突破。', '2026-06-15T12:00:00+00:00', '2026-06-15T12:00:00+00:00');
INSERT INTO tech_dev_milestone (tech_id, milestone_date, milestone_name, contributor_keywords, milestone_content, created_at, updated_at) VALUES ('TECH_S_419a9e17d200c7ac', '2016-02-06', '实验室验证', '["航天算力研究所"]'::json, '实验室验证：实现深海装备关键突破。', '2026-06-15T12:00:00+00:00', '2026-06-15T12:00:00+00:00');
INSERT INTO tech_dev_milestone (tech_id, milestone_date, milestone_name, contributor_keywords, milestone_content, created_at, updated_at) VALUES ('TECH_S_419a9e17d200c7ac', '2020-08-26', '工程样机', '["东方智算实验室"]'::json, '工程样机：实现深海装备关键突破。', '2026-06-15T12:00:00+00:00', '2026-06-15T12:00:00+00:00');
INSERT INTO tech_dev_milestone (tech_id, milestone_date, milestone_name, contributor_keywords, milestone_content, created_at, updated_at) VALUES ('TECH_S_419a9e17d200c7ac', '2024-09-24', '中试成功', '["航天基因工程技术中心"]'::json, '中试成功：实现深海装备关键突破。', '2026-06-15T12:00:00+00:00', '2026-06-15T12:00:00+00:00');
INSERT INTO tech_dev_milestone (tech_id, milestone_date, milestone_name, contributor_keywords, milestone_content, created_at, updated_at) VALUES ('TECH_S_419a9e17d200c7ac', '2011-04-19', '产业化', '["新芯创高科"]'::json, '产业化：实现深海装备关键突破。', '2026-06-15T12:00:00+00:00', '2026-06-15T12:00:00+00:00');
INSERT INTO tech_funding (tech_id, amount, source, created_at, updated_at) VALUES ('TECH_S_419a9e17d200c7ac', 3000.0, '国家重点研发计划', '2026-06-15T12:00:00+00:00', '2026-06-15T12:00:00+00:00');
INSERT INTO tech_funding (tech_id, amount, source, created_at, updated_at) VALUES ('TECH_S_419a9e17d200c7ac', 8000.0, '企业自筹', '2026-06-15T12:00:00+00:00', '2026-06-15T12:00:00+00:00');
INSERT INTO tech_funding (tech_id, amount, source, created_at, updated_at) VALUES ('TECH_S_419a9e17d200c7ac', 1000.0, '国家自然科学基金', '2026-06-15T12:00:00+00:00', '2026-06-15T12:00:00+00:00');
INSERT INTO tech_academic_output (tech_id, name, publish_date, subject_keywords, image, created_at, updated_at) VALUES ('TECH_S_419a9e17d200c7ac', '自主可控固态电池技术相关研究', '2023-02-25', '["中科天网研究所"]'::json, '', '2026-06-15T12:00:00+00:00', '2026-06-15T12:00:00+00:00');
INSERT INTO tech_experiment (tech_id, content, experiment_date, result, subject_keywords, image, created_at, updated_at) VALUES ('TECH_S_419a9e17d200c7ac', '自主可控固态电池技术原理验证实验', '2022-11-28', '实验数据达到预期指标', '["深海装备"]'::json, '', '2026-06-15T12:00:00+00:00', '2026-06-15T12:00:00+00:00');
INSERT INTO entity_change_log (entity_id, entity_type, field, old_value, new_value, method, operator, source_doc_id, reason, changed_at) VALUES ('TECH_S_419a9e17d200c7ac', 'tech', '*', NULL, '{"action": "create"}'::json, 'rule', NULL, 'mock_seed', NULL, '2026-06-15T12:00:00+00:00');
INSERT INTO tech_profile (tech_id, tech_name_cn, tech_name_en, tech_name_other, tech_domain, invention_date, application_date, tech_summary, dev_goal, project_layout, key_points, transformation_status, basic_research_status, autonomy_capability, industrial_capability, tech_advantages, current_status, trend, remark, confidence, completeness, created_at, updated_at) VALUES ('TECH_S_b22ad6057473b3d0', '自主可控毫米波雷达工艺', 'Tech-092 可重复使用火箭', NULL, '["机器人", "先进算力"]'::json, '2013-02-15', '2021-09-19', '自主可控毫米波雷达工艺是先进算力领域的关键技术，具有低成本等优势，应用前景广阔。', '突破先进算力核心技术瓶颈，实现自主可控。', '["先进算力基础理论", "先进算力工程化"]'::json, '["先进算力关键工艺", "先进算力系统集成"]'::json, '转化中', '基础理论已建立', '具备完全自主知识产权', '形成完整产业链', '相比同类技术，自主可控毫米波雷达工艺在性能与成本上优势明显。', '实验室阶段', '快速上升', '', 0.881, 0.911, '2026-06-15T12:00:00+00:00', '2026-06-15T12:00:00+00:00');
INSERT INTO tech_dev_milestone (tech_id, milestone_date, milestone_name, contributor_keywords, milestone_content, created_at, updated_at) VALUES ('TECH_S_b22ad6057473b3d0', '2019-03-10', '概念提出', '["国先进研究所"]'::json, '概念提出：实现先进算力关键突破。', '2026-06-15T12:00:00+00:00', '2026-06-15T12:00:00+00:00');
INSERT INTO tech_dev_milestone (tech_id, milestone_date, milestone_name, contributor_keywords, milestone_content, created_at, updated_at) VALUES ('TECH_S_b22ad6057473b3d0', '2013-11-18', '实验室验证', '["远生医工程技术中心"]'::json, '实验室验证：实现先进算力关键突破。', '2026-06-15T12:00:00+00:00', '2026-06-15T12:00:00+00:00');
INSERT INTO tech_dev_milestone (tech_id, milestone_date, milestone_name, contributor_keywords, milestone_content, created_at, updated_at) VALUES ('TECH_S_b22ad6057473b3d0', '2020-06-09', '工程样机', '["北方未来高科"]'::json, '工程样机：实现先进算力关键突破。', '2026-06-15T12:00:00+00:00', '2026-06-15T12:00:00+00:00');
INSERT INTO tech_dev_milestone (tech_id, milestone_date, milestone_name, contributor_keywords, milestone_content, created_at, updated_at) VALUES ('TECH_S_b22ad6057473b3d0', '2017-04-10', '中试成功', '["航天储能实验室"]'::json, '中试成功：实现先进算力关键突破。', '2026-06-15T12:00:00+00:00', '2026-06-15T12:00:00+00:00');
INSERT INTO tech_dev_milestone (tech_id, milestone_date, milestone_name, contributor_keywords, milestone_content, created_at, updated_at) VALUES ('TECH_S_b22ad6057473b3d0', '2019-05-05', '产业化', '["新基因实验室"]'::json, '产业化：实现先进算力关键突破。', '2026-06-15T12:00:00+00:00', '2026-06-15T12:00:00+00:00');
INSERT INTO tech_funding (tech_id, amount, source, created_at, updated_at) VALUES ('TECH_S_b22ad6057473b3d0', 15000.0, '国家重点研发计划', '2026-06-15T12:00:00+00:00', '2026-06-15T12:00:00+00:00');
INSERT INTO tech_funding (tech_id, amount, source, created_at, updated_at) VALUES ('TECH_S_b22ad6057473b3d0', 3000.0, '国家重点研发计划', '2026-06-15T12:00:00+00:00', '2026-06-15T12:00:00+00:00');
INSERT INTO tech_academic_output (tech_id, name, publish_date, subject_keywords, image, created_at, updated_at) VALUES ('TECH_S_b22ad6057473b3d0', '自主可控毫米波雷达工艺相关研究', '2018-08-17', '["国储能研究所"]'::json, '', '2026-06-15T12:00:00+00:00', '2026-06-15T12:00:00+00:00');
INSERT INTO tech_experiment (tech_id, content, experiment_date, result, subject_keywords, image, created_at, updated_at) VALUES ('TECH_S_b22ad6057473b3d0', '自主可控毫米波雷达工艺原理验证实验', '2022-12-27', '实验数据达到预期指标', '["先进算力"]'::json, '', '2026-06-15T12:00:00+00:00', '2026-06-15T12:00:00+00:00');
INSERT INTO entity_change_log (entity_id, entity_type, field, old_value, new_value, method, operator, source_doc_id, reason, changed_at) VALUES ('TECH_S_b22ad6057473b3d0', 'tech', '*', NULL, '{"action": "create"}'::json, 'rule', NULL, 'mock_seed', NULL, '2026-06-15T12:00:00+00:00');
INSERT INTO tech_profile (tech_id, tech_name_cn, tech_name_en, tech_name_other, tech_domain, invention_date, application_date, tech_summary, dev_goal, project_layout, key_points, transformation_status, basic_research_status, autonomy_capability, industrial_capability, tech_advantages, current_status, trend, remark, confidence, completeness, created_at, updated_at) VALUES ('TECH_S_1e7fb96a70c6cac0', '高性能仿生机械臂装置', 'Tech-093 基因剪刀', NULL, '["量子计算", "网络安全"]'::json, '2006-05-24', '2022-07-07', '高性能仿生机械臂装置是网络安全领域的关键技术，具有高可靠性等优势，应用前景广阔。', '突破网络安全核心技术瓶颈，实现自主可控。', '["网络安全基础理论", "网络安全工程化"]'::json, '["网络安全关键工艺", "网络安全系统集成"]'::json, '已转化', '基础理论已建立', '具备完全自主知识产权', '形成完整产业链', '相比同类技术，高性能仿生机械臂装置在性能与成本上优势明显。', '规模化部署', '波动', '', 0.815, 0.683, '2026-06-15T12:00:00+00:00', '2026-06-15T12:00:00+00:00');
INSERT INTO tech_dev_milestone (tech_id, milestone_date, milestone_name, contributor_keywords, milestone_content, created_at, updated_at) VALUES ('TECH_S_1e7fb96a70c6cac0', '2014-12-19', '概念提出', '["华聚变高科"]'::json, '概念提出：实现网络安全关键突破。', '2026-06-15T12:00:00+00:00', '2026-06-15T12:00:00+00:00');
INSERT INTO tech_dev_milestone (tech_id, milestone_date, milestone_name, contributor_keywords, milestone_content, created_at, updated_at) VALUES ('TECH_S_1e7fb96a70c6cac0', '2021-02-03', '实验室验证', '["中科深海研究所"]'::json, '实验室验证：实现网络安全关键突破。', '2026-06-15T12:00:00+00:00', '2026-06-15T12:00:00+00:00');
INSERT INTO tech_dev_milestone (tech_id, milestone_date, milestone_name, contributor_keywords, milestone_content, created_at, updated_at) VALUES ('TECH_S_1e7fb96a70c6cac0', '2018-09-23', '工程样机', '["新基因实验室"]'::json, '工程样机：实现网络安全关键突破。', '2026-06-15T12:00:00+00:00', '2026-06-15T12:00:00+00:00');
INSERT INTO tech_dev_milestone (tech_id, milestone_date, milestone_name, contributor_keywords, milestone_content, created_at, updated_at) VALUES ('TECH_S_1e7fb96a70c6cac0', '2011-12-24', '中试成功', '["国航宇高科"]'::json, '中试成功：实现网络安全关键突破。', '2026-06-15T12:00:00+00:00', '2026-06-15T12:00:00+00:00');
INSERT INTO tech_dev_milestone (tech_id, milestone_date, milestone_name, contributor_keywords, milestone_content, created_at, updated_at) VALUES ('TECH_S_1e7fb96a70c6cac0', '2021-01-07', '产业化', '["新生医研究所"]'::json, '产业化：实现网络安全关键突破。', '2026-06-15T12:00:00+00:00', '2026-06-15T12:00:00+00:00');
INSERT INTO tech_funding (tech_id, amount, source, created_at, updated_at) VALUES ('TECH_S_1e7fb96a70c6cac0', 3000.0, '地方专项', '2026-06-15T12:00:00+00:00', '2026-06-15T12:00:00+00:00');
INSERT INTO tech_funding (tech_id, amount, source, created_at, updated_at) VALUES ('TECH_S_1e7fb96a70c6cac0', 15000.0, '国家重点研发计划', '2026-06-15T12:00:00+00:00', '2026-06-15T12:00:00+00:00');
INSERT INTO tech_academic_output (tech_id, name, publish_date, subject_keywords, image, created_at, updated_at) VALUES ('TECH_S_1e7fb96a70c6cac0', '高性能仿生机械臂装置相关研究', '2023-05-17', '["国前沿研究院"]'::json, '', '2026-06-15T12:00:00+00:00', '2026-06-15T12:00:00+00:00');
INSERT INTO tech_academic_output (tech_id, name, publish_date, subject_keywords, image, created_at, updated_at) VALUES ('TECH_S_1e7fb96a70c6cac0', '高性能仿生机械臂装置相关研究', '2021-07-01', '["新新材科技"]'::json, '', '2026-06-15T12:00:00+00:00', '2026-06-15T12:00:00+00:00');
INSERT INTO tech_academic_output (tech_id, name, publish_date, subject_keywords, image, created_at, updated_at) VALUES ('TECH_S_1e7fb96a70c6cac0', '高性能仿生机械臂装置相关研究', '2024-05-09', '["南方量子科技"]'::json, '', '2026-06-15T12:00:00+00:00', '2026-06-15T12:00:00+00:00');
INSERT INTO tech_experiment (tech_id, content, experiment_date, result, subject_keywords, image, created_at, updated_at) VALUES ('TECH_S_1e7fb96a70c6cac0', '高性能仿生机械臂装置原理验证实验', '2024-02-10', '实验数据达到预期指标', '["网络安全"]'::json, '', '2026-06-15T12:00:00+00:00', '2026-06-15T12:00:00+00:00');
INSERT INTO entity_change_log (entity_id, entity_type, field, old_value, new_value, method, operator, source_doc_id, reason, changed_at) VALUES ('TECH_S_1e7fb96a70c6cac0', 'tech', '*', NULL, '{"action": "create"}'::json, 'rule', NULL, 'mock_seed', NULL, '2026-06-15T12:00:00+00:00');
INSERT INTO tech_profile (tech_id, tech_name_cn, tech_name_en, tech_name_other, tech_domain, invention_date, application_date, tech_summary, dev_goal, project_layout, key_points, transformation_status, basic_research_status, autonomy_capability, industrial_capability, tech_advantages, current_status, trend, remark, confidence, completeness, created_at, updated_at) VALUES ('TECH_S_64d16f1878751d76', '柔性基因剪刀平台', 'Tech-094 固态电池', NULL, '["生物医药", "深海装备"]'::json, '2012-03-17', '2021-01-04', '柔性基因剪刀平台是深海装备领域的关键技术，具有高可靠性等优势，应用前景广阔。', '突破深海装备核心技术瓶颈，实现自主可控。', '["深海装备基础理论", "深海装备工程化"]'::json, '["深海装备关键工艺", "深海装备系统集成"]'::json, '已转化', '基础理论已建立', '具备完全自主知识产权', '形成完整产业链', '相比同类技术，柔性基因剪刀平台在性能与成本上优势明显。', '中试阶段', '下降', '', 0.934, 0.647, '2026-06-15T12:00:00+00:00', '2026-06-15T12:00:00+00:00');
INSERT INTO tech_dev_milestone (tech_id, milestone_date, milestone_name, contributor_keywords, milestone_content, created_at, updated_at) VALUES ('TECH_S_64d16f1878751d76', '2020-06-11', '概念提出', '["新聚变工程技术中心"]'::json, '概念提出：实现深海装备关键突破。', '2026-06-15T12:00:00+00:00', '2026-06-15T12:00:00+00:00');
INSERT INTO tech_dev_milestone (tech_id, milestone_date, milestone_name, contributor_keywords, milestone_content, created_at, updated_at) VALUES ('TECH_S_64d16f1878751d76', '2012-03-06', '实验室验证', '["中科聚变集团"]'::json, '实验室验证：实现深海装备关键突破。', '2026-06-15T12:00:00+00:00', '2026-06-15T12:00:00+00:00');
INSERT INTO tech_dev_milestone (tech_id, milestone_date, milestone_name, contributor_keywords, milestone_content, created_at, updated_at) VALUES ('TECH_S_64d16f1878751d76', '2016-09-04', '工程样机', '["新生医实验室"]'::json, '工程样机：实现深海装备关键突破。', '2026-06-15T12:00:00+00:00', '2026-06-15T12:00:00+00:00');
INSERT INTO tech_dev_milestone (tech_id, milestone_date, milestone_name, contributor_keywords, milestone_content, created_at, updated_at) VALUES ('TECH_S_64d16f1878751d76', '2024-03-16', '中试成功', '["中科天网研究所"]'::json, '中试成功：实现深海装备关键突破。', '2026-06-15T12:00:00+00:00', '2026-06-15T12:00:00+00:00');
INSERT INTO tech_dev_milestone (tech_id, milestone_date, milestone_name, contributor_keywords, milestone_content, created_at, updated_at) VALUES ('TECH_S_64d16f1878751d76', '2019-05-08', '产业化', '["华信息高科"]'::json, '产业化：实现深海装备关键突破。', '2026-06-15T12:00:00+00:00', '2026-06-15T12:00:00+00:00');
INSERT INTO tech_funding (tech_id, amount, source, created_at, updated_at) VALUES ('TECH_S_64d16f1878751d76', 8000.0, '国家重点研发计划', '2026-06-15T12:00:00+00:00', '2026-06-15T12:00:00+00:00');
INSERT INTO tech_funding (tech_id, amount, source, created_at, updated_at) VALUES ('TECH_S_64d16f1878751d76', 500.0, '国家自然科学基金', '2026-06-15T12:00:00+00:00', '2026-06-15T12:00:00+00:00');
INSERT INTO tech_funding (tech_id, amount, source, created_at, updated_at) VALUES ('TECH_S_64d16f1878751d76', 3000.0, '企业自筹', '2026-06-15T12:00:00+00:00', '2026-06-15T12:00:00+00:00');
INSERT INTO tech_academic_output (tech_id, name, publish_date, subject_keywords, image, created_at, updated_at) VALUES ('TECH_S_64d16f1878751d76', '柔性基因剪刀平台相关研究', '2022-08-05', '["南方量子科技"]'::json, '', '2026-06-15T12:00:00+00:00', '2026-06-15T12:00:00+00:00');
INSERT INTO tech_academic_output (tech_id, name, publish_date, subject_keywords, image, created_at, updated_at) VALUES ('TECH_S_64d16f1878751d76', '柔性基因剪刀平台相关研究', '2020-01-26', '["中科智算工程技术中心"]'::json, '', '2026-06-15T12:00:00+00:00', '2026-06-15T12:00:00+00:00');
INSERT INTO tech_academic_output (tech_id, name, publish_date, subject_keywords, image, created_at, updated_at) VALUES ('TECH_S_64d16f1878751d76', '柔性基因剪刀平台相关研究', '2019-02-17', '["中科聚变集团"]'::json, '', '2026-06-15T12:00:00+00:00', '2026-06-15T12:00:00+00:00');
INSERT INTO tech_experiment (tech_id, content, experiment_date, result, subject_keywords, image, created_at, updated_at) VALUES ('TECH_S_64d16f1878751d76', '柔性基因剪刀平台原理验证实验', '2024-06-10', '实验数据达到预期指标', '["深海装备"]'::json, '', '2026-06-15T12:00:00+00:00', '2026-06-15T12:00:00+00:00');
INSERT INTO entity_change_log (entity_id, entity_type, field, old_value, new_value, method, operator, source_doc_id, reason, changed_at) VALUES ('TECH_S_64d16f1878751d76', 'tech', '*', NULL, '{"action": "create"}'::json, 'rule', NULL, 'mock_seed', NULL, '2026-06-15T12:00:00+00:00');
INSERT INTO tech_profile (tech_id, tech_name_cn, tech_name_en, tech_name_other, tech_domain, invention_date, application_date, tech_summary, dev_goal, project_layout, key_points, transformation_status, basic_research_status, autonomy_capability, industrial_capability, tech_advantages, current_status, trend, remark, confidence, completeness, created_at, updated_at) VALUES ('TECH_S_7a2a6a320fe870ac', '柔性可重复使用火箭解决方案', 'Tech-095 碳化硅功率器件', NULL, '["无人机", "新能源"]'::json, '2013-05-06', '2019-07-15', '柔性可重复使用火箭解决方案是无人机领域的关键技术，具有低成本等优势，应用前景广阔。', '突破无人机核心技术瓶颈，实现自主可控。', '["无人机基础理论", "无人机工程化"]'::json, '["无人机关键工艺", "无人机系统集成"]'::json, '待转化', '基础理论已建立', '具备完全自主知识产权', '形成完整产业链', '相比同类技术，柔性可重复使用火箭解决方案在性能与成本上优势明显。', '规模化部署', '波动', '', 0.714, 0.653, '2026-06-15T12:00:00+00:00', '2026-06-15T12:00:00+00:00');
INSERT INTO tech_dev_milestone (tech_id, milestone_date, milestone_name, contributor_keywords, milestone_content, created_at, updated_at) VALUES ('TECH_S_7a2a6a320fe870ac', '2016-03-12', '概念提出', '["华信息研究所"]'::json, '概念提出：实现无人机关键突破。', '2026-06-15T12:00:00+00:00', '2026-06-15T12:00:00+00:00');
INSERT INTO tech_dev_milestone (tech_id, milestone_date, milestone_name, contributor_keywords, milestone_content, created_at, updated_at) VALUES ('TECH_S_7a2a6a320fe870ac', '2022-06-11', '实验室验证', '["新聚变工程技术中心"]'::json, '实验室验证：实现无人机关键突破。', '2026-06-15T12:00:00+00:00', '2026-06-15T12:00:00+00:00');
INSERT INTO tech_dev_milestone (tech_id, milestone_date, milestone_name, contributor_keywords, milestone_content, created_at, updated_at) VALUES ('TECH_S_7a2a6a320fe870ac', '2018-04-10', '工程样机', '["北方航宇科技"]'::json, '工程样机：实现无人机关键突破。', '2026-06-15T12:00:00+00:00', '2026-06-15T12:00:00+00:00');
INSERT INTO tech_dev_milestone (tech_id, milestone_date, milestone_name, contributor_keywords, milestone_content, created_at, updated_at) VALUES ('TECH_S_7a2a6a320fe870ac', '2016-09-28', '中试成功', '["南方光电研究所"]'::json, '中试成功：实现无人机关键突破。', '2026-06-15T12:00:00+00:00', '2026-06-15T12:00:00+00:00');
INSERT INTO tech_dev_milestone (tech_id, milestone_date, milestone_name, contributor_keywords, milestone_content, created_at, updated_at) VALUES ('TECH_S_7a2a6a320fe870ac', '2016-07-18', '产业化', '["华生医实验室"]'::json, '产业化：实现无人机关键突破。', '2026-06-15T12:00:00+00:00', '2026-06-15T12:00:00+00:00');
INSERT INTO tech_funding (tech_id, amount, source, created_at, updated_at) VALUES ('TECH_S_7a2a6a320fe870ac', 15000.0, '国家自然科学基金', '2026-06-15T12:00:00+00:00', '2026-06-15T12:00:00+00:00');
INSERT INTO tech_academic_output (tech_id, name, publish_date, subject_keywords, image, created_at, updated_at) VALUES ('TECH_S_7a2a6a320fe870ac', '柔性可重复使用火箭解决方案相关研究', '2021-05-26', '["航天储能实验室"]'::json, '', '2026-06-15T12:00:00+00:00', '2026-06-15T12:00:00+00:00');
INSERT INTO tech_academic_output (tech_id, name, publish_date, subject_keywords, image, created_at, updated_at) VALUES ('TECH_S_7a2a6a320fe870ac', '柔性可重复使用火箭解决方案相关研究', '2022-02-04', '["航天光电高科"]'::json, '', '2026-06-15T12:00:00+00:00', '2026-06-15T12:00:00+00:00');
INSERT INTO tech_experiment (tech_id, content, experiment_date, result, subject_keywords, image, created_at, updated_at) VALUES ('TECH_S_7a2a6a320fe870ac', '柔性可重复使用火箭解决方案原理验证实验', '2020-08-05', '实验数据达到预期指标', '["无人机"]'::json, '', '2026-06-15T12:00:00+00:00', '2026-06-15T12:00:00+00:00');
INSERT INTO entity_change_log (entity_id, entity_type, field, old_value, new_value, method, operator, source_doc_id, reason, changed_at) VALUES ('TECH_S_7a2a6a320fe870ac', 'tech', '*', NULL, '{"action": "create"}'::json, 'rule', NULL, 'mock_seed', NULL, '2026-06-15T12:00:00+00:00');
INSERT INTO tech_profile (tech_id, tech_name_cn, tech_name_en, tech_name_other, tech_domain, invention_date, application_date, tech_summary, dev_goal, project_layout, key_points, transformation_status, basic_research_status, autonomy_capability, industrial_capability, tech_advantages, current_status, trend, remark, confidence, completeness, created_at, updated_at) VALUES ('TECH_S_173df2d4aee21e5f', '新型碳化硅功率器件装置', 'Tech-096 钙钛矿太阳能电池', NULL, '["量子计算", "碳捕集"]'::json, '2012-09-26', '2022-04-22', '新型碳化硅功率器件装置是碳捕集领域的关键技术，具有高效率等优势，应用前景广阔。', '突破碳捕集核心技术瓶颈，实现自主可控。', '["碳捕集基础理论", "碳捕集工程化"]'::json, '["碳捕集关键工艺", "碳捕集系统集成"]'::json, '已转化', '基础理论已建立', '具备完全自主知识产权', '形成完整产业链', '相比同类技术，新型碳化硅功率器件装置在性能与成本上优势明显。', '中试阶段', '快速上升', '', 0.871, 0.553, '2026-06-15T12:00:00+00:00', '2026-06-15T12:00:00+00:00');
INSERT INTO tech_dev_milestone (tech_id, milestone_date, milestone_name, contributor_keywords, milestone_content, created_at, updated_at) VALUES ('TECH_S_173df2d4aee21e5f', '2015-08-03', '概念提出', '["国航宇高科"]'::json, '概念提出：实现碳捕集关键突破。', '2026-06-15T12:00:00+00:00', '2026-06-15T12:00:00+00:00');
INSERT INTO tech_dev_milestone (tech_id, milestone_date, milestone_name, contributor_keywords, milestone_content, created_at, updated_at) VALUES ('TECH_S_173df2d4aee21e5f', '2010-06-14', '实验室验证', '["华生医实验室"]'::json, '实验室验证：实现碳捕集关键突破。', '2026-06-15T12:00:00+00:00', '2026-06-15T12:00:00+00:00');
INSERT INTO tech_dev_milestone (tech_id, milestone_date, milestone_name, contributor_keywords, milestone_content, created_at, updated_at) VALUES ('TECH_S_173df2d4aee21e5f', '2013-05-06', '工程样机', '["东方航宇研究所"]'::json, '工程样机：实现碳捕集关键突破。', '2026-06-15T12:00:00+00:00', '2026-06-15T12:00:00+00:00');
INSERT INTO tech_dev_milestone (tech_id, milestone_date, milestone_name, contributor_keywords, milestone_content, created_at, updated_at) VALUES ('TECH_S_173df2d4aee21e5f', '2019-08-17', '中试成功', '["新基因股份"]'::json, '中试成功：实现碳捕集关键突破。', '2026-06-15T12:00:00+00:00', '2026-06-15T12:00:00+00:00');
INSERT INTO tech_dev_milestone (tech_id, milestone_date, milestone_name, contributor_keywords, milestone_content, created_at, updated_at) VALUES ('TECH_S_173df2d4aee21e5f', '2010-01-14', '产业化', '["航天基因工程技术中心"]'::json, '产业化：实现碳捕集关键突破。', '2026-06-15T12:00:00+00:00', '2026-06-15T12:00:00+00:00');
INSERT INTO tech_funding (tech_id, amount, source, created_at, updated_at) VALUES ('TECH_S_173df2d4aee21e5f', 1000.0, '国家重点研发计划', '2026-06-15T12:00:00+00:00', '2026-06-15T12:00:00+00:00');
INSERT INTO tech_funding (tech_id, amount, source, created_at, updated_at) VALUES ('TECH_S_173df2d4aee21e5f', 8000.0, '企业自筹', '2026-06-15T12:00:00+00:00', '2026-06-15T12:00:00+00:00');
INSERT INTO tech_academic_output (tech_id, name, publish_date, subject_keywords, image, created_at, updated_at) VALUES ('TECH_S_173df2d4aee21e5f', '新型碳化硅功率器件装置相关研究', '2023-08-11', '["中生医研究所"]'::json, '', '2026-06-15T12:00:00+00:00', '2026-06-15T12:00:00+00:00');
INSERT INTO tech_experiment (tech_id, content, experiment_date, result, subject_keywords, image, created_at, updated_at) VALUES ('TECH_S_173df2d4aee21e5f', '新型碳化硅功率器件装置原理验证实验', '2023-11-22', '实验数据达到预期指标', '["碳捕集"]'::json, '', '2026-06-15T12:00:00+00:00', '2026-06-15T12:00:00+00:00');
INSERT INTO entity_change_log (entity_id, entity_type, field, old_value, new_value, method, operator, source_doc_id, reason, changed_at) VALUES ('TECH_S_173df2d4aee21e5f', 'tech', '*', NULL, '{"action": "create"}'::json, 'rule', NULL, 'mock_seed', NULL, '2026-06-15T12:00:00+00:00');
INSERT INTO tech_profile (tech_id, tech_name_cn, tech_name_en, tech_name_other, tech_domain, invention_date, application_date, tech_summary, dev_goal, project_layout, key_points, transformation_status, basic_research_status, autonomy_capability, industrial_capability, tech_advantages, current_status, trend, remark, confidence, completeness, created_at, updated_at) VALUES ('TECH_S_c9c738f2d486f176', '小型化自动驾驶域控制器方法', 'Tech-097 碳化硅功率器件', NULL, '["深海装备", "基因编辑"]'::json, '2016-06-24', '2024-12-04', '小型化自动驾驶域控制器方法是深海装备领域的关键技术，具有低成本等优势，应用前景广阔。', '突破深海装备核心技术瓶颈，实现自主可控。', '["深海装备基础理论", "深海装备工程化"]'::json, '["深海装备关键工艺", "深海装备系统集成"]'::json, '已转化', '基础理论已建立', '具备完全自主知识产权', '形成完整产业链', '相比同类技术，小型化自动驾驶域控制器方法在性能与成本上优势明显。', '概念论证', '波动', '', 0.925, 0.943, '2026-06-15T12:00:00+00:00', '2026-06-15T12:00:00+00:00');
INSERT INTO tech_dev_milestone (tech_id, milestone_date, milestone_name, contributor_keywords, milestone_content, created_at, updated_at) VALUES ('TECH_S_c9c738f2d486f176', '2019-08-25', '概念提出', '["国前沿科技"]'::json, '概念提出：实现深海装备关键突破。', '2026-06-15T12:00:00+00:00', '2026-06-15T12:00:00+00:00');
INSERT INTO tech_dev_milestone (tech_id, milestone_date, milestone_name, contributor_keywords, milestone_content, created_at, updated_at) VALUES ('TECH_S_c9c738f2d486f176', '2015-10-17', '实验室验证', '["航天基因工程技术中心"]'::json, '实验室验证：实现深海装备关键突破。', '2026-06-15T12:00:00+00:00', '2026-06-15T12:00:00+00:00');
INSERT INTO tech_dev_milestone (tech_id, milestone_date, milestone_name, contributor_keywords, milestone_content, created_at, updated_at) VALUES ('TECH_S_c9c738f2d486f176', '2015-04-28', '工程样机', '["新芯创高科"]'::json, '工程样机：实现深海装备关键突破。', '2026-06-15T12:00:00+00:00', '2026-06-15T12:00:00+00:00');
INSERT INTO tech_dev_milestone (tech_id, milestone_date, milestone_name, contributor_keywords, milestone_content, created_at, updated_at) VALUES ('TECH_S_c9c738f2d486f176', '2020-07-18', '中试成功', '["新前沿研究院"]'::json, '中试成功：实现深海装备关键突破。', '2026-06-15T12:00:00+00:00', '2026-06-15T12:00:00+00:00');
INSERT INTO tech_dev_milestone (tech_id, milestone_date, milestone_name, contributor_keywords, milestone_content, created_at, updated_at) VALUES ('TECH_S_c9c738f2d486f176', '2010-06-12', '产业化', '["中氢动实验室"]'::json, '产业化：实现深海装备关键突破。', '2026-06-15T12:00:00+00:00', '2026-06-15T12:00:00+00:00');
INSERT INTO tech_funding (tech_id, amount, source, created_at, updated_at) VALUES ('TECH_S_c9c738f2d486f176', 8000.0, '国家自然科学基金', '2026-06-15T12:00:00+00:00', '2026-06-15T12:00:00+00:00');
INSERT INTO tech_funding (tech_id, amount, source, created_at, updated_at) VALUES ('TECH_S_c9c738f2d486f176', 1000.0, '国家自然科学基金', '2026-06-15T12:00:00+00:00', '2026-06-15T12:00:00+00:00');
INSERT INTO tech_funding (tech_id, amount, source, created_at, updated_at) VALUES ('TECH_S_c9c738f2d486f176', 3000.0, '国家重点研发计划', '2026-06-15T12:00:00+00:00', '2026-06-15T12:00:00+00:00');
INSERT INTO tech_academic_output (tech_id, name, publish_date, subject_keywords, image, created_at, updated_at) VALUES ('TECH_S_c9c738f2d486f176', '小型化自动驾驶域控制器方法相关研究', '2022-06-06', '["东方生医科技"]'::json, '', '2026-06-15T12:00:00+00:00', '2026-06-15T12:00:00+00:00');
INSERT INTO tech_academic_output (tech_id, name, publish_date, subject_keywords, image, created_at, updated_at) VALUES ('TECH_S_c9c738f2d486f176', '小型化自动驾驶域控制器方法相关研究', '2021-07-28', '["国先进研究所"]'::json, '', '2026-06-15T12:00:00+00:00', '2026-06-15T12:00:00+00:00');
INSERT INTO tech_academic_output (tech_id, name, publish_date, subject_keywords, image, created_at, updated_at) VALUES ('TECH_S_c9c738f2d486f176', '小型化自动驾驶域控制器方法相关研究', '2019-02-08', '["国航宇高科"]'::json, '', '2026-06-15T12:00:00+00:00', '2026-06-15T12:00:00+00:00');
INSERT INTO tech_experiment (tech_id, content, experiment_date, result, subject_keywords, image, created_at, updated_at) VALUES ('TECH_S_c9c738f2d486f176', '小型化自动驾驶域控制器方法原理验证实验', '2020-01-16', '实验数据达到预期指标', '["深海装备"]'::json, '', '2026-06-15T12:00:00+00:00', '2026-06-15T12:00:00+00:00');
INSERT INTO entity_change_log (entity_id, entity_type, field, old_value, new_value, method, operator, source_doc_id, reason, changed_at) VALUES ('TECH_S_c9c738f2d486f176', 'tech', '*', NULL, '{"action": "create"}'::json, 'rule', NULL, 'mock_seed', NULL, '2026-06-15T12:00:00+00:00');
INSERT INTO tech_profile (tech_id, tech_name_cn, tech_name_en, tech_name_other, tech_domain, invention_date, application_date, tech_summary, dev_goal, project_layout, key_points, transformation_status, basic_research_status, autonomy_capability, industrial_capability, tech_advantages, current_status, trend, remark, confidence, completeness, created_at, updated_at) VALUES ('TECH_S_b89e802ee6d35c66', '自主可控固态电池方法', 'Tech-098 mRNA疫苗', NULL, '["碳捕集", "光电技术"]'::json, '2014-06-23', '2022-08-10', '自主可控固态电池方法是碳捕集领域的关键技术，具有低成本等优势，应用前景广阔。', '突破碳捕集核心技术瓶颈，实现自主可控。', '["碳捕集基础理论", "碳捕集工程化"]'::json, '["碳捕集关键工艺", "碳捕集系统集成"]'::json, '转化中', '基础理论已建立', '具备完全自主知识产权', '形成完整产业链', '相比同类技术，自主可控固态电池方法在性能与成本上优势明显。', '概念论证', '快速上升', '', 0.75, 0.948, '2026-06-15T12:00:00+00:00', '2026-06-15T12:00:00+00:00');
INSERT INTO tech_dev_milestone (tech_id, milestone_date, milestone_name, contributor_keywords, milestone_content, created_at, updated_at) VALUES ('TECH_S_b89e802ee6d35c66', '2016-06-15', '概念提出', '["北方航宇科技"]'::json, '概念提出：实现碳捕集关键突破。', '2026-06-15T12:00:00+00:00', '2026-06-15T12:00:00+00:00');
INSERT INTO tech_dev_milestone (tech_id, milestone_date, milestone_name, contributor_keywords, milestone_content, created_at, updated_at) VALUES ('TECH_S_b89e802ee6d35c66', '2020-07-02', '实验室验证', '["国前沿科技"]'::json, '实验室验证：实现碳捕集关键突破。', '2026-06-15T12:00:00+00:00', '2026-06-15T12:00:00+00:00');
INSERT INTO tech_dev_milestone (tech_id, milestone_date, milestone_name, contributor_keywords, milestone_content, created_at, updated_at) VALUES ('TECH_S_b89e802ee6d35c66', '2019-11-16', '工程样机', '["国新材科技"]'::json, '工程样机：实现碳捕集关键突破。', '2026-06-15T12:00:00+00:00', '2026-06-15T12:00:00+00:00');
INSERT INTO tech_dev_milestone (tech_id, milestone_date, milestone_name, contributor_keywords, milestone_content, created_at, updated_at) VALUES ('TECH_S_b89e802ee6d35c66', '2013-04-03', '中试成功', '["国信息高科"]'::json, '中试成功：实现碳捕集关键突破。', '2026-06-15T12:00:00+00:00', '2026-06-15T12:00:00+00:00');
INSERT INTO tech_dev_milestone (tech_id, milestone_date, milestone_name, contributor_keywords, milestone_content, created_at, updated_at) VALUES ('TECH_S_b89e802ee6d35c66', '2017-07-03', '产业化', '["国未来研究院"]'::json, '产业化：实现碳捕集关键突破。', '2026-06-15T12:00:00+00:00', '2026-06-15T12:00:00+00:00');
INSERT INTO tech_funding (tech_id, amount, source, created_at, updated_at) VALUES ('TECH_S_b89e802ee6d35c66', 8000.0, '企业自筹', '2026-06-15T12:00:00+00:00', '2026-06-15T12:00:00+00:00');
INSERT INTO tech_funding (tech_id, amount, source, created_at, updated_at) VALUES ('TECH_S_b89e802ee6d35c66', 3000.0, '地方专项', '2026-06-15T12:00:00+00:00', '2026-06-15T12:00:00+00:00');
INSERT INTO tech_funding (tech_id, amount, source, created_at, updated_at) VALUES ('TECH_S_b89e802ee6d35c66', 1000.0, '国家重点研发计划', '2026-06-15T12:00:00+00:00', '2026-06-15T12:00:00+00:00');
INSERT INTO tech_academic_output (tech_id, name, publish_date, subject_keywords, image, created_at, updated_at) VALUES ('TECH_S_b89e802ee6d35c66', '自主可控固态电池方法相关研究', '2020-05-26', '["新新材科技"]'::json, '', '2026-06-15T12:00:00+00:00', '2026-06-15T12:00:00+00:00');
INSERT INTO tech_academic_output (tech_id, name, publish_date, subject_keywords, image, created_at, updated_at) VALUES ('TECH_S_b89e802ee6d35c66', '自主可控固态电池方法相关研究', '2024-08-24', '["新氢动高科"]'::json, '', '2026-06-15T12:00:00+00:00', '2026-06-15T12:00:00+00:00');
INSERT INTO tech_experiment (tech_id, content, experiment_date, result, subject_keywords, image, created_at, updated_at) VALUES ('TECH_S_b89e802ee6d35c66', '自主可控固态电池方法原理验证实验', '2023-03-23', '实验数据达到预期指标', '["碳捕集"]'::json, '', '2026-06-15T12:00:00+00:00', '2026-06-15T12:00:00+00:00');
INSERT INTO entity_change_log (entity_id, entity_type, field, old_value, new_value, method, operator, source_doc_id, reason, changed_at) VALUES ('TECH_S_b89e802ee6d35c66', 'tech', '*', NULL, '{"action": "create"}'::json, 'rule', NULL, 'mock_seed', NULL, '2026-06-15T12:00:00+00:00');
INSERT INTO tech_profile (tech_id, tech_name_cn, tech_name_en, tech_name_other, tech_domain, invention_date, application_date, tech_summary, dev_goal, project_layout, key_points, transformation_status, basic_research_status, autonomy_capability, industrial_capability, tech_advantages, current_status, trend, remark, confidence, completeness, created_at, updated_at) VALUES ('TECH_S_bc98113644017d38', '高性能量子纠错码技术', 'Tech-099 金属3D打印', NULL, '["生物医药", "氢能"]'::json, '2011-09-17', '2019-02-07', '高性能量子纠错码技术是生物医药领域的关键技术，具有高效率等优势，应用前景广阔。', '突破生物医药核心技术瓶颈，实现自主可控。', '["生物医药基础理论", "生物医药工程化"]'::json, '["生物医药关键工艺", "生物医药系统集成"]'::json, '转化中', '基础理论已建立', '具备完全自主知识产权', '形成完整产业链', '相比同类技术，高性能量子纠错码技术在性能与成本上优势明显。', '中试阶段', '平稳', '', 0.883, 0.747, '2026-06-15T12:00:00+00:00', '2026-06-15T12:00:00+00:00');
INSERT INTO tech_dev_milestone (tech_id, milestone_date, milestone_name, contributor_keywords, milestone_content, created_at, updated_at) VALUES ('TECH_S_bc98113644017d38', '2015-02-18', '概念提出', '["新芯创高科"]'::json, '概念提出：实现生物医药关键突破。', '2026-06-15T12:00:00+00:00', '2026-06-15T12:00:00+00:00');
INSERT INTO tech_dev_milestone (tech_id, milestone_date, milestone_name, contributor_keywords, milestone_content, created_at, updated_at) VALUES ('TECH_S_bc98113644017d38', '2015-03-06', '实验室验证', '["航天芯创科技"]'::json, '实验室验证：实现生物医药关键突破。', '2026-06-15T12:00:00+00:00', '2026-06-15T12:00:00+00:00');
INSERT INTO tech_dev_milestone (tech_id, milestone_date, milestone_name, contributor_keywords, milestone_content, created_at, updated_at) VALUES ('TECH_S_bc98113644017d38', '2017-11-27', '工程样机', '["北方脑科学实验室"]'::json, '工程样机：实现生物医药关键突破。', '2026-06-15T12:00:00+00:00', '2026-06-15T12:00:00+00:00');
INSERT INTO tech_dev_milestone (tech_id, milestone_date, milestone_name, contributor_keywords, milestone_content, created_at, updated_at) VALUES ('TECH_S_bc98113644017d38', '2024-08-22', '中试成功', '["航天氢动实验室"]'::json, '中试成功：实现生物医药关键突破。', '2026-06-15T12:00:00+00:00', '2026-06-15T12:00:00+00:00');
INSERT INTO tech_dev_milestone (tech_id, milestone_date, milestone_name, contributor_keywords, milestone_content, created_at, updated_at) VALUES ('TECH_S_bc98113644017d38', '2019-11-10', '产业化', '["北方前沿实验室"]'::json, '产业化：实现生物医药关键突破。', '2026-06-15T12:00:00+00:00', '2026-06-15T12:00:00+00:00');
INSERT INTO tech_funding (tech_id, amount, source, created_at, updated_at) VALUES ('TECH_S_bc98113644017d38', 500.0, '地方专项', '2026-06-15T12:00:00+00:00', '2026-06-15T12:00:00+00:00');
INSERT INTO tech_academic_output (tech_id, name, publish_date, subject_keywords, image, created_at, updated_at) VALUES ('TECH_S_bc98113644017d38', '高性能量子纠错码技术相关研究', '2023-06-20', '["东方航宇研究所"]'::json, '', '2026-06-15T12:00:00+00:00', '2026-06-15T12:00:00+00:00');
INSERT INTO tech_academic_output (tech_id, name, publish_date, subject_keywords, image, created_at, updated_at) VALUES ('TECH_S_bc98113644017d38', '高性能量子纠错码技术相关研究', '2022-04-18', '["华生医实验室"]'::json, '', '2026-06-15T12:00:00+00:00', '2026-06-15T12:00:00+00:00');
INSERT INTO tech_academic_output (tech_id, name, publish_date, subject_keywords, image, created_at, updated_at) VALUES ('TECH_S_bc98113644017d38', '高性能量子纠错码技术相关研究', '2021-06-05', '["航天芯创科技"]'::json, '', '2026-06-15T12:00:00+00:00', '2026-06-15T12:00:00+00:00');
INSERT INTO tech_experiment (tech_id, content, experiment_date, result, subject_keywords, image, created_at, updated_at) VALUES ('TECH_S_bc98113644017d38', '高性能量子纠错码技术原理验证实验', '2022-02-24', '实验数据达到预期指标', '["生物医药"]'::json, '', '2026-06-15T12:00:00+00:00', '2026-06-15T12:00:00+00:00');
INSERT INTO entity_change_log (entity_id, entity_type, field, old_value, new_value, method, operator, source_doc_id, reason, changed_at) VALUES ('TECH_S_bc98113644017d38', 'tech', '*', NULL, '{"action": "create"}'::json, 'rule', NULL, 'mock_seed', NULL, '2026-06-15T12:00:00+00:00');

-- ── 项目 ──
INSERT INTO project_profile (project_id, name_cn, name_en, name_other, tech_domain, sub_tech_domain, start_date, cancel_date, finish_date, status, budget_activities, project_no, main_orgs, undertaking_orgs, undertaking_enterprises, managers, researchers, background, research_goal, research_content, keywords, progress, application_prospect, key_dates, total_budget_million_usd, invested_million_usd, parent_package_name, previous_phase_name, confidence, completeness, created_at, updated_at) VALUES ('PROJECT_S_5534576d587cc2ba', '["先导太赫兹通信课题"]'::json, '["Project-000"]'::json, '[]'::json, '["增材制造", "基因编辑"]'::json, '["航空航天"]'::json, '2019-06-19', NULL, NULL, '["立项"]'::json, '["国际合作"]'::json, 10000, '["中科前沿实验室"]'::json, '["新生医研究所"]'::json, '["新生医研究所"]'::json, '["林瑞"]'::json, '["何雪松宇航", "梁建华", "林峰"]'::json, '["针对基因编辑领域关键需求立项"]'::json, '突破基因编辑关键技术，形成自主可控能力。', '["基因编辑理论研究", "基因编辑工程化", "基因编辑应用验证"]'::json, '["增材制造", "基因编辑"]'::json, '["2019年完成方案论证", "2020年进入工程研制"]'::json, '成果可应用于相关产业领域。', '[{"date": "2020-02-13", "event": "阶段评审"}]'::json, 5.0, 2.0, '重大专项', NULL, 0.882, 0.668, '2026-06-15T12:00:00+00:00', '2026-06-15T12:00:00+00:00');
INSERT INTO project_history (project_id, change_date, change_description, created_at, updated_at) VALUES ('PROJECT_S_5534576d587cc2ba', '2021-06-18', '立项批复', '2026-06-15T12:00:00+00:00', '2026-06-15T12:00:00+00:00');
INSERT INTO project_history (project_id, change_date, change_description, created_at, updated_at) VALUES ('PROJECT_S_5534576d587cc2ba', '2020-05-18', '通过中期评审', '2026-06-15T12:00:00+00:00', '2026-06-15T12:00:00+00:00');
INSERT INTO project_history (project_id, change_date, change_description, created_at, updated_at) VALUES ('PROJECT_S_5534576d587cc2ba', '2019-07-06', '转入工程阶段', '2026-06-15T12:00:00+00:00', '2026-06-15T12:00:00+00:00');
INSERT INTO project_budget (project_id, budget_date, amount, created_at, updated_at) VALUES ('PROJECT_S_5534576d587cc2ba', '2023-03-18', 2000.0, '2026-06-15T12:00:00+00:00', '2026-06-15T12:00:00+00:00');
INSERT INTO project_budget (project_id, budget_date, amount, created_at, updated_at) VALUES ('PROJECT_S_5534576d587cc2ba', '2021-03-01', 50.0, '2026-06-15T12:00:00+00:00', '2026-06-15T12:00:00+00:00');
INSERT INTO project_output (project_id, name_history, formed_at, tech_domains, owner_orgs, related_projects, attachments, created_at, updated_at) VALUES ('PROJECT_S_5534576d587cc2ba', '基因编辑成果', '2023-11-05', '["增材制造", "基因编辑"]'::json, '["中科前沿实验室"]'::json, '[]'::json, '[]'::json, '2026-06-15T12:00:00+00:00', '2026-06-15T12:00:00+00:00');
INSERT INTO entity_change_log (entity_id, entity_type, field, old_value, new_value, method, operator, source_doc_id, reason, changed_at) VALUES ('PROJECT_S_5534576d587cc2ba', 'project', '*', NULL, '{"action": "create"}'::json, 'rule', NULL, 'mock_seed', NULL, '2026-06-15T12:00:00+00:00');
INSERT INTO project_profile (project_id, name_cn, name_en, name_other, tech_domain, sub_tech_domain, start_date, cancel_date, finish_date, status, budget_activities, project_no, main_orgs, undertaking_orgs, undertaking_enterprises, managers, researchers, background, research_goal, research_content, keywords, progress, application_prospect, key_dates, total_budget_million_usd, invested_million_usd, parent_package_name, previous_phase_name, confidence, completeness, created_at, updated_at) VALUES ('PROJECT_S_36a248a04ede0c31', '["重大自动驾驶域控制器课题"]'::json, '["Project-001"]'::json, '[]'::json, '["先进算力"]'::json, '["人工智能", "自动驾驶"]'::json, '2022-05-21', NULL, NULL, '["验收"]'::json, '["国际合作"]'::json, 10001, '["新生医研究所"]'::json, '["新基因股份", "华信息高科"]'::json, '[]'::json, '["宋瑞志强", "朱勇"]'::json, '["胡宇航艳", "李昊强"]'::json, '["针对先进算力领域关键需求立项"]'::json, '突破先进算力关键技术，形成自主可控能力。', '["先进算力理论研究", "先进算力工程化", "先进算力应用验证"]'::json, '["先进算力"]'::json, '["2022年完成方案论证", "2023年进入工程研制"]'::json, '成果可应用于相关产业领域。', '[{"date": "2022-02-02", "event": "阶段评审"}]'::json, 300.0, 10.0, '重大专项', NULL, 0.94, 0.583, '2026-06-15T12:00:00+00:00', '2026-06-15T12:00:00+00:00');
INSERT INTO project_history (project_id, change_date, change_description, created_at, updated_at) VALUES ('PROJECT_S_36a248a04ede0c31', '2022-04-15', '立项批复', '2026-06-15T12:00:00+00:00', '2026-06-15T12:00:00+00:00');
INSERT INTO project_history (project_id, change_date, change_description, created_at, updated_at) VALUES ('PROJECT_S_36a248a04ede0c31', '2021-01-03', '通过中期评审', '2026-06-15T12:00:00+00:00', '2026-06-15T12:00:00+00:00');
INSERT INTO project_history (project_id, change_date, change_description, created_at, updated_at) VALUES ('PROJECT_S_36a248a04ede0c31', '2019-06-04', '转入工程阶段', '2026-06-15T12:00:00+00:00', '2026-06-15T12:00:00+00:00');
INSERT INTO project_budget (project_id, budget_date, amount, created_at, updated_at) VALUES ('PROJECT_S_36a248a04ede0c31', '2024-11-09', 800.0, '2026-06-15T12:00:00+00:00', '2026-06-15T12:00:00+00:00');
INSERT INTO project_output (project_id, name_history, formed_at, tech_domains, owner_orgs, related_projects, attachments, created_at, updated_at) VALUES ('PROJECT_S_36a248a04ede0c31', '先进算力关键技术', '2023-09-16', '["先进算力"]'::json, '["新生医研究所"]'::json, '[]'::json, '[]'::json, '2026-06-15T12:00:00+00:00', '2026-06-15T12:00:00+00:00');
INSERT INTO entity_change_log (entity_id, entity_type, field, old_value, new_value, method, operator, source_doc_id, reason, changed_at) VALUES ('PROJECT_S_36a248a04ede0c31', 'project', '*', NULL, '{"action": "create"}'::json, 'rule', NULL, 'mock_seed', NULL, '2026-06-15T12:00:00+00:00');
INSERT INTO project_profile (project_id, name_cn, name_en, name_other, tech_domain, sub_tech_domain, start_date, cancel_date, finish_date, status, budget_activities, project_no, main_orgs, undertaking_orgs, undertaking_enterprises, managers, researchers, background, research_goal, research_content, keywords, progress, application_prospect, key_dates, total_budget_million_usd, invested_million_usd, parent_package_name, previous_phase_name, confidence, completeness, created_at, updated_at) VALUES ('PROJECT_S_92e850a75c509e64', '["基础自动驾驶域控制器任务"]'::json, '["Project-002"]'::json, '[]'::json, '["量子计算", "基因编辑"]'::json, '["大模型"]'::json, '2021-01-26', NULL, NULL, '["暂停"]'::json, '["人员经费"]'::json, 10002, '["中基因工程技术中心"]'::json, '["南方量子科技", "东方储能高科"]'::json, '["南方量子科技"]'::json, '["王俊杰"]'::json, '["许文博", "赵婷建华"]'::json, '["针对量子计算领域关键需求立项"]'::json, '突破量子计算关键技术，形成自主可控能力。', '["量子计算理论研究", "量子计算工程化", "量子计算应用验证"]'::json, '["量子计算", "基因编辑"]'::json, '["2021年完成方案论证", "2022年进入工程研制"]'::json, '成果可应用于相关产业领域。', '[{"date": "2022-04-26", "event": "阶段评审"}]'::json, 20.0, 2.0, NULL, NULL, 0.895, 0.89, '2026-06-15T12:00:00+00:00', '2026-06-15T12:00:00+00:00');
INSERT INTO project_history (project_id, change_date, change_description, created_at, updated_at) VALUES ('PROJECT_S_92e850a75c509e64', '2022-01-05', '立项批复', '2026-06-15T12:00:00+00:00', '2026-06-15T12:00:00+00:00');
INSERT INTO project_history (project_id, change_date, change_description, created_at, updated_at) VALUES ('PROJECT_S_92e850a75c509e64', '2022-06-08', '通过中期评审', '2026-06-15T12:00:00+00:00', '2026-06-15T12:00:00+00:00');
INSERT INTO project_history (project_id, change_date, change_description, created_at, updated_at) VALUES ('PROJECT_S_92e850a75c509e64', '2024-02-07', '转入工程阶段', '2026-06-15T12:00:00+00:00', '2026-06-15T12:00:00+00:00');
INSERT INTO project_budget (project_id, budget_date, amount, created_at, updated_at) VALUES ('PROJECT_S_92e850a75c509e64', '2021-10-19', 800.0, '2026-06-15T12:00:00+00:00', '2026-06-15T12:00:00+00:00');
INSERT INTO project_budget (project_id, budget_date, amount, created_at, updated_at) VALUES ('PROJECT_S_92e850a75c509e64', '2024-07-19', 800.0, '2026-06-15T12:00:00+00:00', '2026-06-15T12:00:00+00:00');
INSERT INTO project_output (project_id, name_history, formed_at, tech_domains, owner_orgs, related_projects, attachments, created_at, updated_at) VALUES ('PROJECT_S_92e850a75c509e64', '量子计算成果', '2024-08-13', '["量子计算", "基因编辑"]'::json, '["中基因工程技术中心"]'::json, '[]'::json, '[]'::json, '2026-06-15T12:00:00+00:00', '2026-06-15T12:00:00+00:00');
INSERT INTO project_output (project_id, name_history, formed_at, tech_domains, owner_orgs, related_projects, attachments, created_at, updated_at) VALUES ('PROJECT_S_92e850a75c509e64', '量子计算关键技术', '2023-04-05', '["量子计算", "基因编辑"]'::json, '["中基因工程技术中心"]'::json, '[]'::json, '[]'::json, '2026-06-15T12:00:00+00:00', '2026-06-15T12:00:00+00:00');
INSERT INTO entity_change_log (entity_id, entity_type, field, old_value, new_value, method, operator, source_doc_id, reason, changed_at) VALUES ('PROJECT_S_92e850a75c509e64', 'project', '*', NULL, '{"action": "create"}'::json, 'rule', NULL, 'mock_seed', NULL, '2026-06-15T12:00:00+00:00');
INSERT INTO project_profile (project_id, name_cn, name_en, name_other, tech_domain, sub_tech_domain, start_date, cancel_date, finish_date, status, budget_activities, project_no, main_orgs, undertaking_orgs, undertaking_enterprises, managers, researchers, background, research_goal, research_content, keywords, progress, application_prospect, key_dates, total_budget_million_usd, invested_million_usd, parent_package_name, previous_phase_name, confidence, completeness, created_at, updated_at) VALUES ('PROJECT_S_1dd61d696af0a5e2', '["攻关金属3D打印课题"]'::json, '["Project-003"]'::json, '[]'::json, '["新能源", "碳捕集"]'::json, '["储能", "卫星互联网"]'::json, '2020-02-09', NULL, NULL, '["结题"]'::json, '["试验验证"]'::json, 10003, '["国航宇高科"]'::json, '["东方芯创股份"]'::json, '[]'::json, '["黄勇"]'::json, '["杨娟涛", "马伟勇"]'::json, '["针对碳捕集领域关键需求立项"]'::json, '突破碳捕集关键技术，形成自主可控能力。', '["碳捕集理论研究", "碳捕集工程化", "碳捕集应用验证"]'::json, '["新能源", "碳捕集"]'::json, '["2020年完成方案论证", "2021年进入工程研制"]'::json, '成果可应用于相关产业领域。', '[{"date": "2020-01-03", "event": "阶段评审"}]'::json, 50.0, 2.0, '重点研发', NULL, 0.936, 0.695, '2026-06-15T12:00:00+00:00', '2026-06-15T12:00:00+00:00');
INSERT INTO project_history (project_id, change_date, change_description, created_at, updated_at) VALUES ('PROJECT_S_1dd61d696af0a5e2', '2024-07-21', '立项批复', '2026-06-15T12:00:00+00:00', '2026-06-15T12:00:00+00:00');
INSERT INTO project_history (project_id, change_date, change_description, created_at, updated_at) VALUES ('PROJECT_S_1dd61d696af0a5e2', '2019-01-11', '通过中期评审', '2026-06-15T12:00:00+00:00', '2026-06-15T12:00:00+00:00');
INSERT INTO project_history (project_id, change_date, change_description, created_at, updated_at) VALUES ('PROJECT_S_1dd61d696af0a5e2', '2021-06-25', '转入工程阶段', '2026-06-15T12:00:00+00:00', '2026-06-15T12:00:00+00:00');
INSERT INTO project_budget (project_id, budget_date, amount, created_at, updated_at) VALUES ('PROJECT_S_1dd61d696af0a5e2', '2024-12-20', 200.0, '2026-06-15T12:00:00+00:00', '2026-06-15T12:00:00+00:00');
INSERT INTO project_budget (project_id, budget_date, amount, created_at, updated_at) VALUES ('PROJECT_S_1dd61d696af0a5e2', '2024-03-13', 200.0, '2026-06-15T12:00:00+00:00', '2026-06-15T12:00:00+00:00');
INSERT INTO project_budget (project_id, budget_date, amount, created_at, updated_at) VALUES ('PROJECT_S_1dd61d696af0a5e2', '2023-10-20', 800.0, '2026-06-15T12:00:00+00:00', '2026-06-15T12:00:00+00:00');
INSERT INTO project_output (project_id, name_history, formed_at, tech_domains, owner_orgs, related_projects, attachments, created_at, updated_at) VALUES ('PROJECT_S_1dd61d696af0a5e2', '碳捕集关键技术', '2024-12-20', '["新能源", "碳捕集"]'::json, '["国航宇高科"]'::json, '[]'::json, '[]'::json, '2026-06-15T12:00:00+00:00', '2026-06-15T12:00:00+00:00');
INSERT INTO project_output (project_id, name_history, formed_at, tech_domains, owner_orgs, related_projects, attachments, created_at, updated_at) VALUES ('PROJECT_S_1dd61d696af0a5e2', '碳捕集成果', '2021-05-27', '["新能源", "碳捕集"]'::json, '["国航宇高科"]'::json, '[]'::json, '[]'::json, '2026-06-15T12:00:00+00:00', '2026-06-15T12:00:00+00:00');
INSERT INTO entity_change_log (entity_id, entity_type, field, old_value, new_value, method, operator, source_doc_id, reason, changed_at) VALUES ('PROJECT_S_1dd61d696af0a5e2', 'project', '*', NULL, '{"action": "create"}'::json, 'rule', NULL, 'mock_seed', NULL, '2026-06-15T12:00:00+00:00');
INSERT INTO project_profile (project_id, name_cn, name_en, name_other, tech_domain, sub_tech_domain, start_date, cancel_date, finish_date, status, budget_activities, project_no, main_orgs, undertaking_orgs, undertaking_enterprises, managers, researchers, background, research_goal, research_content, keywords, progress, application_prospect, key_dates, total_budget_million_usd, invested_million_usd, parent_package_name, previous_phase_name, confidence, completeness, created_at, updated_at) VALUES ('PROJECT_S_cc62b0088dbfbb20', '["重大自动驾驶域控制器任务"]'::json, '["Project-004"]'::json, '[]'::json, '["无人机", "机器人"]'::json, '["半导体", "先进算力"]'::json, '2020-06-19', NULL, '2020-06-19', '["结题"]'::json, '["设备购置"]'::json, 10004, '["航天光电高科"]'::json, '["国航宇高科", "中生医研究所"]'::json, '[]'::json, '["梁建华"]'::json, '["朱斌杰", "马文博", "孙伟娟"]'::json, '["针对无人机领域关键需求立项"]'::json, '突破无人机关键技术，形成自主可控能力。', '["无人机理论研究", "无人机工程化", "无人机应用验证"]'::json, '["无人机", "机器人"]'::json, '["2020年完成方案论证", "2021年进入工程研制"]'::json, '成果可应用于相关产业领域。', '[{"date": "2021-09-21", "event": "阶段评审"}]'::json, 5.0, 30.0, '重点研发', NULL, 0.772, 0.871, '2026-06-15T12:00:00+00:00', '2026-06-15T12:00:00+00:00');
INSERT INTO project_history (project_id, change_date, change_description, created_at, updated_at) VALUES ('PROJECT_S_cc62b0088dbfbb20', '2020-05-07', '立项批复', '2026-06-15T12:00:00+00:00', '2026-06-15T12:00:00+00:00');
INSERT INTO project_history (project_id, change_date, change_description, created_at, updated_at) VALUES ('PROJECT_S_cc62b0088dbfbb20', '2020-05-11', '通过中期评审', '2026-06-15T12:00:00+00:00', '2026-06-15T12:00:00+00:00');
INSERT INTO project_history (project_id, change_date, change_description, created_at, updated_at) VALUES ('PROJECT_S_cc62b0088dbfbb20', '2023-02-24', '转入工程阶段', '2026-06-15T12:00:00+00:00', '2026-06-15T12:00:00+00:00');
INSERT INTO project_budget (project_id, budget_date, amount, created_at, updated_at) VALUES ('PROJECT_S_cc62b0088dbfbb20', '2024-09-02', 800.0, '2026-06-15T12:00:00+00:00', '2026-06-15T12:00:00+00:00');
INSERT INTO project_output (project_id, name_history, formed_at, tech_domains, owner_orgs, related_projects, attachments, created_at, updated_at) VALUES ('PROJECT_S_cc62b0088dbfbb20', '无人机关键技术', '2023-01-13', '["无人机", "机器人"]'::json, '["航天光电高科"]'::json, '[]'::json, '[]'::json, '2026-06-15T12:00:00+00:00', '2026-06-15T12:00:00+00:00');
INSERT INTO entity_change_log (entity_id, entity_type, field, old_value, new_value, method, operator, source_doc_id, reason, changed_at) VALUES ('PROJECT_S_cc62b0088dbfbb20', 'project', '*', NULL, '{"action": "create"}'::json, 'rule', NULL, 'mock_seed', NULL, '2026-06-15T12:00:00+00:00');
INSERT INTO project_profile (project_id, name_cn, name_en, name_other, tech_domain, sub_tech_domain, start_date, cancel_date, finish_date, status, budget_activities, project_no, main_orgs, undertaking_orgs, undertaking_enterprises, managers, researchers, background, research_goal, research_content, keywords, progress, application_prospect, key_dates, total_budget_million_usd, invested_million_usd, parent_package_name, previous_phase_name, confidence, completeness, created_at, updated_at) VALUES ('PROJECT_S_8e168bc5b61c8e2b', '["先导神经网络芯片课题"]'::json, '["Project-005"]'::json, '[]'::json, '["人工智能"]'::json, '["先进算力", "新材料"]'::json, '2021-09-10', NULL, NULL, '["立项"]'::json, '["试验验证"]'::json, 10005, '["新生医实验室"]'::json, '["国航宇高科"]'::json, '[]'::json, '["吴海燕宇航", "吴宁"]'::json, '["高磊伟", "王婷磊", "李昊强"]'::json, '["针对人工智能领域关键需求立项"]'::json, '突破人工智能关键技术，形成自主可控能力。', '["人工智能理论研究", "人工智能工程化", "人工智能应用验证"]'::json, '["人工智能"]'::json, '["2021年完成方案论证", "2022年进入工程研制"]'::json, '成果可应用于相关产业领域。', '[{"date": "2021-08-07", "event": "阶段评审"}]'::json, 120.0, 80.0, '重点研发', NULL, 0.768, 0.645, '2026-06-15T12:00:00+00:00', '2026-06-15T12:00:00+00:00');
INSERT INTO project_history (project_id, change_date, change_description, created_at, updated_at) VALUES ('PROJECT_S_8e168bc5b61c8e2b', '2019-01-06', '立项批复', '2026-06-15T12:00:00+00:00', '2026-06-15T12:00:00+00:00');
INSERT INTO project_history (project_id, change_date, change_description, created_at, updated_at) VALUES ('PROJECT_S_8e168bc5b61c8e2b', '2021-01-14', '通过中期评审', '2026-06-15T12:00:00+00:00', '2026-06-15T12:00:00+00:00');
INSERT INTO project_history (project_id, change_date, change_description, created_at, updated_at) VALUES ('PROJECT_S_8e168bc5b61c8e2b', '2022-12-20', '转入工程阶段', '2026-06-15T12:00:00+00:00', '2026-06-15T12:00:00+00:00');
INSERT INTO project_budget (project_id, budget_date, amount, created_at, updated_at) VALUES ('PROJECT_S_8e168bc5b61c8e2b', '2023-08-15', 50.0, '2026-06-15T12:00:00+00:00', '2026-06-15T12:00:00+00:00');
INSERT INTO project_budget (project_id, budget_date, amount, created_at, updated_at) VALUES ('PROJECT_S_8e168bc5b61c8e2b', '2023-12-03', 800.0, '2026-06-15T12:00:00+00:00', '2026-06-15T12:00:00+00:00');
INSERT INTO project_budget (project_id, budget_date, amount, created_at, updated_at) VALUES ('PROJECT_S_8e168bc5b61c8e2b', '2021-12-24', 50.0, '2026-06-15T12:00:00+00:00', '2026-06-15T12:00:00+00:00');
INSERT INTO project_output (project_id, name_history, formed_at, tech_domains, owner_orgs, related_projects, attachments, created_at, updated_at) VALUES ('PROJECT_S_8e168bc5b61c8e2b', '人工智能成果', '2022-01-14', '["人工智能"]'::json, '["新生医实验室"]'::json, '[]'::json, '[]'::json, '2026-06-15T12:00:00+00:00', '2026-06-15T12:00:00+00:00');
INSERT INTO project_output (project_id, name_history, formed_at, tech_domains, owner_orgs, related_projects, attachments, created_at, updated_at) VALUES ('PROJECT_S_8e168bc5b61c8e2b', '人工智能成果', '2023-03-13', '["人工智能"]'::json, '["新生医实验室"]'::json, '[]'::json, '[]'::json, '2026-06-15T12:00:00+00:00', '2026-06-15T12:00:00+00:00');
INSERT INTO project_output (project_id, name_history, formed_at, tech_domains, owner_orgs, related_projects, attachments, created_at, updated_at) VALUES ('PROJECT_S_8e168bc5b61c8e2b', '人工智能成果', '2023-10-17', '["人工智能"]'::json, '["新生医实验室"]'::json, '[]'::json, '[]'::json, '2026-06-15T12:00:00+00:00', '2026-06-15T12:00:00+00:00');
INSERT INTO entity_change_log (entity_id, entity_type, field, old_value, new_value, method, operator, source_doc_id, reason, changed_at) VALUES ('PROJECT_S_8e168bc5b61c8e2b', 'project', '*', NULL, '{"action": "create"}'::json, 'rule', NULL, 'mock_seed', NULL, '2026-06-15T12:00:00+00:00');
INSERT INTO project_profile (project_id, name_cn, name_en, name_other, tech_domain, sub_tech_domain, start_date, cancel_date, finish_date, status, budget_activities, project_no, main_orgs, undertaking_orgs, undertaking_enterprises, managers, researchers, background, research_goal, research_content, keywords, progress, application_prospect, key_dates, total_budget_million_usd, invested_million_usd, parent_package_name, previous_phase_name, confidence, completeness, created_at, updated_at) VALUES ('PROJECT_S_77977a4c136a94c2', '["重点光量子计算专项"]'::json, '["Project-006"]'::json, '[]'::json, '["氢能", "网络安全"]'::json, '["增材制造", "6G通信"]'::json, '2024-05-24', NULL, '2024-05-24', '["暂停"]'::json, '["人员经费"]'::json, 10006, '["国航宇高科"]'::json, '["中聚变研究所"]'::json, '[]'::json, '["孙伟娟", "王刚"]'::json, '["邓海燕志强", "韩文博娟", "徐志强", "邓桂英磊"]'::json, '["针对网络安全领域关键需求立项"]'::json, '突破网络安全关键技术，形成自主可控能力。', '["网络安全理论研究", "网络安全工程化", "网络安全应用验证"]'::json, '["氢能", "网络安全"]'::json, '["2024年完成方案论证", "2025年进入工程研制"]'::json, '成果可应用于相关产业领域。', '[{"date": "2023-08-10", "event": "阶段评审"}]'::json, 5.0, 2.0, '重大专项', NULL, 0.752, 0.56, '2026-06-15T12:00:00+00:00', '2026-06-15T12:00:00+00:00');
INSERT INTO project_history (project_id, change_date, change_description, created_at, updated_at) VALUES ('PROJECT_S_77977a4c136a94c2', '2022-12-22', '立项批复', '2026-06-15T12:00:00+00:00', '2026-06-15T12:00:00+00:00');
INSERT INTO project_history (project_id, change_date, change_description, created_at, updated_at) VALUES ('PROJECT_S_77977a4c136a94c2', '2024-08-05', '通过中期评审', '2026-06-15T12:00:00+00:00', '2026-06-15T12:00:00+00:00');
INSERT INTO project_history (project_id, change_date, change_description, created_at, updated_at) VALUES ('PROJECT_S_77977a4c136a94c2', '2019-04-14', '转入工程阶段', '2026-06-15T12:00:00+00:00', '2026-06-15T12:00:00+00:00');
INSERT INTO project_budget (project_id, budget_date, amount, created_at, updated_at) VALUES ('PROJECT_S_77977a4c136a94c2', '2024-06-13', 800.0, '2026-06-15T12:00:00+00:00', '2026-06-15T12:00:00+00:00');
INSERT INTO project_output (project_id, name_history, formed_at, tech_domains, owner_orgs, related_projects, attachments, created_at, updated_at) VALUES ('PROJECT_S_77977a4c136a94c2', '网络安全关键技术', '2021-08-05', '["氢能", "网络安全"]'::json, '["国航宇高科"]'::json, '[]'::json, '[]'::json, '2026-06-15T12:00:00+00:00', '2026-06-15T12:00:00+00:00');
INSERT INTO project_output (project_id, name_history, formed_at, tech_domains, owner_orgs, related_projects, attachments, created_at, updated_at) VALUES ('PROJECT_S_77977a4c136a94c2', '网络安全关键技术', '2023-12-17', '["氢能", "网络安全"]'::json, '["国航宇高科"]'::json, '[]'::json, '[]'::json, '2026-06-15T12:00:00+00:00', '2026-06-15T12:00:00+00:00');
INSERT INTO entity_change_log (entity_id, entity_type, field, old_value, new_value, method, operator, source_doc_id, reason, changed_at) VALUES ('PROJECT_S_77977a4c136a94c2', 'project', '*', NULL, '{"action": "create"}'::json, 'rule', NULL, 'mock_seed', NULL, '2026-06-15T12:00:00+00:00');
INSERT INTO project_profile (project_id, name_cn, name_en, name_other, tech_domain, sub_tech_domain, start_date, cancel_date, finish_date, status, budget_activities, project_no, main_orgs, undertaking_orgs, undertaking_enterprises, managers, researchers, background, research_goal, research_content, keywords, progress, application_prospect, key_dates, total_budget_million_usd, invested_million_usd, parent_package_name, previous_phase_name, confidence, completeness, created_at, updated_at) VALUES ('PROJECT_S_9b21011a12408dd9', '["重大氢燃料电池电堆工程"]'::json, '["Project-007"]'::json, '[]'::json, '["量子计算", "半导体"]'::json, '["基因编辑"]'::json, '2018-08-02', NULL, NULL, '["结题"]'::json, '["国际合作"]'::json, 10007, '["新新材科技"]'::json, '["国芯创研究所"]'::json, '[]'::json, '["唐洋磊"]'::json, '["马伟勇", "李瑞志强", "唐刚", "曹磊洋"]'::json, '["针对半导体领域关键需求立项"]'::json, '突破半导体关键技术，形成自主可控能力。', '["半导体理论研究", "半导体工程化", "半导体应用验证"]'::json, '["量子计算", "半导体"]'::json, '["2018年完成方案论证", "2019年进入工程研制"]'::json, '成果可应用于相关产业领域。', '[{"date": "2023-10-28", "event": "阶段评审"}]'::json, 300.0, 2.0, NULL, NULL, 0.902, 0.679, '2026-06-15T12:00:00+00:00', '2026-06-15T12:00:00+00:00');
INSERT INTO project_history (project_id, change_date, change_description, created_at, updated_at) VALUES ('PROJECT_S_9b21011a12408dd9', '2023-09-22', '立项批复', '2026-06-15T12:00:00+00:00', '2026-06-15T12:00:00+00:00');
INSERT INTO project_history (project_id, change_date, change_description, created_at, updated_at) VALUES ('PROJECT_S_9b21011a12408dd9', '2024-01-21', '通过中期评审', '2026-06-15T12:00:00+00:00', '2026-06-15T12:00:00+00:00');
INSERT INTO project_history (project_id, change_date, change_description, created_at, updated_at) VALUES ('PROJECT_S_9b21011a12408dd9', '2023-07-07', '转入工程阶段', '2026-06-15T12:00:00+00:00', '2026-06-15T12:00:00+00:00');
INSERT INTO project_budget (project_id, budget_date, amount, created_at, updated_at) VALUES ('PROJECT_S_9b21011a12408dd9', '2024-11-05', 800.0, '2026-06-15T12:00:00+00:00', '2026-06-15T12:00:00+00:00');
INSERT INTO project_output (project_id, name_history, formed_at, tech_domains, owner_orgs, related_projects, attachments, created_at, updated_at) VALUES ('PROJECT_S_9b21011a12408dd9', '半导体关键技术', '2023-09-01', '["量子计算", "半导体"]'::json, '["新新材科技"]'::json, '[]'::json, '[]'::json, '2026-06-15T12:00:00+00:00', '2026-06-15T12:00:00+00:00');
INSERT INTO project_output (project_id, name_history, formed_at, tech_domains, owner_orgs, related_projects, attachments, created_at, updated_at) VALUES ('PROJECT_S_9b21011a12408dd9', '半导体关键技术', '2023-06-22', '["量子计算", "半导体"]'::json, '["新新材科技"]'::json, '[]'::json, '[]'::json, '2026-06-15T12:00:00+00:00', '2026-06-15T12:00:00+00:00');
INSERT INTO entity_change_log (entity_id, entity_type, field, old_value, new_value, method, operator, source_doc_id, reason, changed_at) VALUES ('PROJECT_S_9b21011a12408dd9', 'project', '*', NULL, '{"action": "create"}'::json, 'rule', NULL, 'mock_seed', NULL, '2026-06-15T12:00:00+00:00');
INSERT INTO project_profile (project_id, name_cn, name_en, name_other, tech_domain, sub_tech_domain, start_date, cancel_date, finish_date, status, budget_activities, project_no, main_orgs, undertaking_orgs, undertaking_enterprises, managers, researchers, background, research_goal, research_content, keywords, progress, application_prospect, key_dates, total_budget_million_usd, invested_million_usd, parent_package_name, previous_phase_name, confidence, completeness, created_at, updated_at) VALUES ('PROJECT_S_fb69dc67263e0fb9', '["基础可重复使用火箭任务"]'::json, '["Project-008"]'::json, '[]'::json, '["生物医药", "脑机接口"]'::json, '["机器人"]'::json, '2018-08-10', NULL, NULL, '["结题"]'::json, '["人员经费"]'::json, 10008, '["北方光电研究院"]'::json, '["新芯创科技", "华先进股份"]'::json, '[]'::json, '["唐俊杰平"]'::json, '["陈海燕", "徐志强", "周伟杰"]'::json, '["针对生物医药领域关键需求立项"]'::json, '突破生物医药关键技术，形成自主可控能力。', '["生物医药理论研究", "生物医药工程化", "生物医药应用验证"]'::json, '["生物医药", "脑机接口"]'::json, '["2018年完成方案论证", "2019年进入工程研制"]'::json, '成果可应用于相关产业领域。', '[{"date": "2021-10-20", "event": "阶段评审"}]'::json, 120.0, 80.0, '重大专项', NULL, 0.837, 0.846, '2026-06-15T12:00:00+00:00', '2026-06-15T12:00:00+00:00');
INSERT INTO project_history (project_id, change_date, change_description, created_at, updated_at) VALUES ('PROJECT_S_fb69dc67263e0fb9', '2022-07-17', '立项批复', '2026-06-15T12:00:00+00:00', '2026-06-15T12:00:00+00:00');
INSERT INTO project_history (project_id, change_date, change_description, created_at, updated_at) VALUES ('PROJECT_S_fb69dc67263e0fb9', '2020-11-08', '通过中期评审', '2026-06-15T12:00:00+00:00', '2026-06-15T12:00:00+00:00');
INSERT INTO project_history (project_id, change_date, change_description, created_at, updated_at) VALUES ('PROJECT_S_fb69dc67263e0fb9', '2021-12-21', '转入工程阶段', '2026-06-15T12:00:00+00:00', '2026-06-15T12:00:00+00:00');
INSERT INTO project_budget (project_id, budget_date, amount, created_at, updated_at) VALUES ('PROJECT_S_fb69dc67263e0fb9', '2021-12-10', 50.0, '2026-06-15T12:00:00+00:00', '2026-06-15T12:00:00+00:00');
INSERT INTO project_budget (project_id, budget_date, amount, created_at, updated_at) VALUES ('PROJECT_S_fb69dc67263e0fb9', '2021-12-02', 50.0, '2026-06-15T12:00:00+00:00', '2026-06-15T12:00:00+00:00');
INSERT INTO project_budget (project_id, budget_date, amount, created_at, updated_at) VALUES ('PROJECT_S_fb69dc67263e0fb9', '2024-09-06', 200.0, '2026-06-15T12:00:00+00:00', '2026-06-15T12:00:00+00:00');
INSERT INTO project_output (project_id, name_history, formed_at, tech_domains, owner_orgs, related_projects, attachments, created_at, updated_at) VALUES ('PROJECT_S_fb69dc67263e0fb9', '生物医药成果', '2024-07-03', '["生物医药", "脑机接口"]'::json, '["北方光电研究院"]'::json, '[]'::json, '[]'::json, '2026-06-15T12:00:00+00:00', '2026-06-15T12:00:00+00:00');
INSERT INTO project_output (project_id, name_history, formed_at, tech_domains, owner_orgs, related_projects, attachments, created_at, updated_at) VALUES ('PROJECT_S_fb69dc67263e0fb9', '生物医药样机', '2022-04-19', '["生物医药", "脑机接口"]'::json, '["北方光电研究院"]'::json, '[]'::json, '[]'::json, '2026-06-15T12:00:00+00:00', '2026-06-15T12:00:00+00:00');
INSERT INTO entity_change_log (entity_id, entity_type, field, old_value, new_value, method, operator, source_doc_id, reason, changed_at) VALUES ('PROJECT_S_fb69dc67263e0fb9', 'project', '*', NULL, '{"action": "create"}'::json, 'rule', NULL, 'mock_seed', NULL, '2026-06-15T12:00:00+00:00');
INSERT INTO project_profile (project_id, name_cn, name_en, name_other, tech_domain, sub_tech_domain, start_date, cancel_date, finish_date, status, budget_activities, project_no, main_orgs, undertaking_orgs, undertaking_enterprises, managers, researchers, background, research_goal, research_content, keywords, progress, application_prospect, key_dates, total_budget_million_usd, invested_million_usd, parent_package_name, previous_phase_name, confidence, completeness, created_at, updated_at) VALUES ('PROJECT_S_327cb2e4061beae9', '["先导太赫兹通信专项"]'::json, '["Project-009"]'::json, '[]'::json, '["新能源", "5G通信"]'::json, '["5G通信"]'::json, '2024-02-13', NULL, '2024-02-13', '["在研"]'::json, '["试验验证"]'::json, 10009, '["东方脑科学科技"]'::json, '["远量子实验室", "东方智算实验室"]'::json, '["远量子实验室", "东方智算实验室"]'::json, '["梁建华"]'::json, '["罗峰", "朱晓东", "冯昊"]'::json, '["针对新能源领域关键需求立项"]'::json, '突破新能源关键技术，形成自主可控能力。', '["新能源理论研究", "新能源工程化", "新能源应用验证"]'::json, '["新能源", "5G通信"]'::json, '["2024年完成方案论证", "2025年进入工程研制"]'::json, '成果可应用于相关产业领域。', '[{"date": "2020-12-02", "event": "阶段评审"}]'::json, 5.0, 2.0, '重点研发', NULL, 0.941, 0.792, '2026-06-15T12:00:00+00:00', '2026-06-15T12:00:00+00:00');
INSERT INTO project_history (project_id, change_date, change_description, created_at, updated_at) VALUES ('PROJECT_S_327cb2e4061beae9', '2022-05-16', '立项批复', '2026-06-15T12:00:00+00:00', '2026-06-15T12:00:00+00:00');
INSERT INTO project_history (project_id, change_date, change_description, created_at, updated_at) VALUES ('PROJECT_S_327cb2e4061beae9', '2019-01-21', '通过中期评审', '2026-06-15T12:00:00+00:00', '2026-06-15T12:00:00+00:00');
INSERT INTO project_history (project_id, change_date, change_description, created_at, updated_at) VALUES ('PROJECT_S_327cb2e4061beae9', '2020-05-18', '转入工程阶段', '2026-06-15T12:00:00+00:00', '2026-06-15T12:00:00+00:00');
INSERT INTO project_budget (project_id, budget_date, amount, created_at, updated_at) VALUES ('PROJECT_S_327cb2e4061beae9', '2024-03-20', 800.0, '2026-06-15T12:00:00+00:00', '2026-06-15T12:00:00+00:00');
INSERT INTO project_budget (project_id, budget_date, amount, created_at, updated_at) VALUES ('PROJECT_S_327cb2e4061beae9', '2023-09-10', 2000.0, '2026-06-15T12:00:00+00:00', '2026-06-15T12:00:00+00:00');
INSERT INTO project_output (project_id, name_history, formed_at, tech_domains, owner_orgs, related_projects, attachments, created_at, updated_at) VALUES ('PROJECT_S_327cb2e4061beae9', '新能源成果', '2021-12-23', '["新能源", "5G通信"]'::json, '["东方脑科学科技"]'::json, '[]'::json, '[]'::json, '2026-06-15T12:00:00+00:00', '2026-06-15T12:00:00+00:00');
INSERT INTO project_output (project_id, name_history, formed_at, tech_domains, owner_orgs, related_projects, attachments, created_at, updated_at) VALUES ('PROJECT_S_327cb2e4061beae9', '新能源成果', '2024-01-27', '["新能源", "5G通信"]'::json, '["东方脑科学科技"]'::json, '[]'::json, '[]'::json, '2026-06-15T12:00:00+00:00', '2026-06-15T12:00:00+00:00');
INSERT INTO entity_change_log (entity_id, entity_type, field, old_value, new_value, method, operator, source_doc_id, reason, changed_at) VALUES ('PROJECT_S_327cb2e4061beae9', 'project', '*', NULL, '{"action": "create"}'::json, 'rule', NULL, 'mock_seed', NULL, '2026-06-15T12:00:00+00:00');
INSERT INTO project_profile (project_id, name_cn, name_en, name_other, tech_domain, sub_tech_domain, start_date, cancel_date, finish_date, status, budget_activities, project_no, main_orgs, undertaking_orgs, undertaking_enterprises, managers, researchers, background, research_goal, research_content, keywords, progress, application_prospect, key_dates, total_budget_million_usd, invested_million_usd, parent_package_name, previous_phase_name, confidence, completeness, created_at, updated_at) VALUES ('PROJECT_S_dc1b25b2d05b5530', '["重点金属3D打印任务"]'::json, '["Project-010"]'::json, '[]'::json, '["5G通信", "网络安全"]'::json, '["深海装备"]'::json, '2021-03-16', NULL, NULL, '["结题"]'::json, '["试验验证"]'::json, 10010, '["南方前沿集团"]'::json, '["华光电集团", "国新材科技"]'::json, '[]'::json, '["梁建华", "杨俊杰"]'::json, '["陈海燕", "李峰", "罗超"]'::json, '["针对5G通信领域关键需求立项"]'::json, '突破5G通信关键技术，形成自主可控能力。', '["5G通信理论研究", "5G通信工程化", "5G通信应用验证"]'::json, '["5G通信", "网络安全"]'::json, '["2021年完成方案论证", "2022年进入工程研制"]'::json, '成果可应用于相关产业领域。', '[{"date": "2021-10-09", "event": "阶段评审"}]'::json, 20.0, 30.0, '重大专项', NULL, 0.966, 0.77, '2026-06-15T12:00:00+00:00', '2026-06-15T12:00:00+00:00');
INSERT INTO project_history (project_id, change_date, change_description, created_at, updated_at) VALUES ('PROJECT_S_dc1b25b2d05b5530', '2021-09-03', '立项批复', '2026-06-15T12:00:00+00:00', '2026-06-15T12:00:00+00:00');
INSERT INTO project_history (project_id, change_date, change_description, created_at, updated_at) VALUES ('PROJECT_S_dc1b25b2d05b5530', '2019-01-23', '通过中期评审', '2026-06-15T12:00:00+00:00', '2026-06-15T12:00:00+00:00');
INSERT INTO project_history (project_id, change_date, change_description, created_at, updated_at) VALUES ('PROJECT_S_dc1b25b2d05b5530', '2021-04-19', '转入工程阶段', '2026-06-15T12:00:00+00:00', '2026-06-15T12:00:00+00:00');
INSERT INTO project_budget (project_id, budget_date, amount, created_at, updated_at) VALUES ('PROJECT_S_dc1b25b2d05b5530', '2021-01-25', 200.0, '2026-06-15T12:00:00+00:00', '2026-06-15T12:00:00+00:00');
INSERT INTO project_budget (project_id, budget_date, amount, created_at, updated_at) VALUES ('PROJECT_S_dc1b25b2d05b5530', '2022-10-28', 800.0, '2026-06-15T12:00:00+00:00', '2026-06-15T12:00:00+00:00');
INSERT INTO project_budget (project_id, budget_date, amount, created_at, updated_at) VALUES ('PROJECT_S_dc1b25b2d05b5530', '2021-12-02', 50.0, '2026-06-15T12:00:00+00:00', '2026-06-15T12:00:00+00:00');
INSERT INTO project_output (project_id, name_history, formed_at, tech_domains, owner_orgs, related_projects, attachments, created_at, updated_at) VALUES ('PROJECT_S_dc1b25b2d05b5530', '5G通信关键技术', '2021-05-01', '["5G通信", "网络安全"]'::json, '["南方前沿集团"]'::json, '[]'::json, '[]'::json, '2026-06-15T12:00:00+00:00', '2026-06-15T12:00:00+00:00');
INSERT INTO project_output (project_id, name_history, formed_at, tech_domains, owner_orgs, related_projects, attachments, created_at, updated_at) VALUES ('PROJECT_S_dc1b25b2d05b5530', '5G通信成果', '2023-07-03', '["5G通信", "网络安全"]'::json, '["南方前沿集团"]'::json, '[]'::json, '[]'::json, '2026-06-15T12:00:00+00:00', '2026-06-15T12:00:00+00:00');
INSERT INTO entity_change_log (entity_id, entity_type, field, old_value, new_value, method, operator, source_doc_id, reason, changed_at) VALUES ('PROJECT_S_dc1b25b2d05b5530', 'project', '*', NULL, '{"action": "create"}'::json, 'rule', NULL, 'mock_seed', NULL, '2026-06-15T12:00:00+00:00');
INSERT INTO project_profile (project_id, name_cn, name_en, name_other, tech_domain, sub_tech_domain, start_date, cancel_date, finish_date, status, budget_activities, project_no, main_orgs, undertaking_orgs, undertaking_enterprises, managers, researchers, background, research_goal, research_content, keywords, progress, application_prospect, key_dates, total_budget_million_usd, invested_million_usd, parent_package_name, previous_phase_name, confidence, completeness, created_at, updated_at) VALUES ('PROJECT_S_ff4fd5a3b76c684e', '["专项光量子计算项目"]'::json, '["Project-011"]'::json, '[]'::json, '["增材制造", "卫星互联网"]'::json, '["新能源", "生物医药"]'::json, '2024-02-03', NULL, NULL, '["立项"]'::json, '["试验验证"]'::json, 10011, '["东方航宇研究院"]'::json, '["航天基因工程技术中心", "南方航宇研究院"]'::json, '[]'::json, '["吴俊杰"]'::json, '["何勇", "徐勇", "杨娟涛"]'::json, '["针对卫星互联网领域关键需求立项"]'::json, '突破卫星互联网关键技术，形成自主可控能力。', '["卫星互联网理论研究", "卫星互联网工程化", "卫星互联网应用验证"]'::json, '["增材制造", "卫星互联网"]'::json, '["2024年完成方案论证", "2025年进入工程研制"]'::json, '成果可应用于相关产业领域。', '[{"date": "2023-06-22", "event": "阶段评审"}]'::json, 20.0, 80.0, '重大专项', NULL, 0.705, 0.849, '2026-06-15T12:00:00+00:00', '2026-06-15T12:00:00+00:00');
INSERT INTO project_history (project_id, change_date, change_description, created_at, updated_at) VALUES ('PROJECT_S_ff4fd5a3b76c684e', '2019-04-18', '立项批复', '2026-06-15T12:00:00+00:00', '2026-06-15T12:00:00+00:00');
INSERT INTO project_history (project_id, change_date, change_description, created_at, updated_at) VALUES ('PROJECT_S_ff4fd5a3b76c684e', '2024-03-02', '通过中期评审', '2026-06-15T12:00:00+00:00', '2026-06-15T12:00:00+00:00');
INSERT INTO project_history (project_id, change_date, change_description, created_at, updated_at) VALUES ('PROJECT_S_ff4fd5a3b76c684e', '2022-12-15', '转入工程阶段', '2026-06-15T12:00:00+00:00', '2026-06-15T12:00:00+00:00');
INSERT INTO project_budget (project_id, budget_date, amount, created_at, updated_at) VALUES ('PROJECT_S_ff4fd5a3b76c684e', '2020-04-12', 200.0, '2026-06-15T12:00:00+00:00', '2026-06-15T12:00:00+00:00');
INSERT INTO project_budget (project_id, budget_date, amount, created_at, updated_at) VALUES ('PROJECT_S_ff4fd5a3b76c684e', '2022-10-05', 2000.0, '2026-06-15T12:00:00+00:00', '2026-06-15T12:00:00+00:00');
INSERT INTO project_output (project_id, name_history, formed_at, tech_domains, owner_orgs, related_projects, attachments, created_at, updated_at) VALUES ('PROJECT_S_ff4fd5a3b76c684e', '卫星互联网样机', '2022-10-08', '["增材制造", "卫星互联网"]'::json, '["东方航宇研究院"]'::json, '[]'::json, '[]'::json, '2026-06-15T12:00:00+00:00', '2026-06-15T12:00:00+00:00');
INSERT INTO project_output (project_id, name_history, formed_at, tech_domains, owner_orgs, related_projects, attachments, created_at, updated_at) VALUES ('PROJECT_S_ff4fd5a3b76c684e', '卫星互联网关键技术', '2022-08-06', '["增材制造", "卫星互联网"]'::json, '["东方航宇研究院"]'::json, '[]'::json, '[]'::json, '2026-06-15T12:00:00+00:00', '2026-06-15T12:00:00+00:00');
INSERT INTO entity_change_log (entity_id, entity_type, field, old_value, new_value, method, operator, source_doc_id, reason, changed_at) VALUES ('PROJECT_S_ff4fd5a3b76c684e', 'project', '*', NULL, '{"action": "create"}'::json, 'rule', NULL, 'mock_seed', NULL, '2026-06-15T12:00:00+00:00');
INSERT INTO project_profile (project_id, name_cn, name_en, name_other, tech_domain, sub_tech_domain, start_date, cancel_date, finish_date, status, budget_activities, project_no, main_orgs, undertaking_orgs, undertaking_enterprises, managers, researchers, background, research_goal, research_content, keywords, progress, application_prospect, key_dates, total_budget_million_usd, invested_million_usd, parent_package_name, previous_phase_name, confidence, completeness, created_at, updated_at) VALUES ('PROJECT_S_bfd9b2e225379f85', '["重点光量子计算工程"]'::json, '["Project-012"]'::json, '[]'::json, '["机器人", "碳捕集"]'::json, '["储能", "集成电路"]'::json, '2020-01-16', NULL, NULL, '["结题"]'::json, '["设备购置"]'::json, 10012, '["远生医工程技术中心"]'::json, '["航天储能实验室"]'::json, '["航天储能实验室"]'::json, '["彭雪松", "杨磊明"]'::json, '["梁建华", "高磊伟", "曹磊洋"]'::json, '["针对碳捕集领域关键需求立项"]'::json, '突破碳捕集关键技术，形成自主可控能力。', '["碳捕集理论研究", "碳捕集工程化", "碳捕集应用验证"]'::json, '["机器人", "碳捕集"]'::json, '["2020年完成方案论证", "2021年进入工程研制"]'::json, '成果可应用于相关产业领域。', '[{"date": "2023-06-06", "event": "阶段评审"}]'::json, 120.0, 30.0, NULL, NULL, 0.75, 0.627, '2026-06-15T12:00:00+00:00', '2026-06-15T12:00:00+00:00');
INSERT INTO project_history (project_id, change_date, change_description, created_at, updated_at) VALUES ('PROJECT_S_bfd9b2e225379f85', '2021-12-06', '立项批复', '2026-06-15T12:00:00+00:00', '2026-06-15T12:00:00+00:00');
INSERT INTO project_history (project_id, change_date, change_description, created_at, updated_at) VALUES ('PROJECT_S_bfd9b2e225379f85', '2023-03-08', '通过中期评审', '2026-06-15T12:00:00+00:00', '2026-06-15T12:00:00+00:00');
INSERT INTO project_history (project_id, change_date, change_description, created_at, updated_at) VALUES ('PROJECT_S_bfd9b2e225379f85', '2021-12-08', '转入工程阶段', '2026-06-15T12:00:00+00:00', '2026-06-15T12:00:00+00:00');
INSERT INTO project_budget (project_id, budget_date, amount, created_at, updated_at) VALUES ('PROJECT_S_bfd9b2e225379f85', '2023-12-27', 2000.0, '2026-06-15T12:00:00+00:00', '2026-06-15T12:00:00+00:00');
INSERT INTO project_output (project_id, name_history, formed_at, tech_domains, owner_orgs, related_projects, attachments, created_at, updated_at) VALUES ('PROJECT_S_bfd9b2e225379f85', '碳捕集样机', '2024-07-02', '["机器人", "碳捕集"]'::json, '["远生医工程技术中心"]'::json, '[]'::json, '[]'::json, '2026-06-15T12:00:00+00:00', '2026-06-15T12:00:00+00:00');
INSERT INTO project_output (project_id, name_history, formed_at, tech_domains, owner_orgs, related_projects, attachments, created_at, updated_at) VALUES ('PROJECT_S_bfd9b2e225379f85', '碳捕集成果', '2024-11-19', '["机器人", "碳捕集"]'::json, '["远生医工程技术中心"]'::json, '[]'::json, '[]'::json, '2026-06-15T12:00:00+00:00', '2026-06-15T12:00:00+00:00');
INSERT INTO project_output (project_id, name_history, formed_at, tech_domains, owner_orgs, related_projects, attachments, created_at, updated_at) VALUES ('PROJECT_S_bfd9b2e225379f85', '碳捕集成果', '2021-01-10', '["机器人", "碳捕集"]'::json, '["远生医工程技术中心"]'::json, '[]'::json, '[]'::json, '2026-06-15T12:00:00+00:00', '2026-06-15T12:00:00+00:00');
INSERT INTO entity_change_log (entity_id, entity_type, field, old_value, new_value, method, operator, source_doc_id, reason, changed_at) VALUES ('PROJECT_S_bfd9b2e225379f85', 'project', '*', NULL, '{"action": "create"}'::json, 'rule', NULL, 'mock_seed', NULL, '2026-06-15T12:00:00+00:00');
INSERT INTO project_profile (project_id, name_cn, name_en, name_other, tech_domain, sub_tech_domain, start_date, cancel_date, finish_date, status, budget_activities, project_no, main_orgs, undertaking_orgs, undertaking_enterprises, managers, researchers, background, research_goal, research_content, keywords, progress, application_prospect, key_dates, total_budget_million_usd, invested_million_usd, parent_package_name, previous_phase_name, confidence, completeness, created_at, updated_at) VALUES ('PROJECT_S_8db8d7e56b530268', '["基础基因剪刀课题"]'::json, '["Project-013"]'::json, '[]'::json, '["氢能", "半导体"]'::json, '["集成电路", "无人机"]'::json, '2019-09-23', NULL, NULL, '["结题"]'::json, '["设备购置"]'::json, 10013, '["北方未来高科"]'::json, '["南方光电研究所", "北方算力研究院"]'::json, '["南方光电研究所"]'::json, '["王俊杰", "彭海燕"]'::json, '["林雪松", "吴宁", "吴明"]'::json, '["针对氢能领域关键需求立项"]'::json, '突破氢能关键技术，形成自主可控能力。', '["氢能理论研究", "氢能工程化", "氢能应用验证"]'::json, '["氢能", "半导体"]'::json, '["2019年完成方案论证", "2020年进入工程研制"]'::json, '成果可应用于相关产业领域。', '[{"date": "2024-05-13", "event": "阶段评审"}]'::json, 20.0, 10.0, '重点研发', NULL, 0.906, 0.901, '2026-06-15T12:00:00+00:00', '2026-06-15T12:00:00+00:00');
INSERT INTO project_history (project_id, change_date, change_description, created_at, updated_at) VALUES ('PROJECT_S_8db8d7e56b530268', '2019-01-26', '立项批复', '2026-06-15T12:00:00+00:00', '2026-06-15T12:00:00+00:00');
INSERT INTO project_history (project_id, change_date, change_description, created_at, updated_at) VALUES ('PROJECT_S_8db8d7e56b530268', '2023-03-23', '通过中期评审', '2026-06-15T12:00:00+00:00', '2026-06-15T12:00:00+00:00');
INSERT INTO project_history (project_id, change_date, change_description, created_at, updated_at) VALUES ('PROJECT_S_8db8d7e56b530268', '2020-02-28', '转入工程阶段', '2026-06-15T12:00:00+00:00', '2026-06-15T12:00:00+00:00');
INSERT INTO project_budget (project_id, budget_date, amount, created_at, updated_at) VALUES ('PROJECT_S_8db8d7e56b530268', '2022-09-20', 800.0, '2026-06-15T12:00:00+00:00', '2026-06-15T12:00:00+00:00');
INSERT INTO project_budget (project_id, budget_date, amount, created_at, updated_at) VALUES ('PROJECT_S_8db8d7e56b530268', '2021-06-03', 2000.0, '2026-06-15T12:00:00+00:00', '2026-06-15T12:00:00+00:00');
INSERT INTO project_output (project_id, name_history, formed_at, tech_domains, owner_orgs, related_projects, attachments, created_at, updated_at) VALUES ('PROJECT_S_8db8d7e56b530268', '氢能成果', '2024-01-23', '["氢能", "半导体"]'::json, '["北方未来高科"]'::json, '[]'::json, '[]'::json, '2026-06-15T12:00:00+00:00', '2026-06-15T12:00:00+00:00');
INSERT INTO project_output (project_id, name_history, formed_at, tech_domains, owner_orgs, related_projects, attachments, created_at, updated_at) VALUES ('PROJECT_S_8db8d7e56b530268', '氢能样机', '2023-10-06', '["氢能", "半导体"]'::json, '["北方未来高科"]'::json, '[]'::json, '[]'::json, '2026-06-15T12:00:00+00:00', '2026-06-15T12:00:00+00:00');
INSERT INTO entity_change_log (entity_id, entity_type, field, old_value, new_value, method, operator, source_doc_id, reason, changed_at) VALUES ('PROJECT_S_8db8d7e56b530268', 'project', '*', NULL, '{"action": "create"}'::json, 'rule', NULL, 'mock_seed', NULL, '2026-06-15T12:00:00+00:00');
INSERT INTO project_profile (project_id, name_cn, name_en, name_other, tech_domain, sub_tech_domain, start_date, cancel_date, finish_date, status, budget_activities, project_no, main_orgs, undertaking_orgs, undertaking_enterprises, managers, researchers, background, research_goal, research_content, keywords, progress, application_prospect, key_dates, total_budget_million_usd, invested_million_usd, parent_package_name, previous_phase_name, confidence, completeness, created_at, updated_at) VALUES ('PROJECT_S_4cf37177a4de386a', '["重点毫米波雷达课题"]'::json, '["Project-014"]'::json, '[]'::json, '["自动驾驶", "卫星互联网"]'::json, '["储能"]'::json, '2018-04-19', NULL, NULL, '["验收"]'::json, '["试验验证"]'::json, 10014, '["国未来高科"]'::json, '["新前沿研究院", "新基因实验室"]'::json, '["新基因实验室"]'::json, '["郭婷刚"]'::json, '["梁建华", "邓海燕志强"]'::json, '["针对自动驾驶领域关键需求立项"]'::json, '突破自动驾驶关键技术，形成自主可控能力。', '["自动驾驶理论研究", "自动驾驶工程化", "自动驾驶应用验证"]'::json, '["自动驾驶", "卫星互联网"]'::json, '["2018年完成方案论证", "2019年进入工程研制"]'::json, '成果可应用于相关产业领域。', '[{"date": "2021-07-19", "event": "阶段评审"}]'::json, 20.0, 2.0, NULL, NULL, 0.772, 0.578, '2026-06-15T12:00:00+00:00', '2026-06-15T12:00:00+00:00');
INSERT INTO project_history (project_id, change_date, change_description, created_at, updated_at) VALUES ('PROJECT_S_4cf37177a4de386a', '2020-11-03', '立项批复', '2026-06-15T12:00:00+00:00', '2026-06-15T12:00:00+00:00');
INSERT INTO project_history (project_id, change_date, change_description, created_at, updated_at) VALUES ('PROJECT_S_4cf37177a4de386a', '2019-06-28', '通过中期评审', '2026-06-15T12:00:00+00:00', '2026-06-15T12:00:00+00:00');
INSERT INTO project_history (project_id, change_date, change_description, created_at, updated_at) VALUES ('PROJECT_S_4cf37177a4de386a', '2024-07-23', '转入工程阶段', '2026-06-15T12:00:00+00:00', '2026-06-15T12:00:00+00:00');
INSERT INTO project_budget (project_id, budget_date, amount, created_at, updated_at) VALUES ('PROJECT_S_4cf37177a4de386a', '2022-11-06', 200.0, '2026-06-15T12:00:00+00:00', '2026-06-15T12:00:00+00:00');
INSERT INTO project_budget (project_id, budget_date, amount, created_at, updated_at) VALUES ('PROJECT_S_4cf37177a4de386a', '2021-06-23', 200.0, '2026-06-15T12:00:00+00:00', '2026-06-15T12:00:00+00:00');
INSERT INTO project_budget (project_id, budget_date, amount, created_at, updated_at) VALUES ('PROJECT_S_4cf37177a4de386a', '2020-12-16', 2000.0, '2026-06-15T12:00:00+00:00', '2026-06-15T12:00:00+00:00');
INSERT INTO project_output (project_id, name_history, formed_at, tech_domains, owner_orgs, related_projects, attachments, created_at, updated_at) VALUES ('PROJECT_S_4cf37177a4de386a', '自动驾驶成果', '2022-04-06', '["自动驾驶", "卫星互联网"]'::json, '["国未来高科"]'::json, '[]'::json, '[]'::json, '2026-06-15T12:00:00+00:00', '2026-06-15T12:00:00+00:00');
INSERT INTO entity_change_log (entity_id, entity_type, field, old_value, new_value, method, operator, source_doc_id, reason, changed_at) VALUES ('PROJECT_S_4cf37177a4de386a', 'project', '*', NULL, '{"action": "create"}'::json, 'rule', NULL, 'mock_seed', NULL, '2026-06-15T12:00:00+00:00');
INSERT INTO project_profile (project_id, name_cn, name_en, name_other, tech_domain, sub_tech_domain, start_date, cancel_date, finish_date, status, budget_activities, project_no, main_orgs, undertaking_orgs, undertaking_enterprises, managers, researchers, background, research_goal, research_content, keywords, progress, application_prospect, key_dates, total_budget_million_usd, invested_million_usd, parent_package_name, previous_phase_name, confidence, completeness, created_at, updated_at) VALUES ('PROJECT_S_1ba9e95f6ed3ff5d', '["攻关可重复使用火箭专项"]'::json, '["Project-015"]'::json, '[]'::json, '["5G通信", "卫星互联网"]'::json, '["储能", "自动驾驶"]'::json, '2018-06-08', NULL, '2018-06-08', '["立项"]'::json, '["试验验证"]'::json, 10015, '["国储能研究所"]'::json, '["东方脑科学科技", "北方未来高科"]'::json, '[]'::json, '["何勇", "杨磊明"]'::json, '["吴俊杰", "黄斌磊", "宋磊"]'::json, '["针对卫星互联网领域关键需求立项"]'::json, '突破卫星互联网关键技术，形成自主可控能力。', '["卫星互联网理论研究", "卫星互联网工程化", "卫星互联网应用验证"]'::json, '["5G通信", "卫星互联网"]'::json, '["2018年完成方案论证", "2019年进入工程研制"]'::json, '成果可应用于相关产业领域。', '[{"date": "2023-10-26", "event": "阶段评审"}]'::json, 20.0, 80.0, '重大专项', NULL, 0.741, 0.65, '2026-06-15T12:00:00+00:00', '2026-06-15T12:00:00+00:00');
INSERT INTO project_history (project_id, change_date, change_description, created_at, updated_at) VALUES ('PROJECT_S_1ba9e95f6ed3ff5d', '2020-05-15', '立项批复', '2026-06-15T12:00:00+00:00', '2026-06-15T12:00:00+00:00');
INSERT INTO project_history (project_id, change_date, change_description, created_at, updated_at) VALUES ('PROJECT_S_1ba9e95f6ed3ff5d', '2021-06-23', '通过中期评审', '2026-06-15T12:00:00+00:00', '2026-06-15T12:00:00+00:00');
INSERT INTO project_history (project_id, change_date, change_description, created_at, updated_at) VALUES ('PROJECT_S_1ba9e95f6ed3ff5d', '2021-06-16', '转入工程阶段', '2026-06-15T12:00:00+00:00', '2026-06-15T12:00:00+00:00');
INSERT INTO project_budget (project_id, budget_date, amount, created_at, updated_at) VALUES ('PROJECT_S_1ba9e95f6ed3ff5d', '2023-07-12', 200.0, '2026-06-15T12:00:00+00:00', '2026-06-15T12:00:00+00:00');
INSERT INTO project_budget (project_id, budget_date, amount, created_at, updated_at) VALUES ('PROJECT_S_1ba9e95f6ed3ff5d', '2020-01-10', 50.0, '2026-06-15T12:00:00+00:00', '2026-06-15T12:00:00+00:00');
INSERT INTO project_output (project_id, name_history, formed_at, tech_domains, owner_orgs, related_projects, attachments, created_at, updated_at) VALUES ('PROJECT_S_1ba9e95f6ed3ff5d', '卫星互联网成果', '2023-05-07', '["5G通信", "卫星互联网"]'::json, '["国储能研究所"]'::json, '[]'::json, '[]'::json, '2026-06-15T12:00:00+00:00', '2026-06-15T12:00:00+00:00');
INSERT INTO project_output (project_id, name_history, formed_at, tech_domains, owner_orgs, related_projects, attachments, created_at, updated_at) VALUES ('PROJECT_S_1ba9e95f6ed3ff5d', '卫星互联网样机', '2024-09-03', '["5G通信", "卫星互联网"]'::json, '["国储能研究所"]'::json, '[]'::json, '[]'::json, '2026-06-15T12:00:00+00:00', '2026-06-15T12:00:00+00:00');
INSERT INTO entity_change_log (entity_id, entity_type, field, old_value, new_value, method, operator, source_doc_id, reason, changed_at) VALUES ('PROJECT_S_1ba9e95f6ed3ff5d', 'project', '*', NULL, '{"action": "create"}'::json, 'rule', NULL, 'mock_seed', NULL, '2026-06-15T12:00:00+00:00');
INSERT INTO project_profile (project_id, name_cn, name_en, name_other, tech_domain, sub_tech_domain, start_date, cancel_date, finish_date, status, budget_activities, project_no, main_orgs, undertaking_orgs, undertaking_enterprises, managers, researchers, background, research_goal, research_content, keywords, progress, application_prospect, key_dates, total_budget_million_usd, invested_million_usd, parent_package_name, previous_phase_name, confidence, completeness, created_at, updated_at) VALUES ('PROJECT_S_7030bfcc047a6f78', '["前沿金属3D打印任务"]'::json, '["Project-016"]'::json, '[]'::json, '["储能", "机器人"]'::json, '["脑机接口", "机器人"]'::json, '2018-12-08', NULL, NULL, '["暂停"]'::json, '["国际合作"]'::json, 10016, '["东方脑科学实验室"]'::json, '["远算力工程技术中心"]'::json, '[]'::json, '["罗峰", "黄勇"]'::json, '["许军峰", "罗超"]'::json, '["针对储能领域关键需求立项"]'::json, '突破储能关键技术，形成自主可控能力。', '["储能理论研究", "储能工程化", "储能应用验证"]'::json, '["储能", "机器人"]'::json, '["2018年完成方案论证", "2019年进入工程研制"]'::json, '成果可应用于相关产业领域。', '[{"date": "2021-06-22", "event": "阶段评审"}]'::json, 300.0, 30.0, NULL, NULL, 0.793, 0.736, '2026-06-15T12:00:00+00:00', '2026-06-15T12:00:00+00:00');
INSERT INTO project_history (project_id, change_date, change_description, created_at, updated_at) VALUES ('PROJECT_S_7030bfcc047a6f78', '2024-07-23', '立项批复', '2026-06-15T12:00:00+00:00', '2026-06-15T12:00:00+00:00');
INSERT INTO project_history (project_id, change_date, change_description, created_at, updated_at) VALUES ('PROJECT_S_7030bfcc047a6f78', '2021-02-09', '通过中期评审', '2026-06-15T12:00:00+00:00', '2026-06-15T12:00:00+00:00');
INSERT INTO project_history (project_id, change_date, change_description, created_at, updated_at) VALUES ('PROJECT_S_7030bfcc047a6f78', '2019-02-04', '转入工程阶段', '2026-06-15T12:00:00+00:00', '2026-06-15T12:00:00+00:00');
INSERT INTO project_budget (project_id, budget_date, amount, created_at, updated_at) VALUES ('PROJECT_S_7030bfcc047a6f78', '2021-07-22', 2000.0, '2026-06-15T12:00:00+00:00', '2026-06-15T12:00:00+00:00');
INSERT INTO project_budget (project_id, budget_date, amount, created_at, updated_at) VALUES ('PROJECT_S_7030bfcc047a6f78', '2024-05-05', 800.0, '2026-06-15T12:00:00+00:00', '2026-06-15T12:00:00+00:00');
INSERT INTO project_budget (project_id, budget_date, amount, created_at, updated_at) VALUES ('PROJECT_S_7030bfcc047a6f78', '2020-11-27', 800.0, '2026-06-15T12:00:00+00:00', '2026-06-15T12:00:00+00:00');
INSERT INTO project_output (project_id, name_history, formed_at, tech_domains, owner_orgs, related_projects, attachments, created_at, updated_at) VALUES ('PROJECT_S_7030bfcc047a6f78', '储能样机', '2023-08-15', '["储能", "机器人"]'::json, '["东方脑科学实验室"]'::json, '[]'::json, '[]'::json, '2026-06-15T12:00:00+00:00', '2026-06-15T12:00:00+00:00');
INSERT INTO entity_change_log (entity_id, entity_type, field, old_value, new_value, method, operator, source_doc_id, reason, changed_at) VALUES ('PROJECT_S_7030bfcc047a6f78', 'project', '*', NULL, '{"action": "create"}'::json, 'rule', NULL, 'mock_seed', NULL, '2026-06-15T12:00:00+00:00');
INSERT INTO project_profile (project_id, name_cn, name_en, name_other, tech_domain, sub_tech_domain, start_date, cancel_date, finish_date, status, budget_activities, project_no, main_orgs, undertaking_orgs, undertaking_enterprises, managers, researchers, background, research_goal, research_content, keywords, progress, application_prospect, key_dates, total_budget_million_usd, invested_million_usd, parent_package_name, previous_phase_name, confidence, completeness, created_at, updated_at) VALUES ('PROJECT_S_b36dbbff1a0bbebb', '["先导类脑计算架构任务"]'::json, '["Project-017"]'::json, '[]'::json, '["光电技术", "基因编辑"]'::json, '["集成电路", "增材制造"]'::json, '2019-09-06', NULL, NULL, '["在研"]'::json, '["国际合作"]'::json, 10017, '["南方前沿高科"]'::json, '["国生医集团"]'::json, '[]'::json, '["王斌海燕"]'::json, '["彭宇航", "曹峰婷", "许明瑞", "李峰"]'::json, '["针对基因编辑领域关键需求立项"]'::json, '突破基因编辑关键技术，形成自主可控能力。', '["基因编辑理论研究", "基因编辑工程化", "基因编辑应用验证"]'::json, '["光电技术", "基因编辑"]'::json, '["2019年完成方案论证", "2020年进入工程研制"]'::json, '成果可应用于相关产业领域。', '[{"date": "2024-11-14", "event": "阶段评审"}]'::json, 300.0, 2.0, '重点研发', NULL, 0.949, 0.791, '2026-06-15T12:00:00+00:00', '2026-06-15T12:00:00+00:00');
INSERT INTO project_history (project_id, change_date, change_description, created_at, updated_at) VALUES ('PROJECT_S_b36dbbff1a0bbebb', '2022-09-09', '立项批复', '2026-06-15T12:00:00+00:00', '2026-06-15T12:00:00+00:00');
INSERT INTO project_history (project_id, change_date, change_description, created_at, updated_at) VALUES ('PROJECT_S_b36dbbff1a0bbebb', '2021-09-11', '通过中期评审', '2026-06-15T12:00:00+00:00', '2026-06-15T12:00:00+00:00');
INSERT INTO project_history (project_id, change_date, change_description, created_at, updated_at) VALUES ('PROJECT_S_b36dbbff1a0bbebb', '2022-11-08', '转入工程阶段', '2026-06-15T12:00:00+00:00', '2026-06-15T12:00:00+00:00');
INSERT INTO project_budget (project_id, budget_date, amount, created_at, updated_at) VALUES ('PROJECT_S_b36dbbff1a0bbebb', '2023-02-09', 2000.0, '2026-06-15T12:00:00+00:00', '2026-06-15T12:00:00+00:00');
INSERT INTO project_budget (project_id, budget_date, amount, created_at, updated_at) VALUES ('PROJECT_S_b36dbbff1a0bbebb', '2023-08-20', 800.0, '2026-06-15T12:00:00+00:00', '2026-06-15T12:00:00+00:00');
INSERT INTO project_output (project_id, name_history, formed_at, tech_domains, owner_orgs, related_projects, attachments, created_at, updated_at) VALUES ('PROJECT_S_b36dbbff1a0bbebb', '基因编辑样机', '2023-07-06', '["光电技术", "基因编辑"]'::json, '["南方前沿高科"]'::json, '[]'::json, '[]'::json, '2026-06-15T12:00:00+00:00', '2026-06-15T12:00:00+00:00');
INSERT INTO project_output (project_id, name_history, formed_at, tech_domains, owner_orgs, related_projects, attachments, created_at, updated_at) VALUES ('PROJECT_S_b36dbbff1a0bbebb', '基因编辑关键技术', '2024-08-20', '["光电技术", "基因编辑"]'::json, '["南方前沿高科"]'::json, '[]'::json, '[]'::json, '2026-06-15T12:00:00+00:00', '2026-06-15T12:00:00+00:00');
INSERT INTO entity_change_log (entity_id, entity_type, field, old_value, new_value, method, operator, source_doc_id, reason, changed_at) VALUES ('PROJECT_S_b36dbbff1a0bbebb', 'project', '*', NULL, '{"action": "create"}'::json, 'rule', NULL, 'mock_seed', NULL, '2026-06-15T12:00:00+00:00');
INSERT INTO project_profile (project_id, name_cn, name_en, name_other, tech_domain, sub_tech_domain, start_date, cancel_date, finish_date, status, budget_activities, project_no, main_orgs, undertaking_orgs, undertaking_enterprises, managers, researchers, background, research_goal, research_content, keywords, progress, application_prospect, key_dates, total_budget_million_usd, invested_million_usd, parent_package_name, previous_phase_name, confidence, completeness, created_at, updated_at) VALUES ('PROJECT_S_da64285d5dc1ec32', '["基础可重复使用火箭项目"]'::json, '["Project-018"]'::json, '[]'::json, '["储能", "光电技术"]'::json, '["无人机"]'::json, '2021-06-26', NULL, NULL, '["结题"]'::json, '["人员经费"]'::json, 10018, '["北方脑科学实验室"]'::json, '["中光电实验室", "新新材科技"]'::json, '["新新材科技"]'::json, '["周伟杰"]'::json, '["陈海燕", "宋瑞志强"]'::json, '["针对储能领域关键需求立项"]'::json, '突破储能关键技术，形成自主可控能力。', '["储能理论研究", "储能工程化", "储能应用验证"]'::json, '["储能", "光电技术"]'::json, '["2021年完成方案论证", "2022年进入工程研制"]'::json, '成果可应用于相关产业领域。', '[{"date": "2022-10-17", "event": "阶段评审"}]'::json, 5.0, 2.0, '重大专项', NULL, 0.818, 0.735, '2026-06-15T12:00:00+00:00', '2026-06-15T12:00:00+00:00');
INSERT INTO project_history (project_id, change_date, change_description, created_at, updated_at) VALUES ('PROJECT_S_da64285d5dc1ec32', '2020-06-05', '立项批复', '2026-06-15T12:00:00+00:00', '2026-06-15T12:00:00+00:00');
INSERT INTO project_history (project_id, change_date, change_description, created_at, updated_at) VALUES ('PROJECT_S_da64285d5dc1ec32', '2024-01-15', '通过中期评审', '2026-06-15T12:00:00+00:00', '2026-06-15T12:00:00+00:00');
INSERT INTO project_history (project_id, change_date, change_description, created_at, updated_at) VALUES ('PROJECT_S_da64285d5dc1ec32', '2020-01-17', '转入工程阶段', '2026-06-15T12:00:00+00:00', '2026-06-15T12:00:00+00:00');
INSERT INTO project_budget (project_id, budget_date, amount, created_at, updated_at) VALUES ('PROJECT_S_da64285d5dc1ec32', '2021-04-28', 2000.0, '2026-06-15T12:00:00+00:00', '2026-06-15T12:00:00+00:00');
INSERT INTO project_output (project_id, name_history, formed_at, tech_domains, owner_orgs, related_projects, attachments, created_at, updated_at) VALUES ('PROJECT_S_da64285d5dc1ec32', '储能样机', '2021-08-10', '["储能", "光电技术"]'::json, '["北方脑科学实验室"]'::json, '[]'::json, '[]'::json, '2026-06-15T12:00:00+00:00', '2026-06-15T12:00:00+00:00');
INSERT INTO entity_change_log (entity_id, entity_type, field, old_value, new_value, method, operator, source_doc_id, reason, changed_at) VALUES ('PROJECT_S_da64285d5dc1ec32', 'project', '*', NULL, '{"action": "create"}'::json, 'rule', NULL, 'mock_seed', NULL, '2026-06-15T12:00:00+00:00');
INSERT INTO project_profile (project_id, name_cn, name_en, name_other, tech_domain, sub_tech_domain, start_date, cancel_date, finish_date, status, budget_activities, project_no, main_orgs, undertaking_orgs, undertaking_enterprises, managers, researchers, background, research_goal, research_content, keywords, progress, application_prospect, key_dates, total_budget_million_usd, invested_million_usd, parent_package_name, previous_phase_name, confidence, completeness, created_at, updated_at) VALUES ('PROJECT_S_eb034899cab2c720', '["重大类脑计算架构专项"]'::json, '["Project-019"]'::json, '[]'::json, '["生物医药", "自动驾驶"]'::json, '["量子计算"]'::json, '2020-09-01', NULL, NULL, '["结题"]'::json, '["人员经费"]'::json, 10019, '["中科聚变集团"]'::json, '["新氢动高科", "华光电集团"]'::json, '[]'::json, '["朱晓东"]'::json, '["杨刚", "朱晓东", "曹峰婷"]'::json, '["针对生物医药领域关键需求立项"]'::json, '突破生物医药关键技术，形成自主可控能力。', '["生物医药理论研究", "生物医药工程化", "生物医药应用验证"]'::json, '["生物医药", "自动驾驶"]'::json, '["2020年完成方案论证", "2021年进入工程研制"]'::json, '成果可应用于相关产业领域。', '[{"date": "2024-12-19", "event": "阶段评审"}]'::json, 300.0, 10.0, '重点研发', NULL, 0.702, 0.603, '2026-06-15T12:00:00+00:00', '2026-06-15T12:00:00+00:00');
INSERT INTO project_history (project_id, change_date, change_description, created_at, updated_at) VALUES ('PROJECT_S_eb034899cab2c720', '2024-01-22', '立项批复', '2026-06-15T12:00:00+00:00', '2026-06-15T12:00:00+00:00');
INSERT INTO project_history (project_id, change_date, change_description, created_at, updated_at) VALUES ('PROJECT_S_eb034899cab2c720', '2021-05-18', '通过中期评审', '2026-06-15T12:00:00+00:00', '2026-06-15T12:00:00+00:00');
INSERT INTO project_history (project_id, change_date, change_description, created_at, updated_at) VALUES ('PROJECT_S_eb034899cab2c720', '2023-10-24', '转入工程阶段', '2026-06-15T12:00:00+00:00', '2026-06-15T12:00:00+00:00');
INSERT INTO project_budget (project_id, budget_date, amount, created_at, updated_at) VALUES ('PROJECT_S_eb034899cab2c720', '2022-06-03', 2000.0, '2026-06-15T12:00:00+00:00', '2026-06-15T12:00:00+00:00');
INSERT INTO project_budget (project_id, budget_date, amount, created_at, updated_at) VALUES ('PROJECT_S_eb034899cab2c720', '2024-07-07', 800.0, '2026-06-15T12:00:00+00:00', '2026-06-15T12:00:00+00:00');
INSERT INTO project_budget (project_id, budget_date, amount, created_at, updated_at) VALUES ('PROJECT_S_eb034899cab2c720', '2021-01-05', 50.0, '2026-06-15T12:00:00+00:00', '2026-06-15T12:00:00+00:00');
INSERT INTO project_output (project_id, name_history, formed_at, tech_domains, owner_orgs, related_projects, attachments, created_at, updated_at) VALUES ('PROJECT_S_eb034899cab2c720', '生物医药关键技术', '2023-04-09', '["生物医药", "自动驾驶"]'::json, '["中科聚变集团"]'::json, '[]'::json, '[]'::json, '2026-06-15T12:00:00+00:00', '2026-06-15T12:00:00+00:00');
INSERT INTO entity_change_log (entity_id, entity_type, field, old_value, new_value, method, operator, source_doc_id, reason, changed_at) VALUES ('PROJECT_S_eb034899cab2c720', 'project', '*', NULL, '{"action": "create"}'::json, 'rule', NULL, 'mock_seed', NULL, '2026-06-15T12:00:00+00:00');
INSERT INTO project_profile (project_id, name_cn, name_en, name_other, tech_domain, sub_tech_domain, start_date, cancel_date, finish_date, status, budget_activities, project_no, main_orgs, undertaking_orgs, undertaking_enterprises, managers, researchers, background, research_goal, research_content, keywords, progress, application_prospect, key_dates, total_budget_million_usd, invested_million_usd, parent_package_name, previous_phase_name, confidence, completeness, created_at, updated_at) VALUES ('PROJECT_S_5da07d611c32b5b6', '["应用可重复使用火箭项目"]'::json, '["Project-020"]'::json, '[]'::json, '["新能源", "基因编辑"]'::json, '["网络安全"]'::json, '2020-01-03', NULL, NULL, '["结题"]'::json, '["试验验证"]'::json, 10020, '["航天芯创科技"]'::json, '["远储能集团"]'::json, '[]'::json, '["宋磊", "马雪松"]'::json, '["韩平", "赵婷建华", "宋磊", "吴海燕宇航"]'::json, '["针对新能源领域关键需求立项"]'::json, '突破新能源关键技术，形成自主可控能力。', '["新能源理论研究", "新能源工程化", "新能源应用验证"]'::json, '["新能源", "基因编辑"]'::json, '["2020年完成方案论证", "2021年进入工程研制"]'::json, '成果可应用于相关产业领域。', '[{"date": "2022-05-11", "event": "阶段评审"}]'::json, 20.0, 30.0, '重点研发', NULL, 0.86, 0.941, '2026-06-15T12:00:00+00:00', '2026-06-15T12:00:00+00:00');
INSERT INTO project_history (project_id, change_date, change_description, created_at, updated_at) VALUES ('PROJECT_S_5da07d611c32b5b6', '2022-11-14', '立项批复', '2026-06-15T12:00:00+00:00', '2026-06-15T12:00:00+00:00');
INSERT INTO project_history (project_id, change_date, change_description, created_at, updated_at) VALUES ('PROJECT_S_5da07d611c32b5b6', '2022-05-19', '通过中期评审', '2026-06-15T12:00:00+00:00', '2026-06-15T12:00:00+00:00');
INSERT INTO project_history (project_id, change_date, change_description, created_at, updated_at) VALUES ('PROJECT_S_5da07d611c32b5b6', '2023-05-07', '转入工程阶段', '2026-06-15T12:00:00+00:00', '2026-06-15T12:00:00+00:00');
INSERT INTO project_budget (project_id, budget_date, amount, created_at, updated_at) VALUES ('PROJECT_S_5da07d611c32b5b6', '2022-12-26', 2000.0, '2026-06-15T12:00:00+00:00', '2026-06-15T12:00:00+00:00');
INSERT INTO project_output (project_id, name_history, formed_at, tech_domains, owner_orgs, related_projects, attachments, created_at, updated_at) VALUES ('PROJECT_S_5da07d611c32b5b6', '新能源样机', '2021-11-27', '["新能源", "基因编辑"]'::json, '["航天芯创科技"]'::json, '[]'::json, '[]'::json, '2026-06-15T12:00:00+00:00', '2026-06-15T12:00:00+00:00');
INSERT INTO project_output (project_id, name_history, formed_at, tech_domains, owner_orgs, related_projects, attachments, created_at, updated_at) VALUES ('PROJECT_S_5da07d611c32b5b6', '新能源关键技术', '2021-07-14', '["新能源", "基因编辑"]'::json, '["航天芯创科技"]'::json, '[]'::json, '[]'::json, '2026-06-15T12:00:00+00:00', '2026-06-15T12:00:00+00:00');
INSERT INTO project_output (project_id, name_history, formed_at, tech_domains, owner_orgs, related_projects, attachments, created_at, updated_at) VALUES ('PROJECT_S_5da07d611c32b5b6', '新能源关键技术', '2023-07-26', '["新能源", "基因编辑"]'::json, '["航天芯创科技"]'::json, '[]'::json, '[]'::json, '2026-06-15T12:00:00+00:00', '2026-06-15T12:00:00+00:00');
INSERT INTO entity_change_log (entity_id, entity_type, field, old_value, new_value, method, operator, source_doc_id, reason, changed_at) VALUES ('PROJECT_S_5da07d611c32b5b6', 'project', '*', NULL, '{"action": "create"}'::json, 'rule', NULL, 'mock_seed', NULL, '2026-06-15T12:00:00+00:00');
INSERT INTO project_profile (project_id, name_cn, name_en, name_other, tech_domain, sub_tech_domain, start_date, cancel_date, finish_date, status, budget_activities, project_no, main_orgs, undertaking_orgs, undertaking_enterprises, managers, researchers, background, research_goal, research_content, keywords, progress, application_prospect, key_dates, total_budget_million_usd, invested_million_usd, parent_package_name, previous_phase_name, confidence, completeness, created_at, updated_at) VALUES ('PROJECT_S_1902d432b4d52c1c', '["重大太赫兹通信课题"]'::json, '["Project-021"]'::json, '[]'::json, '["无人机", "氢能"]'::json, '["深海装备", "光电技术"]'::json, '2024-11-19', NULL, NULL, '["结题"]'::json, '["人员经费"]'::json, 10021, '["东方脑科学实验室"]'::json, '["东方天网科技"]'::json, '["东方天网科技"]'::json, '["高超娟", "何洋雪松"]'::json, '["罗超", "孙宇航"]'::json, '["针对氢能领域关键需求立项"]'::json, '突破氢能关键技术，形成自主可控能力。', '["氢能理论研究", "氢能工程化", "氢能应用验证"]'::json, '["无人机", "氢能"]'::json, '["2024年完成方案论证", "2025年进入工程研制"]'::json, '成果可应用于相关产业领域。', '[{"date": "2022-10-08", "event": "阶段评审"}]'::json, 50.0, 80.0, '重点研发', NULL, 0.736, 0.788, '2026-06-15T12:00:00+00:00', '2026-06-15T12:00:00+00:00');
INSERT INTO project_history (project_id, change_date, change_description, created_at, updated_at) VALUES ('PROJECT_S_1902d432b4d52c1c', '2019-07-10', '立项批复', '2026-06-15T12:00:00+00:00', '2026-06-15T12:00:00+00:00');
INSERT INTO project_history (project_id, change_date, change_description, created_at, updated_at) VALUES ('PROJECT_S_1902d432b4d52c1c', '2020-06-17', '通过中期评审', '2026-06-15T12:00:00+00:00', '2026-06-15T12:00:00+00:00');
INSERT INTO project_history (project_id, change_date, change_description, created_at, updated_at) VALUES ('PROJECT_S_1902d432b4d52c1c', '2020-12-04', '转入工程阶段', '2026-06-15T12:00:00+00:00', '2026-06-15T12:00:00+00:00');
INSERT INTO project_budget (project_id, budget_date, amount, created_at, updated_at) VALUES ('PROJECT_S_1902d432b4d52c1c', '2023-08-22', 200.0, '2026-06-15T12:00:00+00:00', '2026-06-15T12:00:00+00:00');
INSERT INTO project_output (project_id, name_history, formed_at, tech_domains, owner_orgs, related_projects, attachments, created_at, updated_at) VALUES ('PROJECT_S_1902d432b4d52c1c', '氢能成果', '2024-09-16', '["无人机", "氢能"]'::json, '["东方脑科学实验室"]'::json, '[]'::json, '[]'::json, '2026-06-15T12:00:00+00:00', '2026-06-15T12:00:00+00:00');
INSERT INTO project_output (project_id, name_history, formed_at, tech_domains, owner_orgs, related_projects, attachments, created_at, updated_at) VALUES ('PROJECT_S_1902d432b4d52c1c', '氢能成果', '2022-07-16', '["无人机", "氢能"]'::json, '["东方脑科学实验室"]'::json, '[]'::json, '[]'::json, '2026-06-15T12:00:00+00:00', '2026-06-15T12:00:00+00:00');
INSERT INTO entity_change_log (entity_id, entity_type, field, old_value, new_value, method, operator, source_doc_id, reason, changed_at) VALUES ('PROJECT_S_1902d432b4d52c1c', 'project', '*', NULL, '{"action": "create"}'::json, 'rule', NULL, 'mock_seed', NULL, '2026-06-15T12:00:00+00:00');
INSERT INTO project_profile (project_id, name_cn, name_en, name_other, tech_domain, sub_tech_domain, start_date, cancel_date, finish_date, status, budget_activities, project_no, main_orgs, undertaking_orgs, undertaking_enterprises, managers, researchers, background, research_goal, research_content, keywords, progress, application_prospect, key_dates, total_budget_million_usd, invested_million_usd, parent_package_name, previous_phase_name, confidence, completeness, created_at, updated_at) VALUES ('PROJECT_S_8111e75dcae47fa3', '["先导毫米波雷达项目"]'::json, '["Project-022"]'::json, '[]'::json, '["氢能", "航空航天"]'::json, '["半导体", "增材制造"]'::json, '2022-11-03', NULL, NULL, '["在研"]'::json, '["试验验证"]'::json, 10022, '["中科智算工程技术中心"]'::json, '["北方未来高科", "国芯创研究所"]'::json, '[]'::json, '["吴明"]'::json, '["杨俊杰", "高婷平", "马雪松", "高超娟"]'::json, '["针对氢能领域关键需求立项"]'::json, '突破氢能关键技术，形成自主可控能力。', '["氢能理论研究", "氢能工程化", "氢能应用验证"]'::json, '["氢能", "航空航天"]'::json, '["2022年完成方案论证", "2023年进入工程研制"]'::json, '成果可应用于相关产业领域。', '[{"date": "2022-12-19", "event": "阶段评审"}]'::json, 5.0, 30.0, '重点研发', NULL, 0.948, 0.766, '2026-06-15T12:00:00+00:00', '2026-06-15T12:00:00+00:00');
INSERT INTO project_history (project_id, change_date, change_description, created_at, updated_at) VALUES ('PROJECT_S_8111e75dcae47fa3', '2020-09-03', '立项批复', '2026-06-15T12:00:00+00:00', '2026-06-15T12:00:00+00:00');
INSERT INTO project_history (project_id, change_date, change_description, created_at, updated_at) VALUES ('PROJECT_S_8111e75dcae47fa3', '2021-09-21', '通过中期评审', '2026-06-15T12:00:00+00:00', '2026-06-15T12:00:00+00:00');
INSERT INTO project_history (project_id, change_date, change_description, created_at, updated_at) VALUES ('PROJECT_S_8111e75dcae47fa3', '2024-09-16', '转入工程阶段', '2026-06-15T12:00:00+00:00', '2026-06-15T12:00:00+00:00');
INSERT INTO project_budget (project_id, budget_date, amount, created_at, updated_at) VALUES ('PROJECT_S_8111e75dcae47fa3', '2020-09-12', 50.0, '2026-06-15T12:00:00+00:00', '2026-06-15T12:00:00+00:00');
INSERT INTO project_budget (project_id, budget_date, amount, created_at, updated_at) VALUES ('PROJECT_S_8111e75dcae47fa3', '2022-09-09', 200.0, '2026-06-15T12:00:00+00:00', '2026-06-15T12:00:00+00:00');
INSERT INTO project_output (project_id, name_history, formed_at, tech_domains, owner_orgs, related_projects, attachments, created_at, updated_at) VALUES ('PROJECT_S_8111e75dcae47fa3', '氢能样机', '2022-05-09', '["氢能", "航空航天"]'::json, '["中科智算工程技术中心"]'::json, '[]'::json, '[]'::json, '2026-06-15T12:00:00+00:00', '2026-06-15T12:00:00+00:00');
INSERT INTO entity_change_log (entity_id, entity_type, field, old_value, new_value, method, operator, source_doc_id, reason, changed_at) VALUES ('PROJECT_S_8111e75dcae47fa3', 'project', '*', NULL, '{"action": "create"}'::json, 'rule', NULL, 'mock_seed', NULL, '2026-06-15T12:00:00+00:00');
INSERT INTO project_profile (project_id, name_cn, name_en, name_other, tech_domain, sub_tech_domain, start_date, cancel_date, finish_date, status, budget_activities, project_no, main_orgs, undertaking_orgs, undertaking_enterprises, managers, researchers, background, research_goal, research_content, keywords, progress, application_prospect, key_dates, total_budget_million_usd, invested_million_usd, parent_package_name, previous_phase_name, confidence, completeness, created_at, updated_at) VALUES ('PROJECT_S_41892fd67ade31e8', '["应用类脑计算架构项目"]'::json, '["Project-023"]'::json, '[]'::json, '["氢能", "网络安全"]'::json, '["航空航天"]'::json, '2020-03-11', NULL, NULL, '["暂停"]'::json, '["试验验证"]'::json, 10023, '["新前沿研究院"]'::json, '["华基因工程技术中心", "东方航宇研究所"]'::json, '[]'::json, '["黄宁"]'::json, '["徐志强", "林志强"]'::json, '["针对网络安全领域关键需求立项"]'::json, '突破网络安全关键技术，形成自主可控能力。', '["网络安全理论研究", "网络安全工程化", "网络安全应用验证"]'::json, '["氢能", "网络安全"]'::json, '["2020年完成方案论证", "2021年进入工程研制"]'::json, '成果可应用于相关产业领域。', '[{"date": "2024-06-18", "event": "阶段评审"}]'::json, 300.0, 80.0, NULL, NULL, 0.929, 0.643, '2026-06-15T12:00:00+00:00', '2026-06-15T12:00:00+00:00');
INSERT INTO project_history (project_id, change_date, change_description, created_at, updated_at) VALUES ('PROJECT_S_41892fd67ade31e8', '2019-10-26', '立项批复', '2026-06-15T12:00:00+00:00', '2026-06-15T12:00:00+00:00');
INSERT INTO project_history (project_id, change_date, change_description, created_at, updated_at) VALUES ('PROJECT_S_41892fd67ade31e8', '2020-06-18', '通过中期评审', '2026-06-15T12:00:00+00:00', '2026-06-15T12:00:00+00:00');
INSERT INTO project_history (project_id, change_date, change_description, created_at, updated_at) VALUES ('PROJECT_S_41892fd67ade31e8', '2023-08-19', '转入工程阶段', '2026-06-15T12:00:00+00:00', '2026-06-15T12:00:00+00:00');
INSERT INTO project_budget (project_id, budget_date, amount, created_at, updated_at) VALUES ('PROJECT_S_41892fd67ade31e8', '2020-12-16', 2000.0, '2026-06-15T12:00:00+00:00', '2026-06-15T12:00:00+00:00');
INSERT INTO project_budget (project_id, budget_date, amount, created_at, updated_at) VALUES ('PROJECT_S_41892fd67ade31e8', '2023-08-15', 800.0, '2026-06-15T12:00:00+00:00', '2026-06-15T12:00:00+00:00');
INSERT INTO project_output (project_id, name_history, formed_at, tech_domains, owner_orgs, related_projects, attachments, created_at, updated_at) VALUES ('PROJECT_S_41892fd67ade31e8', '网络安全关键技术', '2023-01-11', '["氢能", "网络安全"]'::json, '["新前沿研究院"]'::json, '[]'::json, '[]'::json, '2026-06-15T12:00:00+00:00', '2026-06-15T12:00:00+00:00');
INSERT INTO entity_change_log (entity_id, entity_type, field, old_value, new_value, method, operator, source_doc_id, reason, changed_at) VALUES ('PROJECT_S_41892fd67ade31e8', 'project', '*', NULL, '{"action": "create"}'::json, 'rule', NULL, 'mock_seed', NULL, '2026-06-15T12:00:00+00:00');
INSERT INTO project_profile (project_id, name_cn, name_en, name_other, tech_domain, sub_tech_domain, start_date, cancel_date, finish_date, status, budget_activities, project_no, main_orgs, undertaking_orgs, undertaking_enterprises, managers, researchers, background, research_goal, research_content, keywords, progress, application_prospect, key_dates, total_budget_million_usd, invested_million_usd, parent_package_name, previous_phase_name, confidence, completeness, created_at, updated_at) VALUES ('PROJECT_S_90b84aaaf8e40d13', '["重点固态电池计划"]'::json, '["Project-024"]'::json, '[]'::json, '["生物医药", "集成电路"]'::json, '["碳捕集"]'::json, '2021-04-27', NULL, NULL, '["立项"]'::json, '["国际合作"]'::json, 10024, '["航天航宇研究院"]'::json, '["国储能研究所", "远量子实验室"]'::json, '["远量子实验室"]'::json, '["朱勇"]'::json, '["曹平斌", "郭婷刚", "胡宇航艳", "李瑞志强"]'::json, '["针对生物医药领域关键需求立项"]'::json, '突破生物医药关键技术，形成自主可控能力。', '["生物医药理论研究", "生物医药工程化", "生物医药应用验证"]'::json, '["生物医药", "集成电路"]'::json, '["2021年完成方案论证", "2022年进入工程研制"]'::json, '成果可应用于相关产业领域。', '[{"date": "2023-09-19", "event": "阶段评审"}]'::json, 120.0, 80.0, NULL, NULL, 0.934, 0.932, '2026-06-15T12:00:00+00:00', '2026-06-15T12:00:00+00:00');
INSERT INTO project_history (project_id, change_date, change_description, created_at, updated_at) VALUES ('PROJECT_S_90b84aaaf8e40d13', '2019-07-24', '立项批复', '2026-06-15T12:00:00+00:00', '2026-06-15T12:00:00+00:00');
INSERT INTO project_history (project_id, change_date, change_description, created_at, updated_at) VALUES ('PROJECT_S_90b84aaaf8e40d13', '2021-06-14', '通过中期评审', '2026-06-15T12:00:00+00:00', '2026-06-15T12:00:00+00:00');
INSERT INTO project_history (project_id, change_date, change_description, created_at, updated_at) VALUES ('PROJECT_S_90b84aaaf8e40d13', '2022-06-16', '转入工程阶段', '2026-06-15T12:00:00+00:00', '2026-06-15T12:00:00+00:00');
INSERT INTO project_budget (project_id, budget_date, amount, created_at, updated_at) VALUES ('PROJECT_S_90b84aaaf8e40d13', '2022-06-05', 800.0, '2026-06-15T12:00:00+00:00', '2026-06-15T12:00:00+00:00');
INSERT INTO project_budget (project_id, budget_date, amount, created_at, updated_at) VALUES ('PROJECT_S_90b84aaaf8e40d13', '2023-09-12', 50.0, '2026-06-15T12:00:00+00:00', '2026-06-15T12:00:00+00:00');
INSERT INTO project_output (project_id, name_history, formed_at, tech_domains, owner_orgs, related_projects, attachments, created_at, updated_at) VALUES ('PROJECT_S_90b84aaaf8e40d13', '生物医药成果', '2021-09-13', '["生物医药", "集成电路"]'::json, '["航天航宇研究院"]'::json, '[]'::json, '[]'::json, '2026-06-15T12:00:00+00:00', '2026-06-15T12:00:00+00:00');
INSERT INTO project_output (project_id, name_history, formed_at, tech_domains, owner_orgs, related_projects, attachments, created_at, updated_at) VALUES ('PROJECT_S_90b84aaaf8e40d13', '生物医药成果', '2022-01-24', '["生物医药", "集成电路"]'::json, '["航天航宇研究院"]'::json, '[]'::json, '[]'::json, '2026-06-15T12:00:00+00:00', '2026-06-15T12:00:00+00:00');
INSERT INTO project_output (project_id, name_history, formed_at, tech_domains, owner_orgs, related_projects, attachments, created_at, updated_at) VALUES ('PROJECT_S_90b84aaaf8e40d13', '生物医药关键技术', '2024-02-24', '["生物医药", "集成电路"]'::json, '["航天航宇研究院"]'::json, '[]'::json, '[]'::json, '2026-06-15T12:00:00+00:00', '2026-06-15T12:00:00+00:00');
INSERT INTO entity_change_log (entity_id, entity_type, field, old_value, new_value, method, operator, source_doc_id, reason, changed_at) VALUES ('PROJECT_S_90b84aaaf8e40d13', 'project', '*', NULL, '{"action": "create"}'::json, 'rule', NULL, 'mock_seed', NULL, '2026-06-15T12:00:00+00:00');
INSERT INTO project_profile (project_id, name_cn, name_en, name_other, tech_domain, sub_tech_domain, start_date, cancel_date, finish_date, status, budget_activities, project_no, main_orgs, undertaking_orgs, undertaking_enterprises, managers, researchers, background, research_goal, research_content, keywords, progress, application_prospect, key_dates, total_budget_million_usd, invested_million_usd, parent_package_name, previous_phase_name, confidence, completeness, created_at, updated_at) VALUES ('PROJECT_S_d17262ddfe8a2df9', '["基础氢燃料电池电堆项目"]'::json, '["Project-025"]'::json, '[]'::json, '["增材制造", "半导体"]'::json, '["碳捕集"]'::json, '2019-07-16', NULL, NULL, '["立项"]'::json, '["人员经费"]'::json, 10025, '["东方智算实验室"]'::json, '["航天氢动实验室"]'::json, '[]'::json, '["吴俊杰", "韩艳强"]'::json, '["朱晓东", "徐强", "吴俊杰", "何勇"]'::json, '["针对增材制造领域关键需求立项"]'::json, '突破增材制造关键技术，形成自主可控能力。', '["增材制造理论研究", "增材制造工程化", "增材制造应用验证"]'::json, '["增材制造", "半导体"]'::json, '["2019年完成方案论证", "2020年进入工程研制"]'::json, '成果可应用于相关产业领域。', '[{"date": "2022-02-16", "event": "阶段评审"}]'::json, 20.0, 30.0, NULL, NULL, 0.958, 0.586, '2026-06-15T12:00:00+00:00', '2026-06-15T12:00:00+00:00');
INSERT INTO project_history (project_id, change_date, change_description, created_at, updated_at) VALUES ('PROJECT_S_d17262ddfe8a2df9', '2019-07-20', '立项批复', '2026-06-15T12:00:00+00:00', '2026-06-15T12:00:00+00:00');
INSERT INTO project_history (project_id, change_date, change_description, created_at, updated_at) VALUES ('PROJECT_S_d17262ddfe8a2df9', '2020-06-13', '通过中期评审', '2026-06-15T12:00:00+00:00', '2026-06-15T12:00:00+00:00');
INSERT INTO project_history (project_id, change_date, change_description, created_at, updated_at) VALUES ('PROJECT_S_d17262ddfe8a2df9', '2019-06-17', '转入工程阶段', '2026-06-15T12:00:00+00:00', '2026-06-15T12:00:00+00:00');
INSERT INTO project_budget (project_id, budget_date, amount, created_at, updated_at) VALUES ('PROJECT_S_d17262ddfe8a2df9', '2020-03-27', 50.0, '2026-06-15T12:00:00+00:00', '2026-06-15T12:00:00+00:00');
INSERT INTO project_budget (project_id, budget_date, amount, created_at, updated_at) VALUES ('PROJECT_S_d17262ddfe8a2df9', '2021-12-28', 50.0, '2026-06-15T12:00:00+00:00', '2026-06-15T12:00:00+00:00');
INSERT INTO project_output (project_id, name_history, formed_at, tech_domains, owner_orgs, related_projects, attachments, created_at, updated_at) VALUES ('PROJECT_S_d17262ddfe8a2df9', '增材制造关键技术', '2022-06-06', '["增材制造", "半导体"]'::json, '["东方智算实验室"]'::json, '[]'::json, '[]'::json, '2026-06-15T12:00:00+00:00', '2026-06-15T12:00:00+00:00');
INSERT INTO project_output (project_id, name_history, formed_at, tech_domains, owner_orgs, related_projects, attachments, created_at, updated_at) VALUES ('PROJECT_S_d17262ddfe8a2df9', '增材制造成果', '2021-04-06', '["增材制造", "半导体"]'::json, '["东方智算实验室"]'::json, '[]'::json, '[]'::json, '2026-06-15T12:00:00+00:00', '2026-06-15T12:00:00+00:00');
INSERT INTO project_output (project_id, name_history, formed_at, tech_domains, owner_orgs, related_projects, attachments, created_at, updated_at) VALUES ('PROJECT_S_d17262ddfe8a2df9', '增材制造成果', '2022-12-11', '["增材制造", "半导体"]'::json, '["东方智算实验室"]'::json, '[]'::json, '[]'::json, '2026-06-15T12:00:00+00:00', '2026-06-15T12:00:00+00:00');
INSERT INTO entity_change_log (entity_id, entity_type, field, old_value, new_value, method, operator, source_doc_id, reason, changed_at) VALUES ('PROJECT_S_d17262ddfe8a2df9', 'project', '*', NULL, '{"action": "create"}'::json, 'rule', NULL, 'mock_seed', NULL, '2026-06-15T12:00:00+00:00');
INSERT INTO project_profile (project_id, name_cn, name_en, name_other, tech_domain, sub_tech_domain, start_date, cancel_date, finish_date, status, budget_activities, project_no, main_orgs, undertaking_orgs, undertaking_enterprises, managers, researchers, background, research_goal, research_content, keywords, progress, application_prospect, key_dates, total_budget_million_usd, invested_million_usd, parent_package_name, previous_phase_name, confidence, completeness, created_at, updated_at) VALUES ('PROJECT_S_2f3835084703e63c', '["攻关仿生机械臂工程"]'::json, '["Project-026"]'::json, '[]'::json, '["集成电路", "基因编辑"]'::json, '["储能"]'::json, '2018-05-19', NULL, NULL, '["暂停"]'::json, '["国际合作"]'::json, 10026, '["北方前沿实验室"]'::json, '["航天新材集团", "中生医研究所"]'::json, '["航天新材集团"]'::json, '["唐俊杰平", "罗峰"]'::json, '["周艳", "王娟", "马伟勇"]'::json, '["针对基因编辑领域关键需求立项"]'::json, '突破基因编辑关键技术，形成自主可控能力。', '["基因编辑理论研究", "基因编辑工程化", "基因编辑应用验证"]'::json, '["集成电路", "基因编辑"]'::json, '["2018年完成方案论证", "2019年进入工程研制"]'::json, '成果可应用于相关产业领域。', '[{"date": "2021-10-23", "event": "阶段评审"}]'::json, 300.0, 10.0, '重点研发', NULL, 0.824, 0.922, '2026-06-15T12:00:00+00:00', '2026-06-15T12:00:00+00:00');
INSERT INTO project_history (project_id, change_date, change_description, created_at, updated_at) VALUES ('PROJECT_S_2f3835084703e63c', '2022-05-23', '立项批复', '2026-06-15T12:00:00+00:00', '2026-06-15T12:00:00+00:00');
INSERT INTO project_history (project_id, change_date, change_description, created_at, updated_at) VALUES ('PROJECT_S_2f3835084703e63c', '2022-06-09', '通过中期评审', '2026-06-15T12:00:00+00:00', '2026-06-15T12:00:00+00:00');
INSERT INTO project_history (project_id, change_date, change_description, created_at, updated_at) VALUES ('PROJECT_S_2f3835084703e63c', '2021-11-03', '转入工程阶段', '2026-06-15T12:00:00+00:00', '2026-06-15T12:00:00+00:00');
INSERT INTO project_budget (project_id, budget_date, amount, created_at, updated_at) VALUES ('PROJECT_S_2f3835084703e63c', '2023-07-18', 200.0, '2026-06-15T12:00:00+00:00', '2026-06-15T12:00:00+00:00');
INSERT INTO project_budget (project_id, budget_date, amount, created_at, updated_at) VALUES ('PROJECT_S_2f3835084703e63c', '2021-02-03', 800.0, '2026-06-15T12:00:00+00:00', '2026-06-15T12:00:00+00:00');
INSERT INTO project_budget (project_id, budget_date, amount, created_at, updated_at) VALUES ('PROJECT_S_2f3835084703e63c', '2020-10-08', 800.0, '2026-06-15T12:00:00+00:00', '2026-06-15T12:00:00+00:00');
INSERT INTO project_output (project_id, name_history, formed_at, tech_domains, owner_orgs, related_projects, attachments, created_at, updated_at) VALUES ('PROJECT_S_2f3835084703e63c', '基因编辑成果', '2021-02-06', '["集成电路", "基因编辑"]'::json, '["北方前沿实验室"]'::json, '[]'::json, '[]'::json, '2026-06-15T12:00:00+00:00', '2026-06-15T12:00:00+00:00');
INSERT INTO entity_change_log (entity_id, entity_type, field, old_value, new_value, method, operator, source_doc_id, reason, changed_at) VALUES ('PROJECT_S_2f3835084703e63c', 'project', '*', NULL, '{"action": "create"}'::json, 'rule', NULL, 'mock_seed', NULL, '2026-06-15T12:00:00+00:00');
INSERT INTO project_profile (project_id, name_cn, name_en, name_other, tech_domain, sub_tech_domain, start_date, cancel_date, finish_date, status, budget_activities, project_no, main_orgs, undertaking_orgs, undertaking_enterprises, managers, researchers, background, research_goal, research_content, keywords, progress, application_prospect, key_dates, total_budget_million_usd, invested_million_usd, parent_package_name, previous_phase_name, confidence, completeness, created_at, updated_at) VALUES ('PROJECT_S_2af644bfed8653f8', '["先导碳化硅功率器件工程"]'::json, '["Project-027"]'::json, '[]'::json, '["机器人", "碳捕集"]'::json, '["半导体", "无人机"]'::json, '2024-01-16', NULL, '2024-01-16', '["暂停"]'::json, '["国际合作"]'::json, 10027, '["中聚变研究所"]'::json, '["中科聚变集团"]'::json, '[]'::json, '["唐俊杰平", "陈伟婷"]'::json, '["韩艳强", "周艳"]'::json, '["针对碳捕集领域关键需求立项"]'::json, '突破碳捕集关键技术，形成自主可控能力。', '["碳捕集理论研究", "碳捕集工程化", "碳捕集应用验证"]'::json, '["机器人", "碳捕集"]'::json, '["2024年完成方案论证", "2025年进入工程研制"]'::json, '成果可应用于相关产业领域。', '[{"date": "2020-08-19", "event": "阶段评审"}]'::json, 120.0, 30.0, NULL, NULL, 0.838, 0.836, '2026-06-15T12:00:00+00:00', '2026-06-15T12:00:00+00:00');
INSERT INTO project_history (project_id, change_date, change_description, created_at, updated_at) VALUES ('PROJECT_S_2af644bfed8653f8', '2024-08-03', '立项批复', '2026-06-15T12:00:00+00:00', '2026-06-15T12:00:00+00:00');
INSERT INTO project_history (project_id, change_date, change_description, created_at, updated_at) VALUES ('PROJECT_S_2af644bfed8653f8', '2022-04-25', '通过中期评审', '2026-06-15T12:00:00+00:00', '2026-06-15T12:00:00+00:00');
INSERT INTO project_history (project_id, change_date, change_description, created_at, updated_at) VALUES ('PROJECT_S_2af644bfed8653f8', '2023-10-27', '转入工程阶段', '2026-06-15T12:00:00+00:00', '2026-06-15T12:00:00+00:00');
INSERT INTO project_budget (project_id, budget_date, amount, created_at, updated_at) VALUES ('PROJECT_S_2af644bfed8653f8', '2020-02-12', 800.0, '2026-06-15T12:00:00+00:00', '2026-06-15T12:00:00+00:00');
INSERT INTO project_budget (project_id, budget_date, amount, created_at, updated_at) VALUES ('PROJECT_S_2af644bfed8653f8', '2020-12-01', 200.0, '2026-06-15T12:00:00+00:00', '2026-06-15T12:00:00+00:00');
INSERT INTO project_budget (project_id, budget_date, amount, created_at, updated_at) VALUES ('PROJECT_S_2af644bfed8653f8', '2021-12-16', 50.0, '2026-06-15T12:00:00+00:00', '2026-06-15T12:00:00+00:00');
INSERT INTO project_output (project_id, name_history, formed_at, tech_domains, owner_orgs, related_projects, attachments, created_at, updated_at) VALUES ('PROJECT_S_2af644bfed8653f8', '碳捕集样机', '2023-04-28', '["机器人", "碳捕集"]'::json, '["中聚变研究所"]'::json, '[]'::json, '[]'::json, '2026-06-15T12:00:00+00:00', '2026-06-15T12:00:00+00:00');
INSERT INTO project_output (project_id, name_history, formed_at, tech_domains, owner_orgs, related_projects, attachments, created_at, updated_at) VALUES ('PROJECT_S_2af644bfed8653f8', '碳捕集关键技术', '2023-07-11', '["机器人", "碳捕集"]'::json, '["中聚变研究所"]'::json, '[]'::json, '[]'::json, '2026-06-15T12:00:00+00:00', '2026-06-15T12:00:00+00:00');
INSERT INTO entity_change_log (entity_id, entity_type, field, old_value, new_value, method, operator, source_doc_id, reason, changed_at) VALUES ('PROJECT_S_2af644bfed8653f8', 'project', '*', NULL, '{"action": "create"}'::json, 'rule', NULL, 'mock_seed', NULL, '2026-06-15T12:00:00+00:00');
INSERT INTO project_profile (project_id, name_cn, name_en, name_other, tech_domain, sub_tech_domain, start_date, cancel_date, finish_date, status, budget_activities, project_no, main_orgs, undertaking_orgs, undertaking_enterprises, managers, researchers, background, research_goal, research_content, keywords, progress, application_prospect, key_dates, total_budget_million_usd, invested_million_usd, parent_package_name, previous_phase_name, confidence, completeness, created_at, updated_at) VALUES ('PROJECT_S_78e2a0d99c5a6d82', '["应用金属3D打印课题"]'::json, '["Project-028"]'::json, '[]'::json, '["新能源", "生物医药"]'::json, '["生物医药", "无人机"]'::json, '2018-04-23', NULL, NULL, '["在研"]'::json, '["国际合作"]'::json, 10028, '["航天脑科学高科"]'::json, '["北方脑科学实验室", "中聚变研究所"]'::json, '["中聚变研究所"]'::json, '["王俊杰", "吴峰"]'::json, '["徐志强", "罗瑞文博", "彭宇航", "吴平昊"]'::json, '["针对新能源领域关键需求立项"]'::json, '突破新能源关键技术，形成自主可控能力。', '["新能源理论研究", "新能源工程化", "新能源应用验证"]'::json, '["新能源", "生物医药"]'::json, '["2018年完成方案论证", "2019年进入工程研制"]'::json, '成果可应用于相关产业领域。', '[{"date": "2023-11-20", "event": "阶段评审"}]'::json, 5.0, 80.0, '重点研发', NULL, 0.93, 0.845, '2026-06-15T12:00:00+00:00', '2026-06-15T12:00:00+00:00');
INSERT INTO project_history (project_id, change_date, change_description, created_at, updated_at) VALUES ('PROJECT_S_78e2a0d99c5a6d82', '2020-11-04', '立项批复', '2026-06-15T12:00:00+00:00', '2026-06-15T12:00:00+00:00');
INSERT INTO project_history (project_id, change_date, change_description, created_at, updated_at) VALUES ('PROJECT_S_78e2a0d99c5a6d82', '2024-09-03', '通过中期评审', '2026-06-15T12:00:00+00:00', '2026-06-15T12:00:00+00:00');
INSERT INTO project_history (project_id, change_date, change_description, created_at, updated_at) VALUES ('PROJECT_S_78e2a0d99c5a6d82', '2020-08-07', '转入工程阶段', '2026-06-15T12:00:00+00:00', '2026-06-15T12:00:00+00:00');
INSERT INTO project_budget (project_id, budget_date, amount, created_at, updated_at) VALUES ('PROJECT_S_78e2a0d99c5a6d82', '2024-09-08', 200.0, '2026-06-15T12:00:00+00:00', '2026-06-15T12:00:00+00:00');
INSERT INTO project_output (project_id, name_history, formed_at, tech_domains, owner_orgs, related_projects, attachments, created_at, updated_at) VALUES ('PROJECT_S_78e2a0d99c5a6d82', '新能源关键技术', '2023-09-16', '["新能源", "生物医药"]'::json, '["航天脑科学高科"]'::json, '[]'::json, '[]'::json, '2026-06-15T12:00:00+00:00', '2026-06-15T12:00:00+00:00');
INSERT INTO entity_change_log (entity_id, entity_type, field, old_value, new_value, method, operator, source_doc_id, reason, changed_at) VALUES ('PROJECT_S_78e2a0d99c5a6d82', 'project', '*', NULL, '{"action": "create"}'::json, 'rule', NULL, 'mock_seed', NULL, '2026-06-15T12:00:00+00:00');
INSERT INTO project_profile (project_id, name_cn, name_en, name_other, tech_domain, sub_tech_domain, start_date, cancel_date, finish_date, status, budget_activities, project_no, main_orgs, undertaking_orgs, undertaking_enterprises, managers, researchers, background, research_goal, research_content, keywords, progress, application_prospect, key_dates, total_budget_million_usd, invested_million_usd, parent_package_name, previous_phase_name, confidence, completeness, created_at, updated_at) VALUES ('PROJECT_S_46bdfe295d446564', '["专项量子纠错码工程"]'::json, '["Project-029"]'::json, '[]'::json, '["新能源", "人工智能"]'::json, '["氢能"]'::json, '2019-05-23', NULL, NULL, '["在研"]'::json, '["人员经费"]'::json, 10029, '["东方脑科学科技"]'::json, '["南方量子科技"]'::json, '["南方量子科技"]'::json, '["李瑞志强", "韩文博娟"]'::json, '["林瑞", "何雪松宇航"]'::json, '["针对人工智能领域关键需求立项"]'::json, '突破人工智能关键技术，形成自主可控能力。', '["人工智能理论研究", "人工智能工程化", "人工智能应用验证"]'::json, '["新能源", "人工智能"]'::json, '["2019年完成方案论证", "2020年进入工程研制"]'::json, '成果可应用于相关产业领域。', '[{"date": "2021-06-06", "event": "阶段评审"}]'::json, 300.0, 30.0, NULL, NULL, 0.737, 0.749, '2026-06-15T12:00:00+00:00', '2026-06-15T12:00:00+00:00');
INSERT INTO project_history (project_id, change_date, change_description, created_at, updated_at) VALUES ('PROJECT_S_46bdfe295d446564', '2023-05-21', '立项批复', '2026-06-15T12:00:00+00:00', '2026-06-15T12:00:00+00:00');
INSERT INTO project_history (project_id, change_date, change_description, created_at, updated_at) VALUES ('PROJECT_S_46bdfe295d446564', '2023-01-06', '通过中期评审', '2026-06-15T12:00:00+00:00', '2026-06-15T12:00:00+00:00');
INSERT INTO project_history (project_id, change_date, change_description, created_at, updated_at) VALUES ('PROJECT_S_46bdfe295d446564', '2019-12-06', '转入工程阶段', '2026-06-15T12:00:00+00:00', '2026-06-15T12:00:00+00:00');
INSERT INTO project_budget (project_id, budget_date, amount, created_at, updated_at) VALUES ('PROJECT_S_46bdfe295d446564', '2020-10-21', 200.0, '2026-06-15T12:00:00+00:00', '2026-06-15T12:00:00+00:00');
INSERT INTO project_budget (project_id, budget_date, amount, created_at, updated_at) VALUES ('PROJECT_S_46bdfe295d446564', '2023-02-10', 200.0, '2026-06-15T12:00:00+00:00', '2026-06-15T12:00:00+00:00');
INSERT INTO project_output (project_id, name_history, formed_at, tech_domains, owner_orgs, related_projects, attachments, created_at, updated_at) VALUES ('PROJECT_S_46bdfe295d446564', '人工智能样机', '2021-07-26', '["新能源", "人工智能"]'::json, '["东方脑科学科技"]'::json, '[]'::json, '[]'::json, '2026-06-15T12:00:00+00:00', '2026-06-15T12:00:00+00:00');
INSERT INTO project_output (project_id, name_history, formed_at, tech_domains, owner_orgs, related_projects, attachments, created_at, updated_at) VALUES ('PROJECT_S_46bdfe295d446564', '人工智能成果', '2022-01-10', '["新能源", "人工智能"]'::json, '["东方脑科学科技"]'::json, '[]'::json, '[]'::json, '2026-06-15T12:00:00+00:00', '2026-06-15T12:00:00+00:00');
INSERT INTO project_output (project_id, name_history, formed_at, tech_domains, owner_orgs, related_projects, attachments, created_at, updated_at) VALUES ('PROJECT_S_46bdfe295d446564', '人工智能样机', '2022-11-09', '["新能源", "人工智能"]'::json, '["东方脑科学科技"]'::json, '[]'::json, '[]'::json, '2026-06-15T12:00:00+00:00', '2026-06-15T12:00:00+00:00');
INSERT INTO entity_change_log (entity_id, entity_type, field, old_value, new_value, method, operator, source_doc_id, reason, changed_at) VALUES ('PROJECT_S_46bdfe295d446564', 'project', '*', NULL, '{"action": "create"}'::json, 'rule', NULL, 'mock_seed', NULL, '2026-06-15T12:00:00+00:00');
INSERT INTO project_profile (project_id, name_cn, name_en, name_other, tech_domain, sub_tech_domain, start_date, cancel_date, finish_date, status, budget_activities, project_no, main_orgs, undertaking_orgs, undertaking_enterprises, managers, researchers, background, research_goal, research_content, keywords, progress, application_prospect, key_dates, total_budget_million_usd, invested_million_usd, parent_package_name, previous_phase_name, confidence, completeness, created_at, updated_at) VALUES ('PROJECT_S_71c02aafe8260698', '["攻关基因剪刀课题"]'::json, '["Project-030"]'::json, '[]'::json, '["5G通信", "航空航天"]'::json, '["新材料", "脑机接口"]'::json, '2023-01-21', NULL, NULL, '["暂停"]'::json, '["设备购置"]'::json, 10030, '["华信息高科"]'::json, '["新聚变工程技术中心"]'::json, '["新聚变工程技术中心"]'::json, '["周伟杰", "许军峰"]'::json, '["李昊强", "林志强", "罗峰昊"]'::json, '["针对5G通信领域关键需求立项"]'::json, '突破5G通信关键技术，形成自主可控能力。', '["5G通信理论研究", "5G通信工程化", "5G通信应用验证"]'::json, '["5G通信", "航空航天"]'::json, '["2023年完成方案论证", "2024年进入工程研制"]'::json, '成果可应用于相关产业领域。', '[{"date": "2020-06-28", "event": "阶段评审"}]'::json, 20.0, 2.0, '重大专项', NULL, 0.889, 0.617, '2026-06-15T12:00:00+00:00', '2026-06-15T12:00:00+00:00');
INSERT INTO project_history (project_id, change_date, change_description, created_at, updated_at) VALUES ('PROJECT_S_71c02aafe8260698', '2022-03-11', '立项批复', '2026-06-15T12:00:00+00:00', '2026-06-15T12:00:00+00:00');
INSERT INTO project_history (project_id, change_date, change_description, created_at, updated_at) VALUES ('PROJECT_S_71c02aafe8260698', '2023-04-22', '通过中期评审', '2026-06-15T12:00:00+00:00', '2026-06-15T12:00:00+00:00');
INSERT INTO project_history (project_id, change_date, change_description, created_at, updated_at) VALUES ('PROJECT_S_71c02aafe8260698', '2023-10-12', '转入工程阶段', '2026-06-15T12:00:00+00:00', '2026-06-15T12:00:00+00:00');
INSERT INTO project_budget (project_id, budget_date, amount, created_at, updated_at) VALUES ('PROJECT_S_71c02aafe8260698', '2024-07-17', 200.0, '2026-06-15T12:00:00+00:00', '2026-06-15T12:00:00+00:00');
INSERT INTO project_output (project_id, name_history, formed_at, tech_domains, owner_orgs, related_projects, attachments, created_at, updated_at) VALUES ('PROJECT_S_71c02aafe8260698', '5G通信成果', '2023-12-01', '["5G通信", "航空航天"]'::json, '["华信息高科"]'::json, '[]'::json, '[]'::json, '2026-06-15T12:00:00+00:00', '2026-06-15T12:00:00+00:00');
INSERT INTO project_output (project_id, name_history, formed_at, tech_domains, owner_orgs, related_projects, attachments, created_at, updated_at) VALUES ('PROJECT_S_71c02aafe8260698', '5G通信样机', '2024-08-09', '["5G通信", "航空航天"]'::json, '["华信息高科"]'::json, '[]'::json, '[]'::json, '2026-06-15T12:00:00+00:00', '2026-06-15T12:00:00+00:00');
INSERT INTO project_output (project_id, name_history, formed_at, tech_domains, owner_orgs, related_projects, attachments, created_at, updated_at) VALUES ('PROJECT_S_71c02aafe8260698', '5G通信关键技术', '2023-02-12', '["5G通信", "航空航天"]'::json, '["华信息高科"]'::json, '[]'::json, '[]'::json, '2026-06-15T12:00:00+00:00', '2026-06-15T12:00:00+00:00');
INSERT INTO entity_change_log (entity_id, entity_type, field, old_value, new_value, method, operator, source_doc_id, reason, changed_at) VALUES ('PROJECT_S_71c02aafe8260698', 'project', '*', NULL, '{"action": "create"}'::json, 'rule', NULL, 'mock_seed', NULL, '2026-06-15T12:00:00+00:00');
INSERT INTO project_profile (project_id, name_cn, name_en, name_other, tech_domain, sub_tech_domain, start_date, cancel_date, finish_date, status, budget_activities, project_no, main_orgs, undertaking_orgs, undertaking_enterprises, managers, researchers, background, research_goal, research_content, keywords, progress, application_prospect, key_dates, total_budget_million_usd, invested_million_usd, parent_package_name, previous_phase_name, confidence, completeness, created_at, updated_at) VALUES ('PROJECT_S_ce6302b850fa54f6', '["重点仿生机械臂工程"]'::json, '["Project-031"]'::json, '[]'::json, '["大模型", "自动驾驶"]'::json, '["碳捕集", "自动驾驶"]'::json, '2019-03-02', NULL, '2019-03-02', '["立项"]'::json, '["国际合作"]'::json, 10031, '["新聚变工程技术中心"]'::json, '["东方储能高科"]'::json, '[]'::json, '["王刚"]'::json, '["黄斌磊", "冯艳涛", "吴平昊", "朱斌杰"]'::json, '["针对自动驾驶领域关键需求立项"]'::json, '突破自动驾驶关键技术，形成自主可控能力。', '["自动驾驶理论研究", "自动驾驶工程化", "自动驾驶应用验证"]'::json, '["大模型", "自动驾驶"]'::json, '["2019年完成方案论证", "2020年进入工程研制"]'::json, '成果可应用于相关产业领域。', '[{"date": "2022-11-03", "event": "阶段评审"}]'::json, 50.0, 10.0, NULL, NULL, 0.721, 0.835, '2026-06-15T12:00:00+00:00', '2026-06-15T12:00:00+00:00');
INSERT INTO project_history (project_id, change_date, change_description, created_at, updated_at) VALUES ('PROJECT_S_ce6302b850fa54f6', '2022-07-15', '立项批复', '2026-06-15T12:00:00+00:00', '2026-06-15T12:00:00+00:00');
INSERT INTO project_history (project_id, change_date, change_description, created_at, updated_at) VALUES ('PROJECT_S_ce6302b850fa54f6', '2020-12-02', '通过中期评审', '2026-06-15T12:00:00+00:00', '2026-06-15T12:00:00+00:00');
INSERT INTO project_history (project_id, change_date, change_description, created_at, updated_at) VALUES ('PROJECT_S_ce6302b850fa54f6', '2019-11-27', '转入工程阶段', '2026-06-15T12:00:00+00:00', '2026-06-15T12:00:00+00:00');
INSERT INTO project_budget (project_id, budget_date, amount, created_at, updated_at) VALUES ('PROJECT_S_ce6302b850fa54f6', '2022-04-08', 2000.0, '2026-06-15T12:00:00+00:00', '2026-06-15T12:00:00+00:00');
INSERT INTO project_budget (project_id, budget_date, amount, created_at, updated_at) VALUES ('PROJECT_S_ce6302b850fa54f6', '2022-02-01', 2000.0, '2026-06-15T12:00:00+00:00', '2026-06-15T12:00:00+00:00');
INSERT INTO project_budget (project_id, budget_date, amount, created_at, updated_at) VALUES ('PROJECT_S_ce6302b850fa54f6', '2021-04-13', 200.0, '2026-06-15T12:00:00+00:00', '2026-06-15T12:00:00+00:00');
INSERT INTO project_output (project_id, name_history, formed_at, tech_domains, owner_orgs, related_projects, attachments, created_at, updated_at) VALUES ('PROJECT_S_ce6302b850fa54f6', '自动驾驶样机', '2024-11-09', '["大模型", "自动驾驶"]'::json, '["新聚变工程技术中心"]'::json, '[]'::json, '[]'::json, '2026-06-15T12:00:00+00:00', '2026-06-15T12:00:00+00:00');
INSERT INTO project_output (project_id, name_history, formed_at, tech_domains, owner_orgs, related_projects, attachments, created_at, updated_at) VALUES ('PROJECT_S_ce6302b850fa54f6', '自动驾驶关键技术', '2021-12-11', '["大模型", "自动驾驶"]'::json, '["新聚变工程技术中心"]'::json, '[]'::json, '[]'::json, '2026-06-15T12:00:00+00:00', '2026-06-15T12:00:00+00:00');
INSERT INTO project_output (project_id, name_history, formed_at, tech_domains, owner_orgs, related_projects, attachments, created_at, updated_at) VALUES ('PROJECT_S_ce6302b850fa54f6', '自动驾驶关键技术', '2021-02-15', '["大模型", "自动驾驶"]'::json, '["新聚变工程技术中心"]'::json, '[]'::json, '[]'::json, '2026-06-15T12:00:00+00:00', '2026-06-15T12:00:00+00:00');
INSERT INTO entity_change_log (entity_id, entity_type, field, old_value, new_value, method, operator, source_doc_id, reason, changed_at) VALUES ('PROJECT_S_ce6302b850fa54f6', 'project', '*', NULL, '{"action": "create"}'::json, 'rule', NULL, 'mock_seed', NULL, '2026-06-15T12:00:00+00:00');
INSERT INTO project_profile (project_id, name_cn, name_en, name_other, tech_domain, sub_tech_domain, start_date, cancel_date, finish_date, status, budget_activities, project_no, main_orgs, undertaking_orgs, undertaking_enterprises, managers, researchers, background, research_goal, research_content, keywords, progress, application_prospect, key_dates, total_budget_million_usd, invested_million_usd, parent_package_name, previous_phase_name, confidence, completeness, created_at, updated_at) VALUES ('PROJECT_S_0716459b79c089f5', '["重大mRNA疫苗专项"]'::json, '["Project-032"]'::json, '[]'::json, '["半导体"]'::json, '["5G通信", "人工智能"]'::json, '2021-07-12', NULL, '2021-07-12', '["暂停"]'::json, '["人员经费"]'::json, 10032, '["中光电实验室"]'::json, '["航天芯创科技"]'::json, '[]'::json, '["谢伟", "林峰"]'::json, '["吴宁", "宋瑞志强", "邓桂英磊", "吴平昊"]'::json, '["针对半导体领域关键需求立项"]'::json, '突破半导体关键技术，形成自主可控能力。', '["半导体理论研究", "半导体工程化", "半导体应用验证"]'::json, '["半导体"]'::json, '["2021年完成方案论证", "2022年进入工程研制"]'::json, '成果可应用于相关产业领域。', '[{"date": "2022-02-08", "event": "阶段评审"}]'::json, 300.0, 10.0, '重大专项', NULL, 0.924, 0.842, '2026-06-15T12:00:00+00:00', '2026-06-15T12:00:00+00:00');
INSERT INTO project_history (project_id, change_date, change_description, created_at, updated_at) VALUES ('PROJECT_S_0716459b79c089f5', '2024-04-01', '立项批复', '2026-06-15T12:00:00+00:00', '2026-06-15T12:00:00+00:00');
INSERT INTO project_history (project_id, change_date, change_description, created_at, updated_at) VALUES ('PROJECT_S_0716459b79c089f5', '2020-06-11', '通过中期评审', '2026-06-15T12:00:00+00:00', '2026-06-15T12:00:00+00:00');
INSERT INTO project_history (project_id, change_date, change_description, created_at, updated_at) VALUES ('PROJECT_S_0716459b79c089f5', '2021-05-02', '转入工程阶段', '2026-06-15T12:00:00+00:00', '2026-06-15T12:00:00+00:00');
INSERT INTO project_budget (project_id, budget_date, amount, created_at, updated_at) VALUES ('PROJECT_S_0716459b79c089f5', '2020-04-13', 50.0, '2026-06-15T12:00:00+00:00', '2026-06-15T12:00:00+00:00');
INSERT INTO project_budget (project_id, budget_date, amount, created_at, updated_at) VALUES ('PROJECT_S_0716459b79c089f5', '2020-10-04', 50.0, '2026-06-15T12:00:00+00:00', '2026-06-15T12:00:00+00:00');
INSERT INTO project_budget (project_id, budget_date, amount, created_at, updated_at) VALUES ('PROJECT_S_0716459b79c089f5', '2020-02-06', 800.0, '2026-06-15T12:00:00+00:00', '2026-06-15T12:00:00+00:00');
INSERT INTO project_output (project_id, name_history, formed_at, tech_domains, owner_orgs, related_projects, attachments, created_at, updated_at) VALUES ('PROJECT_S_0716459b79c089f5', '半导体成果', '2021-03-01', '["半导体"]'::json, '["中光电实验室"]'::json, '[]'::json, '[]'::json, '2026-06-15T12:00:00+00:00', '2026-06-15T12:00:00+00:00');
INSERT INTO project_output (project_id, name_history, formed_at, tech_domains, owner_orgs, related_projects, attachments, created_at, updated_at) VALUES ('PROJECT_S_0716459b79c089f5', '半导体成果', '2024-09-21', '["半导体"]'::json, '["中光电实验室"]'::json, '[]'::json, '[]'::json, '2026-06-15T12:00:00+00:00', '2026-06-15T12:00:00+00:00');
INSERT INTO project_output (project_id, name_history, formed_at, tech_domains, owner_orgs, related_projects, attachments, created_at, updated_at) VALUES ('PROJECT_S_0716459b79c089f5', '半导体成果', '2022-12-28', '["半导体"]'::json, '["中光电实验室"]'::json, '[]'::json, '[]'::json, '2026-06-15T12:00:00+00:00', '2026-06-15T12:00:00+00:00');
INSERT INTO entity_change_log (entity_id, entity_type, field, old_value, new_value, method, operator, source_doc_id, reason, changed_at) VALUES ('PROJECT_S_0716459b79c089f5', 'project', '*', NULL, '{"action": "create"}'::json, 'rule', NULL, 'mock_seed', NULL, '2026-06-15T12:00:00+00:00');
INSERT INTO project_profile (project_id, name_cn, name_en, name_other, tech_domain, sub_tech_domain, start_date, cancel_date, finish_date, status, budget_activities, project_no, main_orgs, undertaking_orgs, undertaking_enterprises, managers, researchers, background, research_goal, research_content, keywords, progress, application_prospect, key_dates, total_budget_million_usd, invested_million_usd, parent_package_name, previous_phase_name, confidence, completeness, created_at, updated_at) VALUES ('PROJECT_S_0095b6b754e27a3b', '["基础太赫兹通信计划"]'::json, '["Project-033"]'::json, '[]'::json, '["增材制造", "光电技术"]'::json, '["光电技术", "氢能"]'::json, '2024-10-24', NULL, NULL, '["验收"]'::json, '["试验验证"]'::json, 10033, '["远算力工程技术中心"]'::json, '["中先进研究院", "中科脑科学集团"]'::json, '[]'::json, '["马雪松"]'::json, '["高婷平", "谢伟"]'::json, '["针对增材制造领域关键需求立项"]'::json, '突破增材制造关键技术，形成自主可控能力。', '["增材制造理论研究", "增材制造工程化", "增材制造应用验证"]'::json, '["增材制造", "光电技术"]'::json, '["2024年完成方案论证", "2025年进入工程研制"]'::json, '成果可应用于相关产业领域。', '[{"date": "2023-07-17", "event": "阶段评审"}]'::json, 5.0, 10.0, NULL, NULL, 0.757, 0.879, '2026-06-15T12:00:00+00:00', '2026-06-15T12:00:00+00:00');
INSERT INTO project_history (project_id, change_date, change_description, created_at, updated_at) VALUES ('PROJECT_S_0095b6b754e27a3b', '2019-06-24', '立项批复', '2026-06-15T12:00:00+00:00', '2026-06-15T12:00:00+00:00');
INSERT INTO project_history (project_id, change_date, change_description, created_at, updated_at) VALUES ('PROJECT_S_0095b6b754e27a3b', '2021-03-23', '通过中期评审', '2026-06-15T12:00:00+00:00', '2026-06-15T12:00:00+00:00');
INSERT INTO project_history (project_id, change_date, change_description, created_at, updated_at) VALUES ('PROJECT_S_0095b6b754e27a3b', '2021-07-01', '转入工程阶段', '2026-06-15T12:00:00+00:00', '2026-06-15T12:00:00+00:00');
INSERT INTO project_budget (project_id, budget_date, amount, created_at, updated_at) VALUES ('PROJECT_S_0095b6b754e27a3b', '2021-02-06', 50.0, '2026-06-15T12:00:00+00:00', '2026-06-15T12:00:00+00:00');
INSERT INTO project_budget (project_id, budget_date, amount, created_at, updated_at) VALUES ('PROJECT_S_0095b6b754e27a3b', '2021-11-24', 2000.0, '2026-06-15T12:00:00+00:00', '2026-06-15T12:00:00+00:00');
INSERT INTO project_output (project_id, name_history, formed_at, tech_domains, owner_orgs, related_projects, attachments, created_at, updated_at) VALUES ('PROJECT_S_0095b6b754e27a3b', '增材制造样机', '2021-01-26', '["增材制造", "光电技术"]'::json, '["远算力工程技术中心"]'::json, '[]'::json, '[]'::json, '2026-06-15T12:00:00+00:00', '2026-06-15T12:00:00+00:00');
INSERT INTO project_output (project_id, name_history, formed_at, tech_domains, owner_orgs, related_projects, attachments, created_at, updated_at) VALUES ('PROJECT_S_0095b6b754e27a3b', '增材制造样机', '2023-10-27', '["增材制造", "光电技术"]'::json, '["远算力工程技术中心"]'::json, '[]'::json, '[]'::json, '2026-06-15T12:00:00+00:00', '2026-06-15T12:00:00+00:00');
INSERT INTO project_output (project_id, name_history, formed_at, tech_domains, owner_orgs, related_projects, attachments, created_at, updated_at) VALUES ('PROJECT_S_0095b6b754e27a3b', '增材制造成果', '2024-07-20', '["增材制造", "光电技术"]'::json, '["远算力工程技术中心"]'::json, '[]'::json, '[]'::json, '2026-06-15T12:00:00+00:00', '2026-06-15T12:00:00+00:00');
INSERT INTO entity_change_log (entity_id, entity_type, field, old_value, new_value, method, operator, source_doc_id, reason, changed_at) VALUES ('PROJECT_S_0095b6b754e27a3b', 'project', '*', NULL, '{"action": "create"}'::json, 'rule', NULL, 'mock_seed', NULL, '2026-06-15T12:00:00+00:00');
INSERT INTO project_profile (project_id, name_cn, name_en, name_other, tech_domain, sub_tech_domain, start_date, cancel_date, finish_date, status, budget_activities, project_no, main_orgs, undertaking_orgs, undertaking_enterprises, managers, researchers, background, research_goal, research_content, keywords, progress, application_prospect, key_dates, total_budget_million_usd, invested_million_usd, parent_package_name, previous_phase_name, confidence, completeness, created_at, updated_at) VALUES ('PROJECT_S_a7ad16bc6f19c9a6', '["攻关固态电池工程"]'::json, '["Project-034"]'::json, '[]'::json, '["新能源", "脑机接口"]'::json, '["新能源", "脑机接口"]'::json, '2024-12-16', NULL, NULL, '["暂停"]'::json, '["国际合作"]'::json, 10034, '["中生医研究所"]'::json, '["东方脑科学科技"]'::json, '[]'::json, '["张磊", "吴平昊"]'::json, '["谢伟", "吴峰"]'::json, '["针对脑机接口领域关键需求立项"]'::json, '突破脑机接口关键技术，形成自主可控能力。', '["脑机接口理论研究", "脑机接口工程化", "脑机接口应用验证"]'::json, '["新能源", "脑机接口"]'::json, '["2024年完成方案论证", "2025年进入工程研制"]'::json, '成果可应用于相关产业领域。', '[{"date": "2022-10-25", "event": "阶段评审"}]'::json, 50.0, 30.0, '重点研发', NULL, 0.858, 0.551, '2026-06-15T12:00:00+00:00', '2026-06-15T12:00:00+00:00');
INSERT INTO project_history (project_id, change_date, change_description, created_at, updated_at) VALUES ('PROJECT_S_a7ad16bc6f19c9a6', '2021-04-23', '立项批复', '2026-06-15T12:00:00+00:00', '2026-06-15T12:00:00+00:00');
INSERT INTO project_history (project_id, change_date, change_description, created_at, updated_at) VALUES ('PROJECT_S_a7ad16bc6f19c9a6', '2024-04-09', '通过中期评审', '2026-06-15T12:00:00+00:00', '2026-06-15T12:00:00+00:00');
INSERT INTO project_history (project_id, change_date, change_description, created_at, updated_at) VALUES ('PROJECT_S_a7ad16bc6f19c9a6', '2023-01-16', '转入工程阶段', '2026-06-15T12:00:00+00:00', '2026-06-15T12:00:00+00:00');
INSERT INTO project_budget (project_id, budget_date, amount, created_at, updated_at) VALUES ('PROJECT_S_a7ad16bc6f19c9a6', '2020-06-17', 800.0, '2026-06-15T12:00:00+00:00', '2026-06-15T12:00:00+00:00');
INSERT INTO project_budget (project_id, budget_date, amount, created_at, updated_at) VALUES ('PROJECT_S_a7ad16bc6f19c9a6', '2020-10-21', 2000.0, '2026-06-15T12:00:00+00:00', '2026-06-15T12:00:00+00:00');
INSERT INTO project_budget (project_id, budget_date, amount, created_at, updated_at) VALUES ('PROJECT_S_a7ad16bc6f19c9a6', '2022-03-27', 200.0, '2026-06-15T12:00:00+00:00', '2026-06-15T12:00:00+00:00');
INSERT INTO project_output (project_id, name_history, formed_at, tech_domains, owner_orgs, related_projects, attachments, created_at, updated_at) VALUES ('PROJECT_S_a7ad16bc6f19c9a6', '脑机接口样机', '2021-02-19', '["新能源", "脑机接口"]'::json, '["中生医研究所"]'::json, '[]'::json, '[]'::json, '2026-06-15T12:00:00+00:00', '2026-06-15T12:00:00+00:00');
INSERT INTO entity_change_log (entity_id, entity_type, field, old_value, new_value, method, operator, source_doc_id, reason, changed_at) VALUES ('PROJECT_S_a7ad16bc6f19c9a6', 'project', '*', NULL, '{"action": "create"}'::json, 'rule', NULL, 'mock_seed', NULL, '2026-06-15T12:00:00+00:00');
INSERT INTO project_profile (project_id, name_cn, name_en, name_other, tech_domain, sub_tech_domain, start_date, cancel_date, finish_date, status, budget_activities, project_no, main_orgs, undertaking_orgs, undertaking_enterprises, managers, researchers, background, research_goal, research_content, keywords, progress, application_prospect, key_dates, total_budget_million_usd, invested_million_usd, parent_package_name, previous_phase_name, confidence, completeness, created_at, updated_at) VALUES ('PROJECT_S_7755ed7fa2dbf0b6', '["重大氢燃料电池电堆计划"]'::json, '["Project-035"]'::json, '[]'::json, '["生物医药", "自动驾驶"]'::json, '["半导体"]'::json, '2018-07-03', NULL, NULL, '["立项"]'::json, '["人员经费"]'::json, 10035, '["新芯创高科"]'::json, '["南方前沿集团", "新前沿研究院"]'::json, '[]'::json, '["何雪松宇航"]'::json, '["徐强", "吴宁", "黄宁"]'::json, '["针对自动驾驶领域关键需求立项"]'::json, '突破自动驾驶关键技术，形成自主可控能力。', '["自动驾驶理论研究", "自动驾驶工程化", "自动驾驶应用验证"]'::json, '["生物医药", "自动驾驶"]'::json, '["2018年完成方案论证", "2019年进入工程研制"]'::json, '成果可应用于相关产业领域。', '[{"date": "2020-01-27", "event": "阶段评审"}]'::json, 20.0, 2.0, '重大专项', NULL, 0.865, 0.891, '2026-06-15T12:00:00+00:00', '2026-06-15T12:00:00+00:00');
INSERT INTO project_history (project_id, change_date, change_description, created_at, updated_at) VALUES ('PROJECT_S_7755ed7fa2dbf0b6', '2021-10-07', '立项批复', '2026-06-15T12:00:00+00:00', '2026-06-15T12:00:00+00:00');
INSERT INTO project_history (project_id, change_date, change_description, created_at, updated_at) VALUES ('PROJECT_S_7755ed7fa2dbf0b6', '2024-04-05', '通过中期评审', '2026-06-15T12:00:00+00:00', '2026-06-15T12:00:00+00:00');
INSERT INTO project_history (project_id, change_date, change_description, created_at, updated_at) VALUES ('PROJECT_S_7755ed7fa2dbf0b6', '2023-07-22', '转入工程阶段', '2026-06-15T12:00:00+00:00', '2026-06-15T12:00:00+00:00');
INSERT INTO project_budget (project_id, budget_date, amount, created_at, updated_at) VALUES ('PROJECT_S_7755ed7fa2dbf0b6', '2024-09-01', 200.0, '2026-06-15T12:00:00+00:00', '2026-06-15T12:00:00+00:00');
INSERT INTO project_output (project_id, name_history, formed_at, tech_domains, owner_orgs, related_projects, attachments, created_at, updated_at) VALUES ('PROJECT_S_7755ed7fa2dbf0b6', '自动驾驶样机', '2023-06-06', '["生物医药", "自动驾驶"]'::json, '["新芯创高科"]'::json, '[]'::json, '[]'::json, '2026-06-15T12:00:00+00:00', '2026-06-15T12:00:00+00:00');
INSERT INTO project_output (project_id, name_history, formed_at, tech_domains, owner_orgs, related_projects, attachments, created_at, updated_at) VALUES ('PROJECT_S_7755ed7fa2dbf0b6', '自动驾驶成果', '2021-07-15', '["生物医药", "自动驾驶"]'::json, '["新芯创高科"]'::json, '[]'::json, '[]'::json, '2026-06-15T12:00:00+00:00', '2026-06-15T12:00:00+00:00');
INSERT INTO entity_change_log (entity_id, entity_type, field, old_value, new_value, method, operator, source_doc_id, reason, changed_at) VALUES ('PROJECT_S_7755ed7fa2dbf0b6', 'project', '*', NULL, '{"action": "create"}'::json, 'rule', NULL, 'mock_seed', NULL, '2026-06-15T12:00:00+00:00');
INSERT INTO project_profile (project_id, name_cn, name_en, name_other, tech_domain, sub_tech_domain, start_date, cancel_date, finish_date, status, budget_activities, project_no, main_orgs, undertaking_orgs, undertaking_enterprises, managers, researchers, background, research_goal, research_content, keywords, progress, application_prospect, key_dates, total_budget_million_usd, invested_million_usd, parent_package_name, previous_phase_name, confidence, completeness, created_at, updated_at) VALUES ('PROJECT_S_fc8c1b367ebd097a', '["先导神经形态芯片课题"]'::json, '["Project-036"]'::json, '[]'::json, '["储能"]'::json, '["5G通信", "大模型"]'::json, '2023-08-27', NULL, NULL, '["暂停"]'::json, '["国际合作"]'::json, 10036, '["航天氢动实验室"]'::json, '["南方前沿高科"]'::json, '[]'::json, '["朱勇"]'::json, '["黄宁", "谢斌"]'::json, '["针对储能领域关键需求立项"]'::json, '突破储能关键技术，形成自主可控能力。', '["储能理论研究", "储能工程化", "储能应用验证"]'::json, '["储能"]'::json, '["2023年完成方案论证", "2024年进入工程研制"]'::json, '成果可应用于相关产业领域。', '[{"date": "2024-12-27", "event": "阶段评审"}]'::json, 300.0, 2.0, NULL, NULL, 0.914, 0.774, '2026-06-15T12:00:00+00:00', '2026-06-15T12:00:00+00:00');
INSERT INTO project_history (project_id, change_date, change_description, created_at, updated_at) VALUES ('PROJECT_S_fc8c1b367ebd097a', '2023-09-20', '立项批复', '2026-06-15T12:00:00+00:00', '2026-06-15T12:00:00+00:00');
INSERT INTO project_history (project_id, change_date, change_description, created_at, updated_at) VALUES ('PROJECT_S_fc8c1b367ebd097a', '2024-07-25', '通过中期评审', '2026-06-15T12:00:00+00:00', '2026-06-15T12:00:00+00:00');
INSERT INTO project_history (project_id, change_date, change_description, created_at, updated_at) VALUES ('PROJECT_S_fc8c1b367ebd097a', '2023-01-21', '转入工程阶段', '2026-06-15T12:00:00+00:00', '2026-06-15T12:00:00+00:00');
INSERT INTO project_budget (project_id, budget_date, amount, created_at, updated_at) VALUES ('PROJECT_S_fc8c1b367ebd097a', '2021-12-14', 50.0, '2026-06-15T12:00:00+00:00', '2026-06-15T12:00:00+00:00');
INSERT INTO project_output (project_id, name_history, formed_at, tech_domains, owner_orgs, related_projects, attachments, created_at, updated_at) VALUES ('PROJECT_S_fc8c1b367ebd097a', '储能关键技术', '2022-08-11', '["储能"]'::json, '["航天氢动实验室"]'::json, '[]'::json, '[]'::json, '2026-06-15T12:00:00+00:00', '2026-06-15T12:00:00+00:00');
INSERT INTO entity_change_log (entity_id, entity_type, field, old_value, new_value, method, operator, source_doc_id, reason, changed_at) VALUES ('PROJECT_S_fc8c1b367ebd097a', 'project', '*', NULL, '{"action": "create"}'::json, 'rule', NULL, 'mock_seed', NULL, '2026-06-15T12:00:00+00:00');
INSERT INTO project_profile (project_id, name_cn, name_en, name_other, tech_domain, sub_tech_domain, start_date, cancel_date, finish_date, status, budget_activities, project_no, main_orgs, undertaking_orgs, undertaking_enterprises, managers, researchers, background, research_goal, research_content, keywords, progress, application_prospect, key_dates, total_budget_million_usd, invested_million_usd, parent_package_name, previous_phase_name, confidence, completeness, created_at, updated_at) VALUES ('PROJECT_S_cf10feaf77d2d242', '["专项卫星星座组网项目"]'::json, '["Project-037"]'::json, '[]'::json, '["增材制造", "航空航天"]'::json, '["碳捕集"]'::json, '2018-05-11', NULL, NULL, '["验收"]'::json, '["国际合作"]'::json, 10037, '["国信息高科"]'::json, '["航天新材集团", "航天脑科学高科"]'::json, '["航天新材集团"]'::json, '["吴平昊", "郭婷刚"]'::json, '["孙伟娟", "杨婷", "朱晓东", "宋瑞志强"]'::json, '["针对航空航天领域关键需求立项"]'::json, '突破航空航天关键技术，形成自主可控能力。', '["航空航天理论研究", "航空航天工程化", "航空航天应用验证"]'::json, '["增材制造", "航空航天"]'::json, '["2018年完成方案论证", "2019年进入工程研制"]'::json, '成果可应用于相关产业领域。', '[{"date": "2024-01-17", "event": "阶段评审"}]'::json, 50.0, 30.0, NULL, NULL, 0.822, 0.801, '2026-06-15T12:00:00+00:00', '2026-06-15T12:00:00+00:00');
INSERT INTO project_history (project_id, change_date, change_description, created_at, updated_at) VALUES ('PROJECT_S_cf10feaf77d2d242', '2022-11-19', '立项批复', '2026-06-15T12:00:00+00:00', '2026-06-15T12:00:00+00:00');
INSERT INTO project_history (project_id, change_date, change_description, created_at, updated_at) VALUES ('PROJECT_S_cf10feaf77d2d242', '2021-01-20', '通过中期评审', '2026-06-15T12:00:00+00:00', '2026-06-15T12:00:00+00:00');
INSERT INTO project_history (project_id, change_date, change_description, created_at, updated_at) VALUES ('PROJECT_S_cf10feaf77d2d242', '2021-09-18', '转入工程阶段', '2026-06-15T12:00:00+00:00', '2026-06-15T12:00:00+00:00');
INSERT INTO project_budget (project_id, budget_date, amount, created_at, updated_at) VALUES ('PROJECT_S_cf10feaf77d2d242', '2024-10-22', 50.0, '2026-06-15T12:00:00+00:00', '2026-06-15T12:00:00+00:00');
INSERT INTO project_budget (project_id, budget_date, amount, created_at, updated_at) VALUES ('PROJECT_S_cf10feaf77d2d242', '2021-07-09', 800.0, '2026-06-15T12:00:00+00:00', '2026-06-15T12:00:00+00:00');
INSERT INTO project_budget (project_id, budget_date, amount, created_at, updated_at) VALUES ('PROJECT_S_cf10feaf77d2d242', '2022-02-05', 2000.0, '2026-06-15T12:00:00+00:00', '2026-06-15T12:00:00+00:00');
INSERT INTO project_output (project_id, name_history, formed_at, tech_domains, owner_orgs, related_projects, attachments, created_at, updated_at) VALUES ('PROJECT_S_cf10feaf77d2d242', '航空航天成果', '2024-12-11', '["增材制造", "航空航天"]'::json, '["国信息高科"]'::json, '[]'::json, '[]'::json, '2026-06-15T12:00:00+00:00', '2026-06-15T12:00:00+00:00');
INSERT INTO project_output (project_id, name_history, formed_at, tech_domains, owner_orgs, related_projects, attachments, created_at, updated_at) VALUES ('PROJECT_S_cf10feaf77d2d242', '航空航天关键技术', '2021-12-21', '["增材制造", "航空航天"]'::json, '["国信息高科"]'::json, '[]'::json, '[]'::json, '2026-06-15T12:00:00+00:00', '2026-06-15T12:00:00+00:00');
INSERT INTO entity_change_log (entity_id, entity_type, field, old_value, new_value, method, operator, source_doc_id, reason, changed_at) VALUES ('PROJECT_S_cf10feaf77d2d242', 'project', '*', NULL, '{"action": "create"}'::json, 'rule', NULL, 'mock_seed', NULL, '2026-06-15T12:00:00+00:00');
INSERT INTO project_profile (project_id, name_cn, name_en, name_other, tech_domain, sub_tech_domain, start_date, cancel_date, finish_date, status, budget_activities, project_no, main_orgs, undertaking_orgs, undertaking_enterprises, managers, researchers, background, research_goal, research_content, keywords, progress, application_prospect, key_dates, total_budget_million_usd, invested_million_usd, parent_package_name, previous_phase_name, confidence, completeness, created_at, updated_at) VALUES ('PROJECT_S_46a2a320a8313825', '["先导太赫兹通信项目"]'::json, '["Project-038"]'::json, '[]'::json, '["自动驾驶", "集成电路"]'::json, '["新材料"]'::json, '2021-08-16', NULL, NULL, '["暂停"]'::json, '["人员经费"]'::json, 10038, '["北方航宇科技"]'::json, '["中科聚变集团", "中科智算工程技术中心"]'::json, '[]'::json, '["高婷平"]'::json, '["郑勇艳", "胡宇航艳", "彭海燕"]'::json, '["针对集成电路领域关键需求立项"]'::json, '突破集成电路关键技术，形成自主可控能力。', '["集成电路理论研究", "集成电路工程化", "集成电路应用验证"]'::json, '["自动驾驶", "集成电路"]'::json, '["2021年完成方案论证", "2022年进入工程研制"]'::json, '成果可应用于相关产业领域。', '[{"date": "2022-03-26", "event": "阶段评审"}]'::json, 5.0, 30.0, NULL, NULL, 0.893, 0.683, '2026-06-15T12:00:00+00:00', '2026-06-15T12:00:00+00:00');
INSERT INTO project_history (project_id, change_date, change_description, created_at, updated_at) VALUES ('PROJECT_S_46a2a320a8313825', '2022-08-22', '立项批复', '2026-06-15T12:00:00+00:00', '2026-06-15T12:00:00+00:00');
INSERT INTO project_history (project_id, change_date, change_description, created_at, updated_at) VALUES ('PROJECT_S_46a2a320a8313825', '2024-07-19', '通过中期评审', '2026-06-15T12:00:00+00:00', '2026-06-15T12:00:00+00:00');
INSERT INTO project_history (project_id, change_date, change_description, created_at, updated_at) VALUES ('PROJECT_S_46a2a320a8313825', '2024-08-23', '转入工程阶段', '2026-06-15T12:00:00+00:00', '2026-06-15T12:00:00+00:00');
INSERT INTO project_budget (project_id, budget_date, amount, created_at, updated_at) VALUES ('PROJECT_S_46a2a320a8313825', '2020-06-14', 2000.0, '2026-06-15T12:00:00+00:00', '2026-06-15T12:00:00+00:00');
INSERT INTO project_budget (project_id, budget_date, amount, created_at, updated_at) VALUES ('PROJECT_S_46a2a320a8313825', '2020-10-12', 800.0, '2026-06-15T12:00:00+00:00', '2026-06-15T12:00:00+00:00');
INSERT INTO project_output (project_id, name_history, formed_at, tech_domains, owner_orgs, related_projects, attachments, created_at, updated_at) VALUES ('PROJECT_S_46a2a320a8313825', '集成电路样机', '2023-01-10', '["自动驾驶", "集成电路"]'::json, '["北方航宇科技"]'::json, '[]'::json, '[]'::json, '2026-06-15T12:00:00+00:00', '2026-06-15T12:00:00+00:00');
INSERT INTO project_output (project_id, name_history, formed_at, tech_domains, owner_orgs, related_projects, attachments, created_at, updated_at) VALUES ('PROJECT_S_46a2a320a8313825', '集成电路样机', '2022-07-12', '["自动驾驶", "集成电路"]'::json, '["北方航宇科技"]'::json, '[]'::json, '[]'::json, '2026-06-15T12:00:00+00:00', '2026-06-15T12:00:00+00:00');
INSERT INTO entity_change_log (entity_id, entity_type, field, old_value, new_value, method, operator, source_doc_id, reason, changed_at) VALUES ('PROJECT_S_46a2a320a8313825', 'project', '*', NULL, '{"action": "create"}'::json, 'rule', NULL, 'mock_seed', NULL, '2026-06-15T12:00:00+00:00');
INSERT INTO project_profile (project_id, name_cn, name_en, name_other, tech_domain, sub_tech_domain, start_date, cancel_date, finish_date, status, budget_activities, project_no, main_orgs, undertaking_orgs, undertaking_enterprises, managers, researchers, background, research_goal, research_content, keywords, progress, application_prospect, key_dates, total_budget_million_usd, invested_million_usd, parent_package_name, previous_phase_name, confidence, completeness, created_at, updated_at) VALUES ('PROJECT_S_ac2d796be0f4ccdf', '["先导基因剪刀课题"]'::json, '["Project-039"]'::json, '[]'::json, '["量子计算", "航空航天"]'::json, '["深海装备", "6G通信"]'::json, '2018-02-26', NULL, NULL, '["验收"]'::json, '["设备购置"]'::json, 10039, '["华生医实验室"]'::json, '["中先进研究院", "中聚变集团"]'::json, '[]'::json, '["徐勇", "高婷平"]'::json, '["韩平", "吴俊杰", "何雪松宇航"]'::json, '["针对量子计算领域关键需求立项"]'::json, '突破量子计算关键技术，形成自主可控能力。', '["量子计算理论研究", "量子计算工程化", "量子计算应用验证"]'::json, '["量子计算", "航空航天"]'::json, '["2018年完成方案论证", "2019年进入工程研制"]'::json, '成果可应用于相关产业领域。', '[{"date": "2020-01-27", "event": "阶段评审"}]'::json, 20.0, 10.0, '重点研发', NULL, 0.834, 0.936, '2026-06-15T12:00:00+00:00', '2026-06-15T12:00:00+00:00');
INSERT INTO project_history (project_id, change_date, change_description, created_at, updated_at) VALUES ('PROJECT_S_ac2d796be0f4ccdf', '2022-09-28', '立项批复', '2026-06-15T12:00:00+00:00', '2026-06-15T12:00:00+00:00');
INSERT INTO project_history (project_id, change_date, change_description, created_at, updated_at) VALUES ('PROJECT_S_ac2d796be0f4ccdf', '2021-07-19', '通过中期评审', '2026-06-15T12:00:00+00:00', '2026-06-15T12:00:00+00:00');
INSERT INTO project_history (project_id, change_date, change_description, created_at, updated_at) VALUES ('PROJECT_S_ac2d796be0f4ccdf', '2024-04-28', '转入工程阶段', '2026-06-15T12:00:00+00:00', '2026-06-15T12:00:00+00:00');
INSERT INTO project_budget (project_id, budget_date, amount, created_at, updated_at) VALUES ('PROJECT_S_ac2d796be0f4ccdf', '2022-05-24', 50.0, '2026-06-15T12:00:00+00:00', '2026-06-15T12:00:00+00:00');
INSERT INTO project_budget (project_id, budget_date, amount, created_at, updated_at) VALUES ('PROJECT_S_ac2d796be0f4ccdf', '2024-07-23', 2000.0, '2026-06-15T12:00:00+00:00', '2026-06-15T12:00:00+00:00');
INSERT INTO project_budget (project_id, budget_date, amount, created_at, updated_at) VALUES ('PROJECT_S_ac2d796be0f4ccdf', '2021-01-04', 800.0, '2026-06-15T12:00:00+00:00', '2026-06-15T12:00:00+00:00');
INSERT INTO project_output (project_id, name_history, formed_at, tech_domains, owner_orgs, related_projects, attachments, created_at, updated_at) VALUES ('PROJECT_S_ac2d796be0f4ccdf', '量子计算成果', '2024-02-11', '["量子计算", "航空航天"]'::json, '["华生医实验室"]'::json, '[]'::json, '[]'::json, '2026-06-15T12:00:00+00:00', '2026-06-15T12:00:00+00:00');
INSERT INTO project_output (project_id, name_history, formed_at, tech_domains, owner_orgs, related_projects, attachments, created_at, updated_at) VALUES ('PROJECT_S_ac2d796be0f4ccdf', '量子计算成果', '2021-11-26', '["量子计算", "航空航天"]'::json, '["华生医实验室"]'::json, '[]'::json, '[]'::json, '2026-06-15T12:00:00+00:00', '2026-06-15T12:00:00+00:00');
INSERT INTO entity_change_log (entity_id, entity_type, field, old_value, new_value, method, operator, source_doc_id, reason, changed_at) VALUES ('PROJECT_S_ac2d796be0f4ccdf', 'project', '*', NULL, '{"action": "create"}'::json, 'rule', NULL, 'mock_seed', NULL, '2026-06-15T12:00:00+00:00');
INSERT INTO project_profile (project_id, name_cn, name_en, name_other, tech_domain, sub_tech_domain, start_date, cancel_date, finish_date, status, budget_activities, project_no, main_orgs, undertaking_orgs, undertaking_enterprises, managers, researchers, background, research_goal, research_content, keywords, progress, application_prospect, key_dates, total_budget_million_usd, invested_million_usd, parent_package_name, previous_phase_name, confidence, completeness, created_at, updated_at) VALUES ('PROJECT_S_f74eba71e4562460', '["攻关神经网络芯片工程"]'::json, '["Project-040"]'::json, '[]'::json, '["储能", "先进算力"]'::json, '["储能", "网络安全"]'::json, '2024-04-04', NULL, NULL, '["结题"]'::json, '["国际合作"]'::json, 10040, '["中科聚变集团"]'::json, '["北方量子研究所", "国航宇高科"]'::json, '[]'::json, '["郭婷刚"]'::json, '["谢斌", "林瑞", "朱晓东"]'::json, '["针对先进算力领域关键需求立项"]'::json, '突破先进算力关键技术，形成自主可控能力。', '["先进算力理论研究", "先进算力工程化", "先进算力应用验证"]'::json, '["储能", "先进算力"]'::json, '["2024年完成方案论证", "2025年进入工程研制"]'::json, '成果可应用于相关产业领域。', '[{"date": "2020-08-28", "event": "阶段评审"}]'::json, 50.0, 80.0, '重大专项', NULL, 0.752, 0.746, '2026-06-15T12:00:00+00:00', '2026-06-15T12:00:00+00:00');
INSERT INTO project_history (project_id, change_date, change_description, created_at, updated_at) VALUES ('PROJECT_S_f74eba71e4562460', '2021-07-22', '立项批复', '2026-06-15T12:00:00+00:00', '2026-06-15T12:00:00+00:00');
INSERT INTO project_history (project_id, change_date, change_description, created_at, updated_at) VALUES ('PROJECT_S_f74eba71e4562460', '2021-02-18', '通过中期评审', '2026-06-15T12:00:00+00:00', '2026-06-15T12:00:00+00:00');
INSERT INTO project_history (project_id, change_date, change_description, created_at, updated_at) VALUES ('PROJECT_S_f74eba71e4562460', '2023-08-25', '转入工程阶段', '2026-06-15T12:00:00+00:00', '2026-06-15T12:00:00+00:00');
INSERT INTO project_budget (project_id, budget_date, amount, created_at, updated_at) VALUES ('PROJECT_S_f74eba71e4562460', '2024-03-27', 800.0, '2026-06-15T12:00:00+00:00', '2026-06-15T12:00:00+00:00');
INSERT INTO project_output (project_id, name_history, formed_at, tech_domains, owner_orgs, related_projects, attachments, created_at, updated_at) VALUES ('PROJECT_S_f74eba71e4562460', '先进算力样机', '2023-04-09', '["储能", "先进算力"]'::json, '["中科聚变集团"]'::json, '[]'::json, '[]'::json, '2026-06-15T12:00:00+00:00', '2026-06-15T12:00:00+00:00');
INSERT INTO project_output (project_id, name_history, formed_at, tech_domains, owner_orgs, related_projects, attachments, created_at, updated_at) VALUES ('PROJECT_S_f74eba71e4562460', '先进算力成果', '2024-08-01', '["储能", "先进算力"]'::json, '["中科聚变集团"]'::json, '[]'::json, '[]'::json, '2026-06-15T12:00:00+00:00', '2026-06-15T12:00:00+00:00');
INSERT INTO project_output (project_id, name_history, formed_at, tech_domains, owner_orgs, related_projects, attachments, created_at, updated_at) VALUES ('PROJECT_S_f74eba71e4562460', '先进算力关键技术', '2023-03-25', '["储能", "先进算力"]'::json, '["中科聚变集团"]'::json, '[]'::json, '[]'::json, '2026-06-15T12:00:00+00:00', '2026-06-15T12:00:00+00:00');
INSERT INTO entity_change_log (entity_id, entity_type, field, old_value, new_value, method, operator, source_doc_id, reason, changed_at) VALUES ('PROJECT_S_f74eba71e4562460', 'project', '*', NULL, '{"action": "create"}'::json, 'rule', NULL, 'mock_seed', NULL, '2026-06-15T12:00:00+00:00');
INSERT INTO project_profile (project_id, name_cn, name_en, name_other, tech_domain, sub_tech_domain, start_date, cancel_date, finish_date, status, budget_activities, project_no, main_orgs, undertaking_orgs, undertaking_enterprises, managers, researchers, background, research_goal, research_content, keywords, progress, application_prospect, key_dates, total_budget_million_usd, invested_million_usd, parent_package_name, previous_phase_name, confidence, completeness, created_at, updated_at) VALUES ('PROJECT_S_1cb0b6a92c0c38da', '["前沿卫星星座组网课题"]'::json, '["Project-041"]'::json, '[]'::json, '["航空航天", "卫星互联网"]'::json, '["基因编辑"]'::json, '2018-07-23', NULL, NULL, '["立项"]'::json, '["人员经费"]'::json, 10041, '["北方前沿实验室"]'::json, '["航天算力研究所", "国新材科技"]'::json, '["航天算力研究所"]'::json, '["马文博", "杨磊明"]'::json, '["彭雪松", "李峰", "唐刚", "邓桂英磊"]'::json, '["针对航空航天领域关键需求立项"]'::json, '突破航空航天关键技术，形成自主可控能力。', '["航空航天理论研究", "航空航天工程化", "航空航天应用验证"]'::json, '["航空航天", "卫星互联网"]'::json, '["2018年完成方案论证", "2019年进入工程研制"]'::json, '成果可应用于相关产业领域。', '[{"date": "2023-11-21", "event": "阶段评审"}]'::json, 120.0, 10.0, NULL, NULL, 0.855, 0.933, '2026-06-15T12:00:00+00:00', '2026-06-15T12:00:00+00:00');
INSERT INTO project_history (project_id, change_date, change_description, created_at, updated_at) VALUES ('PROJECT_S_1cb0b6a92c0c38da', '2021-01-06', '立项批复', '2026-06-15T12:00:00+00:00', '2026-06-15T12:00:00+00:00');
INSERT INTO project_history (project_id, change_date, change_description, created_at, updated_at) VALUES ('PROJECT_S_1cb0b6a92c0c38da', '2024-04-04', '通过中期评审', '2026-06-15T12:00:00+00:00', '2026-06-15T12:00:00+00:00');
INSERT INTO project_history (project_id, change_date, change_description, created_at, updated_at) VALUES ('PROJECT_S_1cb0b6a92c0c38da', '2023-09-17', '转入工程阶段', '2026-06-15T12:00:00+00:00', '2026-06-15T12:00:00+00:00');
INSERT INTO project_budget (project_id, budget_date, amount, created_at, updated_at) VALUES ('PROJECT_S_1cb0b6a92c0c38da', '2023-01-05', 50.0, '2026-06-15T12:00:00+00:00', '2026-06-15T12:00:00+00:00');
INSERT INTO project_budget (project_id, budget_date, amount, created_at, updated_at) VALUES ('PROJECT_S_1cb0b6a92c0c38da', '2021-06-12', 200.0, '2026-06-15T12:00:00+00:00', '2026-06-15T12:00:00+00:00');
INSERT INTO project_output (project_id, name_history, formed_at, tech_domains, owner_orgs, related_projects, attachments, created_at, updated_at) VALUES ('PROJECT_S_1cb0b6a92c0c38da', '航空航天关键技术', '2023-05-25', '["航空航天", "卫星互联网"]'::json, '["北方前沿实验室"]'::json, '[]'::json, '[]'::json, '2026-06-15T12:00:00+00:00', '2026-06-15T12:00:00+00:00');
INSERT INTO project_output (project_id, name_history, formed_at, tech_domains, owner_orgs, related_projects, attachments, created_at, updated_at) VALUES ('PROJECT_S_1cb0b6a92c0c38da', '航空航天成果', '2023-07-10', '["航空航天", "卫星互联网"]'::json, '["北方前沿实验室"]'::json, '[]'::json, '[]'::json, '2026-06-15T12:00:00+00:00', '2026-06-15T12:00:00+00:00');
INSERT INTO project_output (project_id, name_history, formed_at, tech_domains, owner_orgs, related_projects, attachments, created_at, updated_at) VALUES ('PROJECT_S_1cb0b6a92c0c38da', '航空航天关键技术', '2021-05-10', '["航空航天", "卫星互联网"]'::json, '["北方前沿实验室"]'::json, '[]'::json, '[]'::json, '2026-06-15T12:00:00+00:00', '2026-06-15T12:00:00+00:00');
INSERT INTO entity_change_log (entity_id, entity_type, field, old_value, new_value, method, operator, source_doc_id, reason, changed_at) VALUES ('PROJECT_S_1cb0b6a92c0c38da', 'project', '*', NULL, '{"action": "create"}'::json, 'rule', NULL, 'mock_seed', NULL, '2026-06-15T12:00:00+00:00');
INSERT INTO project_profile (project_id, name_cn, name_en, name_other, tech_domain, sub_tech_domain, start_date, cancel_date, finish_date, status, budget_activities, project_no, main_orgs, undertaking_orgs, undertaking_enterprises, managers, researchers, background, research_goal, research_content, keywords, progress, application_prospect, key_dates, total_budget_million_usd, invested_million_usd, parent_package_name, previous_phase_name, confidence, completeness, created_at, updated_at) VALUES ('PROJECT_S_89ea9c2b28633c98', '["重点基因剪刀工程"]'::json, '["Project-042"]'::json, '[]'::json, '["大模型", "基因编辑"]'::json, '["自动驾驶", "无人机"]'::json, '2023-07-04', NULL, NULL, '["在研"]'::json, '["国际合作"]'::json, 10042, '["北方脑科学实验室"]'::json, '["新基因股份"]'::json, '[]'::json, '["梁娟军", "罗瑞文博"]'::json, '["郭婷刚", "林志强"]'::json, '["针对大模型领域关键需求立项"]'::json, '突破大模型关键技术，形成自主可控能力。', '["大模型理论研究", "大模型工程化", "大模型应用验证"]'::json, '["大模型", "基因编辑"]'::json, '["2023年完成方案论证", "2024年进入工程研制"]'::json, '成果可应用于相关产业领域。', '[{"date": "2020-09-06", "event": "阶段评审"}]'::json, 20.0, 2.0, '重点研发', NULL, 0.903, 0.8, '2026-06-15T12:00:00+00:00', '2026-06-15T12:00:00+00:00');
INSERT INTO project_history (project_id, change_date, change_description, created_at, updated_at) VALUES ('PROJECT_S_89ea9c2b28633c98', '2021-02-01', '立项批复', '2026-06-15T12:00:00+00:00', '2026-06-15T12:00:00+00:00');
INSERT INTO project_history (project_id, change_date, change_description, created_at, updated_at) VALUES ('PROJECT_S_89ea9c2b28633c98', '2024-11-21', '通过中期评审', '2026-06-15T12:00:00+00:00', '2026-06-15T12:00:00+00:00');
INSERT INTO project_history (project_id, change_date, change_description, created_at, updated_at) VALUES ('PROJECT_S_89ea9c2b28633c98', '2024-04-04', '转入工程阶段', '2026-06-15T12:00:00+00:00', '2026-06-15T12:00:00+00:00');
INSERT INTO project_budget (project_id, budget_date, amount, created_at, updated_at) VALUES ('PROJECT_S_89ea9c2b28633c98', '2020-02-20', 200.0, '2026-06-15T12:00:00+00:00', '2026-06-15T12:00:00+00:00');
INSERT INTO project_output (project_id, name_history, formed_at, tech_domains, owner_orgs, related_projects, attachments, created_at, updated_at) VALUES ('PROJECT_S_89ea9c2b28633c98', '大模型成果', '2023-07-03', '["大模型", "基因编辑"]'::json, '["北方脑科学实验室"]'::json, '[]'::json, '[]'::json, '2026-06-15T12:00:00+00:00', '2026-06-15T12:00:00+00:00');
INSERT INTO project_output (project_id, name_history, formed_at, tech_domains, owner_orgs, related_projects, attachments, created_at, updated_at) VALUES ('PROJECT_S_89ea9c2b28633c98', '大模型样机', '2024-01-25', '["大模型", "基因编辑"]'::json, '["北方脑科学实验室"]'::json, '[]'::json, '[]'::json, '2026-06-15T12:00:00+00:00', '2026-06-15T12:00:00+00:00');
INSERT INTO entity_change_log (entity_id, entity_type, field, old_value, new_value, method, operator, source_doc_id, reason, changed_at) VALUES ('PROJECT_S_89ea9c2b28633c98', 'project', '*', NULL, '{"action": "create"}'::json, 'rule', NULL, 'mock_seed', NULL, '2026-06-15T12:00:00+00:00');
INSERT INTO project_profile (project_id, name_cn, name_en, name_other, tech_domain, sub_tech_domain, start_date, cancel_date, finish_date, status, budget_activities, project_no, main_orgs, undertaking_orgs, undertaking_enterprises, managers, researchers, background, research_goal, research_content, keywords, progress, application_prospect, key_dates, total_budget_million_usd, invested_million_usd, parent_package_name, previous_phase_name, confidence, completeness, created_at, updated_at) VALUES ('PROJECT_S_1d15ef82184ecb1a', '["重点卫星星座组网计划"]'::json, '["Project-043"]'::json, '[]'::json, '["5G通信", "集成电路"]'::json, '["增材制造", "光电技术"]'::json, '2019-12-15', NULL, NULL, '["结题"]'::json, '["人员经费"]'::json, 10043, '["航天储能实验室"]'::json, '["东方生医科技", "国航宇高科"]'::json, '[]'::json, '["韩斌文博", "李瑞志强"]'::json, '["郭娟雪松", "韩文博娟", "徐志强", "唐洋磊"]'::json, '["针对集成电路领域关键需求立项"]'::json, '突破集成电路关键技术，形成自主可控能力。', '["集成电路理论研究", "集成电路工程化", "集成电路应用验证"]'::json, '["5G通信", "集成电路"]'::json, '["2019年完成方案论证", "2020年进入工程研制"]'::json, '成果可应用于相关产业领域。', '[{"date": "2023-05-19", "event": "阶段评审"}]'::json, 300.0, 30.0, '重大专项', NULL, 0.747, 0.911, '2026-06-15T12:00:00+00:00', '2026-06-15T12:00:00+00:00');
INSERT INTO project_history (project_id, change_date, change_description, created_at, updated_at) VALUES ('PROJECT_S_1d15ef82184ecb1a', '2023-06-07', '立项批复', '2026-06-15T12:00:00+00:00', '2026-06-15T12:00:00+00:00');
INSERT INTO project_history (project_id, change_date, change_description, created_at, updated_at) VALUES ('PROJECT_S_1d15ef82184ecb1a', '2023-06-08', '通过中期评审', '2026-06-15T12:00:00+00:00', '2026-06-15T12:00:00+00:00');
INSERT INTO project_history (project_id, change_date, change_description, created_at, updated_at) VALUES ('PROJECT_S_1d15ef82184ecb1a', '2024-09-27', '转入工程阶段', '2026-06-15T12:00:00+00:00', '2026-06-15T12:00:00+00:00');
INSERT INTO project_budget (project_id, budget_date, amount, created_at, updated_at) VALUES ('PROJECT_S_1d15ef82184ecb1a', '2020-05-12', 200.0, '2026-06-15T12:00:00+00:00', '2026-06-15T12:00:00+00:00');
INSERT INTO project_budget (project_id, budget_date, amount, created_at, updated_at) VALUES ('PROJECT_S_1d15ef82184ecb1a', '2020-05-07', 800.0, '2026-06-15T12:00:00+00:00', '2026-06-15T12:00:00+00:00');
INSERT INTO project_output (project_id, name_history, formed_at, tech_domains, owner_orgs, related_projects, attachments, created_at, updated_at) VALUES ('PROJECT_S_1d15ef82184ecb1a', '集成电路成果', '2022-04-12', '["5G通信", "集成电路"]'::json, '["航天储能实验室"]'::json, '[]'::json, '[]'::json, '2026-06-15T12:00:00+00:00', '2026-06-15T12:00:00+00:00');
INSERT INTO entity_change_log (entity_id, entity_type, field, old_value, new_value, method, operator, source_doc_id, reason, changed_at) VALUES ('PROJECT_S_1d15ef82184ecb1a', 'project', '*', NULL, '{"action": "create"}'::json, 'rule', NULL, 'mock_seed', NULL, '2026-06-15T12:00:00+00:00');
INSERT INTO project_profile (project_id, name_cn, name_en, name_other, tech_domain, sub_tech_domain, start_date, cancel_date, finish_date, status, budget_activities, project_no, main_orgs, undertaking_orgs, undertaking_enterprises, managers, researchers, background, research_goal, research_content, keywords, progress, application_prospect, key_dates, total_budget_million_usd, invested_million_usd, parent_package_name, previous_phase_name, confidence, completeness, created_at, updated_at) VALUES ('PROJECT_S_b42dcc5f823d3ae1', '["专项仿生机械臂项目"]'::json, '["Project-044"]'::json, '[]'::json, '["增材制造", "光电技术"]'::json, '["半导体"]'::json, '2018-10-13', NULL, NULL, '["暂停"]'::json, '["人员经费"]'::json, 10044, '["新生医研究所"]'::json, '["中聚变研究所", "航天脑科学高科"]'::json, '[]'::json, '["韩文博娟", "朱斌杰"]'::json, '["宋磊", "许明瑞", "宋艳军"]'::json, '["针对增材制造领域关键需求立项"]'::json, '突破增材制造关键技术，形成自主可控能力。', '["增材制造理论研究", "增材制造工程化", "增材制造应用验证"]'::json, '["增材制造", "光电技术"]'::json, '["2018年完成方案论证", "2019年进入工程研制"]'::json, '成果可应用于相关产业领域。', '[{"date": "2021-08-12", "event": "阶段评审"}]'::json, 20.0, 30.0, '重大专项', NULL, 0.714, 0.719, '2026-06-15T12:00:00+00:00', '2026-06-15T12:00:00+00:00');
INSERT INTO project_history (project_id, change_date, change_description, created_at, updated_at) VALUES ('PROJECT_S_b42dcc5f823d3ae1', '2020-04-10', '立项批复', '2026-06-15T12:00:00+00:00', '2026-06-15T12:00:00+00:00');
INSERT INTO project_history (project_id, change_date, change_description, created_at, updated_at) VALUES ('PROJECT_S_b42dcc5f823d3ae1', '2024-06-10', '通过中期评审', '2026-06-15T12:00:00+00:00', '2026-06-15T12:00:00+00:00');
INSERT INTO project_history (project_id, change_date, change_description, created_at, updated_at) VALUES ('PROJECT_S_b42dcc5f823d3ae1', '2020-11-17', '转入工程阶段', '2026-06-15T12:00:00+00:00', '2026-06-15T12:00:00+00:00');
INSERT INTO project_budget (project_id, budget_date, amount, created_at, updated_at) VALUES ('PROJECT_S_b42dcc5f823d3ae1', '2021-04-20', 800.0, '2026-06-15T12:00:00+00:00', '2026-06-15T12:00:00+00:00');
INSERT INTO project_output (project_id, name_history, formed_at, tech_domains, owner_orgs, related_projects, attachments, created_at, updated_at) VALUES ('PROJECT_S_b42dcc5f823d3ae1', '增材制造关键技术', '2021-07-07', '["增材制造", "光电技术"]'::json, '["新生医研究所"]'::json, '[]'::json, '[]'::json, '2026-06-15T12:00:00+00:00', '2026-06-15T12:00:00+00:00');
INSERT INTO project_output (project_id, name_history, formed_at, tech_domains, owner_orgs, related_projects, attachments, created_at, updated_at) VALUES ('PROJECT_S_b42dcc5f823d3ae1', '增材制造关键技术', '2024-04-16', '["增材制造", "光电技术"]'::json, '["新生医研究所"]'::json, '[]'::json, '[]'::json, '2026-06-15T12:00:00+00:00', '2026-06-15T12:00:00+00:00');
INSERT INTO entity_change_log (entity_id, entity_type, field, old_value, new_value, method, operator, source_doc_id, reason, changed_at) VALUES ('PROJECT_S_b42dcc5f823d3ae1', 'project', '*', NULL, '{"action": "create"}'::json, 'rule', NULL, 'mock_seed', NULL, '2026-06-15T12:00:00+00:00');
INSERT INTO project_profile (project_id, name_cn, name_en, name_other, tech_domain, sub_tech_domain, start_date, cancel_date, finish_date, status, budget_activities, project_no, main_orgs, undertaking_orgs, undertaking_enterprises, managers, researchers, background, research_goal, research_content, keywords, progress, application_prospect, key_dates, total_budget_million_usd, invested_million_usd, parent_package_name, previous_phase_name, confidence, completeness, created_at, updated_at) VALUES ('PROJECT_S_566d2d07f11a3526', '["专项基因剪刀工程"]'::json, '["Project-045"]'::json, '[]'::json, '["半导体", "自动驾驶"]'::json, '["机器人", "人工智能"]'::json, '2024-02-16', NULL, '2024-02-16', '["结题"]'::json, '["试验验证"]'::json, 10045, '["南方光电研究所"]'::json, '["航天新材集团", "中聚变研究所"]'::json, '["航天新材集团", "中聚变研究所"]'::json, '["何勇"]'::json, '["梁宇航平", "彭宇航", "黄勇", "朱斌杰"]'::json, '["针对半导体领域关键需求立项"]'::json, '突破半导体关键技术，形成自主可控能力。', '["半导体理论研究", "半导体工程化", "半导体应用验证"]'::json, '["半导体", "自动驾驶"]'::json, '["2024年完成方案论证", "2025年进入工程研制"]'::json, '成果可应用于相关产业领域。', '[{"date": "2020-02-17", "event": "阶段评审"}]'::json, 20.0, 80.0, '重大专项', NULL, 0.745, 0.878, '2026-06-15T12:00:00+00:00', '2026-06-15T12:00:00+00:00');
INSERT INTO project_history (project_id, change_date, change_description, created_at, updated_at) VALUES ('PROJECT_S_566d2d07f11a3526', '2019-06-09', '立项批复', '2026-06-15T12:00:00+00:00', '2026-06-15T12:00:00+00:00');
INSERT INTO project_history (project_id, change_date, change_description, created_at, updated_at) VALUES ('PROJECT_S_566d2d07f11a3526', '2023-10-28', '通过中期评审', '2026-06-15T12:00:00+00:00', '2026-06-15T12:00:00+00:00');
INSERT INTO project_history (project_id, change_date, change_description, created_at, updated_at) VALUES ('PROJECT_S_566d2d07f11a3526', '2019-08-25', '转入工程阶段', '2026-06-15T12:00:00+00:00', '2026-06-15T12:00:00+00:00');
INSERT INTO project_budget (project_id, budget_date, amount, created_at, updated_at) VALUES ('PROJECT_S_566d2d07f11a3526', '2022-07-16', 200.0, '2026-06-15T12:00:00+00:00', '2026-06-15T12:00:00+00:00');
INSERT INTO project_budget (project_id, budget_date, amount, created_at, updated_at) VALUES ('PROJECT_S_566d2d07f11a3526', '2022-02-02', 800.0, '2026-06-15T12:00:00+00:00', '2026-06-15T12:00:00+00:00');
INSERT INTO project_budget (project_id, budget_date, amount, created_at, updated_at) VALUES ('PROJECT_S_566d2d07f11a3526', '2021-11-13', 50.0, '2026-06-15T12:00:00+00:00', '2026-06-15T12:00:00+00:00');
INSERT INTO project_output (project_id, name_history, formed_at, tech_domains, owner_orgs, related_projects, attachments, created_at, updated_at) VALUES ('PROJECT_S_566d2d07f11a3526', '半导体样机', '2022-03-16', '["半导体", "自动驾驶"]'::json, '["南方光电研究所"]'::json, '[]'::json, '[]'::json, '2026-06-15T12:00:00+00:00', '2026-06-15T12:00:00+00:00');
INSERT INTO project_output (project_id, name_history, formed_at, tech_domains, owner_orgs, related_projects, attachments, created_at, updated_at) VALUES ('PROJECT_S_566d2d07f11a3526', '半导体样机', '2021-11-08', '["半导体", "自动驾驶"]'::json, '["南方光电研究所"]'::json, '[]'::json, '[]'::json, '2026-06-15T12:00:00+00:00', '2026-06-15T12:00:00+00:00');
INSERT INTO project_output (project_id, name_history, formed_at, tech_domains, owner_orgs, related_projects, attachments, created_at, updated_at) VALUES ('PROJECT_S_566d2d07f11a3526', '半导体关键技术', '2023-01-12', '["半导体", "自动驾驶"]'::json, '["南方光电研究所"]'::json, '[]'::json, '[]'::json, '2026-06-15T12:00:00+00:00', '2026-06-15T12:00:00+00:00');
INSERT INTO entity_change_log (entity_id, entity_type, field, old_value, new_value, method, operator, source_doc_id, reason, changed_at) VALUES ('PROJECT_S_566d2d07f11a3526', 'project', '*', NULL, '{"action": "create"}'::json, 'rule', NULL, 'mock_seed', NULL, '2026-06-15T12:00:00+00:00');
INSERT INTO project_profile (project_id, name_cn, name_en, name_other, tech_domain, sub_tech_domain, start_date, cancel_date, finish_date, status, budget_activities, project_no, main_orgs, undertaking_orgs, undertaking_enterprises, managers, researchers, background, research_goal, research_content, keywords, progress, application_prospect, key_dates, total_budget_million_usd, invested_million_usd, parent_package_name, previous_phase_name, confidence, completeness, created_at, updated_at) VALUES ('PROJECT_S_60fa597548bb26bf', '["专项自动驾驶域控制器工程"]'::json, '["Project-046"]'::json, '[]'::json, '["人工智能", "深海装备"]'::json, '["6G通信", "航空航天"]'::json, '2023-11-07', NULL, NULL, '["暂停"]'::json, '["设备购置"]'::json, 10046, '["新聚变工程技术中心"]'::json, '["国前沿研究院"]'::json, '["国前沿研究院"]'::json, '["黄娟"]'::json, '["郑勇艳", "周伟杰", "马雪松", "李昊强"]'::json, '["针对深海装备领域关键需求立项"]'::json, '突破深海装备关键技术，形成自主可控能力。', '["深海装备理论研究", "深海装备工程化", "深海装备应用验证"]'::json, '["人工智能", "深海装备"]'::json, '["2023年完成方案论证", "2024年进入工程研制"]'::json, '成果可应用于相关产业领域。', '[{"date": "2023-12-06", "event": "阶段评审"}]'::json, 5.0, 2.0, '重大专项', NULL, 0.78, 0.672, '2026-06-15T12:00:00+00:00', '2026-06-15T12:00:00+00:00');
INSERT INTO project_history (project_id, change_date, change_description, created_at, updated_at) VALUES ('PROJECT_S_60fa597548bb26bf', '2023-09-09', '立项批复', '2026-06-15T12:00:00+00:00', '2026-06-15T12:00:00+00:00');
INSERT INTO project_history (project_id, change_date, change_description, created_at, updated_at) VALUES ('PROJECT_S_60fa597548bb26bf', '2021-08-27', '通过中期评审', '2026-06-15T12:00:00+00:00', '2026-06-15T12:00:00+00:00');
INSERT INTO project_history (project_id, change_date, change_description, created_at, updated_at) VALUES ('PROJECT_S_60fa597548bb26bf', '2021-10-24', '转入工程阶段', '2026-06-15T12:00:00+00:00', '2026-06-15T12:00:00+00:00');
INSERT INTO project_budget (project_id, budget_date, amount, created_at, updated_at) VALUES ('PROJECT_S_60fa597548bb26bf', '2022-07-25', 200.0, '2026-06-15T12:00:00+00:00', '2026-06-15T12:00:00+00:00');
INSERT INTO project_budget (project_id, budget_date, amount, created_at, updated_at) VALUES ('PROJECT_S_60fa597548bb26bf', '2023-12-13', 50.0, '2026-06-15T12:00:00+00:00', '2026-06-15T12:00:00+00:00');
INSERT INTO project_budget (project_id, budget_date, amount, created_at, updated_at) VALUES ('PROJECT_S_60fa597548bb26bf', '2020-10-27', 2000.0, '2026-06-15T12:00:00+00:00', '2026-06-15T12:00:00+00:00');
INSERT INTO project_output (project_id, name_history, formed_at, tech_domains, owner_orgs, related_projects, attachments, created_at, updated_at) VALUES ('PROJECT_S_60fa597548bb26bf', '深海装备成果', '2023-10-11', '["人工智能", "深海装备"]'::json, '["新聚变工程技术中心"]'::json, '[]'::json, '[]'::json, '2026-06-15T12:00:00+00:00', '2026-06-15T12:00:00+00:00');
INSERT INTO project_output (project_id, name_history, formed_at, tech_domains, owner_orgs, related_projects, attachments, created_at, updated_at) VALUES ('PROJECT_S_60fa597548bb26bf', '深海装备关键技术', '2022-08-03', '["人工智能", "深海装备"]'::json, '["新聚变工程技术中心"]'::json, '[]'::json, '[]'::json, '2026-06-15T12:00:00+00:00', '2026-06-15T12:00:00+00:00');
INSERT INTO project_output (project_id, name_history, formed_at, tech_domains, owner_orgs, related_projects, attachments, created_at, updated_at) VALUES ('PROJECT_S_60fa597548bb26bf', '深海装备关键技术', '2024-02-11', '["人工智能", "深海装备"]'::json, '["新聚变工程技术中心"]'::json, '[]'::json, '[]'::json, '2026-06-15T12:00:00+00:00', '2026-06-15T12:00:00+00:00');
INSERT INTO entity_change_log (entity_id, entity_type, field, old_value, new_value, method, operator, source_doc_id, reason, changed_at) VALUES ('PROJECT_S_60fa597548bb26bf', 'project', '*', NULL, '{"action": "create"}'::json, 'rule', NULL, 'mock_seed', NULL, '2026-06-15T12:00:00+00:00');
INSERT INTO project_profile (project_id, name_cn, name_en, name_other, tech_domain, sub_tech_domain, start_date, cancel_date, finish_date, status, budget_activities, project_no, main_orgs, undertaking_orgs, undertaking_enterprises, managers, researchers, background, research_goal, research_content, keywords, progress, application_prospect, key_dates, total_budget_million_usd, invested_million_usd, parent_package_name, previous_phase_name, confidence, completeness, created_at, updated_at) VALUES ('PROJECT_S_8da92cb922e2b117', '["攻关固态电池任务"]'::json, '["Project-047"]'::json, '[]'::json, '["新材料", "基因编辑"]'::json, '["新能源"]'::json, '2021-08-12', NULL, '2021-08-12', '["结题"]'::json, '["国际合作"]'::json, 10047, '["远算力工程技术中心"]'::json, '["中科天网研究所", "东方脑科学科技"]'::json, '[]'::json, '["赵婷建华", "黄斌磊"]'::json, '["韩文博娟", "马雪松"]'::json, '["针对基因编辑领域关键需求立项"]'::json, '突破基因编辑关键技术，形成自主可控能力。', '["基因编辑理论研究", "基因编辑工程化", "基因编辑应用验证"]'::json, '["新材料", "基因编辑"]'::json, '["2021年完成方案论证", "2022年进入工程研制"]'::json, '成果可应用于相关产业领域。', '[{"date": "2021-12-11", "event": "阶段评审"}]'::json, 300.0, 2.0, '重大专项', NULL, 0.87, 0.845, '2026-06-15T12:00:00+00:00', '2026-06-15T12:00:00+00:00');
INSERT INTO project_history (project_id, change_date, change_description, created_at, updated_at) VALUES ('PROJECT_S_8da92cb922e2b117', '2020-10-28', '立项批复', '2026-06-15T12:00:00+00:00', '2026-06-15T12:00:00+00:00');
INSERT INTO project_history (project_id, change_date, change_description, created_at, updated_at) VALUES ('PROJECT_S_8da92cb922e2b117', '2021-08-20', '通过中期评审', '2026-06-15T12:00:00+00:00', '2026-06-15T12:00:00+00:00');
INSERT INTO project_history (project_id, change_date, change_description, created_at, updated_at) VALUES ('PROJECT_S_8da92cb922e2b117', '2024-04-14', '转入工程阶段', '2026-06-15T12:00:00+00:00', '2026-06-15T12:00:00+00:00');
INSERT INTO project_budget (project_id, budget_date, amount, created_at, updated_at) VALUES ('PROJECT_S_8da92cb922e2b117', '2022-11-16', 2000.0, '2026-06-15T12:00:00+00:00', '2026-06-15T12:00:00+00:00');
INSERT INTO project_output (project_id, name_history, formed_at, tech_domains, owner_orgs, related_projects, attachments, created_at, updated_at) VALUES ('PROJECT_S_8da92cb922e2b117', '基因编辑样机', '2022-08-15', '["新材料", "基因编辑"]'::json, '["远算力工程技术中心"]'::json, '[]'::json, '[]'::json, '2026-06-15T12:00:00+00:00', '2026-06-15T12:00:00+00:00');
INSERT INTO project_output (project_id, name_history, formed_at, tech_domains, owner_orgs, related_projects, attachments, created_at, updated_at) VALUES ('PROJECT_S_8da92cb922e2b117', '基因编辑关键技术', '2022-07-11', '["新材料", "基因编辑"]'::json, '["远算力工程技术中心"]'::json, '[]'::json, '[]'::json, '2026-06-15T12:00:00+00:00', '2026-06-15T12:00:00+00:00');
INSERT INTO entity_change_log (entity_id, entity_type, field, old_value, new_value, method, operator, source_doc_id, reason, changed_at) VALUES ('PROJECT_S_8da92cb922e2b117', 'project', '*', NULL, '{"action": "create"}'::json, 'rule', NULL, 'mock_seed', NULL, '2026-06-15T12:00:00+00:00');
INSERT INTO project_profile (project_id, name_cn, name_en, name_other, tech_domain, sub_tech_domain, start_date, cancel_date, finish_date, status, budget_activities, project_no, main_orgs, undertaking_orgs, undertaking_enterprises, managers, researchers, background, research_goal, research_content, keywords, progress, application_prospect, key_dates, total_budget_million_usd, invested_million_usd, parent_package_name, previous_phase_name, confidence, completeness, created_at, updated_at) VALUES ('PROJECT_S_58cdf3c1a9364bd1', '["重点钙钛矿太阳能电池工程"]'::json, '["Project-048"]'::json, '[]'::json, '["增材制造", "人工智能"]'::json, '["新材料", "基因编辑"]'::json, '2022-08-04', NULL, NULL, '["立项"]'::json, '["设备购置"]'::json, 10048, '["中基因工程技术中心"]'::json, '["国新材科技"]'::json, '[]'::json, '["曹磊洋", "冯艳涛"]'::json, '["黄娟", "罗瑞文博", "曹伟娟"]'::json, '["针对增材制造领域关键需求立项"]'::json, '突破增材制造关键技术，形成自主可控能力。', '["增材制造理论研究", "增材制造工程化", "增材制造应用验证"]'::json, '["增材制造", "人工智能"]'::json, '["2022年完成方案论证", "2023年进入工程研制"]'::json, '成果可应用于相关产业领域。', '[{"date": "2023-10-10", "event": "阶段评审"}]'::json, 20.0, 30.0, '重点研发', NULL, 0.927, 0.704, '2026-06-15T12:00:00+00:00', '2026-06-15T12:00:00+00:00');
INSERT INTO project_history (project_id, change_date, change_description, created_at, updated_at) VALUES ('PROJECT_S_58cdf3c1a9364bd1', '2020-11-24', '立项批复', '2026-06-15T12:00:00+00:00', '2026-06-15T12:00:00+00:00');
INSERT INTO project_history (project_id, change_date, change_description, created_at, updated_at) VALUES ('PROJECT_S_58cdf3c1a9364bd1', '2024-12-02', '通过中期评审', '2026-06-15T12:00:00+00:00', '2026-06-15T12:00:00+00:00');
INSERT INTO project_history (project_id, change_date, change_description, created_at, updated_at) VALUES ('PROJECT_S_58cdf3c1a9364bd1', '2019-09-15', '转入工程阶段', '2026-06-15T12:00:00+00:00', '2026-06-15T12:00:00+00:00');
INSERT INTO project_budget (project_id, budget_date, amount, created_at, updated_at) VALUES ('PROJECT_S_58cdf3c1a9364bd1', '2020-04-18', 200.0, '2026-06-15T12:00:00+00:00', '2026-06-15T12:00:00+00:00');
INSERT INTO project_budget (project_id, budget_date, amount, created_at, updated_at) VALUES ('PROJECT_S_58cdf3c1a9364bd1', '2022-05-03', 800.0, '2026-06-15T12:00:00+00:00', '2026-06-15T12:00:00+00:00');
INSERT INTO project_budget (project_id, budget_date, amount, created_at, updated_at) VALUES ('PROJECT_S_58cdf3c1a9364bd1', '2024-05-07', 2000.0, '2026-06-15T12:00:00+00:00', '2026-06-15T12:00:00+00:00');
INSERT INTO project_output (project_id, name_history, formed_at, tech_domains, owner_orgs, related_projects, attachments, created_at, updated_at) VALUES ('PROJECT_S_58cdf3c1a9364bd1', '增材制造样机', '2021-09-05', '["增材制造", "人工智能"]'::json, '["中基因工程技术中心"]'::json, '[]'::json, '[]'::json, '2026-06-15T12:00:00+00:00', '2026-06-15T12:00:00+00:00');
INSERT INTO project_output (project_id, name_history, formed_at, tech_domains, owner_orgs, related_projects, attachments, created_at, updated_at) VALUES ('PROJECT_S_58cdf3c1a9364bd1', '增材制造样机', '2023-02-22', '["增材制造", "人工智能"]'::json, '["中基因工程技术中心"]'::json, '[]'::json, '[]'::json, '2026-06-15T12:00:00+00:00', '2026-06-15T12:00:00+00:00');
INSERT INTO project_output (project_id, name_history, formed_at, tech_domains, owner_orgs, related_projects, attachments, created_at, updated_at) VALUES ('PROJECT_S_58cdf3c1a9364bd1', '增材制造关键技术', '2024-05-16', '["增材制造", "人工智能"]'::json, '["中基因工程技术中心"]'::json, '[]'::json, '[]'::json, '2026-06-15T12:00:00+00:00', '2026-06-15T12:00:00+00:00');
INSERT INTO entity_change_log (entity_id, entity_type, field, old_value, new_value, method, operator, source_doc_id, reason, changed_at) VALUES ('PROJECT_S_58cdf3c1a9364bd1', 'project', '*', NULL, '{"action": "create"}'::json, 'rule', NULL, 'mock_seed', NULL, '2026-06-15T12:00:00+00:00');
INSERT INTO project_profile (project_id, name_cn, name_en, name_other, tech_domain, sub_tech_domain, start_date, cancel_date, finish_date, status, budget_activities, project_no, main_orgs, undertaking_orgs, undertaking_enterprises, managers, researchers, background, research_goal, research_content, keywords, progress, application_prospect, key_dates, total_budget_million_usd, invested_million_usd, parent_package_name, previous_phase_name, confidence, completeness, created_at, updated_at) VALUES ('PROJECT_S_1f9e65f75639bfc4', '["重大深海潜水器任务"]'::json, '["Project-049"]'::json, '[]'::json, '["增材制造", "集成电路"]'::json, '["人工智能"]'::json, '2019-10-15', NULL, '2019-10-15', '["暂停"]'::json, '["设备购置"]'::json, 10049, '["新前沿研究院"]'::json, '["新基因实验室", "国新材科技"]'::json, '["新基因实验室"]'::json, '["杨婷"]'::json, '["彭海燕", "杨俊杰", "王婷磊"]'::json, '["针对增材制造领域关键需求立项"]'::json, '突破增材制造关键技术，形成自主可控能力。', '["增材制造理论研究", "增材制造工程化", "增材制造应用验证"]'::json, '["增材制造", "集成电路"]'::json, '["2019年完成方案论证", "2020年进入工程研制"]'::json, '成果可应用于相关产业领域。', '[{"date": "2020-09-03", "event": "阶段评审"}]'::json, 300.0, 2.0, NULL, NULL, 0.718, 0.833, '2026-06-15T12:00:00+00:00', '2026-06-15T12:00:00+00:00');
INSERT INTO project_history (project_id, change_date, change_description, created_at, updated_at) VALUES ('PROJECT_S_1f9e65f75639bfc4', '2020-04-25', '立项批复', '2026-06-15T12:00:00+00:00', '2026-06-15T12:00:00+00:00');
INSERT INTO project_history (project_id, change_date, change_description, created_at, updated_at) VALUES ('PROJECT_S_1f9e65f75639bfc4', '2022-09-12', '通过中期评审', '2026-06-15T12:00:00+00:00', '2026-06-15T12:00:00+00:00');
INSERT INTO project_history (project_id, change_date, change_description, created_at, updated_at) VALUES ('PROJECT_S_1f9e65f75639bfc4', '2024-08-08', '转入工程阶段', '2026-06-15T12:00:00+00:00', '2026-06-15T12:00:00+00:00');
INSERT INTO project_budget (project_id, budget_date, amount, created_at, updated_at) VALUES ('PROJECT_S_1f9e65f75639bfc4', '2024-04-23', 800.0, '2026-06-15T12:00:00+00:00', '2026-06-15T12:00:00+00:00');
INSERT INTO project_output (project_id, name_history, formed_at, tech_domains, owner_orgs, related_projects, attachments, created_at, updated_at) VALUES ('PROJECT_S_1f9e65f75639bfc4', '增材制造成果', '2022-10-09', '["增材制造", "集成电路"]'::json, '["新前沿研究院"]'::json, '[]'::json, '[]'::json, '2026-06-15T12:00:00+00:00', '2026-06-15T12:00:00+00:00');
INSERT INTO project_output (project_id, name_history, formed_at, tech_domains, owner_orgs, related_projects, attachments, created_at, updated_at) VALUES ('PROJECT_S_1f9e65f75639bfc4', '增材制造关键技术', '2023-07-16', '["增材制造", "集成电路"]'::json, '["新前沿研究院"]'::json, '[]'::json, '[]'::json, '2026-06-15T12:00:00+00:00', '2026-06-15T12:00:00+00:00');
INSERT INTO project_output (project_id, name_history, formed_at, tech_domains, owner_orgs, related_projects, attachments, created_at, updated_at) VALUES ('PROJECT_S_1f9e65f75639bfc4', '增材制造关键技术', '2024-12-08', '["增材制造", "集成电路"]'::json, '["新前沿研究院"]'::json, '[]'::json, '[]'::json, '2026-06-15T12:00:00+00:00', '2026-06-15T12:00:00+00:00');
INSERT INTO entity_change_log (entity_id, entity_type, field, old_value, new_value, method, operator, source_doc_id, reason, changed_at) VALUES ('PROJECT_S_1f9e65f75639bfc4', 'project', '*', NULL, '{"action": "create"}'::json, 'rule', NULL, 'mock_seed', NULL, '2026-06-15T12:00:00+00:00');
INSERT INTO project_profile (project_id, name_cn, name_en, name_other, tech_domain, sub_tech_domain, start_date, cancel_date, finish_date, status, budget_activities, project_no, main_orgs, undertaking_orgs, undertaking_enterprises, managers, researchers, background, research_goal, research_content, keywords, progress, application_prospect, key_dates, total_budget_million_usd, invested_million_usd, parent_package_name, previous_phase_name, confidence, completeness, created_at, updated_at) VALUES ('PROJECT_S_2122b6e74477413d', '["应用仿生机械臂专项"]'::json, '["Project-050"]'::json, '[]'::json, '["6G通信", "光电技术"]'::json, '["网络安全"]'::json, '2019-09-01', NULL, NULL, '["结题"]'::json, '["人员经费"]'::json, 10050, '["南方前沿高科"]'::json, '["中科微纳股份"]'::json, '[]'::json, '["周伟杰", "王宁军"]'::json, '["彭雪松", "马文博"]'::json, '["针对6G通信领域关键需求立项"]'::json, '突破6G通信关键技术，形成自主可控能力。', '["6G通信理论研究", "6G通信工程化", "6G通信应用验证"]'::json, '["6G通信", "光电技术"]'::json, '["2019年完成方案论证", "2020年进入工程研制"]'::json, '成果可应用于相关产业领域。', '[{"date": "2023-11-20", "event": "阶段评审"}]'::json, 120.0, 80.0, NULL, NULL, 0.852, 0.737, '2026-06-15T12:00:00+00:00', '2026-06-15T12:00:00+00:00');
INSERT INTO project_history (project_id, change_date, change_description, created_at, updated_at) VALUES ('PROJECT_S_2122b6e74477413d', '2024-05-19', '立项批复', '2026-06-15T12:00:00+00:00', '2026-06-15T12:00:00+00:00');
INSERT INTO project_history (project_id, change_date, change_description, created_at, updated_at) VALUES ('PROJECT_S_2122b6e74477413d', '2022-05-27', '通过中期评审', '2026-06-15T12:00:00+00:00', '2026-06-15T12:00:00+00:00');
INSERT INTO project_history (project_id, change_date, change_description, created_at, updated_at) VALUES ('PROJECT_S_2122b6e74477413d', '2023-06-02', '转入工程阶段', '2026-06-15T12:00:00+00:00', '2026-06-15T12:00:00+00:00');
INSERT INTO project_budget (project_id, budget_date, amount, created_at, updated_at) VALUES ('PROJECT_S_2122b6e74477413d', '2023-04-10', 2000.0, '2026-06-15T12:00:00+00:00', '2026-06-15T12:00:00+00:00');
INSERT INTO project_output (project_id, name_history, formed_at, tech_domains, owner_orgs, related_projects, attachments, created_at, updated_at) VALUES ('PROJECT_S_2122b6e74477413d', '6G通信关键技术', '2022-07-25', '["6G通信", "光电技术"]'::json, '["南方前沿高科"]'::json, '[]'::json, '[]'::json, '2026-06-15T12:00:00+00:00', '2026-06-15T12:00:00+00:00');
INSERT INTO entity_change_log (entity_id, entity_type, field, old_value, new_value, method, operator, source_doc_id, reason, changed_at) VALUES ('PROJECT_S_2122b6e74477413d', 'project', '*', NULL, '{"action": "create"}'::json, 'rule', NULL, 'mock_seed', NULL, '2026-06-15T12:00:00+00:00');
INSERT INTO project_profile (project_id, name_cn, name_en, name_other, tech_domain, sub_tech_domain, start_date, cancel_date, finish_date, status, budget_activities, project_no, main_orgs, undertaking_orgs, undertaking_enterprises, managers, researchers, background, research_goal, research_content, keywords, progress, application_prospect, key_dates, total_budget_million_usd, invested_million_usd, parent_package_name, previous_phase_name, confidence, completeness, created_at, updated_at) VALUES ('PROJECT_S_33b308dc922f1467', '["攻关金属3D打印任务"]'::json, '["Project-051"]'::json, '[]'::json, '["新能源", "自动驾驶"]'::json, '["光电技术"]'::json, '2018-10-06', NULL, NULL, '["暂停"]'::json, '["国际合作"]'::json, 10051, '["航天光电高科"]'::json, '["航天光电高科", "中科前沿实验室"]'::json, '["中科前沿实验室"]'::json, '["周艳"]'::json, '["徐强", "韩斌文博", "唐俊杰平", "吴峰"]'::json, '["针对新能源领域关键需求立项"]'::json, '突破新能源关键技术，形成自主可控能力。', '["新能源理论研究", "新能源工程化", "新能源应用验证"]'::json, '["新能源", "自动驾驶"]'::json, '["2018年完成方案论证", "2019年进入工程研制"]'::json, '成果可应用于相关产业领域。', '[{"date": "2022-09-25", "event": "阶段评审"}]'::json, 120.0, 10.0, NULL, NULL, 0.917, 0.669, '2026-06-15T12:00:00+00:00', '2026-06-15T12:00:00+00:00');
INSERT INTO project_history (project_id, change_date, change_description, created_at, updated_at) VALUES ('PROJECT_S_33b308dc922f1467', '2023-09-06', '立项批复', '2026-06-15T12:00:00+00:00', '2026-06-15T12:00:00+00:00');
INSERT INTO project_history (project_id, change_date, change_description, created_at, updated_at) VALUES ('PROJECT_S_33b308dc922f1467', '2024-03-25', '通过中期评审', '2026-06-15T12:00:00+00:00', '2026-06-15T12:00:00+00:00');
INSERT INTO project_history (project_id, change_date, change_description, created_at, updated_at) VALUES ('PROJECT_S_33b308dc922f1467', '2022-05-15', '转入工程阶段', '2026-06-15T12:00:00+00:00', '2026-06-15T12:00:00+00:00');
INSERT INTO project_budget (project_id, budget_date, amount, created_at, updated_at) VALUES ('PROJECT_S_33b308dc922f1467', '2023-10-15', 50.0, '2026-06-15T12:00:00+00:00', '2026-06-15T12:00:00+00:00');
INSERT INTO project_budget (project_id, budget_date, amount, created_at, updated_at) VALUES ('PROJECT_S_33b308dc922f1467', '2020-07-09', 2000.0, '2026-06-15T12:00:00+00:00', '2026-06-15T12:00:00+00:00');
INSERT INTO project_budget (project_id, budget_date, amount, created_at, updated_at) VALUES ('PROJECT_S_33b308dc922f1467', '2024-11-02', 200.0, '2026-06-15T12:00:00+00:00', '2026-06-15T12:00:00+00:00');
INSERT INTO project_output (project_id, name_history, formed_at, tech_domains, owner_orgs, related_projects, attachments, created_at, updated_at) VALUES ('PROJECT_S_33b308dc922f1467', '新能源关键技术', '2024-01-14', '["新能源", "自动驾驶"]'::json, '["航天光电高科"]'::json, '[]'::json, '[]'::json, '2026-06-15T12:00:00+00:00', '2026-06-15T12:00:00+00:00');
INSERT INTO entity_change_log (entity_id, entity_type, field, old_value, new_value, method, operator, source_doc_id, reason, changed_at) VALUES ('PROJECT_S_33b308dc922f1467', 'project', '*', NULL, '{"action": "create"}'::json, 'rule', NULL, 'mock_seed', NULL, '2026-06-15T12:00:00+00:00');
INSERT INTO project_profile (project_id, name_cn, name_en, name_other, tech_domain, sub_tech_domain, start_date, cancel_date, finish_date, status, budget_activities, project_no, main_orgs, undertaking_orgs, undertaking_enterprises, managers, researchers, background, research_goal, research_content, keywords, progress, application_prospect, key_dates, total_budget_million_usd, invested_million_usd, parent_package_name, previous_phase_name, confidence, completeness, created_at, updated_at) VALUES ('PROJECT_S_91c2a9c3fdaaa707', '["专项神经网络芯片工程"]'::json, '["Project-052"]'::json, '[]'::json, '["卫星互联网"]'::json, '["航空航天"]'::json, '2020-05-06', NULL, NULL, '["结题"]'::json, '["试验验证"]'::json, 10052, '["东方脑科学科技"]'::json, '["航天储能实验室", "中聚变集团"]'::json, '["航天储能实验室"]'::json, '["曹伟娟"]'::json, '["吴宁", "曹磊洋", "周文博"]'::json, '["针对卫星互联网领域关键需求立项"]'::json, '突破卫星互联网关键技术，形成自主可控能力。', '["卫星互联网理论研究", "卫星互联网工程化", "卫星互联网应用验证"]'::json, '["卫星互联网"]'::json, '["2020年完成方案论证", "2021年进入工程研制"]'::json, '成果可应用于相关产业领域。', '[{"date": "2023-06-15", "event": "阶段评审"}]'::json, 120.0, 80.0, '重大专项', NULL, 0.702, 0.641, '2026-06-15T12:00:00+00:00', '2026-06-15T12:00:00+00:00');
INSERT INTO project_history (project_id, change_date, change_description, created_at, updated_at) VALUES ('PROJECT_S_91c2a9c3fdaaa707', '2021-08-19', '立项批复', '2026-06-15T12:00:00+00:00', '2026-06-15T12:00:00+00:00');
INSERT INTO project_history (project_id, change_date, change_description, created_at, updated_at) VALUES ('PROJECT_S_91c2a9c3fdaaa707', '2022-02-18', '通过中期评审', '2026-06-15T12:00:00+00:00', '2026-06-15T12:00:00+00:00');
INSERT INTO project_history (project_id, change_date, change_description, created_at, updated_at) VALUES ('PROJECT_S_91c2a9c3fdaaa707', '2022-01-04', '转入工程阶段', '2026-06-15T12:00:00+00:00', '2026-06-15T12:00:00+00:00');
INSERT INTO project_budget (project_id, budget_date, amount, created_at, updated_at) VALUES ('PROJECT_S_91c2a9c3fdaaa707', '2022-02-06', 200.0, '2026-06-15T12:00:00+00:00', '2026-06-15T12:00:00+00:00');
INSERT INTO project_budget (project_id, budget_date, amount, created_at, updated_at) VALUES ('PROJECT_S_91c2a9c3fdaaa707', '2022-07-14', 200.0, '2026-06-15T12:00:00+00:00', '2026-06-15T12:00:00+00:00');
INSERT INTO project_budget (project_id, budget_date, amount, created_at, updated_at) VALUES ('PROJECT_S_91c2a9c3fdaaa707', '2022-01-27', 50.0, '2026-06-15T12:00:00+00:00', '2026-06-15T12:00:00+00:00');
INSERT INTO project_output (project_id, name_history, formed_at, tech_domains, owner_orgs, related_projects, attachments, created_at, updated_at) VALUES ('PROJECT_S_91c2a9c3fdaaa707', '卫星互联网样机', '2021-07-02', '["卫星互联网"]'::json, '["东方脑科学科技"]'::json, '[]'::json, '[]'::json, '2026-06-15T12:00:00+00:00', '2026-06-15T12:00:00+00:00');
INSERT INTO project_output (project_id, name_history, formed_at, tech_domains, owner_orgs, related_projects, attachments, created_at, updated_at) VALUES ('PROJECT_S_91c2a9c3fdaaa707', '卫星互联网关键技术', '2023-12-06', '["卫星互联网"]'::json, '["东方脑科学科技"]'::json, '[]'::json, '[]'::json, '2026-06-15T12:00:00+00:00', '2026-06-15T12:00:00+00:00');
INSERT INTO entity_change_log (entity_id, entity_type, field, old_value, new_value, method, operator, source_doc_id, reason, changed_at) VALUES ('PROJECT_S_91c2a9c3fdaaa707', 'project', '*', NULL, '{"action": "create"}'::json, 'rule', NULL, 'mock_seed', NULL, '2026-06-15T12:00:00+00:00');
INSERT INTO project_profile (project_id, name_cn, name_en, name_other, tech_domain, sub_tech_domain, start_date, cancel_date, finish_date, status, budget_activities, project_no, main_orgs, undertaking_orgs, undertaking_enterprises, managers, researchers, background, research_goal, research_content, keywords, progress, application_prospect, key_dates, total_budget_million_usd, invested_million_usd, parent_package_name, previous_phase_name, confidence, completeness, created_at, updated_at) VALUES ('PROJECT_S_eacc6c3c06f100f7', '["重点金属3D打印任务"]'::json, '["Project-053"]'::json, '[]'::json, '["储能", "自动驾驶"]'::json, '["光电技术", "碳捕集"]'::json, '2021-08-24', NULL, NULL, '["暂停"]'::json, '["试验验证"]'::json, 10053, '["国先进研究所"]'::json, '["中光电实验室"]'::json, '[]'::json, '["李昊强"]'::json, '["许明瑞", "唐刚", "陈海燕"]'::json, '["针对储能领域关键需求立项"]'::json, '突破储能关键技术，形成自主可控能力。', '["储能理论研究", "储能工程化", "储能应用验证"]'::json, '["储能", "自动驾驶"]'::json, '["2021年完成方案论证", "2022年进入工程研制"]'::json, '成果可应用于相关产业领域。', '[{"date": "2020-09-21", "event": "阶段评审"}]'::json, 120.0, 80.0, NULL, NULL, 0.916, 0.836, '2026-06-15T12:00:00+00:00', '2026-06-15T12:00:00+00:00');
INSERT INTO project_history (project_id, change_date, change_description, created_at, updated_at) VALUES ('PROJECT_S_eacc6c3c06f100f7', '2023-02-06', '立项批复', '2026-06-15T12:00:00+00:00', '2026-06-15T12:00:00+00:00');
INSERT INTO project_history (project_id, change_date, change_description, created_at, updated_at) VALUES ('PROJECT_S_eacc6c3c06f100f7', '2020-09-21', '通过中期评审', '2026-06-15T12:00:00+00:00', '2026-06-15T12:00:00+00:00');
INSERT INTO project_history (project_id, change_date, change_description, created_at, updated_at) VALUES ('PROJECT_S_eacc6c3c06f100f7', '2023-02-11', '转入工程阶段', '2026-06-15T12:00:00+00:00', '2026-06-15T12:00:00+00:00');
INSERT INTO project_budget (project_id, budget_date, amount, created_at, updated_at) VALUES ('PROJECT_S_eacc6c3c06f100f7', '2024-03-10', 800.0, '2026-06-15T12:00:00+00:00', '2026-06-15T12:00:00+00:00');
INSERT INTO project_output (project_id, name_history, formed_at, tech_domains, owner_orgs, related_projects, attachments, created_at, updated_at) VALUES ('PROJECT_S_eacc6c3c06f100f7', '储能成果', '2023-01-15', '["储能", "自动驾驶"]'::json, '["国先进研究所"]'::json, '[]'::json, '[]'::json, '2026-06-15T12:00:00+00:00', '2026-06-15T12:00:00+00:00');
INSERT INTO project_output (project_id, name_history, formed_at, tech_domains, owner_orgs, related_projects, attachments, created_at, updated_at) VALUES ('PROJECT_S_eacc6c3c06f100f7', '储能成果', '2023-04-18', '["储能", "自动驾驶"]'::json, '["国先进研究所"]'::json, '[]'::json, '[]'::json, '2026-06-15T12:00:00+00:00', '2026-06-15T12:00:00+00:00');
INSERT INTO project_output (project_id, name_history, formed_at, tech_domains, owner_orgs, related_projects, attachments, created_at, updated_at) VALUES ('PROJECT_S_eacc6c3c06f100f7', '储能关键技术', '2022-07-10', '["储能", "自动驾驶"]'::json, '["国先进研究所"]'::json, '[]'::json, '[]'::json, '2026-06-15T12:00:00+00:00', '2026-06-15T12:00:00+00:00');
INSERT INTO entity_change_log (entity_id, entity_type, field, old_value, new_value, method, operator, source_doc_id, reason, changed_at) VALUES ('PROJECT_S_eacc6c3c06f100f7', 'project', '*', NULL, '{"action": "create"}'::json, 'rule', NULL, 'mock_seed', NULL, '2026-06-15T12:00:00+00:00');
INSERT INTO project_profile (project_id, name_cn, name_en, name_other, tech_domain, sub_tech_domain, start_date, cancel_date, finish_date, status, budget_activities, project_no, main_orgs, undertaking_orgs, undertaking_enterprises, managers, researchers, background, research_goal, research_content, keywords, progress, application_prospect, key_dates, total_budget_million_usd, invested_million_usd, parent_package_name, previous_phase_name, confidence, completeness, created_at, updated_at) VALUES ('PROJECT_S_875394b576b834b2', '["先导自动驾驶域控制器课题"]'::json, '["Project-054"]'::json, '[]'::json, '["新能源", "卫星互联网"]'::json, '["6G通信"]'::json, '2024-07-05', NULL, '2024-07-05', '["暂停"]'::json, '["人员经费"]'::json, 10054, '["华生医实验室"]'::json, '["国先进研究所"]'::json, '[]'::json, '["高婷平", "黄宁"]'::json, '["冯艳涛", "唐俊杰平", "彭雪松", "韩平"]'::json, '["针对卫星互联网领域关键需求立项"]'::json, '突破卫星互联网关键技术，形成自主可控能力。', '["卫星互联网理论研究", "卫星互联网工程化", "卫星互联网应用验证"]'::json, '["新能源", "卫星互联网"]'::json, '["2024年完成方案论证", "2025年进入工程研制"]'::json, '成果可应用于相关产业领域。', '[{"date": "2023-08-02", "event": "阶段评审"}]'::json, 50.0, 2.0, NULL, NULL, 0.843, 0.906, '2026-06-15T12:00:00+00:00', '2026-06-15T12:00:00+00:00');
INSERT INTO project_history (project_id, change_date, change_description, created_at, updated_at) VALUES ('PROJECT_S_875394b576b834b2', '2022-01-17', '立项批复', '2026-06-15T12:00:00+00:00', '2026-06-15T12:00:00+00:00');
INSERT INTO project_history (project_id, change_date, change_description, created_at, updated_at) VALUES ('PROJECT_S_875394b576b834b2', '2024-10-04', '通过中期评审', '2026-06-15T12:00:00+00:00', '2026-06-15T12:00:00+00:00');
INSERT INTO project_history (project_id, change_date, change_description, created_at, updated_at) VALUES ('PROJECT_S_875394b576b834b2', '2019-07-17', '转入工程阶段', '2026-06-15T12:00:00+00:00', '2026-06-15T12:00:00+00:00');
INSERT INTO project_budget (project_id, budget_date, amount, created_at, updated_at) VALUES ('PROJECT_S_875394b576b834b2', '2020-01-14', 200.0, '2026-06-15T12:00:00+00:00', '2026-06-15T12:00:00+00:00');
INSERT INTO project_budget (project_id, budget_date, amount, created_at, updated_at) VALUES ('PROJECT_S_875394b576b834b2', '2021-12-25', 200.0, '2026-06-15T12:00:00+00:00', '2026-06-15T12:00:00+00:00');
INSERT INTO project_output (project_id, name_history, formed_at, tech_domains, owner_orgs, related_projects, attachments, created_at, updated_at) VALUES ('PROJECT_S_875394b576b834b2', '卫星互联网样机', '2022-09-18', '["新能源", "卫星互联网"]'::json, '["华生医实验室"]'::json, '[]'::json, '[]'::json, '2026-06-15T12:00:00+00:00', '2026-06-15T12:00:00+00:00');
INSERT INTO project_output (project_id, name_history, formed_at, tech_domains, owner_orgs, related_projects, attachments, created_at, updated_at) VALUES ('PROJECT_S_875394b576b834b2', '卫星互联网关键技术', '2023-02-07', '["新能源", "卫星互联网"]'::json, '["华生医实验室"]'::json, '[]'::json, '[]'::json, '2026-06-15T12:00:00+00:00', '2026-06-15T12:00:00+00:00');
INSERT INTO entity_change_log (entity_id, entity_type, field, old_value, new_value, method, operator, source_doc_id, reason, changed_at) VALUES ('PROJECT_S_875394b576b834b2', 'project', '*', NULL, '{"action": "create"}'::json, 'rule', NULL, 'mock_seed', NULL, '2026-06-15T12:00:00+00:00');
INSERT INTO project_profile (project_id, name_cn, name_en, name_other, tech_domain, sub_tech_domain, start_date, cancel_date, finish_date, status, budget_activities, project_no, main_orgs, undertaking_orgs, undertaking_enterprises, managers, researchers, background, research_goal, research_content, keywords, progress, application_prospect, key_dates, total_budget_million_usd, invested_million_usd, parent_package_name, previous_phase_name, confidence, completeness, created_at, updated_at) VALUES ('PROJECT_S_221b7fc287006f0f', '["攻关光量子计算项目"]'::json, '["Project-055"]'::json, '[]'::json, '["量子计算", "储能"]'::json, '["集成电路", "无人机"]'::json, '2023-11-16', NULL, NULL, '["立项"]'::json, '["国际合作"]'::json, 10055, '["国生医科技"]'::json, '["华基因工程技术中心"]'::json, '[]'::json, '["王刚"]'::json, '["唐刚", "冯昊", "许文博"]'::json, '["针对量子计算领域关键需求立项"]'::json, '突破量子计算关键技术，形成自主可控能力。', '["量子计算理论研究", "量子计算工程化", "量子计算应用验证"]'::json, '["量子计算", "储能"]'::json, '["2023年完成方案论证", "2024年进入工程研制"]'::json, '成果可应用于相关产业领域。', '[{"date": "2021-10-14", "event": "阶段评审"}]'::json, 5.0, 10.0, NULL, NULL, 0.714, 0.926, '2026-06-15T12:00:00+00:00', '2026-06-15T12:00:00+00:00');
INSERT INTO project_history (project_id, change_date, change_description, created_at, updated_at) VALUES ('PROJECT_S_221b7fc287006f0f', '2022-06-12', '立项批复', '2026-06-15T12:00:00+00:00', '2026-06-15T12:00:00+00:00');
INSERT INTO project_history (project_id, change_date, change_description, created_at, updated_at) VALUES ('PROJECT_S_221b7fc287006f0f', '2020-07-08', '通过中期评审', '2026-06-15T12:00:00+00:00', '2026-06-15T12:00:00+00:00');
INSERT INTO project_history (project_id, change_date, change_description, created_at, updated_at) VALUES ('PROJECT_S_221b7fc287006f0f', '2020-10-06', '转入工程阶段', '2026-06-15T12:00:00+00:00', '2026-06-15T12:00:00+00:00');
INSERT INTO project_budget (project_id, budget_date, amount, created_at, updated_at) VALUES ('PROJECT_S_221b7fc287006f0f', '2021-03-17', 50.0, '2026-06-15T12:00:00+00:00', '2026-06-15T12:00:00+00:00');
INSERT INTO project_budget (project_id, budget_date, amount, created_at, updated_at) VALUES ('PROJECT_S_221b7fc287006f0f', '2023-12-18', 2000.0, '2026-06-15T12:00:00+00:00', '2026-06-15T12:00:00+00:00');
INSERT INTO project_budget (project_id, budget_date, amount, created_at, updated_at) VALUES ('PROJECT_S_221b7fc287006f0f', '2021-05-07', 2000.0, '2026-06-15T12:00:00+00:00', '2026-06-15T12:00:00+00:00');
INSERT INTO project_output (project_id, name_history, formed_at, tech_domains, owner_orgs, related_projects, attachments, created_at, updated_at) VALUES ('PROJECT_S_221b7fc287006f0f', '量子计算成果', '2021-04-06', '["量子计算", "储能"]'::json, '["国生医科技"]'::json, '[]'::json, '[]'::json, '2026-06-15T12:00:00+00:00', '2026-06-15T12:00:00+00:00');
INSERT INTO project_output (project_id, name_history, formed_at, tech_domains, owner_orgs, related_projects, attachments, created_at, updated_at) VALUES ('PROJECT_S_221b7fc287006f0f', '量子计算样机', '2022-09-26', '["量子计算", "储能"]'::json, '["国生医科技"]'::json, '[]'::json, '[]'::json, '2026-06-15T12:00:00+00:00', '2026-06-15T12:00:00+00:00');
INSERT INTO entity_change_log (entity_id, entity_type, field, old_value, new_value, method, operator, source_doc_id, reason, changed_at) VALUES ('PROJECT_S_221b7fc287006f0f', 'project', '*', NULL, '{"action": "create"}'::json, 'rule', NULL, 'mock_seed', NULL, '2026-06-15T12:00:00+00:00');
INSERT INTO project_profile (project_id, name_cn, name_en, name_other, tech_domain, sub_tech_domain, start_date, cancel_date, finish_date, status, budget_activities, project_no, main_orgs, undertaking_orgs, undertaking_enterprises, managers, researchers, background, research_goal, research_content, keywords, progress, application_prospect, key_dates, total_budget_million_usd, invested_million_usd, parent_package_name, previous_phase_name, confidence, completeness, created_at, updated_at) VALUES ('PROJECT_S_b7839c81922b0fe1', '["先导仿生机械臂工程"]'::json, '["Project-056"]'::json, '[]'::json, '["储能", "卫星互联网"]'::json, '["集成电路", "生物医药"]'::json, '2022-07-16', NULL, '2022-07-16', '["暂停"]'::json, '["设备购置"]'::json, 10056, '["中科深海研究所"]'::json, '["航天储能实验室", "中科智算工程技术中心"]'::json, '[]'::json, '["周艳"]'::json, '["吴宁", "胡宇航艳", "彭海燕"]'::json, '["针对储能领域关键需求立项"]'::json, '突破储能关键技术，形成自主可控能力。', '["储能理论研究", "储能工程化", "储能应用验证"]'::json, '["储能", "卫星互联网"]'::json, '["2022年完成方案论证", "2023年进入工程研制"]'::json, '成果可应用于相关产业领域。', '[{"date": "2021-07-17", "event": "阶段评审"}]'::json, 20.0, 2.0, NULL, NULL, 0.702, 0.879, '2026-06-15T12:00:00+00:00', '2026-06-15T12:00:00+00:00');
INSERT INTO project_history (project_id, change_date, change_description, created_at, updated_at) VALUES ('PROJECT_S_b7839c81922b0fe1', '2021-04-02', '立项批复', '2026-06-15T12:00:00+00:00', '2026-06-15T12:00:00+00:00');
INSERT INTO project_history (project_id, change_date, change_description, created_at, updated_at) VALUES ('PROJECT_S_b7839c81922b0fe1', '2020-09-01', '通过中期评审', '2026-06-15T12:00:00+00:00', '2026-06-15T12:00:00+00:00');
INSERT INTO project_history (project_id, change_date, change_description, created_at, updated_at) VALUES ('PROJECT_S_b7839c81922b0fe1', '2021-03-21', '转入工程阶段', '2026-06-15T12:00:00+00:00', '2026-06-15T12:00:00+00:00');
INSERT INTO project_budget (project_id, budget_date, amount, created_at, updated_at) VALUES ('PROJECT_S_b7839c81922b0fe1', '2020-10-22', 200.0, '2026-06-15T12:00:00+00:00', '2026-06-15T12:00:00+00:00');
INSERT INTO project_budget (project_id, budget_date, amount, created_at, updated_at) VALUES ('PROJECT_S_b7839c81922b0fe1', '2021-02-23', 200.0, '2026-06-15T12:00:00+00:00', '2026-06-15T12:00:00+00:00');
INSERT INTO project_output (project_id, name_history, formed_at, tech_domains, owner_orgs, related_projects, attachments, created_at, updated_at) VALUES ('PROJECT_S_b7839c81922b0fe1', '储能样机', '2022-03-04', '["储能", "卫星互联网"]'::json, '["中科深海研究所"]'::json, '[]'::json, '[]'::json, '2026-06-15T12:00:00+00:00', '2026-06-15T12:00:00+00:00');
INSERT INTO project_output (project_id, name_history, formed_at, tech_domains, owner_orgs, related_projects, attachments, created_at, updated_at) VALUES ('PROJECT_S_b7839c81922b0fe1', '储能成果', '2023-11-26', '["储能", "卫星互联网"]'::json, '["中科深海研究所"]'::json, '[]'::json, '[]'::json, '2026-06-15T12:00:00+00:00', '2026-06-15T12:00:00+00:00');
INSERT INTO entity_change_log (entity_id, entity_type, field, old_value, new_value, method, operator, source_doc_id, reason, changed_at) VALUES ('PROJECT_S_b7839c81922b0fe1', 'project', '*', NULL, '{"action": "create"}'::json, 'rule', NULL, 'mock_seed', NULL, '2026-06-15T12:00:00+00:00');
INSERT INTO project_profile (project_id, name_cn, name_en, name_other, tech_domain, sub_tech_domain, start_date, cancel_date, finish_date, status, budget_activities, project_no, main_orgs, undertaking_orgs, undertaking_enterprises, managers, researchers, background, research_goal, research_content, keywords, progress, application_prospect, key_dates, total_budget_million_usd, invested_million_usd, parent_package_name, previous_phase_name, confidence, completeness, created_at, updated_at) VALUES ('PROJECT_S_bdeab5fa3bcc6287', '["重大碳纳米管计划"]'::json, '["Project-057"]'::json, '[]'::json, '["增材制造", "碳捕集"]'::json, '["储能"]'::json, '2020-06-20', NULL, NULL, '["立项"]'::json, '["试验验证"]'::json, 10057, '["华信息研究所"]'::json, '["南方氢动科技"]'::json, '["南方氢动科技"]'::json, '["吴俊杰"]'::json, '["谢斌", "李瑞志强", "唐俊杰平"]'::json, '["针对碳捕集领域关键需求立项"]'::json, '突破碳捕集关键技术，形成自主可控能力。', '["碳捕集理论研究", "碳捕集工程化", "碳捕集应用验证"]'::json, '["增材制造", "碳捕集"]'::json, '["2020年完成方案论证", "2021年进入工程研制"]'::json, '成果可应用于相关产业领域。', '[{"date": "2024-08-04", "event": "阶段评审"}]'::json, 50.0, 30.0, NULL, NULL, 0.825, 0.711, '2026-06-15T12:00:00+00:00', '2026-06-15T12:00:00+00:00');
INSERT INTO project_history (project_id, change_date, change_description, created_at, updated_at) VALUES ('PROJECT_S_bdeab5fa3bcc6287', '2021-04-05', '立项批复', '2026-06-15T12:00:00+00:00', '2026-06-15T12:00:00+00:00');
INSERT INTO project_history (project_id, change_date, change_description, created_at, updated_at) VALUES ('PROJECT_S_bdeab5fa3bcc6287', '2024-09-06', '通过中期评审', '2026-06-15T12:00:00+00:00', '2026-06-15T12:00:00+00:00');
INSERT INTO project_history (project_id, change_date, change_description, created_at, updated_at) VALUES ('PROJECT_S_bdeab5fa3bcc6287', '2022-06-03', '转入工程阶段', '2026-06-15T12:00:00+00:00', '2026-06-15T12:00:00+00:00');
INSERT INTO project_budget (project_id, budget_date, amount, created_at, updated_at) VALUES ('PROJECT_S_bdeab5fa3bcc6287', '2023-09-06', 2000.0, '2026-06-15T12:00:00+00:00', '2026-06-15T12:00:00+00:00');
INSERT INTO project_output (project_id, name_history, formed_at, tech_domains, owner_orgs, related_projects, attachments, created_at, updated_at) VALUES ('PROJECT_S_bdeab5fa3bcc6287', '碳捕集关键技术', '2021-09-15', '["增材制造", "碳捕集"]'::json, '["华信息研究所"]'::json, '[]'::json, '[]'::json, '2026-06-15T12:00:00+00:00', '2026-06-15T12:00:00+00:00');
INSERT INTO entity_change_log (entity_id, entity_type, field, old_value, new_value, method, operator, source_doc_id, reason, changed_at) VALUES ('PROJECT_S_bdeab5fa3bcc6287', 'project', '*', NULL, '{"action": "create"}'::json, 'rule', NULL, 'mock_seed', NULL, '2026-06-15T12:00:00+00:00');
INSERT INTO project_profile (project_id, name_cn, name_en, name_other, tech_domain, sub_tech_domain, start_date, cancel_date, finish_date, status, budget_activities, project_no, main_orgs, undertaking_orgs, undertaking_enterprises, managers, researchers, background, research_goal, research_content, keywords, progress, application_prospect, key_dates, total_budget_million_usd, invested_million_usd, parent_package_name, previous_phase_name, confidence, completeness, created_at, updated_at) VALUES ('PROJECT_S_d7efd500908b49ef', '["重大自动驾驶域控制器课题"]'::json, '["Project-058"]'::json, '[]'::json, '["航空航天", "脑机接口"]'::json, '["6G通信"]'::json, '2022-02-07', NULL, NULL, '["验收"]'::json, '["设备购置"]'::json, 10058, '["航天算力研究院"]'::json, '["东方航宇研究院"]'::json, '[]'::json, '["高婷平", "曹磊洋"]'::json, '["林峰", "梁娟军", "孙伟娟", "罗瑞文博"]'::json, '["针对航空航天领域关键需求立项"]'::json, '突破航空航天关键技术，形成自主可控能力。', '["航空航天理论研究", "航空航天工程化", "航空航天应用验证"]'::json, '["航空航天", "脑机接口"]'::json, '["2022年完成方案论证", "2023年进入工程研制"]'::json, '成果可应用于相关产业领域。', '[{"date": "2020-07-17", "event": "阶段评审"}]'::json, 20.0, 10.0, '重大专项', NULL, 0.871, 0.738, '2026-06-15T12:00:00+00:00', '2026-06-15T12:00:00+00:00');
INSERT INTO project_history (project_id, change_date, change_description, created_at, updated_at) VALUES ('PROJECT_S_d7efd500908b49ef', '2019-04-17', '立项批复', '2026-06-15T12:00:00+00:00', '2026-06-15T12:00:00+00:00');
INSERT INTO project_history (project_id, change_date, change_description, created_at, updated_at) VALUES ('PROJECT_S_d7efd500908b49ef', '2019-07-23', '通过中期评审', '2026-06-15T12:00:00+00:00', '2026-06-15T12:00:00+00:00');
INSERT INTO project_history (project_id, change_date, change_description, created_at, updated_at) VALUES ('PROJECT_S_d7efd500908b49ef', '2021-04-17', '转入工程阶段', '2026-06-15T12:00:00+00:00', '2026-06-15T12:00:00+00:00');
INSERT INTO project_budget (project_id, budget_date, amount, created_at, updated_at) VALUES ('PROJECT_S_d7efd500908b49ef', '2024-02-05', 800.0, '2026-06-15T12:00:00+00:00', '2026-06-15T12:00:00+00:00');
INSERT INTO project_budget (project_id, budget_date, amount, created_at, updated_at) VALUES ('PROJECT_S_d7efd500908b49ef', '2024-08-25', 200.0, '2026-06-15T12:00:00+00:00', '2026-06-15T12:00:00+00:00');
INSERT INTO project_output (project_id, name_history, formed_at, tech_domains, owner_orgs, related_projects, attachments, created_at, updated_at) VALUES ('PROJECT_S_d7efd500908b49ef', '航空航天样机', '2024-01-02', '["航空航天", "脑机接口"]'::json, '["航天算力研究院"]'::json, '[]'::json, '[]'::json, '2026-06-15T12:00:00+00:00', '2026-06-15T12:00:00+00:00');
INSERT INTO entity_change_log (entity_id, entity_type, field, old_value, new_value, method, operator, source_doc_id, reason, changed_at) VALUES ('PROJECT_S_d7efd500908b49ef', 'project', '*', NULL, '{"action": "create"}'::json, 'rule', NULL, 'mock_seed', NULL, '2026-06-15T12:00:00+00:00');
INSERT INTO project_profile (project_id, name_cn, name_en, name_other, tech_domain, sub_tech_domain, start_date, cancel_date, finish_date, status, budget_activities, project_no, main_orgs, undertaking_orgs, undertaking_enterprises, managers, researchers, background, research_goal, research_content, keywords, progress, application_prospect, key_dates, total_budget_million_usd, invested_million_usd, parent_package_name, previous_phase_name, confidence, completeness, created_at, updated_at) VALUES ('PROJECT_S_597396172d2678dc', '["基础深海潜水器工程"]'::json, '["Project-059"]'::json, '[]'::json, '["量子计算", "5G通信"]'::json, '["大模型"]'::json, '2023-02-10', NULL, NULL, '["暂停"]'::json, '["设备购置"]'::json, 10059, '["中聚变研究所"]'::json, '["航天航宇研究院", "新芯创科技"]'::json, '[]'::json, '["许军峰"]'::json, '["韩建华", "邓晓东", "许明瑞", "唐洋磊"]'::json, '["针对量子计算领域关键需求立项"]'::json, '突破量子计算关键技术，形成自主可控能力。', '["量子计算理论研究", "量子计算工程化", "量子计算应用验证"]'::json, '["量子计算", "5G通信"]'::json, '["2023年完成方案论证", "2024年进入工程研制"]'::json, '成果可应用于相关产业领域。', '[{"date": "2022-04-08", "event": "阶段评审"}]'::json, 300.0, 2.0, '重大专项', NULL, 0.825, 0.853, '2026-06-15T12:00:00+00:00', '2026-06-15T12:00:00+00:00');
INSERT INTO project_history (project_id, change_date, change_description, created_at, updated_at) VALUES ('PROJECT_S_597396172d2678dc', '2022-07-08', '立项批复', '2026-06-15T12:00:00+00:00', '2026-06-15T12:00:00+00:00');
INSERT INTO project_history (project_id, change_date, change_description, created_at, updated_at) VALUES ('PROJECT_S_597396172d2678dc', '2024-07-15', '通过中期评审', '2026-06-15T12:00:00+00:00', '2026-06-15T12:00:00+00:00');
INSERT INTO project_history (project_id, change_date, change_description, created_at, updated_at) VALUES ('PROJECT_S_597396172d2678dc', '2020-04-08', '转入工程阶段', '2026-06-15T12:00:00+00:00', '2026-06-15T12:00:00+00:00');
INSERT INTO project_budget (project_id, budget_date, amount, created_at, updated_at) VALUES ('PROJECT_S_597396172d2678dc', '2021-10-04', 200.0, '2026-06-15T12:00:00+00:00', '2026-06-15T12:00:00+00:00');
INSERT INTO project_output (project_id, name_history, formed_at, tech_domains, owner_orgs, related_projects, attachments, created_at, updated_at) VALUES ('PROJECT_S_597396172d2678dc', '量子计算成果', '2022-11-10', '["量子计算", "5G通信"]'::json, '["中聚变研究所"]'::json, '[]'::json, '[]'::json, '2026-06-15T12:00:00+00:00', '2026-06-15T12:00:00+00:00');
INSERT INTO entity_change_log (entity_id, entity_type, field, old_value, new_value, method, operator, source_doc_id, reason, changed_at) VALUES ('PROJECT_S_597396172d2678dc', 'project', '*', NULL, '{"action": "create"}'::json, 'rule', NULL, 'mock_seed', NULL, '2026-06-15T12:00:00+00:00');
INSERT INTO project_profile (project_id, name_cn, name_en, name_other, tech_domain, sub_tech_domain, start_date, cancel_date, finish_date, status, budget_activities, project_no, main_orgs, undertaking_orgs, undertaking_enterprises, managers, researchers, background, research_goal, research_content, keywords, progress, application_prospect, key_dates, total_budget_million_usd, invested_million_usd, parent_package_name, previous_phase_name, confidence, completeness, created_at, updated_at) VALUES ('PROJECT_S_2b319c293d8d88de', '["应用mRNA疫苗计划"]'::json, '["Project-060"]'::json, '[]'::json, '["新能源", "航空航天"]'::json, '["基因编辑"]'::json, '2022-02-16', NULL, NULL, '["暂停"]'::json, '["设备购置"]'::json, 10060, '["东方未来研究院"]'::json, '["国生医集团"]'::json, '[]'::json, '["黄娟"]'::json, '["徐明涛", "陈伟婷", "罗峰", "杨娟涛"]'::json, '["针对航空航天领域关键需求立项"]'::json, '突破航空航天关键技术，形成自主可控能力。', '["航空航天理论研究", "航空航天工程化", "航空航天应用验证"]'::json, '["新能源", "航空航天"]'::json, '["2022年完成方案论证", "2023年进入工程研制"]'::json, '成果可应用于相关产业领域。', '[{"date": "2020-08-16", "event": "阶段评审"}]'::json, 20.0, 80.0, NULL, NULL, 0.819, 0.637, '2026-06-15T12:00:00+00:00', '2026-06-15T12:00:00+00:00');
INSERT INTO project_history (project_id, change_date, change_description, created_at, updated_at) VALUES ('PROJECT_S_2b319c293d8d88de', '2019-03-26', '立项批复', '2026-06-15T12:00:00+00:00', '2026-06-15T12:00:00+00:00');
INSERT INTO project_history (project_id, change_date, change_description, created_at, updated_at) VALUES ('PROJECT_S_2b319c293d8d88de', '2024-01-04', '通过中期评审', '2026-06-15T12:00:00+00:00', '2026-06-15T12:00:00+00:00');
INSERT INTO project_history (project_id, change_date, change_description, created_at, updated_at) VALUES ('PROJECT_S_2b319c293d8d88de', '2021-10-03', '转入工程阶段', '2026-06-15T12:00:00+00:00', '2026-06-15T12:00:00+00:00');
INSERT INTO project_budget (project_id, budget_date, amount, created_at, updated_at) VALUES ('PROJECT_S_2b319c293d8d88de', '2024-06-12', 2000.0, '2026-06-15T12:00:00+00:00', '2026-06-15T12:00:00+00:00');
INSERT INTO project_budget (project_id, budget_date, amount, created_at, updated_at) VALUES ('PROJECT_S_2b319c293d8d88de', '2023-09-27', 50.0, '2026-06-15T12:00:00+00:00', '2026-06-15T12:00:00+00:00');
INSERT INTO project_budget (project_id, budget_date, amount, created_at, updated_at) VALUES ('PROJECT_S_2b319c293d8d88de', '2020-02-07', 800.0, '2026-06-15T12:00:00+00:00', '2026-06-15T12:00:00+00:00');
INSERT INTO project_output (project_id, name_history, formed_at, tech_domains, owner_orgs, related_projects, attachments, created_at, updated_at) VALUES ('PROJECT_S_2b319c293d8d88de', '航空航天关键技术', '2024-05-08', '["新能源", "航空航天"]'::json, '["东方未来研究院"]'::json, '[]'::json, '[]'::json, '2026-06-15T12:00:00+00:00', '2026-06-15T12:00:00+00:00');
INSERT INTO project_output (project_id, name_history, formed_at, tech_domains, owner_orgs, related_projects, attachments, created_at, updated_at) VALUES ('PROJECT_S_2b319c293d8d88de', '航空航天关键技术', '2023-11-22', '["新能源", "航空航天"]'::json, '["东方未来研究院"]'::json, '[]'::json, '[]'::json, '2026-06-15T12:00:00+00:00', '2026-06-15T12:00:00+00:00');
INSERT INTO entity_change_log (entity_id, entity_type, field, old_value, new_value, method, operator, source_doc_id, reason, changed_at) VALUES ('PROJECT_S_2b319c293d8d88de', 'project', '*', NULL, '{"action": "create"}'::json, 'rule', NULL, 'mock_seed', NULL, '2026-06-15T12:00:00+00:00');
INSERT INTO project_profile (project_id, name_cn, name_en, name_other, tech_domain, sub_tech_domain, start_date, cancel_date, finish_date, status, budget_activities, project_no, main_orgs, undertaking_orgs, undertaking_enterprises, managers, researchers, background, research_goal, research_content, keywords, progress, application_prospect, key_dates, total_budget_million_usd, invested_million_usd, parent_package_name, previous_phase_name, confidence, completeness, created_at, updated_at) VALUES ('PROJECT_S_a46c3f2ce81d5dec', '["应用深海潜水器课题"]'::json, '["Project-061"]'::json, '[]'::json, '["量子计算", "网络安全"]'::json, '["碳捕集"]'::json, '2024-06-02', NULL, NULL, '["暂停"]'::json, '["国际合作"]'::json, 10061, '["国先进研究所"]'::json, '["华光电集团", "中科聚变集团"]'::json, '[]'::json, '["梁建华"]'::json, '["梁娟军", "吴峰", "罗超", "林瑞"]'::json, '["针对量子计算领域关键需求立项"]'::json, '突破量子计算关键技术，形成自主可控能力。', '["量子计算理论研究", "量子计算工程化", "量子计算应用验证"]'::json, '["量子计算", "网络安全"]'::json, '["2024年完成方案论证", "2025年进入工程研制"]'::json, '成果可应用于相关产业领域。', '[{"date": "2023-12-20", "event": "阶段评审"}]'::json, 50.0, 2.0, '重点研发', NULL, 0.841, 0.771, '2026-06-15T12:00:00+00:00', '2026-06-15T12:00:00+00:00');
INSERT INTO project_history (project_id, change_date, change_description, created_at, updated_at) VALUES ('PROJECT_S_a46c3f2ce81d5dec', '2020-12-23', '立项批复', '2026-06-15T12:00:00+00:00', '2026-06-15T12:00:00+00:00');
INSERT INTO project_history (project_id, change_date, change_description, created_at, updated_at) VALUES ('PROJECT_S_a46c3f2ce81d5dec', '2019-10-17', '通过中期评审', '2026-06-15T12:00:00+00:00', '2026-06-15T12:00:00+00:00');
INSERT INTO project_history (project_id, change_date, change_description, created_at, updated_at) VALUES ('PROJECT_S_a46c3f2ce81d5dec', '2021-02-10', '转入工程阶段', '2026-06-15T12:00:00+00:00', '2026-06-15T12:00:00+00:00');
INSERT INTO project_budget (project_id, budget_date, amount, created_at, updated_at) VALUES ('PROJECT_S_a46c3f2ce81d5dec', '2023-10-26', 50.0, '2026-06-15T12:00:00+00:00', '2026-06-15T12:00:00+00:00');
INSERT INTO project_budget (project_id, budget_date, amount, created_at, updated_at) VALUES ('PROJECT_S_a46c3f2ce81d5dec', '2023-04-24', 200.0, '2026-06-15T12:00:00+00:00', '2026-06-15T12:00:00+00:00');
INSERT INTO project_budget (project_id, budget_date, amount, created_at, updated_at) VALUES ('PROJECT_S_a46c3f2ce81d5dec', '2023-02-14', 50.0, '2026-06-15T12:00:00+00:00', '2026-06-15T12:00:00+00:00');
INSERT INTO project_output (project_id, name_history, formed_at, tech_domains, owner_orgs, related_projects, attachments, created_at, updated_at) VALUES ('PROJECT_S_a46c3f2ce81d5dec', '量子计算样机', '2022-06-09', '["量子计算", "网络安全"]'::json, '["国先进研究所"]'::json, '[]'::json, '[]'::json, '2026-06-15T12:00:00+00:00', '2026-06-15T12:00:00+00:00');
INSERT INTO project_output (project_id, name_history, formed_at, tech_domains, owner_orgs, related_projects, attachments, created_at, updated_at) VALUES ('PROJECT_S_a46c3f2ce81d5dec', '量子计算关键技术', '2024-03-07', '["量子计算", "网络安全"]'::json, '["国先进研究所"]'::json, '[]'::json, '[]'::json, '2026-06-15T12:00:00+00:00', '2026-06-15T12:00:00+00:00');
INSERT INTO project_output (project_id, name_history, formed_at, tech_domains, owner_orgs, related_projects, attachments, created_at, updated_at) VALUES ('PROJECT_S_a46c3f2ce81d5dec', '量子计算样机', '2023-09-14', '["量子计算", "网络安全"]'::json, '["国先进研究所"]'::json, '[]'::json, '[]'::json, '2026-06-15T12:00:00+00:00', '2026-06-15T12:00:00+00:00');
INSERT INTO entity_change_log (entity_id, entity_type, field, old_value, new_value, method, operator, source_doc_id, reason, changed_at) VALUES ('PROJECT_S_a46c3f2ce81d5dec', 'project', '*', NULL, '{"action": "create"}'::json, 'rule', NULL, 'mock_seed', NULL, '2026-06-15T12:00:00+00:00');
INSERT INTO project_profile (project_id, name_cn, name_en, name_other, tech_domain, sub_tech_domain, start_date, cancel_date, finish_date, status, budget_activities, project_no, main_orgs, undertaking_orgs, undertaking_enterprises, managers, researchers, background, research_goal, research_content, keywords, progress, application_prospect, key_dates, total_budget_million_usd, invested_million_usd, parent_package_name, previous_phase_name, confidence, completeness, created_at, updated_at) VALUES ('PROJECT_S_e405b45d8824c05d', '["重点毫米波雷达项目"]'::json, '["Project-062"]'::json, '[]'::json, '["量子计算", "6G通信"]'::json, '["增材制造"]'::json, '2022-05-17', NULL, NULL, '["验收"]'::json, '["设备购置"]'::json, 10062, '["中聚变集团"]'::json, '["航天脑科学高科", "中聚变研究所"]'::json, '["中聚变研究所"]'::json, '["彭雪松"]'::json, '["周伟杰", "韩建华", "林瑞", "吴宁"]'::json, '["针对6G通信领域关键需求立项"]'::json, '突破6G通信关键技术，形成自主可控能力。', '["6G通信理论研究", "6G通信工程化", "6G通信应用验证"]'::json, '["量子计算", "6G通信"]'::json, '["2022年完成方案论证", "2023年进入工程研制"]'::json, '成果可应用于相关产业领域。', '[{"date": "2022-07-12", "event": "阶段评审"}]'::json, 50.0, 30.0, NULL, NULL, 0.957, 0.561, '2026-06-15T12:00:00+00:00', '2026-06-15T12:00:00+00:00');
INSERT INTO project_history (project_id, change_date, change_description, created_at, updated_at) VALUES ('PROJECT_S_e405b45d8824c05d', '2022-07-25', '立项批复', '2026-06-15T12:00:00+00:00', '2026-06-15T12:00:00+00:00');
INSERT INTO project_history (project_id, change_date, change_description, created_at, updated_at) VALUES ('PROJECT_S_e405b45d8824c05d', '2019-09-25', '通过中期评审', '2026-06-15T12:00:00+00:00', '2026-06-15T12:00:00+00:00');
INSERT INTO project_history (project_id, change_date, change_description, created_at, updated_at) VALUES ('PROJECT_S_e405b45d8824c05d', '2019-03-25', '转入工程阶段', '2026-06-15T12:00:00+00:00', '2026-06-15T12:00:00+00:00');
INSERT INTO project_budget (project_id, budget_date, amount, created_at, updated_at) VALUES ('PROJECT_S_e405b45d8824c05d', '2021-10-21', 2000.0, '2026-06-15T12:00:00+00:00', '2026-06-15T12:00:00+00:00');
INSERT INTO project_output (project_id, name_history, formed_at, tech_domains, owner_orgs, related_projects, attachments, created_at, updated_at) VALUES ('PROJECT_S_e405b45d8824c05d', '6G通信关键技术', '2021-09-20', '["量子计算", "6G通信"]'::json, '["中聚变集团"]'::json, '[]'::json, '[]'::json, '2026-06-15T12:00:00+00:00', '2026-06-15T12:00:00+00:00');
INSERT INTO project_output (project_id, name_history, formed_at, tech_domains, owner_orgs, related_projects, attachments, created_at, updated_at) VALUES ('PROJECT_S_e405b45d8824c05d', '6G通信关键技术', '2021-04-15', '["量子计算", "6G通信"]'::json, '["中聚变集团"]'::json, '[]'::json, '[]'::json, '2026-06-15T12:00:00+00:00', '2026-06-15T12:00:00+00:00');
INSERT INTO project_output (project_id, name_history, formed_at, tech_domains, owner_orgs, related_projects, attachments, created_at, updated_at) VALUES ('PROJECT_S_e405b45d8824c05d', '6G通信关键技术', '2024-04-18', '["量子计算", "6G通信"]'::json, '["中聚变集团"]'::json, '[]'::json, '[]'::json, '2026-06-15T12:00:00+00:00', '2026-06-15T12:00:00+00:00');
INSERT INTO entity_change_log (entity_id, entity_type, field, old_value, new_value, method, operator, source_doc_id, reason, changed_at) VALUES ('PROJECT_S_e405b45d8824c05d', 'project', '*', NULL, '{"action": "create"}'::json, 'rule', NULL, 'mock_seed', NULL, '2026-06-15T12:00:00+00:00');
INSERT INTO project_profile (project_id, name_cn, name_en, name_other, tech_domain, sub_tech_domain, start_date, cancel_date, finish_date, status, budget_activities, project_no, main_orgs, undertaking_orgs, undertaking_enterprises, managers, researchers, background, research_goal, research_content, keywords, progress, application_prospect, key_dates, total_budget_million_usd, invested_million_usd, parent_package_name, previous_phase_name, confidence, completeness, created_at, updated_at) VALUES ('PROJECT_S_207cde60fc314a60', '["重点碳化硅功率器件任务"]'::json, '["Project-063"]'::json, '[]'::json, '["5G通信", "半导体"]'::json, '["5G通信"]'::json, '2018-01-04', NULL, NULL, '["在研"]'::json, '["人员经费"]'::json, 10063, '["东方脑科学实验室"]'::json, '["国生医研究所", "北方前沿实验室"]'::json, '[]'::json, '["胡宇航艳", "何洋雪松"]'::json, '["朱晓东", "邓桂英磊"]'::json, '["针对5G通信领域关键需求立项"]'::json, '突破5G通信关键技术，形成自主可控能力。', '["5G通信理论研究", "5G通信工程化", "5G通信应用验证"]'::json, '["5G通信", "半导体"]'::json, '["2018年完成方案论证", "2019年进入工程研制"]'::json, '成果可应用于相关产业领域。', '[{"date": "2022-10-27", "event": "阶段评审"}]'::json, 50.0, 30.0, NULL, NULL, 0.91, 0.785, '2026-06-15T12:00:00+00:00', '2026-06-15T12:00:00+00:00');
INSERT INTO project_history (project_id, change_date, change_description, created_at, updated_at) VALUES ('PROJECT_S_207cde60fc314a60', '2021-05-07', '立项批复', '2026-06-15T12:00:00+00:00', '2026-06-15T12:00:00+00:00');
INSERT INTO project_history (project_id, change_date, change_description, created_at, updated_at) VALUES ('PROJECT_S_207cde60fc314a60', '2022-02-22', '通过中期评审', '2026-06-15T12:00:00+00:00', '2026-06-15T12:00:00+00:00');
INSERT INTO project_history (project_id, change_date, change_description, created_at, updated_at) VALUES ('PROJECT_S_207cde60fc314a60', '2020-07-09', '转入工程阶段', '2026-06-15T12:00:00+00:00', '2026-06-15T12:00:00+00:00');
INSERT INTO project_budget (project_id, budget_date, amount, created_at, updated_at) VALUES ('PROJECT_S_207cde60fc314a60', '2021-11-05', 50.0, '2026-06-15T12:00:00+00:00', '2026-06-15T12:00:00+00:00');
INSERT INTO project_budget (project_id, budget_date, amount, created_at, updated_at) VALUES ('PROJECT_S_207cde60fc314a60', '2024-01-20', 50.0, '2026-06-15T12:00:00+00:00', '2026-06-15T12:00:00+00:00');
INSERT INTO project_output (project_id, name_history, formed_at, tech_domains, owner_orgs, related_projects, attachments, created_at, updated_at) VALUES ('PROJECT_S_207cde60fc314a60', '5G通信成果', '2024-04-22', '["5G通信", "半导体"]'::json, '["东方脑科学实验室"]'::json, '[]'::json, '[]'::json, '2026-06-15T12:00:00+00:00', '2026-06-15T12:00:00+00:00');
INSERT INTO entity_change_log (entity_id, entity_type, field, old_value, new_value, method, operator, source_doc_id, reason, changed_at) VALUES ('PROJECT_S_207cde60fc314a60', 'project', '*', NULL, '{"action": "create"}'::json, 'rule', NULL, 'mock_seed', NULL, '2026-06-15T12:00:00+00:00');
INSERT INTO project_profile (project_id, name_cn, name_en, name_other, tech_domain, sub_tech_domain, start_date, cancel_date, finish_date, status, budget_activities, project_no, main_orgs, undertaking_orgs, undertaking_enterprises, managers, researchers, background, research_goal, research_content, keywords, progress, application_prospect, key_dates, total_budget_million_usd, invested_million_usd, parent_package_name, previous_phase_name, confidence, completeness, created_at, updated_at) VALUES ('PROJECT_S_916a55a57902d1d9', '["基础神经形态芯片工程"]'::json, '["Project-064"]'::json, '[]'::json, '["人工智能", "深海装备"]'::json, '["新能源"]'::json, '2020-01-23', NULL, NULL, '["验收"]'::json, '["试验验证"]'::json, 10064, '["航天脑科学高科"]'::json, '["东方芯创集团"]'::json, '[]'::json, '["孙伟娟", "韩艳强"]'::json, '["杨婷", "林雪松", "吴峰"]'::json, '["针对深海装备领域关键需求立项"]'::json, '突破深海装备关键技术，形成自主可控能力。', '["深海装备理论研究", "深海装备工程化", "深海装备应用验证"]'::json, '["人工智能", "深海装备"]'::json, '["2020年完成方案论证", "2021年进入工程研制"]'::json, '成果可应用于相关产业领域。', '[{"date": "2023-10-19", "event": "阶段评审"}]'::json, 300.0, 2.0, '重点研发', NULL, 0.73, 0.73, '2026-06-15T12:00:00+00:00', '2026-06-15T12:00:00+00:00');
INSERT INTO project_history (project_id, change_date, change_description, created_at, updated_at) VALUES ('PROJECT_S_916a55a57902d1d9', '2021-09-25', '立项批复', '2026-06-15T12:00:00+00:00', '2026-06-15T12:00:00+00:00');
INSERT INTO project_history (project_id, change_date, change_description, created_at, updated_at) VALUES ('PROJECT_S_916a55a57902d1d9', '2022-10-21', '通过中期评审', '2026-06-15T12:00:00+00:00', '2026-06-15T12:00:00+00:00');
INSERT INTO project_history (project_id, change_date, change_description, created_at, updated_at) VALUES ('PROJECT_S_916a55a57902d1d9', '2020-12-14', '转入工程阶段', '2026-06-15T12:00:00+00:00', '2026-06-15T12:00:00+00:00');
INSERT INTO project_budget (project_id, budget_date, amount, created_at, updated_at) VALUES ('PROJECT_S_916a55a57902d1d9', '2023-01-16', 50.0, '2026-06-15T12:00:00+00:00', '2026-06-15T12:00:00+00:00');
INSERT INTO project_budget (project_id, budget_date, amount, created_at, updated_at) VALUES ('PROJECT_S_916a55a57902d1d9', '2020-02-10', 50.0, '2026-06-15T12:00:00+00:00', '2026-06-15T12:00:00+00:00');
INSERT INTO project_output (project_id, name_history, formed_at, tech_domains, owner_orgs, related_projects, attachments, created_at, updated_at) VALUES ('PROJECT_S_916a55a57902d1d9', '深海装备关键技术', '2024-10-24', '["人工智能", "深海装备"]'::json, '["航天脑科学高科"]'::json, '[]'::json, '[]'::json, '2026-06-15T12:00:00+00:00', '2026-06-15T12:00:00+00:00');
INSERT INTO entity_change_log (entity_id, entity_type, field, old_value, new_value, method, operator, source_doc_id, reason, changed_at) VALUES ('PROJECT_S_916a55a57902d1d9', 'project', '*', NULL, '{"action": "create"}'::json, 'rule', NULL, 'mock_seed', NULL, '2026-06-15T12:00:00+00:00');
INSERT INTO project_profile (project_id, name_cn, name_en, name_other, tech_domain, sub_tech_domain, start_date, cancel_date, finish_date, status, budget_activities, project_no, main_orgs, undertaking_orgs, undertaking_enterprises, managers, researchers, background, research_goal, research_content, keywords, progress, application_prospect, key_dates, total_budget_million_usd, invested_million_usd, parent_package_name, previous_phase_name, confidence, completeness, created_at, updated_at) VALUES ('PROJECT_S_1c868d55558db54e', '["基础神经网络芯片任务"]'::json, '["Project-065"]'::json, '[]'::json, '["人工智能", "卫星互联网"]'::json, '["深海装备"]'::json, '2019-08-17', NULL, NULL, '["立项"]'::json, '["设备购置"]'::json, 10065, '["航天芯创科技"]'::json, '["北方光电研究院"]'::json, '[]'::json, '["韩文博娟", "孙伟娟"]'::json, '["周艳", "王婷磊"]'::json, '["针对人工智能领域关键需求立项"]'::json, '突破人工智能关键技术，形成自主可控能力。', '["人工智能理论研究", "人工智能工程化", "人工智能应用验证"]'::json, '["人工智能", "卫星互联网"]'::json, '["2019年完成方案论证", "2020年进入工程研制"]'::json, '成果可应用于相关产业领域。', '[{"date": "2023-07-21", "event": "阶段评审"}]'::json, 120.0, 80.0, NULL, NULL, 0.817, 0.733, '2026-06-15T12:00:00+00:00', '2026-06-15T12:00:00+00:00');
INSERT INTO project_history (project_id, change_date, change_description, created_at, updated_at) VALUES ('PROJECT_S_1c868d55558db54e', '2019-03-16', '立项批复', '2026-06-15T12:00:00+00:00', '2026-06-15T12:00:00+00:00');
INSERT INTO project_history (project_id, change_date, change_description, created_at, updated_at) VALUES ('PROJECT_S_1c868d55558db54e', '2022-04-26', '通过中期评审', '2026-06-15T12:00:00+00:00', '2026-06-15T12:00:00+00:00');
INSERT INTO project_history (project_id, change_date, change_description, created_at, updated_at) VALUES ('PROJECT_S_1c868d55558db54e', '2020-09-13', '转入工程阶段', '2026-06-15T12:00:00+00:00', '2026-06-15T12:00:00+00:00');
INSERT INTO project_budget (project_id, budget_date, amount, created_at, updated_at) VALUES ('PROJECT_S_1c868d55558db54e', '2023-05-19', 200.0, '2026-06-15T12:00:00+00:00', '2026-06-15T12:00:00+00:00');
INSERT INTO project_budget (project_id, budget_date, amount, created_at, updated_at) VALUES ('PROJECT_S_1c868d55558db54e', '2021-09-15', 2000.0, '2026-06-15T12:00:00+00:00', '2026-06-15T12:00:00+00:00');
INSERT INTO project_output (project_id, name_history, formed_at, tech_domains, owner_orgs, related_projects, attachments, created_at, updated_at) VALUES ('PROJECT_S_1c868d55558db54e', '人工智能样机', '2022-12-21', '["人工智能", "卫星互联网"]'::json, '["航天芯创科技"]'::json, '[]'::json, '[]'::json, '2026-06-15T12:00:00+00:00', '2026-06-15T12:00:00+00:00');
INSERT INTO entity_change_log (entity_id, entity_type, field, old_value, new_value, method, operator, source_doc_id, reason, changed_at) VALUES ('PROJECT_S_1c868d55558db54e', 'project', '*', NULL, '{"action": "create"}'::json, 'rule', NULL, 'mock_seed', NULL, '2026-06-15T12:00:00+00:00');
INSERT INTO project_profile (project_id, name_cn, name_en, name_other, tech_domain, sub_tech_domain, start_date, cancel_date, finish_date, status, budget_activities, project_no, main_orgs, undertaking_orgs, undertaking_enterprises, managers, researchers, background, research_goal, research_content, keywords, progress, application_prospect, key_dates, total_budget_million_usd, invested_million_usd, parent_package_name, previous_phase_name, confidence, completeness, created_at, updated_at) VALUES ('PROJECT_S_4f39eab6ae80cd9f', '["基础可重复使用火箭工程"]'::json, '["Project-066"]'::json, '[]'::json, '["增材制造", "人工智能"]'::json, '["航空航天", "量子计算"]'::json, '2019-07-19', NULL, '2019-07-19', '["暂停"]'::json, '["设备购置"]'::json, 10066, '["东方聚变实验室"]'::json, '["国航宇高科", "中光电实验室"]'::json, '[]'::json, '["邓晓东", "杨磊明"]'::json, '["黄斌磊", "王娟", "马雪松", "邓晓东"]'::json, '["针对增材制造领域关键需求立项"]'::json, '突破增材制造关键技术，形成自主可控能力。', '["增材制造理论研究", "增材制造工程化", "增材制造应用验证"]'::json, '["增材制造", "人工智能"]'::json, '["2019年完成方案论证", "2020年进入工程研制"]'::json, '成果可应用于相关产业领域。', '[{"date": "2020-11-07", "event": "阶段评审"}]'::json, 20.0, 30.0, NULL, NULL, 0.75, 0.893, '2026-06-15T12:00:00+00:00', '2026-06-15T12:00:00+00:00');
INSERT INTO project_history (project_id, change_date, change_description, created_at, updated_at) VALUES ('PROJECT_S_4f39eab6ae80cd9f', '2020-07-14', '立项批复', '2026-06-15T12:00:00+00:00', '2026-06-15T12:00:00+00:00');
INSERT INTO project_history (project_id, change_date, change_description, created_at, updated_at) VALUES ('PROJECT_S_4f39eab6ae80cd9f', '2024-08-10', '通过中期评审', '2026-06-15T12:00:00+00:00', '2026-06-15T12:00:00+00:00');
INSERT INTO project_history (project_id, change_date, change_description, created_at, updated_at) VALUES ('PROJECT_S_4f39eab6ae80cd9f', '2019-11-01', '转入工程阶段', '2026-06-15T12:00:00+00:00', '2026-06-15T12:00:00+00:00');
INSERT INTO project_budget (project_id, budget_date, amount, created_at, updated_at) VALUES ('PROJECT_S_4f39eab6ae80cd9f', '2023-03-28', 200.0, '2026-06-15T12:00:00+00:00', '2026-06-15T12:00:00+00:00');
INSERT INTO project_budget (project_id, budget_date, amount, created_at, updated_at) VALUES ('PROJECT_S_4f39eab6ae80cd9f', '2022-08-11', 50.0, '2026-06-15T12:00:00+00:00', '2026-06-15T12:00:00+00:00');
INSERT INTO project_budget (project_id, budget_date, amount, created_at, updated_at) VALUES ('PROJECT_S_4f39eab6ae80cd9f', '2024-01-17', 50.0, '2026-06-15T12:00:00+00:00', '2026-06-15T12:00:00+00:00');
INSERT INTO project_output (project_id, name_history, formed_at, tech_domains, owner_orgs, related_projects, attachments, created_at, updated_at) VALUES ('PROJECT_S_4f39eab6ae80cd9f', '增材制造关键技术', '2024-04-01', '["增材制造", "人工智能"]'::json, '["东方聚变实验室"]'::json, '[]'::json, '[]'::json, '2026-06-15T12:00:00+00:00', '2026-06-15T12:00:00+00:00');
INSERT INTO project_output (project_id, name_history, formed_at, tech_domains, owner_orgs, related_projects, attachments, created_at, updated_at) VALUES ('PROJECT_S_4f39eab6ae80cd9f', '增材制造关键技术', '2023-04-26', '["增材制造", "人工智能"]'::json, '["东方聚变实验室"]'::json, '[]'::json, '[]'::json, '2026-06-15T12:00:00+00:00', '2026-06-15T12:00:00+00:00');
INSERT INTO entity_change_log (entity_id, entity_type, field, old_value, new_value, method, operator, source_doc_id, reason, changed_at) VALUES ('PROJECT_S_4f39eab6ae80cd9f', 'project', '*', NULL, '{"action": "create"}'::json, 'rule', NULL, 'mock_seed', NULL, '2026-06-15T12:00:00+00:00');
INSERT INTO project_profile (project_id, name_cn, name_en, name_other, tech_domain, sub_tech_domain, start_date, cancel_date, finish_date, status, budget_activities, project_no, main_orgs, undertaking_orgs, undertaking_enterprises, managers, researchers, background, research_goal, research_content, keywords, progress, application_prospect, key_dates, total_budget_million_usd, invested_million_usd, parent_package_name, previous_phase_name, confidence, completeness, created_at, updated_at) VALUES ('PROJECT_S_701001950518a8a1', '["重点固态电池计划"]'::json, '["Project-067"]'::json, '[]'::json, '["先进算力", "6G通信"]'::json, '["深海装备", "5G通信"]'::json, '2018-01-12', NULL, '2018-01-12', '["验收"]'::json, '["试验验证"]'::json, 10067, '["新光电集团"]'::json, '["东方航宇研究院", "新芯创高科"]'::json, '[]'::json, '["唐刚", "罗瑞文博"]'::json, '["曹峰婷", "黄斌磊"]'::json, '["针对先进算力领域关键需求立项"]'::json, '突破先进算力关键技术，形成自主可控能力。', '["先进算力理论研究", "先进算力工程化", "先进算力应用验证"]'::json, '["先进算力", "6G通信"]'::json, '["2018年完成方案论证", "2019年进入工程研制"]'::json, '成果可应用于相关产业领域。', '[{"date": "2021-04-13", "event": "阶段评审"}]'::json, 50.0, 80.0, NULL, NULL, 0.752, 0.694, '2026-06-15T12:00:00+00:00', '2026-06-15T12:00:00+00:00');
INSERT INTO project_history (project_id, change_date, change_description, created_at, updated_at) VALUES ('PROJECT_S_701001950518a8a1', '2024-04-14', '立项批复', '2026-06-15T12:00:00+00:00', '2026-06-15T12:00:00+00:00');
INSERT INTO project_history (project_id, change_date, change_description, created_at, updated_at) VALUES ('PROJECT_S_701001950518a8a1', '2023-12-11', '通过中期评审', '2026-06-15T12:00:00+00:00', '2026-06-15T12:00:00+00:00');
INSERT INTO project_history (project_id, change_date, change_description, created_at, updated_at) VALUES ('PROJECT_S_701001950518a8a1', '2019-09-22', '转入工程阶段', '2026-06-15T12:00:00+00:00', '2026-06-15T12:00:00+00:00');
INSERT INTO project_budget (project_id, budget_date, amount, created_at, updated_at) VALUES ('PROJECT_S_701001950518a8a1', '2021-05-13', 2000.0, '2026-06-15T12:00:00+00:00', '2026-06-15T12:00:00+00:00');
INSERT INTO project_budget (project_id, budget_date, amount, created_at, updated_at) VALUES ('PROJECT_S_701001950518a8a1', '2023-06-16', 50.0, '2026-06-15T12:00:00+00:00', '2026-06-15T12:00:00+00:00');
INSERT INTO project_output (project_id, name_history, formed_at, tech_domains, owner_orgs, related_projects, attachments, created_at, updated_at) VALUES ('PROJECT_S_701001950518a8a1', '先进算力成果', '2021-06-25', '["先进算力", "6G通信"]'::json, '["新光电集团"]'::json, '[]'::json, '[]'::json, '2026-06-15T12:00:00+00:00', '2026-06-15T12:00:00+00:00');
INSERT INTO project_output (project_id, name_history, formed_at, tech_domains, owner_orgs, related_projects, attachments, created_at, updated_at) VALUES ('PROJECT_S_701001950518a8a1', '先进算力样机', '2024-08-28', '["先进算力", "6G通信"]'::json, '["新光电集团"]'::json, '[]'::json, '[]'::json, '2026-06-15T12:00:00+00:00', '2026-06-15T12:00:00+00:00');
INSERT INTO project_output (project_id, name_history, formed_at, tech_domains, owner_orgs, related_projects, attachments, created_at, updated_at) VALUES ('PROJECT_S_701001950518a8a1', '先进算力关键技术', '2024-11-04', '["先进算力", "6G通信"]'::json, '["新光电集团"]'::json, '[]'::json, '[]'::json, '2026-06-15T12:00:00+00:00', '2026-06-15T12:00:00+00:00');
INSERT INTO entity_change_log (entity_id, entity_type, field, old_value, new_value, method, operator, source_doc_id, reason, changed_at) VALUES ('PROJECT_S_701001950518a8a1', 'project', '*', NULL, '{"action": "create"}'::json, 'rule', NULL, 'mock_seed', NULL, '2026-06-15T12:00:00+00:00');
INSERT INTO project_profile (project_id, name_cn, name_en, name_other, tech_domain, sub_tech_domain, start_date, cancel_date, finish_date, status, budget_activities, project_no, main_orgs, undertaking_orgs, undertaking_enterprises, managers, researchers, background, research_goal, research_content, keywords, progress, application_prospect, key_dates, total_budget_million_usd, invested_million_usd, parent_package_name, previous_phase_name, confidence, completeness, created_at, updated_at) VALUES ('PROJECT_S_9ca6b46281ad80c9', '["应用神经网络芯片工程"]'::json, '["Project-068"]'::json, '[]'::json, '["人工智能", "光电技术"]'::json, '["机器人"]'::json, '2020-12-09', NULL, NULL, '["在研"]'::json, '["设备购置"]'::json, 10068, '["远生医工程技术中心"]'::json, '["中科天网研究所"]'::json, '[]'::json, '["徐强", "冯昊"]'::json, '["韩文博娟", "杨磊明", "曹伟娟", "吴宁"]'::json, '["针对人工智能领域关键需求立项"]'::json, '突破人工智能关键技术，形成自主可控能力。', '["人工智能理论研究", "人工智能工程化", "人工智能应用验证"]'::json, '["人工智能", "光电技术"]'::json, '["2020年完成方案论证", "2021年进入工程研制"]'::json, '成果可应用于相关产业领域。', '[{"date": "2024-06-27", "event": "阶段评审"}]'::json, 20.0, 2.0, '重点研发', NULL, 0.912, 0.801, '2026-06-15T12:00:00+00:00', '2026-06-15T12:00:00+00:00');
INSERT INTO project_history (project_id, change_date, change_description, created_at, updated_at) VALUES ('PROJECT_S_9ca6b46281ad80c9', '2022-04-17', '立项批复', '2026-06-15T12:00:00+00:00', '2026-06-15T12:00:00+00:00');
INSERT INTO project_history (project_id, change_date, change_description, created_at, updated_at) VALUES ('PROJECT_S_9ca6b46281ad80c9', '2019-09-20', '通过中期评审', '2026-06-15T12:00:00+00:00', '2026-06-15T12:00:00+00:00');
INSERT INTO project_history (project_id, change_date, change_description, created_at, updated_at) VALUES ('PROJECT_S_9ca6b46281ad80c9', '2021-12-28', '转入工程阶段', '2026-06-15T12:00:00+00:00', '2026-06-15T12:00:00+00:00');
INSERT INTO project_budget (project_id, budget_date, amount, created_at, updated_at) VALUES ('PROJECT_S_9ca6b46281ad80c9', '2022-01-19', 50.0, '2026-06-15T12:00:00+00:00', '2026-06-15T12:00:00+00:00');
INSERT INTO project_output (project_id, name_history, formed_at, tech_domains, owner_orgs, related_projects, attachments, created_at, updated_at) VALUES ('PROJECT_S_9ca6b46281ad80c9', '人工智能成果', '2024-03-23', '["人工智能", "光电技术"]'::json, '["远生医工程技术中心"]'::json, '[]'::json, '[]'::json, '2026-06-15T12:00:00+00:00', '2026-06-15T12:00:00+00:00');
INSERT INTO entity_change_log (entity_id, entity_type, field, old_value, new_value, method, operator, source_doc_id, reason, changed_at) VALUES ('PROJECT_S_9ca6b46281ad80c9', 'project', '*', NULL, '{"action": "create"}'::json, 'rule', NULL, 'mock_seed', NULL, '2026-06-15T12:00:00+00:00');
INSERT INTO project_profile (project_id, name_cn, name_en, name_other, tech_domain, sub_tech_domain, start_date, cancel_date, finish_date, status, budget_activities, project_no, main_orgs, undertaking_orgs, undertaking_enterprises, managers, researchers, background, research_goal, research_content, keywords, progress, application_prospect, key_dates, total_budget_million_usd, invested_million_usd, parent_package_name, previous_phase_name, confidence, completeness, created_at, updated_at) VALUES ('PROJECT_S_b98cb3f759c9e0e1', '["前沿碳化硅功率器件计划"]'::json, '["Project-069"]'::json, '[]'::json, '["增材制造", "大模型"]'::json, '["储能"]'::json, '2023-10-18', NULL, '2023-10-18', '["验收"]'::json, '["人员经费"]'::json, 10069, '["中光电实验室"]'::json, '["航天芯创科技"]'::json, '[]'::json, '["李峰", "梁宇航平"]'::json, '["何雪松宇航", "罗峰昊", "韩斌文博", "韩平"]'::json, '["针对增材制造领域关键需求立项"]'::json, '突破增材制造关键技术，形成自主可控能力。', '["增材制造理论研究", "增材制造工程化", "增材制造应用验证"]'::json, '["增材制造", "大模型"]'::json, '["2023年完成方案论证", "2024年进入工程研制"]'::json, '成果可应用于相关产业领域。', '[{"date": "2022-04-04", "event": "阶段评审"}]'::json, 20.0, 10.0, '重点研发', NULL, 0.738, 0.906, '2026-06-15T12:00:00+00:00', '2026-06-15T12:00:00+00:00');
INSERT INTO project_history (project_id, change_date, change_description, created_at, updated_at) VALUES ('PROJECT_S_b98cb3f759c9e0e1', '2022-05-27', '立项批复', '2026-06-15T12:00:00+00:00', '2026-06-15T12:00:00+00:00');
INSERT INTO project_history (project_id, change_date, change_description, created_at, updated_at) VALUES ('PROJECT_S_b98cb3f759c9e0e1', '2020-04-19', '通过中期评审', '2026-06-15T12:00:00+00:00', '2026-06-15T12:00:00+00:00');
INSERT INTO project_history (project_id, change_date, change_description, created_at, updated_at) VALUES ('PROJECT_S_b98cb3f759c9e0e1', '2021-05-17', '转入工程阶段', '2026-06-15T12:00:00+00:00', '2026-06-15T12:00:00+00:00');
INSERT INTO project_budget (project_id, budget_date, amount, created_at, updated_at) VALUES ('PROJECT_S_b98cb3f759c9e0e1', '2022-04-19', 50.0, '2026-06-15T12:00:00+00:00', '2026-06-15T12:00:00+00:00');
INSERT INTO project_output (project_id, name_history, formed_at, tech_domains, owner_orgs, related_projects, attachments, created_at, updated_at) VALUES ('PROJECT_S_b98cb3f759c9e0e1', '增材制造样机', '2022-04-07', '["增材制造", "大模型"]'::json, '["中光电实验室"]'::json, '[]'::json, '[]'::json, '2026-06-15T12:00:00+00:00', '2026-06-15T12:00:00+00:00');
INSERT INTO entity_change_log (entity_id, entity_type, field, old_value, new_value, method, operator, source_doc_id, reason, changed_at) VALUES ('PROJECT_S_b98cb3f759c9e0e1', 'project', '*', NULL, '{"action": "create"}'::json, 'rule', NULL, 'mock_seed', NULL, '2026-06-15T12:00:00+00:00');
INSERT INTO project_profile (project_id, name_cn, name_en, name_other, tech_domain, sub_tech_domain, start_date, cancel_date, finish_date, status, budget_activities, project_no, main_orgs, undertaking_orgs, undertaking_enterprises, managers, researchers, background, research_goal, research_content, keywords, progress, application_prospect, key_dates, total_budget_million_usd, invested_million_usd, parent_package_name, previous_phase_name, confidence, completeness, created_at, updated_at) VALUES ('PROJECT_S_6e2cdf15ff710b7b', '["基础深海潜水器任务"]'::json, '["Project-070"]'::json, '[]'::json, '["新能源", "机器人"]'::json, '["脑机接口"]'::json, '2024-02-11', NULL, NULL, '["验收"]'::json, '["设备购置"]'::json, 10070, '["国前沿研究院"]'::json, '["远量子实验室", "东方未来研究院"]'::json, '["远量子实验室"]'::json, '["李瑞志强"]'::json, '["高婷平", "徐志强", "谢伟", "彭雪松"]'::json, '["针对新能源领域关键需求立项"]'::json, '突破新能源关键技术，形成自主可控能力。', '["新能源理论研究", "新能源工程化", "新能源应用验证"]'::json, '["新能源", "机器人"]'::json, '["2024年完成方案论证", "2025年进入工程研制"]'::json, '成果可应用于相关产业领域。', '[{"date": "2022-08-02", "event": "阶段评审"}]'::json, 20.0, 30.0, '重大专项', NULL, 0.732, 0.667, '2026-06-15T12:00:00+00:00', '2026-06-15T12:00:00+00:00');
INSERT INTO project_history (project_id, change_date, change_description, created_at, updated_at) VALUES ('PROJECT_S_6e2cdf15ff710b7b', '2019-02-04', '立项批复', '2026-06-15T12:00:00+00:00', '2026-06-15T12:00:00+00:00');
INSERT INTO project_history (project_id, change_date, change_description, created_at, updated_at) VALUES ('PROJECT_S_6e2cdf15ff710b7b', '2020-02-23', '通过中期评审', '2026-06-15T12:00:00+00:00', '2026-06-15T12:00:00+00:00');
INSERT INTO project_history (project_id, change_date, change_description, created_at, updated_at) VALUES ('PROJECT_S_6e2cdf15ff710b7b', '2022-11-13', '转入工程阶段', '2026-06-15T12:00:00+00:00', '2026-06-15T12:00:00+00:00');
INSERT INTO project_budget (project_id, budget_date, amount, created_at, updated_at) VALUES ('PROJECT_S_6e2cdf15ff710b7b', '2021-07-03', 50.0, '2026-06-15T12:00:00+00:00', '2026-06-15T12:00:00+00:00');
INSERT INTO project_budget (project_id, budget_date, amount, created_at, updated_at) VALUES ('PROJECT_S_6e2cdf15ff710b7b', '2023-09-24', 800.0, '2026-06-15T12:00:00+00:00', '2026-06-15T12:00:00+00:00');
INSERT INTO project_output (project_id, name_history, formed_at, tech_domains, owner_orgs, related_projects, attachments, created_at, updated_at) VALUES ('PROJECT_S_6e2cdf15ff710b7b', '新能源关键技术', '2021-11-21', '["新能源", "机器人"]'::json, '["国前沿研究院"]'::json, '[]'::json, '[]'::json, '2026-06-15T12:00:00+00:00', '2026-06-15T12:00:00+00:00');
INSERT INTO entity_change_log (entity_id, entity_type, field, old_value, new_value, method, operator, source_doc_id, reason, changed_at) VALUES ('PROJECT_S_6e2cdf15ff710b7b', 'project', '*', NULL, '{"action": "create"}'::json, 'rule', NULL, 'mock_seed', NULL, '2026-06-15T12:00:00+00:00');
INSERT INTO project_profile (project_id, name_cn, name_en, name_other, tech_domain, sub_tech_domain, start_date, cancel_date, finish_date, status, budget_activities, project_no, main_orgs, undertaking_orgs, undertaking_enterprises, managers, researchers, background, research_goal, research_content, keywords, progress, application_prospect, key_dates, total_budget_million_usd, invested_million_usd, parent_package_name, previous_phase_name, confidence, completeness, created_at, updated_at) VALUES ('PROJECT_S_6e2b274e09d4dece', '["应用量子纠错码专项"]'::json, '["Project-071"]'::json, '[]'::json, '["氢能", "先进算力"]'::json, '["脑机接口"]'::json, '2022-05-09', NULL, NULL, '["验收"]'::json, '["设备购置"]'::json, 10071, '["航天新材集团"]'::json, '["国前沿科技"]'::json, '[]'::json, '["徐志强"]'::json, '["吴宁", "赵婷建华"]'::json, '["针对氢能领域关键需求立项"]'::json, '突破氢能关键技术，形成自主可控能力。', '["氢能理论研究", "氢能工程化", "氢能应用验证"]'::json, '["氢能", "先进算力"]'::json, '["2022年完成方案论证", "2023年进入工程研制"]'::json, '成果可应用于相关产业领域。', '[{"date": "2021-05-22", "event": "阶段评审"}]'::json, 300.0, 2.0, '重点研发', NULL, 0.931, 0.787, '2026-06-15T12:00:00+00:00', '2026-06-15T12:00:00+00:00');
INSERT INTO project_history (project_id, change_date, change_description, created_at, updated_at) VALUES ('PROJECT_S_6e2b274e09d4dece', '2022-11-17', '立项批复', '2026-06-15T12:00:00+00:00', '2026-06-15T12:00:00+00:00');
INSERT INTO project_history (project_id, change_date, change_description, created_at, updated_at) VALUES ('PROJECT_S_6e2b274e09d4dece', '2019-09-21', '通过中期评审', '2026-06-15T12:00:00+00:00', '2026-06-15T12:00:00+00:00');
INSERT INTO project_history (project_id, change_date, change_description, created_at, updated_at) VALUES ('PROJECT_S_6e2b274e09d4dece', '2022-08-10', '转入工程阶段', '2026-06-15T12:00:00+00:00', '2026-06-15T12:00:00+00:00');
INSERT INTO project_budget (project_id, budget_date, amount, created_at, updated_at) VALUES ('PROJECT_S_6e2b274e09d4dece', '2021-01-11', 200.0, '2026-06-15T12:00:00+00:00', '2026-06-15T12:00:00+00:00');
INSERT INTO project_output (project_id, name_history, formed_at, tech_domains, owner_orgs, related_projects, attachments, created_at, updated_at) VALUES ('PROJECT_S_6e2b274e09d4dece', '氢能样机', '2023-07-01', '["氢能", "先进算力"]'::json, '["航天新材集团"]'::json, '[]'::json, '[]'::json, '2026-06-15T12:00:00+00:00', '2026-06-15T12:00:00+00:00');
INSERT INTO project_output (project_id, name_history, formed_at, tech_domains, owner_orgs, related_projects, attachments, created_at, updated_at) VALUES ('PROJECT_S_6e2b274e09d4dece', '氢能成果', '2021-10-03', '["氢能", "先进算力"]'::json, '["航天新材集团"]'::json, '[]'::json, '[]'::json, '2026-06-15T12:00:00+00:00', '2026-06-15T12:00:00+00:00');
INSERT INTO project_output (project_id, name_history, formed_at, tech_domains, owner_orgs, related_projects, attachments, created_at, updated_at) VALUES ('PROJECT_S_6e2b274e09d4dece', '氢能样机', '2023-12-13', '["氢能", "先进算力"]'::json, '["航天新材集团"]'::json, '[]'::json, '[]'::json, '2026-06-15T12:00:00+00:00', '2026-06-15T12:00:00+00:00');
INSERT INTO entity_change_log (entity_id, entity_type, field, old_value, new_value, method, operator, source_doc_id, reason, changed_at) VALUES ('PROJECT_S_6e2b274e09d4dece', 'project', '*', NULL, '{"action": "create"}'::json, 'rule', NULL, 'mock_seed', NULL, '2026-06-15T12:00:00+00:00');
INSERT INTO project_profile (project_id, name_cn, name_en, name_other, tech_domain, sub_tech_domain, start_date, cancel_date, finish_date, status, budget_activities, project_no, main_orgs, undertaking_orgs, undertaking_enterprises, managers, researchers, background, research_goal, research_content, keywords, progress, application_prospect, key_dates, total_budget_million_usd, invested_million_usd, parent_package_name, previous_phase_name, confidence, completeness, created_at, updated_at) VALUES ('PROJECT_S_262c0fd13b4c83e8', '["前沿神经网络芯片计划"]'::json, '["Project-072"]'::json, '[]'::json, '["量子计算", "先进算力"]'::json, '["脑机接口", "自动驾驶"]'::json, '2020-10-28', NULL, NULL, '["立项"]'::json, '["人员经费"]'::json, 10072, '["中聚变研究所"]'::json, '["中科聚变集团", "东方航宇研究院"]'::json, '[]'::json, '["王婷磊"]'::json, '["许明瑞", "黄俊杰军"]'::json, '["针对量子计算领域关键需求立项"]'::json, '突破量子计算关键技术，形成自主可控能力。', '["量子计算理论研究", "量子计算工程化", "量子计算应用验证"]'::json, '["量子计算", "先进算力"]'::json, '["2020年完成方案论证", "2021年进入工程研制"]'::json, '成果可应用于相关产业领域。', '[{"date": "2022-08-11", "event": "阶段评审"}]'::json, 120.0, 30.0, '重大专项', NULL, 0.824, 0.85, '2026-06-15T12:00:00+00:00', '2026-06-15T12:00:00+00:00');
INSERT INTO project_history (project_id, change_date, change_description, created_at, updated_at) VALUES ('PROJECT_S_262c0fd13b4c83e8', '2019-03-18', '立项批复', '2026-06-15T12:00:00+00:00', '2026-06-15T12:00:00+00:00');
INSERT INTO project_history (project_id, change_date, change_description, created_at, updated_at) VALUES ('PROJECT_S_262c0fd13b4c83e8', '2022-04-04', '通过中期评审', '2026-06-15T12:00:00+00:00', '2026-06-15T12:00:00+00:00');
INSERT INTO project_history (project_id, change_date, change_description, created_at, updated_at) VALUES ('PROJECT_S_262c0fd13b4c83e8', '2021-05-27', '转入工程阶段', '2026-06-15T12:00:00+00:00', '2026-06-15T12:00:00+00:00');
INSERT INTO project_budget (project_id, budget_date, amount, created_at, updated_at) VALUES ('PROJECT_S_262c0fd13b4c83e8', '2023-05-11', 2000.0, '2026-06-15T12:00:00+00:00', '2026-06-15T12:00:00+00:00');
INSERT INTO project_output (project_id, name_history, formed_at, tech_domains, owner_orgs, related_projects, attachments, created_at, updated_at) VALUES ('PROJECT_S_262c0fd13b4c83e8', '量子计算关键技术', '2023-10-15', '["量子计算", "先进算力"]'::json, '["中聚变研究所"]'::json, '[]'::json, '[]'::json, '2026-06-15T12:00:00+00:00', '2026-06-15T12:00:00+00:00');
INSERT INTO project_output (project_id, name_history, formed_at, tech_domains, owner_orgs, related_projects, attachments, created_at, updated_at) VALUES ('PROJECT_S_262c0fd13b4c83e8', '量子计算成果', '2024-05-19', '["量子计算", "先进算力"]'::json, '["中聚变研究所"]'::json, '[]'::json, '[]'::json, '2026-06-15T12:00:00+00:00', '2026-06-15T12:00:00+00:00');
INSERT INTO entity_change_log (entity_id, entity_type, field, old_value, new_value, method, operator, source_doc_id, reason, changed_at) VALUES ('PROJECT_S_262c0fd13b4c83e8', 'project', '*', NULL, '{"action": "create"}'::json, 'rule', NULL, 'mock_seed', NULL, '2026-06-15T12:00:00+00:00');
INSERT INTO project_profile (project_id, name_cn, name_en, name_other, tech_domain, sub_tech_domain, start_date, cancel_date, finish_date, status, budget_activities, project_no, main_orgs, undertaking_orgs, undertaking_enterprises, managers, researchers, background, research_goal, research_content, keywords, progress, application_prospect, key_dates, total_budget_million_usd, invested_million_usd, parent_package_name, previous_phase_name, confidence, completeness, created_at, updated_at) VALUES ('PROJECT_S_3046688f4260af91', '["重大太赫兹通信任务"]'::json, '["Project-073"]'::json, '[]'::json, '["碳捕集", "光电技术"]'::json, '["机器人", "集成电路"]'::json, '2020-02-09', NULL, '2020-02-09', '["验收"]'::json, '["人员经费"]'::json, 10073, '["北方脑科学实验室"]'::json, '["东方芯创股份"]'::json, '[]'::json, '["李昊强"]'::json, '["胡宇航艳", "徐明涛", "朱勇", "邓桂英磊"]'::json, '["针对碳捕集领域关键需求立项"]'::json, '突破碳捕集关键技术，形成自主可控能力。', '["碳捕集理论研究", "碳捕集工程化", "碳捕集应用验证"]'::json, '["碳捕集", "光电技术"]'::json, '["2020年完成方案论证", "2021年进入工程研制"]'::json, '成果可应用于相关产业领域。', '[{"date": "2023-11-27", "event": "阶段评审"}]'::json, 50.0, 80.0, '重大专项', NULL, 0.841, 0.935, '2026-06-15T12:00:00+00:00', '2026-06-15T12:00:00+00:00');
INSERT INTO project_history (project_id, change_date, change_description, created_at, updated_at) VALUES ('PROJECT_S_3046688f4260af91', '2021-06-04', '立项批复', '2026-06-15T12:00:00+00:00', '2026-06-15T12:00:00+00:00');
INSERT INTO project_history (project_id, change_date, change_description, created_at, updated_at) VALUES ('PROJECT_S_3046688f4260af91', '2023-11-15', '通过中期评审', '2026-06-15T12:00:00+00:00', '2026-06-15T12:00:00+00:00');
INSERT INTO project_history (project_id, change_date, change_description, created_at, updated_at) VALUES ('PROJECT_S_3046688f4260af91', '2019-07-21', '转入工程阶段', '2026-06-15T12:00:00+00:00', '2026-06-15T12:00:00+00:00');
INSERT INTO project_budget (project_id, budget_date, amount, created_at, updated_at) VALUES ('PROJECT_S_3046688f4260af91', '2023-09-25', 200.0, '2026-06-15T12:00:00+00:00', '2026-06-15T12:00:00+00:00');
INSERT INTO project_budget (project_id, budget_date, amount, created_at, updated_at) VALUES ('PROJECT_S_3046688f4260af91', '2024-10-27', 800.0, '2026-06-15T12:00:00+00:00', '2026-06-15T12:00:00+00:00');
INSERT INTO project_budget (project_id, budget_date, amount, created_at, updated_at) VALUES ('PROJECT_S_3046688f4260af91', '2024-06-25', 2000.0, '2026-06-15T12:00:00+00:00', '2026-06-15T12:00:00+00:00');
INSERT INTO project_output (project_id, name_history, formed_at, tech_domains, owner_orgs, related_projects, attachments, created_at, updated_at) VALUES ('PROJECT_S_3046688f4260af91', '碳捕集样机', '2024-02-26', '["碳捕集", "光电技术"]'::json, '["北方脑科学实验室"]'::json, '[]'::json, '[]'::json, '2026-06-15T12:00:00+00:00', '2026-06-15T12:00:00+00:00');
INSERT INTO entity_change_log (entity_id, entity_type, field, old_value, new_value, method, operator, source_doc_id, reason, changed_at) VALUES ('PROJECT_S_3046688f4260af91', 'project', '*', NULL, '{"action": "create"}'::json, 'rule', NULL, 'mock_seed', NULL, '2026-06-15T12:00:00+00:00');
INSERT INTO project_profile (project_id, name_cn, name_en, name_other, tech_domain, sub_tech_domain, start_date, cancel_date, finish_date, status, budget_activities, project_no, main_orgs, undertaking_orgs, undertaking_enterprises, managers, researchers, background, research_goal, research_content, keywords, progress, application_prospect, key_dates, total_budget_million_usd, invested_million_usd, parent_package_name, previous_phase_name, confidence, completeness, created_at, updated_at) VALUES ('PROJECT_S_29739f325dc0a0ab', '["攻关光量子计算项目"]'::json, '["Project-074"]'::json, '[]'::json, '["集成电路", "深海装备"]'::json, '["新能源"]'::json, '2019-06-12', NULL, NULL, '["立项"]'::json, '["试验验证"]'::json, 10074, '["国生医研究所"]'::json, '["北方脑科学实验室"]'::json, '[]'::json, '["曹峰婷", "杨娟涛"]'::json, '["周艳", "陈海燕", "郭娟雪松", "李峰"]'::json, '["针对深海装备领域关键需求立项"]'::json, '突破深海装备关键技术，形成自主可控能力。', '["深海装备理论研究", "深海装备工程化", "深海装备应用验证"]'::json, '["集成电路", "深海装备"]'::json, '["2019年完成方案论证", "2020年进入工程研制"]'::json, '成果可应用于相关产业领域。', '[{"date": "2020-03-13", "event": "阶段评审"}]'::json, 50.0, 2.0, '重点研发', NULL, 0.768, 0.595, '2026-06-15T12:00:00+00:00', '2026-06-15T12:00:00+00:00');
INSERT INTO project_history (project_id, change_date, change_description, created_at, updated_at) VALUES ('PROJECT_S_29739f325dc0a0ab', '2020-08-12', '立项批复', '2026-06-15T12:00:00+00:00', '2026-06-15T12:00:00+00:00');
INSERT INTO project_history (project_id, change_date, change_description, created_at, updated_at) VALUES ('PROJECT_S_29739f325dc0a0ab', '2019-04-15', '通过中期评审', '2026-06-15T12:00:00+00:00', '2026-06-15T12:00:00+00:00');
INSERT INTO project_history (project_id, change_date, change_description, created_at, updated_at) VALUES ('PROJECT_S_29739f325dc0a0ab', '2023-03-24', '转入工程阶段', '2026-06-15T12:00:00+00:00', '2026-06-15T12:00:00+00:00');
INSERT INTO project_budget (project_id, budget_date, amount, created_at, updated_at) VALUES ('PROJECT_S_29739f325dc0a0ab', '2023-05-05', 800.0, '2026-06-15T12:00:00+00:00', '2026-06-15T12:00:00+00:00');
INSERT INTO project_budget (project_id, budget_date, amount, created_at, updated_at) VALUES ('PROJECT_S_29739f325dc0a0ab', '2023-12-19', 800.0, '2026-06-15T12:00:00+00:00', '2026-06-15T12:00:00+00:00');
INSERT INTO project_output (project_id, name_history, formed_at, tech_domains, owner_orgs, related_projects, attachments, created_at, updated_at) VALUES ('PROJECT_S_29739f325dc0a0ab', '深海装备成果', '2024-09-26', '["集成电路", "深海装备"]'::json, '["国生医研究所"]'::json, '[]'::json, '[]'::json, '2026-06-15T12:00:00+00:00', '2026-06-15T12:00:00+00:00');
INSERT INTO project_output (project_id, name_history, formed_at, tech_domains, owner_orgs, related_projects, attachments, created_at, updated_at) VALUES ('PROJECT_S_29739f325dc0a0ab', '深海装备样机', '2024-12-02', '["集成电路", "深海装备"]'::json, '["国生医研究所"]'::json, '[]'::json, '[]'::json, '2026-06-15T12:00:00+00:00', '2026-06-15T12:00:00+00:00');
INSERT INTO project_output (project_id, name_history, formed_at, tech_domains, owner_orgs, related_projects, attachments, created_at, updated_at) VALUES ('PROJECT_S_29739f325dc0a0ab', '深海装备成果', '2022-10-27', '["集成电路", "深海装备"]'::json, '["国生医研究所"]'::json, '[]'::json, '[]'::json, '2026-06-15T12:00:00+00:00', '2026-06-15T12:00:00+00:00');
INSERT INTO entity_change_log (entity_id, entity_type, field, old_value, new_value, method, operator, source_doc_id, reason, changed_at) VALUES ('PROJECT_S_29739f325dc0a0ab', 'project', '*', NULL, '{"action": "create"}'::json, 'rule', NULL, 'mock_seed', NULL, '2026-06-15T12:00:00+00:00');
INSERT INTO project_profile (project_id, name_cn, name_en, name_other, tech_domain, sub_tech_domain, start_date, cancel_date, finish_date, status, budget_activities, project_no, main_orgs, undertaking_orgs, undertaking_enterprises, managers, researchers, background, research_goal, research_content, keywords, progress, application_prospect, key_dates, total_budget_million_usd, invested_million_usd, parent_package_name, previous_phase_name, confidence, completeness, created_at, updated_at) VALUES ('PROJECT_S_b3b8fda9a94dcbc6', '["应用基因剪刀专项"]'::json, '["Project-075"]'::json, '[]'::json, '["生物医药", "集成电路"]'::json, '["5G通信", "增材制造"]'::json, '2021-06-02', NULL, NULL, '["立项"]'::json, '["国际合作"]'::json, 10075, '["南方氢动科技"]'::json, '["新芯创高科", "南方氢动科技"]'::json, '["南方氢动科技"]'::json, '["黄娟", "韩平"]'::json, '["何洋雪松", "杨俊杰", "邓桂英磊", "宋瑞志强"]'::json, '["针对集成电路领域关键需求立项"]'::json, '突破集成电路关键技术，形成自主可控能力。', '["集成电路理论研究", "集成电路工程化", "集成电路应用验证"]'::json, '["生物医药", "集成电路"]'::json, '["2021年完成方案论证", "2022年进入工程研制"]'::json, '成果可应用于相关产业领域。', '[{"date": "2023-10-25", "event": "阶段评审"}]'::json, 120.0, 10.0, '重大专项', NULL, 0.801, 0.566, '2026-06-15T12:00:00+00:00', '2026-06-15T12:00:00+00:00');
INSERT INTO project_history (project_id, change_date, change_description, created_at, updated_at) VALUES ('PROJECT_S_b3b8fda9a94dcbc6', '2024-05-09', '立项批复', '2026-06-15T12:00:00+00:00', '2026-06-15T12:00:00+00:00');
INSERT INTO project_history (project_id, change_date, change_description, created_at, updated_at) VALUES ('PROJECT_S_b3b8fda9a94dcbc6', '2024-08-06', '通过中期评审', '2026-06-15T12:00:00+00:00', '2026-06-15T12:00:00+00:00');
INSERT INTO project_history (project_id, change_date, change_description, created_at, updated_at) VALUES ('PROJECT_S_b3b8fda9a94dcbc6', '2019-06-09', '转入工程阶段', '2026-06-15T12:00:00+00:00', '2026-06-15T12:00:00+00:00');
INSERT INTO project_budget (project_id, budget_date, amount, created_at, updated_at) VALUES ('PROJECT_S_b3b8fda9a94dcbc6', '2023-04-02', 200.0, '2026-06-15T12:00:00+00:00', '2026-06-15T12:00:00+00:00');
INSERT INTO project_budget (project_id, budget_date, amount, created_at, updated_at) VALUES ('PROJECT_S_b3b8fda9a94dcbc6', '2021-08-16', 2000.0, '2026-06-15T12:00:00+00:00', '2026-06-15T12:00:00+00:00');
INSERT INTO project_budget (project_id, budget_date, amount, created_at, updated_at) VALUES ('PROJECT_S_b3b8fda9a94dcbc6', '2020-04-24', 200.0, '2026-06-15T12:00:00+00:00', '2026-06-15T12:00:00+00:00');
INSERT INTO project_output (project_id, name_history, formed_at, tech_domains, owner_orgs, related_projects, attachments, created_at, updated_at) VALUES ('PROJECT_S_b3b8fda9a94dcbc6', '集成电路关键技术', '2024-09-21', '["生物医药", "集成电路"]'::json, '["南方氢动科技"]'::json, '[]'::json, '[]'::json, '2026-06-15T12:00:00+00:00', '2026-06-15T12:00:00+00:00');
INSERT INTO project_output (project_id, name_history, formed_at, tech_domains, owner_orgs, related_projects, attachments, created_at, updated_at) VALUES ('PROJECT_S_b3b8fda9a94dcbc6', '集成电路关键技术', '2024-09-22', '["生物医药", "集成电路"]'::json, '["南方氢动科技"]'::json, '[]'::json, '[]'::json, '2026-06-15T12:00:00+00:00', '2026-06-15T12:00:00+00:00');
INSERT INTO entity_change_log (entity_id, entity_type, field, old_value, new_value, method, operator, source_doc_id, reason, changed_at) VALUES ('PROJECT_S_b3b8fda9a94dcbc6', 'project', '*', NULL, '{"action": "create"}'::json, 'rule', NULL, 'mock_seed', NULL, '2026-06-15T12:00:00+00:00');
INSERT INTO project_profile (project_id, name_cn, name_en, name_other, tech_domain, sub_tech_domain, start_date, cancel_date, finish_date, status, budget_activities, project_no, main_orgs, undertaking_orgs, undertaking_enterprises, managers, researchers, background, research_goal, research_content, keywords, progress, application_prospect, key_dates, total_budget_million_usd, invested_million_usd, parent_package_name, previous_phase_name, confidence, completeness, created_at, updated_at) VALUES ('PROJECT_S_570538ef8f225d6d', '["攻关仿生机械臂专项"]'::json, '["Project-076"]'::json, '[]'::json, '["生物医药", "航空航天"]'::json, '["卫星互联网"]'::json, '2024-11-28', NULL, '2024-11-28', '["暂停"]'::json, '["设备购置"]'::json, 10076, '["中先进研究院"]'::json, '["国航宇高科", "华氢动研究院"]'::json, '[]'::json, '["李峰", "徐志强"]'::json, '["曹伟娟", "周伟杰"]'::json, '["针对生物医药领域关键需求立项"]'::json, '突破生物医药关键技术，形成自主可控能力。', '["生物医药理论研究", "生物医药工程化", "生物医药应用验证"]'::json, '["生物医药", "航空航天"]'::json, '["2024年完成方案论证", "2025年进入工程研制"]'::json, '成果可应用于相关产业领域。', '[{"date": "2022-05-16", "event": "阶段评审"}]'::json, 50.0, 10.0, NULL, NULL, 0.864, 0.818, '2026-06-15T12:00:00+00:00', '2026-06-15T12:00:00+00:00');
INSERT INTO project_history (project_id, change_date, change_description, created_at, updated_at) VALUES ('PROJECT_S_570538ef8f225d6d', '2023-11-07', '立项批复', '2026-06-15T12:00:00+00:00', '2026-06-15T12:00:00+00:00');
INSERT INTO project_history (project_id, change_date, change_description, created_at, updated_at) VALUES ('PROJECT_S_570538ef8f225d6d', '2022-05-04', '通过中期评审', '2026-06-15T12:00:00+00:00', '2026-06-15T12:00:00+00:00');
INSERT INTO project_history (project_id, change_date, change_description, created_at, updated_at) VALUES ('PROJECT_S_570538ef8f225d6d', '2020-12-07', '转入工程阶段', '2026-06-15T12:00:00+00:00', '2026-06-15T12:00:00+00:00');
INSERT INTO project_budget (project_id, budget_date, amount, created_at, updated_at) VALUES ('PROJECT_S_570538ef8f225d6d', '2024-01-19', 2000.0, '2026-06-15T12:00:00+00:00', '2026-06-15T12:00:00+00:00');
INSERT INTO project_budget (project_id, budget_date, amount, created_at, updated_at) VALUES ('PROJECT_S_570538ef8f225d6d', '2021-02-05', 200.0, '2026-06-15T12:00:00+00:00', '2026-06-15T12:00:00+00:00');
INSERT INTO project_output (project_id, name_history, formed_at, tech_domains, owner_orgs, related_projects, attachments, created_at, updated_at) VALUES ('PROJECT_S_570538ef8f225d6d', '生物医药成果', '2023-03-26', '["生物医药", "航空航天"]'::json, '["中先进研究院"]'::json, '[]'::json, '[]'::json, '2026-06-15T12:00:00+00:00', '2026-06-15T12:00:00+00:00');
INSERT INTO project_output (project_id, name_history, formed_at, tech_domains, owner_orgs, related_projects, attachments, created_at, updated_at) VALUES ('PROJECT_S_570538ef8f225d6d', '生物医药样机', '2024-05-09', '["生物医药", "航空航天"]'::json, '["中先进研究院"]'::json, '[]'::json, '[]'::json, '2026-06-15T12:00:00+00:00', '2026-06-15T12:00:00+00:00');
INSERT INTO entity_change_log (entity_id, entity_type, field, old_value, new_value, method, operator, source_doc_id, reason, changed_at) VALUES ('PROJECT_S_570538ef8f225d6d', 'project', '*', NULL, '{"action": "create"}'::json, 'rule', NULL, 'mock_seed', NULL, '2026-06-15T12:00:00+00:00');
INSERT INTO project_profile (project_id, name_cn, name_en, name_other, tech_domain, sub_tech_domain, start_date, cancel_date, finish_date, status, budget_activities, project_no, main_orgs, undertaking_orgs, undertaking_enterprises, managers, researchers, background, research_goal, research_content, keywords, progress, application_prospect, key_dates, total_budget_million_usd, invested_million_usd, parent_package_name, previous_phase_name, confidence, completeness, created_at, updated_at) VALUES ('PROJECT_S_7b7d7846d835fbd0', '["重点碳纳米管工程"]'::json, '["Project-077"]'::json, '[]'::json, '["无人机", "量子计算"]'::json, '["新能源"]'::json, '2022-08-22', NULL, NULL, '["在研"]'::json, '["设备购置"]'::json, 10077, '["南方前沿集团"]'::json, '["新智算高科"]'::json, '["新智算高科"]'::json, '["唐俊杰平"]'::json, '["唐俊杰平", "杨婷", "吴宁", "徐明涛"]'::json, '["针对无人机领域关键需求立项"]'::json, '突破无人机关键技术，形成自主可控能力。', '["无人机理论研究", "无人机工程化", "无人机应用验证"]'::json, '["无人机", "量子计算"]'::json, '["2022年完成方案论证", "2023年进入工程研制"]'::json, '成果可应用于相关产业领域。', '[{"date": "2021-12-19", "event": "阶段评审"}]'::json, 50.0, 2.0, '重大专项', NULL, 0.929, 0.655, '2026-06-15T12:00:00+00:00', '2026-06-15T12:00:00+00:00');
INSERT INTO project_history (project_id, change_date, change_description, created_at, updated_at) VALUES ('PROJECT_S_7b7d7846d835fbd0', '2021-07-25', '立项批复', '2026-06-15T12:00:00+00:00', '2026-06-15T12:00:00+00:00');
INSERT INTO project_history (project_id, change_date, change_description, created_at, updated_at) VALUES ('PROJECT_S_7b7d7846d835fbd0', '2019-07-25', '通过中期评审', '2026-06-15T12:00:00+00:00', '2026-06-15T12:00:00+00:00');
INSERT INTO project_history (project_id, change_date, change_description, created_at, updated_at) VALUES ('PROJECT_S_7b7d7846d835fbd0', '2023-11-21', '转入工程阶段', '2026-06-15T12:00:00+00:00', '2026-06-15T12:00:00+00:00');
INSERT INTO project_budget (project_id, budget_date, amount, created_at, updated_at) VALUES ('PROJECT_S_7b7d7846d835fbd0', '2020-12-01', 200.0, '2026-06-15T12:00:00+00:00', '2026-06-15T12:00:00+00:00');
INSERT INTO project_budget (project_id, budget_date, amount, created_at, updated_at) VALUES ('PROJECT_S_7b7d7846d835fbd0', '2020-11-11', 800.0, '2026-06-15T12:00:00+00:00', '2026-06-15T12:00:00+00:00');
INSERT INTO project_budget (project_id, budget_date, amount, created_at, updated_at) VALUES ('PROJECT_S_7b7d7846d835fbd0', '2024-07-28', 2000.0, '2026-06-15T12:00:00+00:00', '2026-06-15T12:00:00+00:00');
INSERT INTO project_output (project_id, name_history, formed_at, tech_domains, owner_orgs, related_projects, attachments, created_at, updated_at) VALUES ('PROJECT_S_7b7d7846d835fbd0', '无人机样机', '2022-09-14', '["无人机", "量子计算"]'::json, '["南方前沿集团"]'::json, '[]'::json, '[]'::json, '2026-06-15T12:00:00+00:00', '2026-06-15T12:00:00+00:00');
INSERT INTO entity_change_log (entity_id, entity_type, field, old_value, new_value, method, operator, source_doc_id, reason, changed_at) VALUES ('PROJECT_S_7b7d7846d835fbd0', 'project', '*', NULL, '{"action": "create"}'::json, 'rule', NULL, 'mock_seed', NULL, '2026-06-15T12:00:00+00:00');
INSERT INTO project_profile (project_id, name_cn, name_en, name_other, tech_domain, sub_tech_domain, start_date, cancel_date, finish_date, status, budget_activities, project_no, main_orgs, undertaking_orgs, undertaking_enterprises, managers, researchers, background, research_goal, research_content, keywords, progress, application_prospect, key_dates, total_budget_million_usd, invested_million_usd, parent_package_name, previous_phase_name, confidence, completeness, created_at, updated_at) VALUES ('PROJECT_S_d55460287238d518', '["前沿氢燃料电池电堆计划"]'::json, '["Project-078"]'::json, '[]'::json, '["量子计算", "碳捕集"]'::json, '["先进算力"]'::json, '2023-04-25', NULL, '2023-04-25', '["暂停"]'::json, '["试验验证"]'::json, 10078, '["南方量子科技"]'::json, '["新智算高科", "东方芯创集团"]'::json, '["新智算高科"]'::json, '["周伟杰"]'::json, '["曹平斌", "梁宇航平"]'::json, '["针对碳捕集领域关键需求立项"]'::json, '突破碳捕集关键技术，形成自主可控能力。', '["碳捕集理论研究", "碳捕集工程化", "碳捕集应用验证"]'::json, '["量子计算", "碳捕集"]'::json, '["2023年完成方案论证", "2024年进入工程研制"]'::json, '成果可应用于相关产业领域。', '[{"date": "2020-05-03", "event": "阶段评审"}]'::json, 50.0, 10.0, '重大专项', NULL, 0.919, 0.83, '2026-06-15T12:00:00+00:00', '2026-06-15T12:00:00+00:00');
INSERT INTO project_history (project_id, change_date, change_description, created_at, updated_at) VALUES ('PROJECT_S_d55460287238d518', '2020-03-24', '立项批复', '2026-06-15T12:00:00+00:00', '2026-06-15T12:00:00+00:00');
INSERT INTO project_history (project_id, change_date, change_description, created_at, updated_at) VALUES ('PROJECT_S_d55460287238d518', '2022-11-06', '通过中期评审', '2026-06-15T12:00:00+00:00', '2026-06-15T12:00:00+00:00');
INSERT INTO project_history (project_id, change_date, change_description, created_at, updated_at) VALUES ('PROJECT_S_d55460287238d518', '2023-05-07', '转入工程阶段', '2026-06-15T12:00:00+00:00', '2026-06-15T12:00:00+00:00');
INSERT INTO project_budget (project_id, budget_date, amount, created_at, updated_at) VALUES ('PROJECT_S_d55460287238d518', '2024-03-21', 50.0, '2026-06-15T12:00:00+00:00', '2026-06-15T12:00:00+00:00');
INSERT INTO project_budget (project_id, budget_date, amount, created_at, updated_at) VALUES ('PROJECT_S_d55460287238d518', '2024-09-04', 200.0, '2026-06-15T12:00:00+00:00', '2026-06-15T12:00:00+00:00');
INSERT INTO project_budget (project_id, budget_date, amount, created_at, updated_at) VALUES ('PROJECT_S_d55460287238d518', '2022-05-28', 50.0, '2026-06-15T12:00:00+00:00', '2026-06-15T12:00:00+00:00');
INSERT INTO project_output (project_id, name_history, formed_at, tech_domains, owner_orgs, related_projects, attachments, created_at, updated_at) VALUES ('PROJECT_S_d55460287238d518', '碳捕集成果', '2024-08-08', '["量子计算", "碳捕集"]'::json, '["南方量子科技"]'::json, '[]'::json, '[]'::json, '2026-06-15T12:00:00+00:00', '2026-06-15T12:00:00+00:00');
INSERT INTO entity_change_log (entity_id, entity_type, field, old_value, new_value, method, operator, source_doc_id, reason, changed_at) VALUES ('PROJECT_S_d55460287238d518', 'project', '*', NULL, '{"action": "create"}'::json, 'rule', NULL, 'mock_seed', NULL, '2026-06-15T12:00:00+00:00');
INSERT INTO project_profile (project_id, name_cn, name_en, name_other, tech_domain, sub_tech_domain, start_date, cancel_date, finish_date, status, budget_activities, project_no, main_orgs, undertaking_orgs, undertaking_enterprises, managers, researchers, background, research_goal, research_content, keywords, progress, application_prospect, key_dates, total_budget_million_usd, invested_million_usd, parent_package_name, previous_phase_name, confidence, completeness, created_at, updated_at) VALUES ('PROJECT_S_46ba0b8835bbebce', '["重点自动驾驶域控制器计划"]'::json, '["Project-079"]'::json, '[]'::json, '["半导体", "卫星互联网"]'::json, '["大模型", "深海装备"]'::json, '2020-01-01', NULL, NULL, '["暂停"]'::json, '["国际合作"]'::json, 10079, '["中聚变研究所"]'::json, '["南方量子科技"]'::json, '["南方量子科技"]'::json, '["邓海燕志强"]'::json, '["谢伟", "陈伟婷", "胡宇航艳"]'::json, '["针对半导体领域关键需求立项"]'::json, '突破半导体关键技术，形成自主可控能力。', '["半导体理论研究", "半导体工程化", "半导体应用验证"]'::json, '["半导体", "卫星互联网"]'::json, '["2020年完成方案论证", "2021年进入工程研制"]'::json, '成果可应用于相关产业领域。', '[{"date": "2022-12-03", "event": "阶段评审"}]'::json, 50.0, 2.0, '重点研发', NULL, 0.905, 0.826, '2026-06-15T12:00:00+00:00', '2026-06-15T12:00:00+00:00');
INSERT INTO project_history (project_id, change_date, change_description, created_at, updated_at) VALUES ('PROJECT_S_46ba0b8835bbebce', '2021-10-02', '立项批复', '2026-06-15T12:00:00+00:00', '2026-06-15T12:00:00+00:00');
INSERT INTO project_history (project_id, change_date, change_description, created_at, updated_at) VALUES ('PROJECT_S_46ba0b8835bbebce', '2020-08-07', '通过中期评审', '2026-06-15T12:00:00+00:00', '2026-06-15T12:00:00+00:00');
INSERT INTO project_history (project_id, change_date, change_description, created_at, updated_at) VALUES ('PROJECT_S_46ba0b8835bbebce', '2023-07-21', '转入工程阶段', '2026-06-15T12:00:00+00:00', '2026-06-15T12:00:00+00:00');
INSERT INTO project_budget (project_id, budget_date, amount, created_at, updated_at) VALUES ('PROJECT_S_46ba0b8835bbebce', '2022-04-10', 50.0, '2026-06-15T12:00:00+00:00', '2026-06-15T12:00:00+00:00');
INSERT INTO project_output (project_id, name_history, formed_at, tech_domains, owner_orgs, related_projects, attachments, created_at, updated_at) VALUES ('PROJECT_S_46ba0b8835bbebce', '半导体关键技术', '2021-08-06', '["半导体", "卫星互联网"]'::json, '["中聚变研究所"]'::json, '[]'::json, '[]'::json, '2026-06-15T12:00:00+00:00', '2026-06-15T12:00:00+00:00');
INSERT INTO entity_change_log (entity_id, entity_type, field, old_value, new_value, method, operator, source_doc_id, reason, changed_at) VALUES ('PROJECT_S_46ba0b8835bbebce', 'project', '*', NULL, '{"action": "create"}'::json, 'rule', NULL, 'mock_seed', NULL, '2026-06-15T12:00:00+00:00');
INSERT INTO project_profile (project_id, name_cn, name_en, name_other, tech_domain, sub_tech_domain, start_date, cancel_date, finish_date, status, budget_activities, project_no, main_orgs, undertaking_orgs, undertaking_enterprises, managers, researchers, background, research_goal, research_content, keywords, progress, application_prospect, key_dates, total_budget_million_usd, invested_million_usd, parent_package_name, previous_phase_name, confidence, completeness, created_at, updated_at) VALUES ('PROJECT_S_e2dfa6da2173916a', '["专项量子纠错码工程"]'::json, '["Project-080"]'::json, '[]'::json, '["新能源", "脑机接口"]'::json, '["无人机"]'::json, '2019-04-22', NULL, NULL, '["立项"]'::json, '["设备购置"]'::json, 10080, '["新芯创高科"]'::json, '["新生医研究所"]'::json, '["新生医研究所"]'::json, '["张磊"]'::json, '["宋瑞志强", "韩平", "罗峰昊"]'::json, '["针对脑机接口领域关键需求立项"]'::json, '突破脑机接口关键技术，形成自主可控能力。', '["脑机接口理论研究", "脑机接口工程化", "脑机接口应用验证"]'::json, '["新能源", "脑机接口"]'::json, '["2019年完成方案论证", "2020年进入工程研制"]'::json, '成果可应用于相关产业领域。', '[{"date": "2021-02-13", "event": "阶段评审"}]'::json, 50.0, 80.0, '重大专项', NULL, 0.861, 0.554, '2026-06-15T12:00:00+00:00', '2026-06-15T12:00:00+00:00');
INSERT INTO project_history (project_id, change_date, change_description, created_at, updated_at) VALUES ('PROJECT_S_e2dfa6da2173916a', '2019-08-06', '立项批复', '2026-06-15T12:00:00+00:00', '2026-06-15T12:00:00+00:00');
INSERT INTO project_history (project_id, change_date, change_description, created_at, updated_at) VALUES ('PROJECT_S_e2dfa6da2173916a', '2020-05-03', '通过中期评审', '2026-06-15T12:00:00+00:00', '2026-06-15T12:00:00+00:00');
INSERT INTO project_history (project_id, change_date, change_description, created_at, updated_at) VALUES ('PROJECT_S_e2dfa6da2173916a', '2022-10-24', '转入工程阶段', '2026-06-15T12:00:00+00:00', '2026-06-15T12:00:00+00:00');
INSERT INTO project_budget (project_id, budget_date, amount, created_at, updated_at) VALUES ('PROJECT_S_e2dfa6da2173916a', '2022-08-12', 200.0, '2026-06-15T12:00:00+00:00', '2026-06-15T12:00:00+00:00');
INSERT INTO project_budget (project_id, budget_date, amount, created_at, updated_at) VALUES ('PROJECT_S_e2dfa6da2173916a', '2024-10-14', 200.0, '2026-06-15T12:00:00+00:00', '2026-06-15T12:00:00+00:00');
INSERT INTO project_output (project_id, name_history, formed_at, tech_domains, owner_orgs, related_projects, attachments, created_at, updated_at) VALUES ('PROJECT_S_e2dfa6da2173916a', '脑机接口关键技术', '2023-09-03', '["新能源", "脑机接口"]'::json, '["新芯创高科"]'::json, '[]'::json, '[]'::json, '2026-06-15T12:00:00+00:00', '2026-06-15T12:00:00+00:00');
INSERT INTO project_output (project_id, name_history, formed_at, tech_domains, owner_orgs, related_projects, attachments, created_at, updated_at) VALUES ('PROJECT_S_e2dfa6da2173916a', '脑机接口样机', '2023-09-07', '["新能源", "脑机接口"]'::json, '["新芯创高科"]'::json, '[]'::json, '[]'::json, '2026-06-15T12:00:00+00:00', '2026-06-15T12:00:00+00:00');
INSERT INTO project_output (project_id, name_history, formed_at, tech_domains, owner_orgs, related_projects, attachments, created_at, updated_at) VALUES ('PROJECT_S_e2dfa6da2173916a', '脑机接口样机', '2023-09-11', '["新能源", "脑机接口"]'::json, '["新芯创高科"]'::json, '[]'::json, '[]'::json, '2026-06-15T12:00:00+00:00', '2026-06-15T12:00:00+00:00');
INSERT INTO entity_change_log (entity_id, entity_type, field, old_value, new_value, method, operator, source_doc_id, reason, changed_at) VALUES ('PROJECT_S_e2dfa6da2173916a', 'project', '*', NULL, '{"action": "create"}'::json, 'rule', NULL, 'mock_seed', NULL, '2026-06-15T12:00:00+00:00');
INSERT INTO project_profile (project_id, name_cn, name_en, name_other, tech_domain, sub_tech_domain, start_date, cancel_date, finish_date, status, budget_activities, project_no, main_orgs, undertaking_orgs, undertaking_enterprises, managers, researchers, background, research_goal, research_content, keywords, progress, application_prospect, key_dates, total_budget_million_usd, invested_million_usd, parent_package_name, previous_phase_name, confidence, completeness, created_at, updated_at) VALUES ('PROJECT_S_d70f5795c47a3b7b', '["重大碳纳米管专项"]'::json, '["Project-081"]'::json, '[]'::json, '["大模型", "集成电路"]'::json, '["氢能", "深海装备"]'::json, '2019-07-25', NULL, '2019-07-25', '["在研"]'::json, '["设备购置"]'::json, 10081, '["东方天网科技"]'::json, '["中科深海研究所"]'::json, '[]'::json, '["王斌海燕"]'::json, '["许文博", "林瑞"]'::json, '["针对集成电路领域关键需求立项"]'::json, '突破集成电路关键技术，形成自主可控能力。', '["集成电路理论研究", "集成电路工程化", "集成电路应用验证"]'::json, '["大模型", "集成电路"]'::json, '["2019年完成方案论证", "2020年进入工程研制"]'::json, '成果可应用于相关产业领域。', '[{"date": "2022-09-10", "event": "阶段评审"}]'::json, 5.0, 80.0, '重点研发', NULL, 0.712, 0.645, '2026-06-15T12:00:00+00:00', '2026-06-15T12:00:00+00:00');
INSERT INTO project_history (project_id, change_date, change_description, created_at, updated_at) VALUES ('PROJECT_S_d70f5795c47a3b7b', '2019-01-12', '立项批复', '2026-06-15T12:00:00+00:00', '2026-06-15T12:00:00+00:00');
INSERT INTO project_history (project_id, change_date, change_description, created_at, updated_at) VALUES ('PROJECT_S_d70f5795c47a3b7b', '2021-09-11', '通过中期评审', '2026-06-15T12:00:00+00:00', '2026-06-15T12:00:00+00:00');
INSERT INTO project_history (project_id, change_date, change_description, created_at, updated_at) VALUES ('PROJECT_S_d70f5795c47a3b7b', '2022-10-23', '转入工程阶段', '2026-06-15T12:00:00+00:00', '2026-06-15T12:00:00+00:00');
INSERT INTO project_budget (project_id, budget_date, amount, created_at, updated_at) VALUES ('PROJECT_S_d70f5795c47a3b7b', '2023-07-23', 800.0, '2026-06-15T12:00:00+00:00', '2026-06-15T12:00:00+00:00');
INSERT INTO project_output (project_id, name_history, formed_at, tech_domains, owner_orgs, related_projects, attachments, created_at, updated_at) VALUES ('PROJECT_S_d70f5795c47a3b7b', '集成电路关键技术', '2022-06-24', '["大模型", "集成电路"]'::json, '["东方天网科技"]'::json, '[]'::json, '[]'::json, '2026-06-15T12:00:00+00:00', '2026-06-15T12:00:00+00:00');
INSERT INTO project_output (project_id, name_history, formed_at, tech_domains, owner_orgs, related_projects, attachments, created_at, updated_at) VALUES ('PROJECT_S_d70f5795c47a3b7b', '集成电路关键技术', '2024-04-19', '["大模型", "集成电路"]'::json, '["东方天网科技"]'::json, '[]'::json, '[]'::json, '2026-06-15T12:00:00+00:00', '2026-06-15T12:00:00+00:00');
INSERT INTO entity_change_log (entity_id, entity_type, field, old_value, new_value, method, operator, source_doc_id, reason, changed_at) VALUES ('PROJECT_S_d70f5795c47a3b7b', 'project', '*', NULL, '{"action": "create"}'::json, 'rule', NULL, 'mock_seed', NULL, '2026-06-15T12:00:00+00:00');
INSERT INTO project_profile (project_id, name_cn, name_en, name_other, tech_domain, sub_tech_domain, start_date, cancel_date, finish_date, status, budget_activities, project_no, main_orgs, undertaking_orgs, undertaking_enterprises, managers, researchers, background, research_goal, research_content, keywords, progress, application_prospect, key_dates, total_budget_million_usd, invested_million_usd, parent_package_name, previous_phase_name, confidence, completeness, created_at, updated_at) VALUES ('PROJECT_S_7bf725f0f60d3e7e', '["基础金属3D打印任务"]'::json, '["Project-082"]'::json, '[]'::json, '["新能源", "先进算力"]'::json, '["碳捕集", "大模型"]'::json, '2018-09-17', NULL, NULL, '["暂停"]'::json, '["人员经费"]'::json, 10082, '["北方前沿实验室"]'::json, '["航天氢动实验室", "中科未来实验室"]'::json, '["中科未来实验室"]'::json, '["杨婷"]'::json, '["王斌海燕", "宋磊", "李瑞志强", "罗峰"]'::json, '["针对新能源领域关键需求立项"]'::json, '突破新能源关键技术，形成自主可控能力。', '["新能源理论研究", "新能源工程化", "新能源应用验证"]'::json, '["新能源", "先进算力"]'::json, '["2018年完成方案论证", "2019年进入工程研制"]'::json, '成果可应用于相关产业领域。', '[{"date": "2024-01-14", "event": "阶段评审"}]'::json, 120.0, 80.0, '重大专项', NULL, 0.858, 0.842, '2026-06-15T12:00:00+00:00', '2026-06-15T12:00:00+00:00');
INSERT INTO project_history (project_id, change_date, change_description, created_at, updated_at) VALUES ('PROJECT_S_7bf725f0f60d3e7e', '2021-09-22', '立项批复', '2026-06-15T12:00:00+00:00', '2026-06-15T12:00:00+00:00');
INSERT INTO project_history (project_id, change_date, change_description, created_at, updated_at) VALUES ('PROJECT_S_7bf725f0f60d3e7e', '2020-12-05', '通过中期评审', '2026-06-15T12:00:00+00:00', '2026-06-15T12:00:00+00:00');
INSERT INTO project_history (project_id, change_date, change_description, created_at, updated_at) VALUES ('PROJECT_S_7bf725f0f60d3e7e', '2019-09-11', '转入工程阶段', '2026-06-15T12:00:00+00:00', '2026-06-15T12:00:00+00:00');
INSERT INTO project_budget (project_id, budget_date, amount, created_at, updated_at) VALUES ('PROJECT_S_7bf725f0f60d3e7e', '2020-02-18', 200.0, '2026-06-15T12:00:00+00:00', '2026-06-15T12:00:00+00:00');
INSERT INTO project_budget (project_id, budget_date, amount, created_at, updated_at) VALUES ('PROJECT_S_7bf725f0f60d3e7e', '2021-05-08', 50.0, '2026-06-15T12:00:00+00:00', '2026-06-15T12:00:00+00:00');
INSERT INTO project_budget (project_id, budget_date, amount, created_at, updated_at) VALUES ('PROJECT_S_7bf725f0f60d3e7e', '2024-12-22', 50.0, '2026-06-15T12:00:00+00:00', '2026-06-15T12:00:00+00:00');
INSERT INTO project_output (project_id, name_history, formed_at, tech_domains, owner_orgs, related_projects, attachments, created_at, updated_at) VALUES ('PROJECT_S_7bf725f0f60d3e7e', '新能源关键技术', '2023-06-04', '["新能源", "先进算力"]'::json, '["北方前沿实验室"]'::json, '[]'::json, '[]'::json, '2026-06-15T12:00:00+00:00', '2026-06-15T12:00:00+00:00');
INSERT INTO project_output (project_id, name_history, formed_at, tech_domains, owner_orgs, related_projects, attachments, created_at, updated_at) VALUES ('PROJECT_S_7bf725f0f60d3e7e', '新能源成果', '2021-05-12', '["新能源", "先进算力"]'::json, '["北方前沿实验室"]'::json, '[]'::json, '[]'::json, '2026-06-15T12:00:00+00:00', '2026-06-15T12:00:00+00:00');
INSERT INTO entity_change_log (entity_id, entity_type, field, old_value, new_value, method, operator, source_doc_id, reason, changed_at) VALUES ('PROJECT_S_7bf725f0f60d3e7e', 'project', '*', NULL, '{"action": "create"}'::json, 'rule', NULL, 'mock_seed', NULL, '2026-06-15T12:00:00+00:00');
INSERT INTO project_profile (project_id, name_cn, name_en, name_other, tech_domain, sub_tech_domain, start_date, cancel_date, finish_date, status, budget_activities, project_no, main_orgs, undertaking_orgs, undertaking_enterprises, managers, researchers, background, research_goal, research_content, keywords, progress, application_prospect, key_dates, total_budget_million_usd, invested_million_usd, parent_package_name, previous_phase_name, confidence, completeness, created_at, updated_at) VALUES ('PROJECT_S_1b149114aeccd27f', '["攻关光量子计算课题"]'::json, '["Project-083"]'::json, '[]'::json, '["增材制造", "新能源"]'::json, '["大模型", "氢能"]'::json, '2020-09-03', NULL, NULL, '["暂停"]'::json, '["国际合作"]'::json, 10083, '["中科智算工程技术中心"]'::json, '["东方脑科学科技", "中聚变研究所"]'::json, '[]'::json, '["吴宁", "韩斌文博"]'::json, '["王斌海燕", "徐强", "韩斌文博"]'::json, '["针对增材制造领域关键需求立项"]'::json, '突破增材制造关键技术，形成自主可控能力。', '["增材制造理论研究", "增材制造工程化", "增材制造应用验证"]'::json, '["增材制造", "新能源"]'::json, '["2020年完成方案论证", "2021年进入工程研制"]'::json, '成果可应用于相关产业领域。', '[{"date": "2021-06-24", "event": "阶段评审"}]'::json, 20.0, 2.0, '重点研发', NULL, 0.741, 0.86, '2026-06-15T12:00:00+00:00', '2026-06-15T12:00:00+00:00');
INSERT INTO project_history (project_id, change_date, change_description, created_at, updated_at) VALUES ('PROJECT_S_1b149114aeccd27f', '2021-08-08', '立项批复', '2026-06-15T12:00:00+00:00', '2026-06-15T12:00:00+00:00');
INSERT INTO project_history (project_id, change_date, change_description, created_at, updated_at) VALUES ('PROJECT_S_1b149114aeccd27f', '2021-08-22', '通过中期评审', '2026-06-15T12:00:00+00:00', '2026-06-15T12:00:00+00:00');
INSERT INTO project_history (project_id, change_date, change_description, created_at, updated_at) VALUES ('PROJECT_S_1b149114aeccd27f', '2021-12-05', '转入工程阶段', '2026-06-15T12:00:00+00:00', '2026-06-15T12:00:00+00:00');
INSERT INTO project_budget (project_id, budget_date, amount, created_at, updated_at) VALUES ('PROJECT_S_1b149114aeccd27f', '2024-03-20', 50.0, '2026-06-15T12:00:00+00:00', '2026-06-15T12:00:00+00:00');
INSERT INTO project_budget (project_id, budget_date, amount, created_at, updated_at) VALUES ('PROJECT_S_1b149114aeccd27f', '2023-01-01', 2000.0, '2026-06-15T12:00:00+00:00', '2026-06-15T12:00:00+00:00');
INSERT INTO project_output (project_id, name_history, formed_at, tech_domains, owner_orgs, related_projects, attachments, created_at, updated_at) VALUES ('PROJECT_S_1b149114aeccd27f', '增材制造样机', '2022-02-27', '["增材制造", "新能源"]'::json, '["中科智算工程技术中心"]'::json, '[]'::json, '[]'::json, '2026-06-15T12:00:00+00:00', '2026-06-15T12:00:00+00:00');
INSERT INTO project_output (project_id, name_history, formed_at, tech_domains, owner_orgs, related_projects, attachments, created_at, updated_at) VALUES ('PROJECT_S_1b149114aeccd27f', '增材制造样机', '2022-03-24', '["增材制造", "新能源"]'::json, '["中科智算工程技术中心"]'::json, '[]'::json, '[]'::json, '2026-06-15T12:00:00+00:00', '2026-06-15T12:00:00+00:00');
INSERT INTO project_output (project_id, name_history, formed_at, tech_domains, owner_orgs, related_projects, attachments, created_at, updated_at) VALUES ('PROJECT_S_1b149114aeccd27f', '增材制造成果', '2022-09-20', '["增材制造", "新能源"]'::json, '["中科智算工程技术中心"]'::json, '[]'::json, '[]'::json, '2026-06-15T12:00:00+00:00', '2026-06-15T12:00:00+00:00');
INSERT INTO entity_change_log (entity_id, entity_type, field, old_value, new_value, method, operator, source_doc_id, reason, changed_at) VALUES ('PROJECT_S_1b149114aeccd27f', 'project', '*', NULL, '{"action": "create"}'::json, 'rule', NULL, 'mock_seed', NULL, '2026-06-15T12:00:00+00:00');
INSERT INTO project_profile (project_id, name_cn, name_en, name_other, tech_domain, sub_tech_domain, start_date, cancel_date, finish_date, status, budget_activities, project_no, main_orgs, undertaking_orgs, undertaking_enterprises, managers, researchers, background, research_goal, research_content, keywords, progress, application_prospect, key_dates, total_budget_million_usd, invested_million_usd, parent_package_name, previous_phase_name, confidence, completeness, created_at, updated_at) VALUES ('PROJECT_S_a97bc55f3e415310', '["前沿mRNA疫苗专项"]'::json, '["Project-084"]'::json, '[]'::json, '["储能", "先进算力"]'::json, '["5G通信"]'::json, '2024-06-14', NULL, NULL, '["在研"]'::json, '["人员经费"]'::json, 10084, '["新氢动高科"]'::json, '["北方航宇科技"]'::json, '[]'::json, '["胡宇航艳"]'::json, '["冯艳涛", "吴宁", "曹伟娟", "马文博"]'::json, '["针对先进算力领域关键需求立项"]'::json, '突破先进算力关键技术，形成自主可控能力。', '["先进算力理论研究", "先进算力工程化", "先进算力应用验证"]'::json, '["储能", "先进算力"]'::json, '["2024年完成方案论证", "2025年进入工程研制"]'::json, '成果可应用于相关产业领域。', '[{"date": "2020-07-12", "event": "阶段评审"}]'::json, 120.0, 10.0, NULL, NULL, 0.706, 0.58, '2026-06-15T12:00:00+00:00', '2026-06-15T12:00:00+00:00');
INSERT INTO project_history (project_id, change_date, change_description, created_at, updated_at) VALUES ('PROJECT_S_a97bc55f3e415310', '2024-03-08', '立项批复', '2026-06-15T12:00:00+00:00', '2026-06-15T12:00:00+00:00');
INSERT INTO project_history (project_id, change_date, change_description, created_at, updated_at) VALUES ('PROJECT_S_a97bc55f3e415310', '2023-05-13', '通过中期评审', '2026-06-15T12:00:00+00:00', '2026-06-15T12:00:00+00:00');
INSERT INTO project_history (project_id, change_date, change_description, created_at, updated_at) VALUES ('PROJECT_S_a97bc55f3e415310', '2021-01-18', '转入工程阶段', '2026-06-15T12:00:00+00:00', '2026-06-15T12:00:00+00:00');
INSERT INTO project_budget (project_id, budget_date, amount, created_at, updated_at) VALUES ('PROJECT_S_a97bc55f3e415310', '2022-05-11', 800.0, '2026-06-15T12:00:00+00:00', '2026-06-15T12:00:00+00:00');
INSERT INTO project_output (project_id, name_history, formed_at, tech_domains, owner_orgs, related_projects, attachments, created_at, updated_at) VALUES ('PROJECT_S_a97bc55f3e415310', '先进算力样机', '2021-07-06', '["储能", "先进算力"]'::json, '["新氢动高科"]'::json, '[]'::json, '[]'::json, '2026-06-15T12:00:00+00:00', '2026-06-15T12:00:00+00:00');
INSERT INTO entity_change_log (entity_id, entity_type, field, old_value, new_value, method, operator, source_doc_id, reason, changed_at) VALUES ('PROJECT_S_a97bc55f3e415310', 'project', '*', NULL, '{"action": "create"}'::json, 'rule', NULL, 'mock_seed', NULL, '2026-06-15T12:00:00+00:00');
INSERT INTO project_profile (project_id, name_cn, name_en, name_other, tech_domain, sub_tech_domain, start_date, cancel_date, finish_date, status, budget_activities, project_no, main_orgs, undertaking_orgs, undertaking_enterprises, managers, researchers, background, research_goal, research_content, keywords, progress, application_prospect, key_dates, total_budget_million_usd, invested_million_usd, parent_package_name, previous_phase_name, confidence, completeness, created_at, updated_at) VALUES ('PROJECT_S_423ebcd4337faf06', '["重大金属3D打印专项"]'::json, '["Project-085"]'::json, '[]'::json, '["无人机"]'::json, '["集成电路"]'::json, '2023-09-04', NULL, NULL, '["验收"]'::json, '["设备购置"]'::json, 10085, '["华先进股份"]'::json, '["东方脑科学科技"]'::json, '[]'::json, '["郑勇艳", "黄娟"]'::json, '["梁宇航平", "韩艳强", "孙伟娟", "冯艳涛"]'::json, '["针对无人机领域关键需求立项"]'::json, '突破无人机关键技术，形成自主可控能力。', '["无人机理论研究", "无人机工程化", "无人机应用验证"]'::json, '["无人机"]'::json, '["2023年完成方案论证", "2024年进入工程研制"]'::json, '成果可应用于相关产业领域。', '[{"date": "2020-11-10", "event": "阶段评审"}]'::json, 50.0, 30.0, '重点研发', NULL, 0.774, 0.69, '2026-06-15T12:00:00+00:00', '2026-06-15T12:00:00+00:00');
INSERT INTO project_history (project_id, change_date, change_description, created_at, updated_at) VALUES ('PROJECT_S_423ebcd4337faf06', '2019-10-22', '立项批复', '2026-06-15T12:00:00+00:00', '2026-06-15T12:00:00+00:00');
INSERT INTO project_history (project_id, change_date, change_description, created_at, updated_at) VALUES ('PROJECT_S_423ebcd4337faf06', '2021-02-25', '通过中期评审', '2026-06-15T12:00:00+00:00', '2026-06-15T12:00:00+00:00');
INSERT INTO project_history (project_id, change_date, change_description, created_at, updated_at) VALUES ('PROJECT_S_423ebcd4337faf06', '2023-09-23', '转入工程阶段', '2026-06-15T12:00:00+00:00', '2026-06-15T12:00:00+00:00');
INSERT INTO project_budget (project_id, budget_date, amount, created_at, updated_at) VALUES ('PROJECT_S_423ebcd4337faf06', '2023-11-17', 200.0, '2026-06-15T12:00:00+00:00', '2026-06-15T12:00:00+00:00');
INSERT INTO project_budget (project_id, budget_date, amount, created_at, updated_at) VALUES ('PROJECT_S_423ebcd4337faf06', '2020-11-13', 50.0, '2026-06-15T12:00:00+00:00', '2026-06-15T12:00:00+00:00');
INSERT INTO project_budget (project_id, budget_date, amount, created_at, updated_at) VALUES ('PROJECT_S_423ebcd4337faf06', '2020-05-15', 800.0, '2026-06-15T12:00:00+00:00', '2026-06-15T12:00:00+00:00');
INSERT INTO project_output (project_id, name_history, formed_at, tech_domains, owner_orgs, related_projects, attachments, created_at, updated_at) VALUES ('PROJECT_S_423ebcd4337faf06', '无人机样机', '2023-05-11', '["无人机"]'::json, '["华先进股份"]'::json, '[]'::json, '[]'::json, '2026-06-15T12:00:00+00:00', '2026-06-15T12:00:00+00:00');
INSERT INTO project_output (project_id, name_history, formed_at, tech_domains, owner_orgs, related_projects, attachments, created_at, updated_at) VALUES ('PROJECT_S_423ebcd4337faf06', '无人机样机', '2023-03-28', '["无人机"]'::json, '["华先进股份"]'::json, '[]'::json, '[]'::json, '2026-06-15T12:00:00+00:00', '2026-06-15T12:00:00+00:00');
INSERT INTO project_output (project_id, name_history, formed_at, tech_domains, owner_orgs, related_projects, attachments, created_at, updated_at) VALUES ('PROJECT_S_423ebcd4337faf06', '无人机成果', '2024-04-17', '["无人机"]'::json, '["华先进股份"]'::json, '[]'::json, '[]'::json, '2026-06-15T12:00:00+00:00', '2026-06-15T12:00:00+00:00');
INSERT INTO entity_change_log (entity_id, entity_type, field, old_value, new_value, method, operator, source_doc_id, reason, changed_at) VALUES ('PROJECT_S_423ebcd4337faf06', 'project', '*', NULL, '{"action": "create"}'::json, 'rule', NULL, 'mock_seed', NULL, '2026-06-15T12:00:00+00:00');
INSERT INTO project_profile (project_id, name_cn, name_en, name_other, tech_domain, sub_tech_domain, start_date, cancel_date, finish_date, status, budget_activities, project_no, main_orgs, undertaking_orgs, undertaking_enterprises, managers, researchers, background, research_goal, research_content, keywords, progress, application_prospect, key_dates, total_budget_million_usd, invested_million_usd, parent_package_name, previous_phase_name, confidence, completeness, created_at, updated_at) VALUES ('PROJECT_S_76aa7bc568122df0', '["前沿mRNA疫苗项目"]'::json, '["Project-086"]'::json, '[]'::json, '["6G通信", "卫星互联网"]'::json, '["机器人"]'::json, '2021-07-15', NULL, NULL, '["暂停"]'::json, '["国际合作"]'::json, 10086, '["中聚变研究所"]'::json, '["新芯创高科", "中氢动实验室"]'::json, '[]'::json, '["林志强", "黄斌磊"]'::json, '["邓桂英磊", "杨俊杰", "吴海燕宇航", "王斌海燕"]'::json, '["针对卫星互联网领域关键需求立项"]'::json, '突破卫星互联网关键技术，形成自主可控能力。', '["卫星互联网理论研究", "卫星互联网工程化", "卫星互联网应用验证"]'::json, '["6G通信", "卫星互联网"]'::json, '["2021年完成方案论证", "2022年进入工程研制"]'::json, '成果可应用于相关产业领域。', '[{"date": "2021-12-01", "event": "阶段评审"}]'::json, 5.0, 30.0, '重大专项', NULL, 0.754, 0.942, '2026-06-15T12:00:00+00:00', '2026-06-15T12:00:00+00:00');
INSERT INTO project_history (project_id, change_date, change_description, created_at, updated_at) VALUES ('PROJECT_S_76aa7bc568122df0', '2024-01-10', '立项批复', '2026-06-15T12:00:00+00:00', '2026-06-15T12:00:00+00:00');
INSERT INTO project_history (project_id, change_date, change_description, created_at, updated_at) VALUES ('PROJECT_S_76aa7bc568122df0', '2023-12-13', '通过中期评审', '2026-06-15T12:00:00+00:00', '2026-06-15T12:00:00+00:00');
INSERT INTO project_history (project_id, change_date, change_description, created_at, updated_at) VALUES ('PROJECT_S_76aa7bc568122df0', '2022-10-02', '转入工程阶段', '2026-06-15T12:00:00+00:00', '2026-06-15T12:00:00+00:00');
INSERT INTO project_budget (project_id, budget_date, amount, created_at, updated_at) VALUES ('PROJECT_S_76aa7bc568122df0', '2024-09-02', 200.0, '2026-06-15T12:00:00+00:00', '2026-06-15T12:00:00+00:00');
INSERT INTO project_budget (project_id, budget_date, amount, created_at, updated_at) VALUES ('PROJECT_S_76aa7bc568122df0', '2022-06-27', 50.0, '2026-06-15T12:00:00+00:00', '2026-06-15T12:00:00+00:00');
INSERT INTO project_budget (project_id, budget_date, amount, created_at, updated_at) VALUES ('PROJECT_S_76aa7bc568122df0', '2020-12-03', 2000.0, '2026-06-15T12:00:00+00:00', '2026-06-15T12:00:00+00:00');
INSERT INTO project_output (project_id, name_history, formed_at, tech_domains, owner_orgs, related_projects, attachments, created_at, updated_at) VALUES ('PROJECT_S_76aa7bc568122df0', '卫星互联网成果', '2024-11-07', '["6G通信", "卫星互联网"]'::json, '["中聚变研究所"]'::json, '[]'::json, '[]'::json, '2026-06-15T12:00:00+00:00', '2026-06-15T12:00:00+00:00');
INSERT INTO project_output (project_id, name_history, formed_at, tech_domains, owner_orgs, related_projects, attachments, created_at, updated_at) VALUES ('PROJECT_S_76aa7bc568122df0', '卫星互联网样机', '2022-09-26', '["6G通信", "卫星互联网"]'::json, '["中聚变研究所"]'::json, '[]'::json, '[]'::json, '2026-06-15T12:00:00+00:00', '2026-06-15T12:00:00+00:00');
INSERT INTO project_output (project_id, name_history, formed_at, tech_domains, owner_orgs, related_projects, attachments, created_at, updated_at) VALUES ('PROJECT_S_76aa7bc568122df0', '卫星互联网成果', '2022-12-14', '["6G通信", "卫星互联网"]'::json, '["中聚变研究所"]'::json, '[]'::json, '[]'::json, '2026-06-15T12:00:00+00:00', '2026-06-15T12:00:00+00:00');
INSERT INTO entity_change_log (entity_id, entity_type, field, old_value, new_value, method, operator, source_doc_id, reason, changed_at) VALUES ('PROJECT_S_76aa7bc568122df0', 'project', '*', NULL, '{"action": "create"}'::json, 'rule', NULL, 'mock_seed', NULL, '2026-06-15T12:00:00+00:00');
INSERT INTO project_profile (project_id, name_cn, name_en, name_other, tech_domain, sub_tech_domain, start_date, cancel_date, finish_date, status, budget_activities, project_no, main_orgs, undertaking_orgs, undertaking_enterprises, managers, researchers, background, research_goal, research_content, keywords, progress, application_prospect, key_dates, total_budget_million_usd, invested_million_usd, parent_package_name, previous_phase_name, confidence, completeness, created_at, updated_at) VALUES ('PROJECT_S_501b9cfe1f3a7be8', '["前沿自动驾驶域控制器任务"]'::json, '["Project-087"]'::json, '[]'::json, '["人工智能", "生物医药"]'::json, '["新能源"]'::json, '2022-10-24', NULL, '2022-10-24', '["暂停"]'::json, '["试验验证"]'::json, 10087, '["华生医实验室"]'::json, '["国信息高科", "东方未来研究院"]'::json, '["国信息高科"]'::json, '["徐明涛", "罗瑞文博"]'::json, '["李瑞志强", "朱桂英", "林志强", "周艳"]'::json, '["针对人工智能领域关键需求立项"]'::json, '突破人工智能关键技术，形成自主可控能力。', '["人工智能理论研究", "人工智能工程化", "人工智能应用验证"]'::json, '["人工智能", "生物医药"]'::json, '["2022年完成方案论证", "2023年进入工程研制"]'::json, '成果可应用于相关产业领域。', '[{"date": "2023-08-04", "event": "阶段评审"}]'::json, 20.0, 2.0, NULL, NULL, 0.871, 0.799, '2026-06-15T12:00:00+00:00', '2026-06-15T12:00:00+00:00');
INSERT INTO project_history (project_id, change_date, change_description, created_at, updated_at) VALUES ('PROJECT_S_501b9cfe1f3a7be8', '2022-11-14', '立项批复', '2026-06-15T12:00:00+00:00', '2026-06-15T12:00:00+00:00');
INSERT INTO project_history (project_id, change_date, change_description, created_at, updated_at) VALUES ('PROJECT_S_501b9cfe1f3a7be8', '2019-07-10', '通过中期评审', '2026-06-15T12:00:00+00:00', '2026-06-15T12:00:00+00:00');
INSERT INTO project_history (project_id, change_date, change_description, created_at, updated_at) VALUES ('PROJECT_S_501b9cfe1f3a7be8', '2020-06-14', '转入工程阶段', '2026-06-15T12:00:00+00:00', '2026-06-15T12:00:00+00:00');
INSERT INTO project_budget (project_id, budget_date, amount, created_at, updated_at) VALUES ('PROJECT_S_501b9cfe1f3a7be8', '2020-02-09', 2000.0, '2026-06-15T12:00:00+00:00', '2026-06-15T12:00:00+00:00');
INSERT INTO project_budget (project_id, budget_date, amount, created_at, updated_at) VALUES ('PROJECT_S_501b9cfe1f3a7be8', '2022-09-26', 2000.0, '2026-06-15T12:00:00+00:00', '2026-06-15T12:00:00+00:00');
INSERT INTO project_output (project_id, name_history, formed_at, tech_domains, owner_orgs, related_projects, attachments, created_at, updated_at) VALUES ('PROJECT_S_501b9cfe1f3a7be8', '人工智能样机', '2021-11-08', '["人工智能", "生物医药"]'::json, '["华生医实验室"]'::json, '[]'::json, '[]'::json, '2026-06-15T12:00:00+00:00', '2026-06-15T12:00:00+00:00');
INSERT INTO project_output (project_id, name_history, formed_at, tech_domains, owner_orgs, related_projects, attachments, created_at, updated_at) VALUES ('PROJECT_S_501b9cfe1f3a7be8', '人工智能样机', '2023-06-04', '["人工智能", "生物医药"]'::json, '["华生医实验室"]'::json, '[]'::json, '[]'::json, '2026-06-15T12:00:00+00:00', '2026-06-15T12:00:00+00:00');
INSERT INTO project_output (project_id, name_history, formed_at, tech_domains, owner_orgs, related_projects, attachments, created_at, updated_at) VALUES ('PROJECT_S_501b9cfe1f3a7be8', '人工智能成果', '2023-06-16', '["人工智能", "生物医药"]'::json, '["华生医实验室"]'::json, '[]'::json, '[]'::json, '2026-06-15T12:00:00+00:00', '2026-06-15T12:00:00+00:00');
INSERT INTO entity_change_log (entity_id, entity_type, field, old_value, new_value, method, operator, source_doc_id, reason, changed_at) VALUES ('PROJECT_S_501b9cfe1f3a7be8', 'project', '*', NULL, '{"action": "create"}'::json, 'rule', NULL, 'mock_seed', NULL, '2026-06-15T12:00:00+00:00');
INSERT INTO project_profile (project_id, name_cn, name_en, name_other, tech_domain, sub_tech_domain, start_date, cancel_date, finish_date, status, budget_activities, project_no, main_orgs, undertaking_orgs, undertaking_enterprises, managers, researchers, background, research_goal, research_content, keywords, progress, application_prospect, key_dates, total_budget_million_usd, invested_million_usd, parent_package_name, previous_phase_name, confidence, completeness, created_at, updated_at) VALUES ('PROJECT_S_35256df5d47093d9', '["前沿太赫兹通信工程"]'::json, '["Project-088"]'::json, '[]'::json, '["新能源", "集成电路"]'::json, '["网络安全"]'::json, '2021-02-20', NULL, NULL, '["在研"]'::json, '["人员经费"]'::json, 10088, '["中生医研究所"]'::json, '["中科微纳股份"]'::json, '[]'::json, '["谢斌"]'::json, '["赵婷建华", "杨婷", "杨刚"]'::json, '["针对集成电路领域关键需求立项"]'::json, '突破集成电路关键技术，形成自主可控能力。', '["集成电路理论研究", "集成电路工程化", "集成电路应用验证"]'::json, '["新能源", "集成电路"]'::json, '["2021年完成方案论证", "2022年进入工程研制"]'::json, '成果可应用于相关产业领域。', '[{"date": "2021-06-03", "event": "阶段评审"}]'::json, 5.0, 80.0, '重点研发', NULL, 0.883, 0.923, '2026-06-15T12:00:00+00:00', '2026-06-15T12:00:00+00:00');
INSERT INTO project_history (project_id, change_date, change_description, created_at, updated_at) VALUES ('PROJECT_S_35256df5d47093d9', '2022-01-13', '立项批复', '2026-06-15T12:00:00+00:00', '2026-06-15T12:00:00+00:00');
INSERT INTO project_history (project_id, change_date, change_description, created_at, updated_at) VALUES ('PROJECT_S_35256df5d47093d9', '2020-11-10', '通过中期评审', '2026-06-15T12:00:00+00:00', '2026-06-15T12:00:00+00:00');
INSERT INTO project_history (project_id, change_date, change_description, created_at, updated_at) VALUES ('PROJECT_S_35256df5d47093d9', '2024-10-06', '转入工程阶段', '2026-06-15T12:00:00+00:00', '2026-06-15T12:00:00+00:00');
INSERT INTO project_budget (project_id, budget_date, amount, created_at, updated_at) VALUES ('PROJECT_S_35256df5d47093d9', '2021-02-26', 800.0, '2026-06-15T12:00:00+00:00', '2026-06-15T12:00:00+00:00');
INSERT INTO project_output (project_id, name_history, formed_at, tech_domains, owner_orgs, related_projects, attachments, created_at, updated_at) VALUES ('PROJECT_S_35256df5d47093d9', '集成电路样机', '2024-03-19', '["新能源", "集成电路"]'::json, '["中生医研究所"]'::json, '[]'::json, '[]'::json, '2026-06-15T12:00:00+00:00', '2026-06-15T12:00:00+00:00');
INSERT INTO project_output (project_id, name_history, formed_at, tech_domains, owner_orgs, related_projects, attachments, created_at, updated_at) VALUES ('PROJECT_S_35256df5d47093d9', '集成电路样机', '2022-08-25', '["新能源", "集成电路"]'::json, '["中生医研究所"]'::json, '[]'::json, '[]'::json, '2026-06-15T12:00:00+00:00', '2026-06-15T12:00:00+00:00');
INSERT INTO project_output (project_id, name_history, formed_at, tech_domains, owner_orgs, related_projects, attachments, created_at, updated_at) VALUES ('PROJECT_S_35256df5d47093d9', '集成电路成果', '2022-01-26', '["新能源", "集成电路"]'::json, '["中生医研究所"]'::json, '[]'::json, '[]'::json, '2026-06-15T12:00:00+00:00', '2026-06-15T12:00:00+00:00');
INSERT INTO entity_change_log (entity_id, entity_type, field, old_value, new_value, method, operator, source_doc_id, reason, changed_at) VALUES ('PROJECT_S_35256df5d47093d9', 'project', '*', NULL, '{"action": "create"}'::json, 'rule', NULL, 'mock_seed', NULL, '2026-06-15T12:00:00+00:00');
INSERT INTO project_profile (project_id, name_cn, name_en, name_other, tech_domain, sub_tech_domain, start_date, cancel_date, finish_date, status, budget_activities, project_no, main_orgs, undertaking_orgs, undertaking_enterprises, managers, researchers, background, research_goal, research_content, keywords, progress, application_prospect, key_dates, total_budget_million_usd, invested_million_usd, parent_package_name, previous_phase_name, confidence, completeness, created_at, updated_at) VALUES ('PROJECT_S_67db4ae659d0c590', '["重点类脑计算架构计划"]'::json, '["Project-089"]'::json, '[]'::json, '["新材料", "基因编辑"]'::json, '["航空航天", "增材制造"]'::json, '2021-09-16', NULL, NULL, '["结题"]'::json, '["设备购置"]'::json, 10089, '["北方储能科技"]'::json, '["中科脑科学集团", "国航宇高科"]'::json, '[]'::json, '["邓海燕志强"]'::json, '["郑勇艳", "梁建华"]'::json, '["针对新材料领域关键需求立项"]'::json, '突破新材料关键技术，形成自主可控能力。', '["新材料理论研究", "新材料工程化", "新材料应用验证"]'::json, '["新材料", "基因编辑"]'::json, '["2021年完成方案论证", "2022年进入工程研制"]'::json, '成果可应用于相关产业领域。', '[{"date": "2023-05-19", "event": "阶段评审"}]'::json, 5.0, 30.0, NULL, NULL, 0.731, 0.685, '2026-06-15T12:00:00+00:00', '2026-06-15T12:00:00+00:00');
INSERT INTO project_history (project_id, change_date, change_description, created_at, updated_at) VALUES ('PROJECT_S_67db4ae659d0c590', '2019-07-04', '立项批复', '2026-06-15T12:00:00+00:00', '2026-06-15T12:00:00+00:00');
INSERT INTO project_history (project_id, change_date, change_description, created_at, updated_at) VALUES ('PROJECT_S_67db4ae659d0c590', '2024-11-24', '通过中期评审', '2026-06-15T12:00:00+00:00', '2026-06-15T12:00:00+00:00');
INSERT INTO project_history (project_id, change_date, change_description, created_at, updated_at) VALUES ('PROJECT_S_67db4ae659d0c590', '2019-09-09', '转入工程阶段', '2026-06-15T12:00:00+00:00', '2026-06-15T12:00:00+00:00');
INSERT INTO project_budget (project_id, budget_date, amount, created_at, updated_at) VALUES ('PROJECT_S_67db4ae659d0c590', '2022-01-23', 200.0, '2026-06-15T12:00:00+00:00', '2026-06-15T12:00:00+00:00');
INSERT INTO project_budget (project_id, budget_date, amount, created_at, updated_at) VALUES ('PROJECT_S_67db4ae659d0c590', '2022-05-04', 800.0, '2026-06-15T12:00:00+00:00', '2026-06-15T12:00:00+00:00');
INSERT INTO project_budget (project_id, budget_date, amount, created_at, updated_at) VALUES ('PROJECT_S_67db4ae659d0c590', '2023-02-06', 2000.0, '2026-06-15T12:00:00+00:00', '2026-06-15T12:00:00+00:00');
INSERT INTO project_output (project_id, name_history, formed_at, tech_domains, owner_orgs, related_projects, attachments, created_at, updated_at) VALUES ('PROJECT_S_67db4ae659d0c590', '新材料样机', '2024-02-27', '["新材料", "基因编辑"]'::json, '["北方储能科技"]'::json, '[]'::json, '[]'::json, '2026-06-15T12:00:00+00:00', '2026-06-15T12:00:00+00:00');
INSERT INTO project_output (project_id, name_history, formed_at, tech_domains, owner_orgs, related_projects, attachments, created_at, updated_at) VALUES ('PROJECT_S_67db4ae659d0c590', '新材料样机', '2021-10-15', '["新材料", "基因编辑"]'::json, '["北方储能科技"]'::json, '[]'::json, '[]'::json, '2026-06-15T12:00:00+00:00', '2026-06-15T12:00:00+00:00');
INSERT INTO entity_change_log (entity_id, entity_type, field, old_value, new_value, method, operator, source_doc_id, reason, changed_at) VALUES ('PROJECT_S_67db4ae659d0c590', 'project', '*', NULL, '{"action": "create"}'::json, 'rule', NULL, 'mock_seed', NULL, '2026-06-15T12:00:00+00:00');
INSERT INTO project_profile (project_id, name_cn, name_en, name_other, tech_domain, sub_tech_domain, start_date, cancel_date, finish_date, status, budget_activities, project_no, main_orgs, undertaking_orgs, undertaking_enterprises, managers, researchers, background, research_goal, research_content, keywords, progress, application_prospect, key_dates, total_budget_million_usd, invested_million_usd, parent_package_name, previous_phase_name, confidence, completeness, created_at, updated_at) VALUES ('PROJECT_S_8539e5a932209476', '["基础基因剪刀课题"]'::json, '["Project-090"]'::json, '[]'::json, '["量子计算", "网络安全"]'::json, '["增材制造"]'::json, '2023-01-20', NULL, NULL, '["验收"]'::json, '["设备购置"]'::json, 10090, '["东方智算实验室"]'::json, '["南方氢动科技"]'::json, '["南方氢动科技"]'::json, '["周艳"]'::json, '["彭雪松", "冯艳涛"]'::json, '["针对量子计算领域关键需求立项"]'::json, '突破量子计算关键技术，形成自主可控能力。', '["量子计算理论研究", "量子计算工程化", "量子计算应用验证"]'::json, '["量子计算", "网络安全"]'::json, '["2023年完成方案论证", "2024年进入工程研制"]'::json, '成果可应用于相关产业领域。', '[{"date": "2021-11-05", "event": "阶段评审"}]'::json, 120.0, 2.0, NULL, NULL, 0.923, 0.673, '2026-06-15T12:00:00+00:00', '2026-06-15T12:00:00+00:00');
INSERT INTO project_history (project_id, change_date, change_description, created_at, updated_at) VALUES ('PROJECT_S_8539e5a932209476', '2024-06-05', '立项批复', '2026-06-15T12:00:00+00:00', '2026-06-15T12:00:00+00:00');
INSERT INTO project_history (project_id, change_date, change_description, created_at, updated_at) VALUES ('PROJECT_S_8539e5a932209476', '2021-04-04', '通过中期评审', '2026-06-15T12:00:00+00:00', '2026-06-15T12:00:00+00:00');
INSERT INTO project_history (project_id, change_date, change_description, created_at, updated_at) VALUES ('PROJECT_S_8539e5a932209476', '2021-12-23', '转入工程阶段', '2026-06-15T12:00:00+00:00', '2026-06-15T12:00:00+00:00');
INSERT INTO project_budget (project_id, budget_date, amount, created_at, updated_at) VALUES ('PROJECT_S_8539e5a932209476', '2021-02-13', 50.0, '2026-06-15T12:00:00+00:00', '2026-06-15T12:00:00+00:00');
INSERT INTO project_budget (project_id, budget_date, amount, created_at, updated_at) VALUES ('PROJECT_S_8539e5a932209476', '2024-03-05', 50.0, '2026-06-15T12:00:00+00:00', '2026-06-15T12:00:00+00:00');
INSERT INTO project_budget (project_id, budget_date, amount, created_at, updated_at) VALUES ('PROJECT_S_8539e5a932209476', '2023-10-18', 2000.0, '2026-06-15T12:00:00+00:00', '2026-06-15T12:00:00+00:00');
INSERT INTO project_output (project_id, name_history, formed_at, tech_domains, owner_orgs, related_projects, attachments, created_at, updated_at) VALUES ('PROJECT_S_8539e5a932209476', '量子计算关键技术', '2021-05-03', '["量子计算", "网络安全"]'::json, '["东方智算实验室"]'::json, '[]'::json, '[]'::json, '2026-06-15T12:00:00+00:00', '2026-06-15T12:00:00+00:00');
INSERT INTO entity_change_log (entity_id, entity_type, field, old_value, new_value, method, operator, source_doc_id, reason, changed_at) VALUES ('PROJECT_S_8539e5a932209476', 'project', '*', NULL, '{"action": "create"}'::json, 'rule', NULL, 'mock_seed', NULL, '2026-06-15T12:00:00+00:00');
INSERT INTO project_profile (project_id, name_cn, name_en, name_other, tech_domain, sub_tech_domain, start_date, cancel_date, finish_date, status, budget_activities, project_no, main_orgs, undertaking_orgs, undertaking_enterprises, managers, researchers, background, research_goal, research_content, keywords, progress, application_prospect, key_dates, total_budget_million_usd, invested_million_usd, parent_package_name, previous_phase_name, confidence, completeness, created_at, updated_at) VALUES ('PROJECT_S_14eab6a33b72eb7b', '["攻关可重复使用火箭项目"]'::json, '["Project-091"]'::json, '[]'::json, '["无人机", "半导体"]'::json, '["新能源"]'::json, '2024-06-22', NULL, NULL, '["验收"]'::json, '["人员经费"]'::json, 10091, '["国生医科技"]'::json, '["东方脑科学实验室", "东方智算实验室"]'::json, '["东方智算实验室"]'::json, '["孙伟娟"]'::json, '["何洋雪松", "邓晓东", "韩娟刚", "高磊伟"]'::json, '["针对半导体领域关键需求立项"]'::json, '突破半导体关键技术，形成自主可控能力。', '["半导体理论研究", "半导体工程化", "半导体应用验证"]'::json, '["无人机", "半导体"]'::json, '["2024年完成方案论证", "2025年进入工程研制"]'::json, '成果可应用于相关产业领域。', '[{"date": "2022-11-20", "event": "阶段评审"}]'::json, 50.0, 10.0, '重大专项', NULL, 0.782, 0.578, '2026-06-15T12:00:00+00:00', '2026-06-15T12:00:00+00:00');
INSERT INTO project_history (project_id, change_date, change_description, created_at, updated_at) VALUES ('PROJECT_S_14eab6a33b72eb7b', '2020-03-26', '立项批复', '2026-06-15T12:00:00+00:00', '2026-06-15T12:00:00+00:00');
INSERT INTO project_history (project_id, change_date, change_description, created_at, updated_at) VALUES ('PROJECT_S_14eab6a33b72eb7b', '2019-07-13', '通过中期评审', '2026-06-15T12:00:00+00:00', '2026-06-15T12:00:00+00:00');
INSERT INTO project_history (project_id, change_date, change_description, created_at, updated_at) VALUES ('PROJECT_S_14eab6a33b72eb7b', '2021-10-09', '转入工程阶段', '2026-06-15T12:00:00+00:00', '2026-06-15T12:00:00+00:00');
INSERT INTO project_budget (project_id, budget_date, amount, created_at, updated_at) VALUES ('PROJECT_S_14eab6a33b72eb7b', '2020-04-18', 800.0, '2026-06-15T12:00:00+00:00', '2026-06-15T12:00:00+00:00');
INSERT INTO project_budget (project_id, budget_date, amount, created_at, updated_at) VALUES ('PROJECT_S_14eab6a33b72eb7b', '2021-07-19', 50.0, '2026-06-15T12:00:00+00:00', '2026-06-15T12:00:00+00:00');
INSERT INTO project_output (project_id, name_history, formed_at, tech_domains, owner_orgs, related_projects, attachments, created_at, updated_at) VALUES ('PROJECT_S_14eab6a33b72eb7b', '半导体样机', '2024-12-04', '["无人机", "半导体"]'::json, '["国生医科技"]'::json, '[]'::json, '[]'::json, '2026-06-15T12:00:00+00:00', '2026-06-15T12:00:00+00:00');
INSERT INTO project_output (project_id, name_history, formed_at, tech_domains, owner_orgs, related_projects, attachments, created_at, updated_at) VALUES ('PROJECT_S_14eab6a33b72eb7b', '半导体样机', '2022-09-14', '["无人机", "半导体"]'::json, '["国生医科技"]'::json, '[]'::json, '[]'::json, '2026-06-15T12:00:00+00:00', '2026-06-15T12:00:00+00:00');
INSERT INTO project_output (project_id, name_history, formed_at, tech_domains, owner_orgs, related_projects, attachments, created_at, updated_at) VALUES ('PROJECT_S_14eab6a33b72eb7b', '半导体关键技术', '2023-01-05', '["无人机", "半导体"]'::json, '["国生医科技"]'::json, '[]'::json, '[]'::json, '2026-06-15T12:00:00+00:00', '2026-06-15T12:00:00+00:00');
INSERT INTO entity_change_log (entity_id, entity_type, field, old_value, new_value, method, operator, source_doc_id, reason, changed_at) VALUES ('PROJECT_S_14eab6a33b72eb7b', 'project', '*', NULL, '{"action": "create"}'::json, 'rule', NULL, 'mock_seed', NULL, '2026-06-15T12:00:00+00:00');
INSERT INTO project_profile (project_id, name_cn, name_en, name_other, tech_domain, sub_tech_domain, start_date, cancel_date, finish_date, status, budget_activities, project_no, main_orgs, undertaking_orgs, undertaking_enterprises, managers, researchers, background, research_goal, research_content, keywords, progress, application_prospect, key_dates, total_budget_million_usd, invested_million_usd, parent_package_name, previous_phase_name, confidence, completeness, created_at, updated_at) VALUES ('PROJECT_S_eedbee6c5bd64e34', '["前沿碳纳米管项目"]'::json, '["Project-092"]'::json, '[]'::json, '["生物医药", "机器人"]'::json, '["网络安全"]'::json, '2019-07-21', NULL, NULL, '["验收"]'::json, '["设备购置"]'::json, 10092, '["中聚变研究所"]'::json, '["中科微纳股份"]'::json, '[]'::json, '["黄俊杰军"]'::json, '["黄宁", "张磊", "陈海燕"]'::json, '["针对机器人领域关键需求立项"]'::json, '突破机器人关键技术，形成自主可控能力。', '["机器人理论研究", "机器人工程化", "机器人应用验证"]'::json, '["生物医药", "机器人"]'::json, '["2019年完成方案论证", "2020年进入工程研制"]'::json, '成果可应用于相关产业领域。', '[{"date": "2020-11-24", "event": "阶段评审"}]'::json, 5.0, 2.0, '重大专项', NULL, 0.865, 0.863, '2026-06-15T12:00:00+00:00', '2026-06-15T12:00:00+00:00');
INSERT INTO project_history (project_id, change_date, change_description, created_at, updated_at) VALUES ('PROJECT_S_eedbee6c5bd64e34', '2022-04-01', '立项批复', '2026-06-15T12:00:00+00:00', '2026-06-15T12:00:00+00:00');
INSERT INTO project_history (project_id, change_date, change_description, created_at, updated_at) VALUES ('PROJECT_S_eedbee6c5bd64e34', '2020-07-01', '通过中期评审', '2026-06-15T12:00:00+00:00', '2026-06-15T12:00:00+00:00');
INSERT INTO project_history (project_id, change_date, change_description, created_at, updated_at) VALUES ('PROJECT_S_eedbee6c5bd64e34', '2024-01-22', '转入工程阶段', '2026-06-15T12:00:00+00:00', '2026-06-15T12:00:00+00:00');
INSERT INTO project_budget (project_id, budget_date, amount, created_at, updated_at) VALUES ('PROJECT_S_eedbee6c5bd64e34', '2021-01-19', 800.0, '2026-06-15T12:00:00+00:00', '2026-06-15T12:00:00+00:00');
INSERT INTO project_budget (project_id, budget_date, amount, created_at, updated_at) VALUES ('PROJECT_S_eedbee6c5bd64e34', '2024-04-04', 2000.0, '2026-06-15T12:00:00+00:00', '2026-06-15T12:00:00+00:00');
INSERT INTO project_budget (project_id, budget_date, amount, created_at, updated_at) VALUES ('PROJECT_S_eedbee6c5bd64e34', '2021-03-15', 50.0, '2026-06-15T12:00:00+00:00', '2026-06-15T12:00:00+00:00');
INSERT INTO project_output (project_id, name_history, formed_at, tech_domains, owner_orgs, related_projects, attachments, created_at, updated_at) VALUES ('PROJECT_S_eedbee6c5bd64e34', '机器人关键技术', '2024-05-25', '["生物医药", "机器人"]'::json, '["中聚变研究所"]'::json, '[]'::json, '[]'::json, '2026-06-15T12:00:00+00:00', '2026-06-15T12:00:00+00:00');
INSERT INTO entity_change_log (entity_id, entity_type, field, old_value, new_value, method, operator, source_doc_id, reason, changed_at) VALUES ('PROJECT_S_eedbee6c5bd64e34', 'project', '*', NULL, '{"action": "create"}'::json, 'rule', NULL, 'mock_seed', NULL, '2026-06-15T12:00:00+00:00');
INSERT INTO project_profile (project_id, name_cn, name_en, name_other, tech_domain, sub_tech_domain, start_date, cancel_date, finish_date, status, budget_activities, project_no, main_orgs, undertaking_orgs, undertaking_enterprises, managers, researchers, background, research_goal, research_content, keywords, progress, application_prospect, key_dates, total_budget_million_usd, invested_million_usd, parent_package_name, previous_phase_name, confidence, completeness, created_at, updated_at) VALUES ('PROJECT_S_6052acebd82dd368', '["专项氢燃料电池电堆任务"]'::json, '["Project-093"]'::json, '[]'::json, '["新能源", "航空航天"]'::json, '["先进算力", "6G通信"]'::json, '2019-05-21', NULL, NULL, '["验收"]'::json, '["国际合作"]'::json, 10093, '["新基因实验室"]'::json, '["中科前沿实验室", "航天氢动集团"]'::json, '["中科前沿实验室"]'::json, '["杨婷", "林瑞"]'::json, '["韩娟刚", "郭娟雪松", "冯艳涛"]'::json, '["针对新能源领域关键需求立项"]'::json, '突破新能源关键技术，形成自主可控能力。', '["新能源理论研究", "新能源工程化", "新能源应用验证"]'::json, '["新能源", "航空航天"]'::json, '["2019年完成方案论证", "2020年进入工程研制"]'::json, '成果可应用于相关产业领域。', '[{"date": "2022-04-02", "event": "阶段评审"}]'::json, 300.0, 2.0, '重点研发', NULL, 0.857, 0.947, '2026-06-15T12:00:00+00:00', '2026-06-15T12:00:00+00:00');
INSERT INTO project_history (project_id, change_date, change_description, created_at, updated_at) VALUES ('PROJECT_S_6052acebd82dd368', '2019-03-08', '立项批复', '2026-06-15T12:00:00+00:00', '2026-06-15T12:00:00+00:00');
INSERT INTO project_history (project_id, change_date, change_description, created_at, updated_at) VALUES ('PROJECT_S_6052acebd82dd368', '2019-04-17', '通过中期评审', '2026-06-15T12:00:00+00:00', '2026-06-15T12:00:00+00:00');
INSERT INTO project_history (project_id, change_date, change_description, created_at, updated_at) VALUES ('PROJECT_S_6052acebd82dd368', '2019-08-28', '转入工程阶段', '2026-06-15T12:00:00+00:00', '2026-06-15T12:00:00+00:00');
INSERT INTO project_budget (project_id, budget_date, amount, created_at, updated_at) VALUES ('PROJECT_S_6052acebd82dd368', '2022-09-17', 200.0, '2026-06-15T12:00:00+00:00', '2026-06-15T12:00:00+00:00');
INSERT INTO project_budget (project_id, budget_date, amount, created_at, updated_at) VALUES ('PROJECT_S_6052acebd82dd368', '2023-11-22', 200.0, '2026-06-15T12:00:00+00:00', '2026-06-15T12:00:00+00:00');
INSERT INTO project_budget (project_id, budget_date, amount, created_at, updated_at) VALUES ('PROJECT_S_6052acebd82dd368', '2024-01-04', 2000.0, '2026-06-15T12:00:00+00:00', '2026-06-15T12:00:00+00:00');
INSERT INTO project_output (project_id, name_history, formed_at, tech_domains, owner_orgs, related_projects, attachments, created_at, updated_at) VALUES ('PROJECT_S_6052acebd82dd368', '新能源成果', '2022-03-04', '["新能源", "航空航天"]'::json, '["新基因实验室"]'::json, '[]'::json, '[]'::json, '2026-06-15T12:00:00+00:00', '2026-06-15T12:00:00+00:00');
INSERT INTO project_output (project_id, name_history, formed_at, tech_domains, owner_orgs, related_projects, attachments, created_at, updated_at) VALUES ('PROJECT_S_6052acebd82dd368', '新能源样机', '2023-09-07', '["新能源", "航空航天"]'::json, '["新基因实验室"]'::json, '[]'::json, '[]'::json, '2026-06-15T12:00:00+00:00', '2026-06-15T12:00:00+00:00');
INSERT INTO project_output (project_id, name_history, formed_at, tech_domains, owner_orgs, related_projects, attachments, created_at, updated_at) VALUES ('PROJECT_S_6052acebd82dd368', '新能源成果', '2024-02-14', '["新能源", "航空航天"]'::json, '["新基因实验室"]'::json, '[]'::json, '[]'::json, '2026-06-15T12:00:00+00:00', '2026-06-15T12:00:00+00:00');
INSERT INTO entity_change_log (entity_id, entity_type, field, old_value, new_value, method, operator, source_doc_id, reason, changed_at) VALUES ('PROJECT_S_6052acebd82dd368', 'project', '*', NULL, '{"action": "create"}'::json, 'rule', NULL, 'mock_seed', NULL, '2026-06-15T12:00:00+00:00');
INSERT INTO project_profile (project_id, name_cn, name_en, name_other, tech_domain, sub_tech_domain, start_date, cancel_date, finish_date, status, budget_activities, project_no, main_orgs, undertaking_orgs, undertaking_enterprises, managers, researchers, background, research_goal, research_content, keywords, progress, application_prospect, key_dates, total_budget_million_usd, invested_million_usd, parent_package_name, previous_phase_name, confidence, completeness, created_at, updated_at) VALUES ('PROJECT_S_a4365440bbfcdc2a', '["攻关深海潜水器专项"]'::json, '["Project-094"]'::json, '[]'::json, '["自动驾驶", "航空航天"]'::json, '["新材料"]'::json, '2020-06-04', NULL, NULL, '["立项"]'::json, '["设备购置"]'::json, 10094, '["新基因实验室"]'::json, '["中科未来实验室"]'::json, '["中科未来实验室"]'::json, '["冯昊"]'::json, '["林雪松", "李峰", "陈伟婷", "周艳"]'::json, '["针对自动驾驶领域关键需求立项"]'::json, '突破自动驾驶关键技术，形成自主可控能力。', '["自动驾驶理论研究", "自动驾驶工程化", "自动驾驶应用验证"]'::json, '["自动驾驶", "航空航天"]'::json, '["2020年完成方案论证", "2021年进入工程研制"]'::json, '成果可应用于相关产业领域。', '[{"date": "2024-02-15", "event": "阶段评审"}]'::json, 20.0, 80.0, '重点研发', NULL, 0.783, 0.849, '2026-06-15T12:00:00+00:00', '2026-06-15T12:00:00+00:00');
INSERT INTO project_history (project_id, change_date, change_description, created_at, updated_at) VALUES ('PROJECT_S_a4365440bbfcdc2a', '2022-11-20', '立项批复', '2026-06-15T12:00:00+00:00', '2026-06-15T12:00:00+00:00');
INSERT INTO project_history (project_id, change_date, change_description, created_at, updated_at) VALUES ('PROJECT_S_a4365440bbfcdc2a', '2023-03-03', '通过中期评审', '2026-06-15T12:00:00+00:00', '2026-06-15T12:00:00+00:00');
INSERT INTO project_history (project_id, change_date, change_description, created_at, updated_at) VALUES ('PROJECT_S_a4365440bbfcdc2a', '2024-03-22', '转入工程阶段', '2026-06-15T12:00:00+00:00', '2026-06-15T12:00:00+00:00');
INSERT INTO project_budget (project_id, budget_date, amount, created_at, updated_at) VALUES ('PROJECT_S_a4365440bbfcdc2a', '2023-05-23', 2000.0, '2026-06-15T12:00:00+00:00', '2026-06-15T12:00:00+00:00');
INSERT INTO project_budget (project_id, budget_date, amount, created_at, updated_at) VALUES ('PROJECT_S_a4365440bbfcdc2a', '2022-11-06', 2000.0, '2026-06-15T12:00:00+00:00', '2026-06-15T12:00:00+00:00');
INSERT INTO project_budget (project_id, budget_date, amount, created_at, updated_at) VALUES ('PROJECT_S_a4365440bbfcdc2a', '2023-07-25', 200.0, '2026-06-15T12:00:00+00:00', '2026-06-15T12:00:00+00:00');
INSERT INTO project_output (project_id, name_history, formed_at, tech_domains, owner_orgs, related_projects, attachments, created_at, updated_at) VALUES ('PROJECT_S_a4365440bbfcdc2a', '自动驾驶样机', '2024-12-20', '["自动驾驶", "航空航天"]'::json, '["新基因实验室"]'::json, '[]'::json, '[]'::json, '2026-06-15T12:00:00+00:00', '2026-06-15T12:00:00+00:00');
INSERT INTO project_output (project_id, name_history, formed_at, tech_domains, owner_orgs, related_projects, attachments, created_at, updated_at) VALUES ('PROJECT_S_a4365440bbfcdc2a', '自动驾驶样机', '2022-04-08', '["自动驾驶", "航空航天"]'::json, '["新基因实验室"]'::json, '[]'::json, '[]'::json, '2026-06-15T12:00:00+00:00', '2026-06-15T12:00:00+00:00');
INSERT INTO entity_change_log (entity_id, entity_type, field, old_value, new_value, method, operator, source_doc_id, reason, changed_at) VALUES ('PROJECT_S_a4365440bbfcdc2a', 'project', '*', NULL, '{"action": "create"}'::json, 'rule', NULL, 'mock_seed', NULL, '2026-06-15T12:00:00+00:00');
INSERT INTO project_profile (project_id, name_cn, name_en, name_other, tech_domain, sub_tech_domain, start_date, cancel_date, finish_date, status, budget_activities, project_no, main_orgs, undertaking_orgs, undertaking_enterprises, managers, researchers, background, research_goal, research_content, keywords, progress, application_prospect, key_dates, total_budget_million_usd, invested_million_usd, parent_package_name, previous_phase_name, confidence, completeness, created_at, updated_at) VALUES ('PROJECT_S_83ac6f3769b9dfbb', '["攻关可重复使用火箭任务"]'::json, '["Project-095"]'::json, '[]'::json, '["集成电路", "卫星互联网"]'::json, '["网络安全", "氢能"]'::json, '2024-08-12', NULL, NULL, '["立项"]'::json, '["人员经费"]'::json, 10095, '["新生医研究所"]'::json, '["远生医工程技术中心"]'::json, '[]'::json, '["何雪松宇航", "赵婷建华"]'::json, '["梁娟军", "朱勇", "何雪松宇航"]'::json, '["针对卫星互联网领域关键需求立项"]'::json, '突破卫星互联网关键技术，形成自主可控能力。', '["卫星互联网理论研究", "卫星互联网工程化", "卫星互联网应用验证"]'::json, '["集成电路", "卫星互联网"]'::json, '["2024年完成方案论证", "2025年进入工程研制"]'::json, '成果可应用于相关产业领域。', '[{"date": "2020-11-14", "event": "阶段评审"}]'::json, 20.0, 30.0, NULL, NULL, 0.784, 0.673, '2026-06-15T12:00:00+00:00', '2026-06-15T12:00:00+00:00');
INSERT INTO project_history (project_id, change_date, change_description, created_at, updated_at) VALUES ('PROJECT_S_83ac6f3769b9dfbb', '2022-03-23', '立项批复', '2026-06-15T12:00:00+00:00', '2026-06-15T12:00:00+00:00');
INSERT INTO project_history (project_id, change_date, change_description, created_at, updated_at) VALUES ('PROJECT_S_83ac6f3769b9dfbb', '2024-08-21', '通过中期评审', '2026-06-15T12:00:00+00:00', '2026-06-15T12:00:00+00:00');
INSERT INTO project_history (project_id, change_date, change_description, created_at, updated_at) VALUES ('PROJECT_S_83ac6f3769b9dfbb', '2022-02-10', '转入工程阶段', '2026-06-15T12:00:00+00:00', '2026-06-15T12:00:00+00:00');
INSERT INTO project_budget (project_id, budget_date, amount, created_at, updated_at) VALUES ('PROJECT_S_83ac6f3769b9dfbb', '2020-01-16', 200.0, '2026-06-15T12:00:00+00:00', '2026-06-15T12:00:00+00:00');
INSERT INTO project_budget (project_id, budget_date, amount, created_at, updated_at) VALUES ('PROJECT_S_83ac6f3769b9dfbb', '2022-01-19', 800.0, '2026-06-15T12:00:00+00:00', '2026-06-15T12:00:00+00:00');
INSERT INTO project_output (project_id, name_history, formed_at, tech_domains, owner_orgs, related_projects, attachments, created_at, updated_at) VALUES ('PROJECT_S_83ac6f3769b9dfbb', '卫星互联网样机', '2024-06-18', '["集成电路", "卫星互联网"]'::json, '["新生医研究所"]'::json, '[]'::json, '[]'::json, '2026-06-15T12:00:00+00:00', '2026-06-15T12:00:00+00:00');
INSERT INTO project_output (project_id, name_history, formed_at, tech_domains, owner_orgs, related_projects, attachments, created_at, updated_at) VALUES ('PROJECT_S_83ac6f3769b9dfbb', '卫星互联网样机', '2023-01-09', '["集成电路", "卫星互联网"]'::json, '["新生医研究所"]'::json, '[]'::json, '[]'::json, '2026-06-15T12:00:00+00:00', '2026-06-15T12:00:00+00:00');
INSERT INTO entity_change_log (entity_id, entity_type, field, old_value, new_value, method, operator, source_doc_id, reason, changed_at) VALUES ('PROJECT_S_83ac6f3769b9dfbb', 'project', '*', NULL, '{"action": "create"}'::json, 'rule', NULL, 'mock_seed', NULL, '2026-06-15T12:00:00+00:00');
INSERT INTO project_profile (project_id, name_cn, name_en, name_other, tech_domain, sub_tech_domain, start_date, cancel_date, finish_date, status, budget_activities, project_no, main_orgs, undertaking_orgs, undertaking_enterprises, managers, researchers, background, research_goal, research_content, keywords, progress, application_prospect, key_dates, total_budget_million_usd, invested_million_usd, parent_package_name, previous_phase_name, confidence, completeness, created_at, updated_at) VALUES ('PROJECT_S_0a994543634425b1', '["先导可重复使用火箭专项"]'::json, '["Project-096"]'::json, '[]'::json, '["氢能", "半导体"]'::json, '["航空航天", "5G通信"]'::json, '2019-04-15', NULL, NULL, '["在研"]'::json, '["设备购置"]'::json, 10096, '["中聚变研究所"]'::json, '["华信息研究所", "新芯创高科"]'::json, '[]'::json, '["谢伟", "宋磊"]'::json, '["彭宇航", "王刚", "吴峰"]'::json, '["针对氢能领域关键需求立项"]'::json, '突破氢能关键技术，形成自主可控能力。', '["氢能理论研究", "氢能工程化", "氢能应用验证"]'::json, '["氢能", "半导体"]'::json, '["2019年完成方案论证", "2020年进入工程研制"]'::json, '成果可应用于相关产业领域。', '[{"date": "2021-03-13", "event": "阶段评审"}]'::json, 300.0, 80.0, NULL, NULL, 0.82, 0.619, '2026-06-15T12:00:00+00:00', '2026-06-15T12:00:00+00:00');
INSERT INTO project_history (project_id, change_date, change_description, created_at, updated_at) VALUES ('PROJECT_S_0a994543634425b1', '2024-12-26', '立项批复', '2026-06-15T12:00:00+00:00', '2026-06-15T12:00:00+00:00');
INSERT INTO project_history (project_id, change_date, change_description, created_at, updated_at) VALUES ('PROJECT_S_0a994543634425b1', '2022-01-28', '通过中期评审', '2026-06-15T12:00:00+00:00', '2026-06-15T12:00:00+00:00');
INSERT INTO project_history (project_id, change_date, change_description, created_at, updated_at) VALUES ('PROJECT_S_0a994543634425b1', '2024-10-19', '转入工程阶段', '2026-06-15T12:00:00+00:00', '2026-06-15T12:00:00+00:00');
INSERT INTO project_budget (project_id, budget_date, amount, created_at, updated_at) VALUES ('PROJECT_S_0a994543634425b1', '2024-12-27', 2000.0, '2026-06-15T12:00:00+00:00', '2026-06-15T12:00:00+00:00');
INSERT INTO project_budget (project_id, budget_date, amount, created_at, updated_at) VALUES ('PROJECT_S_0a994543634425b1', '2022-09-21', 50.0, '2026-06-15T12:00:00+00:00', '2026-06-15T12:00:00+00:00');
INSERT INTO project_output (project_id, name_history, formed_at, tech_domains, owner_orgs, related_projects, attachments, created_at, updated_at) VALUES ('PROJECT_S_0a994543634425b1', '氢能关键技术', '2021-01-21', '["氢能", "半导体"]'::json, '["中聚变研究所"]'::json, '[]'::json, '[]'::json, '2026-06-15T12:00:00+00:00', '2026-06-15T12:00:00+00:00');
INSERT INTO project_output (project_id, name_history, formed_at, tech_domains, owner_orgs, related_projects, attachments, created_at, updated_at) VALUES ('PROJECT_S_0a994543634425b1', '氢能关键技术', '2023-06-03', '["氢能", "半导体"]'::json, '["中聚变研究所"]'::json, '[]'::json, '[]'::json, '2026-06-15T12:00:00+00:00', '2026-06-15T12:00:00+00:00');
INSERT INTO entity_change_log (entity_id, entity_type, field, old_value, new_value, method, operator, source_doc_id, reason, changed_at) VALUES ('PROJECT_S_0a994543634425b1', 'project', '*', NULL, '{"action": "create"}'::json, 'rule', NULL, 'mock_seed', NULL, '2026-06-15T12:00:00+00:00');
INSERT INTO project_profile (project_id, name_cn, name_en, name_other, tech_domain, sub_tech_domain, start_date, cancel_date, finish_date, status, budget_activities, project_no, main_orgs, undertaking_orgs, undertaking_enterprises, managers, researchers, background, research_goal, research_content, keywords, progress, application_prospect, key_dates, total_budget_million_usd, invested_million_usd, parent_package_name, previous_phase_name, confidence, completeness, created_at, updated_at) VALUES ('PROJECT_S_c7e7c83212ad354d', '["先导金属3D打印计划"]'::json, '["Project-097"]'::json, '[]'::json, '["大模型", "先进算力"]'::json, '["储能", "卫星互联网"]'::json, '2021-11-20', NULL, NULL, '["在研"]'::json, '["国际合作"]'::json, 10097, '["中科脑科学集团"]'::json, '["中聚变研究所", "新前沿科技"]'::json, '["中聚变研究所"]'::json, '["韩斌文博"]'::json, '["韩斌文博", "宋磊", "马文博"]'::json, '["针对先进算力领域关键需求立项"]'::json, '突破先进算力关键技术，形成自主可控能力。', '["先进算力理论研究", "先进算力工程化", "先进算力应用验证"]'::json, '["大模型", "先进算力"]'::json, '["2021年完成方案论证", "2022年进入工程研制"]'::json, '成果可应用于相关产业领域。', '[{"date": "2022-04-16", "event": "阶段评审"}]'::json, 120.0, 80.0, NULL, NULL, 0.751, 0.856, '2026-06-15T12:00:00+00:00', '2026-06-15T12:00:00+00:00');
INSERT INTO project_history (project_id, change_date, change_description, created_at, updated_at) VALUES ('PROJECT_S_c7e7c83212ad354d', '2023-12-13', '立项批复', '2026-06-15T12:00:00+00:00', '2026-06-15T12:00:00+00:00');
INSERT INTO project_history (project_id, change_date, change_description, created_at, updated_at) VALUES ('PROJECT_S_c7e7c83212ad354d', '2022-07-24', '通过中期评审', '2026-06-15T12:00:00+00:00', '2026-06-15T12:00:00+00:00');
INSERT INTO project_history (project_id, change_date, change_description, created_at, updated_at) VALUES ('PROJECT_S_c7e7c83212ad354d', '2024-12-05', '转入工程阶段', '2026-06-15T12:00:00+00:00', '2026-06-15T12:00:00+00:00');
INSERT INTO project_budget (project_id, budget_date, amount, created_at, updated_at) VALUES ('PROJECT_S_c7e7c83212ad354d', '2022-11-22', 2000.0, '2026-06-15T12:00:00+00:00', '2026-06-15T12:00:00+00:00');
INSERT INTO project_budget (project_id, budget_date, amount, created_at, updated_at) VALUES ('PROJECT_S_c7e7c83212ad354d', '2024-10-02', 200.0, '2026-06-15T12:00:00+00:00', '2026-06-15T12:00:00+00:00');
INSERT INTO project_budget (project_id, budget_date, amount, created_at, updated_at) VALUES ('PROJECT_S_c7e7c83212ad354d', '2024-10-06', 50.0, '2026-06-15T12:00:00+00:00', '2026-06-15T12:00:00+00:00');
INSERT INTO project_output (project_id, name_history, formed_at, tech_domains, owner_orgs, related_projects, attachments, created_at, updated_at) VALUES ('PROJECT_S_c7e7c83212ad354d', '先进算力样机', '2023-02-10', '["大模型", "先进算力"]'::json, '["中科脑科学集团"]'::json, '[]'::json, '[]'::json, '2026-06-15T12:00:00+00:00', '2026-06-15T12:00:00+00:00');
INSERT INTO entity_change_log (entity_id, entity_type, field, old_value, new_value, method, operator, source_doc_id, reason, changed_at) VALUES ('PROJECT_S_c7e7c83212ad354d', 'project', '*', NULL, '{"action": "create"}'::json, 'rule', NULL, 'mock_seed', NULL, '2026-06-15T12:00:00+00:00');
INSERT INTO project_profile (project_id, name_cn, name_en, name_other, tech_domain, sub_tech_domain, start_date, cancel_date, finish_date, status, budget_activities, project_no, main_orgs, undertaking_orgs, undertaking_enterprises, managers, researchers, background, research_goal, research_content, keywords, progress, application_prospect, key_dates, total_budget_million_usd, invested_million_usd, parent_package_name, previous_phase_name, confidence, completeness, created_at, updated_at) VALUES ('PROJECT_S_b36cb8bd9370c419', '["前沿钙钛矿太阳能电池工程"]'::json, '["Project-098"]'::json, '[]'::json, '["网络安全", "脑机接口"]'::json, '["航空航天"]'::json, '2020-01-28', NULL, NULL, '["结题"]'::json, '["国际合作"]'::json, 10098, '["国芯创研究所"]'::json, '["中科脑科学集团", "华基因工程技术中心"]'::json, '[]'::json, '["郭婷刚", "黄宁"]'::json, '["彭宇航", "林雪松"]'::json, '["针对网络安全领域关键需求立项"]'::json, '突破网络安全关键技术，形成自主可控能力。', '["网络安全理论研究", "网络安全工程化", "网络安全应用验证"]'::json, '["网络安全", "脑机接口"]'::json, '["2020年完成方案论证", "2021年进入工程研制"]'::json, '成果可应用于相关产业领域。', '[{"date": "2020-03-04", "event": "阶段评审"}]'::json, 120.0, 80.0, '重大专项', NULL, 0.728, 0.772, '2026-06-15T12:00:00+00:00', '2026-06-15T12:00:00+00:00');
INSERT INTO project_history (project_id, change_date, change_description, created_at, updated_at) VALUES ('PROJECT_S_b36cb8bd9370c419', '2022-01-09', '立项批复', '2026-06-15T12:00:00+00:00', '2026-06-15T12:00:00+00:00');
INSERT INTO project_history (project_id, change_date, change_description, created_at, updated_at) VALUES ('PROJECT_S_b36cb8bd9370c419', '2023-11-07', '通过中期评审', '2026-06-15T12:00:00+00:00', '2026-06-15T12:00:00+00:00');
INSERT INTO project_history (project_id, change_date, change_description, created_at, updated_at) VALUES ('PROJECT_S_b36cb8bd9370c419', '2020-12-19', '转入工程阶段', '2026-06-15T12:00:00+00:00', '2026-06-15T12:00:00+00:00');
INSERT INTO project_budget (project_id, budget_date, amount, created_at, updated_at) VALUES ('PROJECT_S_b36cb8bd9370c419', '2022-12-08', 800.0, '2026-06-15T12:00:00+00:00', '2026-06-15T12:00:00+00:00');
INSERT INTO project_budget (project_id, budget_date, amount, created_at, updated_at) VALUES ('PROJECT_S_b36cb8bd9370c419', '2020-04-16', 2000.0, '2026-06-15T12:00:00+00:00', '2026-06-15T12:00:00+00:00');
INSERT INTO project_budget (project_id, budget_date, amount, created_at, updated_at) VALUES ('PROJECT_S_b36cb8bd9370c419', '2020-09-26', 50.0, '2026-06-15T12:00:00+00:00', '2026-06-15T12:00:00+00:00');
INSERT INTO project_output (project_id, name_history, formed_at, tech_domains, owner_orgs, related_projects, attachments, created_at, updated_at) VALUES ('PROJECT_S_b36cb8bd9370c419', '网络安全样机', '2024-03-23', '["网络安全", "脑机接口"]'::json, '["国芯创研究所"]'::json, '[]'::json, '[]'::json, '2026-06-15T12:00:00+00:00', '2026-06-15T12:00:00+00:00');
INSERT INTO entity_change_log (entity_id, entity_type, field, old_value, new_value, method, operator, source_doc_id, reason, changed_at) VALUES ('PROJECT_S_b36cb8bd9370c419', 'project', '*', NULL, '{"action": "create"}'::json, 'rule', NULL, 'mock_seed', NULL, '2026-06-15T12:00:00+00:00');
INSERT INTO project_profile (project_id, name_cn, name_en, name_other, tech_domain, sub_tech_domain, start_date, cancel_date, finish_date, status, budget_activities, project_no, main_orgs, undertaking_orgs, undertaking_enterprises, managers, researchers, background, research_goal, research_content, keywords, progress, application_prospect, key_dates, total_budget_million_usd, invested_million_usd, parent_package_name, previous_phase_name, confidence, completeness, created_at, updated_at) VALUES ('PROJECT_S_5aef933505537c7c', '["重大mRNA疫苗工程"]'::json, '["Project-099"]'::json, '[]'::json, '["量子计算", "大模型"]'::json, '["量子计算"]'::json, '2022-10-01', NULL, NULL, '["结题"]'::json, '["设备购置"]'::json, 10099, '["北方航宇科技"]'::json, '["华氢动研究院", "国生医科技"]'::json, '["国生医科技"]'::json, '["何洋雪松", "彭宇航"]'::json, '["罗峰", "高超娟", "吴宁"]'::json, '["针对量子计算领域关键需求立项"]'::json, '突破量子计算关键技术，形成自主可控能力。', '["量子计算理论研究", "量子计算工程化", "量子计算应用验证"]'::json, '["量子计算", "大模型"]'::json, '["2022年完成方案论证", "2023年进入工程研制"]'::json, '成果可应用于相关产业领域。', '[{"date": "2020-02-02", "event": "阶段评审"}]'::json, 50.0, 2.0, '重点研发', NULL, 0.957, 0.847, '2026-06-15T12:00:00+00:00', '2026-06-15T12:00:00+00:00');
INSERT INTO project_history (project_id, change_date, change_description, created_at, updated_at) VALUES ('PROJECT_S_5aef933505537c7c', '2021-11-09', '立项批复', '2026-06-15T12:00:00+00:00', '2026-06-15T12:00:00+00:00');
INSERT INTO project_history (project_id, change_date, change_description, created_at, updated_at) VALUES ('PROJECT_S_5aef933505537c7c', '2019-04-14', '通过中期评审', '2026-06-15T12:00:00+00:00', '2026-06-15T12:00:00+00:00');
INSERT INTO project_history (project_id, change_date, change_description, created_at, updated_at) VALUES ('PROJECT_S_5aef933505537c7c', '2021-07-25', '转入工程阶段', '2026-06-15T12:00:00+00:00', '2026-06-15T12:00:00+00:00');
INSERT INTO project_budget (project_id, budget_date, amount, created_at, updated_at) VALUES ('PROJECT_S_5aef933505537c7c', '2023-08-08', 2000.0, '2026-06-15T12:00:00+00:00', '2026-06-15T12:00:00+00:00');
INSERT INTO project_budget (project_id, budget_date, amount, created_at, updated_at) VALUES ('PROJECT_S_5aef933505537c7c', '2022-05-13', 50.0, '2026-06-15T12:00:00+00:00', '2026-06-15T12:00:00+00:00');
INSERT INTO project_output (project_id, name_history, formed_at, tech_domains, owner_orgs, related_projects, attachments, created_at, updated_at) VALUES ('PROJECT_S_5aef933505537c7c', '量子计算样机', '2024-08-26', '["量子计算", "大模型"]'::json, '["北方航宇科技"]'::json, '[]'::json, '[]'::json, '2026-06-15T12:00:00+00:00', '2026-06-15T12:00:00+00:00');
INSERT INTO project_output (project_id, name_history, formed_at, tech_domains, owner_orgs, related_projects, attachments, created_at, updated_at) VALUES ('PROJECT_S_5aef933505537c7c', '量子计算样机', '2023-08-07', '["量子计算", "大模型"]'::json, '["北方航宇科技"]'::json, '[]'::json, '[]'::json, '2026-06-15T12:00:00+00:00', '2026-06-15T12:00:00+00:00');
INSERT INTO entity_change_log (entity_id, entity_type, field, old_value, new_value, method, operator, source_doc_id, reason, changed_at) VALUES ('PROJECT_S_5aef933505537c7c', 'project', '*', NULL, '{"action": "create"}'::json, 'rule', NULL, 'mock_seed', NULL, '2026-06-15T12:00:00+00:00');

-- ── 机构 ──
INSERT INTO org_profile (org_id, name_cn, name_en, name_other, country, founded_date, dissolved_date, operating_years, website, summary, org_types, nature, function, scale, tech_domains, predecessor_names, departments, strategic_plans, evaluation_report, new_key_projects, remark, confidence, completeness, created_at, updated_at) VALUES ('ORG_S_549dd301a45e9253', '远储能集团', 'Org-000', '[]'::json, '美国', '2000-04-10', NULL, 26, 'www.org-000.example.com', '远储能集团是聚焦光电技术、基因编辑、储能等领域的事业单位，致力于前沿技术研发与成果转化。', '["重点实验室", "外资企业"]'::json, '事业单位', '技术开发', 15000, '["光电技术", "基因编辑", "储能"]'::json, '[]'::json, '远储能集团下设基础研究部、应用工程部、国际合作部', '["2021-2025五年发展规划", "2026-2030五年发展规划"]'::json, '远储能集团在储能领域处于国内领先水平。', '["碳化硅功率器件", "量子纠错码", "钙钛矿太阳能电池"]'::json, '', 0.796, 0.594, '2026-06-15T12:00:00+00:00', '2026-06-15T12:00:00+00:00');
INSERT INTO org_history (org_id, change_date, change_description, created_at, updated_at) VALUES ('ORG_S_549dd301a45e9253', '2022-06-03', '成立储能研究中心', '2026-06-15T12:00:00+00:00', '2026-06-15T12:00:00+00:00');
INSERT INTO org_history (org_id, change_date, change_description, created_at, updated_at) VALUES ('ORG_S_549dd301a45e9253', '2015-10-23', '完成股份制改革', '2026-06-15T12:00:00+00:00', '2026-06-15T12:00:00+00:00');
INSERT INTO org_history (org_id, change_date, change_description, created_at, updated_at) VALUES ('ORG_S_549dd301a45e9253', '2013-05-07', '获批国家重点实验室', '2026-06-15T12:00:00+00:00', '2026-06-15T12:00:00+00:00');
INSERT INTO org_award (org_id, description, name, reason, award_date, level, award_type, created_at, updated_at) VALUES ('ORG_S_549dd301a45e9253', '', '国家科技进步奖', '在光电技术取得突破', '2020-12-18', '行业级', '工程', '2026-06-15T12:00:00+00:00', '2026-06-15T12:00:00+00:00');
INSERT INTO org_award (org_id, description, name, reason, award_date, level, award_type, created_at, updated_at) VALUES ('ORG_S_549dd301a45e9253', '', '省部级一等奖', '在基因编辑取得突破', '2017-03-18', '国家级', '创新', '2026-06-15T12:00:00+00:00', '2026-06-15T12:00:00+00:00');
INSERT INTO org_output (org_id, name, form, author, publish_date, attachment, created_at, updated_at) VALUES ('ORG_S_549dd301a45e9253', '光电技术标准', '软件著作权', '远储能集团', '2018-05-19', '', '2026-06-15T12:00:00+00:00', '2026-06-15T12:00:00+00:00');
INSERT INTO org_output (org_id, name, form, author, publish_date, attachment, created_at, updated_at) VALUES ('ORG_S_549dd301a45e9253', '光电技术关键技术', '论文', '远储能集团', '2022-08-25', '', '2026-06-15T12:00:00+00:00', '2026-06-15T12:00:00+00:00');
INSERT INTO org_team (org_id, top_talents, award_winners, team_size, talent_type, created_at, updated_at) VALUES ('ORG_S_549dd301a45e9253', '["陈桂英晓东院士", "陈军院士"]'::json, '["赵军桂英", "刘建华霞", "林昊宁"]'::json, 200, '工程团队', '2026-06-15T12:00:00+00:00', '2026-06-15T12:00:00+00:00');
INSERT INTO org_facility (org_id, name, purpose, experiment_status, launch_date, construction_cost_wan_usd, created_at, updated_at) VALUES ('ORG_S_549dd301a45e9253', '基因编辑实验平台', '开展基因编辑关键实验', '在建', '2018-04-13', 15000, '2026-06-15T12:00:00+00:00', '2026-06-15T12:00:00+00:00');
INSERT INTO org_facility (org_id, name, purpose, experiment_status, launch_date, construction_cost_wan_usd, created_at, updated_at) VALUES ('ORG_S_549dd301a45e9253', '光电技术实验平台', '开展储能关键实验', '运行中', '2023-05-21', 500, '2026-06-15T12:00:00+00:00', '2026-06-15T12:00:00+00:00');
INSERT INTO entity_change_log (entity_id, entity_type, field, old_value, new_value, method, operator, source_doc_id, reason, changed_at) VALUES ('ORG_S_549dd301a45e9253', 'org', '*', NULL, '{"action": "create"}'::json, 'rule', NULL, 'mock_seed', NULL, '2026-06-15T12:00:00+00:00');
INSERT INTO org_profile (org_id, name_cn, name_en, name_other, country, founded_date, dissolved_date, operating_years, website, summary, org_types, nature, function, scale, tech_domains, predecessor_names, departments, strategic_plans, evaluation_report, new_key_projects, remark, confidence, completeness, created_at, updated_at) VALUES ('ORG_S_65b42eb91e57f1c6', '北方储能科技', 'Org-001', '[]'::json, '美国', '2001-12-02', NULL, 25, 'www.org-001.example.com', '北方储能科技是聚焦新能源、先进算力、新材料等领域的事业单位，致力于前沿技术研发与成果转化。', '["上市公司"]'::json, '事业单位', '人才培养', 8000, '["新能源", "先进算力", "新材料"]'::json, '[]'::json, '北方储能科技下设基础研究部、应用工程部、国际合作部', '["2021-2025五年发展规划", "2026-2030五年发展规划"]'::json, '北方储能科技在新能源领域处于国内领先水平。', '["固态电池", "卫星星座组网", "量子纠错码"]'::json, '', 0.973, 0.652, '2026-06-15T12:00:00+00:00', '2026-06-15T12:00:00+00:00');
INSERT INTO org_history (org_id, change_date, change_description, created_at, updated_at) VALUES ('ORG_S_65b42eb91e57f1c6', '2021-03-23', '成立新材料研究中心', '2026-06-15T12:00:00+00:00', '2026-06-15T12:00:00+00:00');
INSERT INTO org_history (org_id, change_date, change_description, created_at, updated_at) VALUES ('ORG_S_65b42eb91e57f1c6', '2024-06-07', '完成股份制改革', '2026-06-15T12:00:00+00:00', '2026-06-15T12:00:00+00:00');
INSERT INTO org_history (org_id, change_date, change_description, created_at, updated_at) VALUES ('ORG_S_65b42eb91e57f1c6', '2013-01-13', '获批国家重点实验室', '2026-06-15T12:00:00+00:00', '2026-06-15T12:00:00+00:00');
INSERT INTO org_award (org_id, description, name, reason, award_date, level, award_type, created_at, updated_at) VALUES ('ORG_S_65b42eb91e57f1c6', '', '行业金奖', '在新材料取得突破', '2024-11-02', '国家级', '科技', '2026-06-15T12:00:00+00:00', '2026-06-15T12:00:00+00:00');
INSERT INTO org_output (org_id, name, form, author, publish_date, attachment, created_at, updated_at) VALUES ('ORG_S_65b42eb91e57f1c6', '先进算力关键技术', '专利', '北方储能科技', '2021-06-05', '', '2026-06-15T12:00:00+00:00', '2026-06-15T12:00:00+00:00');
INSERT INTO org_output (org_id, name, form, author, publish_date, attachment, created_at, updated_at) VALUES ('ORG_S_65b42eb91e57f1c6', '新能源关键技术', '专利', '北方储能科技', '2024-05-12', '', '2026-06-15T12:00:00+00:00', '2026-06-15T12:00:00+00:00');
INSERT INTO org_output (org_id, name, form, author, publish_date, attachment, created_at, updated_at) VALUES ('ORG_S_65b42eb91e57f1c6', '先进算力系统', '专利', '北方储能科技', '2022-04-19', '', '2026-06-15T12:00:00+00:00', '2026-06-15T12:00:00+00:00');
INSERT INTO org_team (org_id, top_talents, award_winners, team_size, talent_type, created_at, updated_at) VALUES ('ORG_S_65b42eb91e57f1c6', '["曹勇院士"]'::json, '["张雪松"]'::json, 500, '研发团队', '2026-06-15T12:00:00+00:00', '2026-06-15T12:00:00+00:00');
INSERT INTO org_facility (org_id, name, purpose, experiment_status, launch_date, construction_cost_wan_usd, created_at, updated_at) VALUES ('ORG_S_65b42eb91e57f1c6', '新能源实验平台', '开展新材料关键实验', '在建', '2023-02-26', 500, '2026-06-15T12:00:00+00:00', '2026-06-15T12:00:00+00:00');
INSERT INTO org_facility (org_id, name, purpose, experiment_status, launch_date, construction_cost_wan_usd, created_at, updated_at) VALUES ('ORG_S_65b42eb91e57f1c6', '新能源实验平台', '开展新能源关键实验', '运行中', '2023-11-18', 500, '2026-06-15T12:00:00+00:00', '2026-06-15T12:00:00+00:00');
INSERT INTO entity_change_log (entity_id, entity_type, field, old_value, new_value, method, operator, source_doc_id, reason, changed_at) VALUES ('ORG_S_65b42eb91e57f1c6', 'org', '*', NULL, '{"action": "create"}'::json, 'rule', NULL, 'mock_seed', NULL, '2026-06-15T12:00:00+00:00');
INSERT INTO org_profile (org_id, name_cn, name_en, name_other, country, founded_date, dissolved_date, operating_years, website, summary, org_types, nature, function, scale, tech_domains, predecessor_names, departments, strategic_plans, evaluation_report, new_key_projects, remark, confidence, completeness, created_at, updated_at) VALUES ('ORG_S_de4a9240d385d59b', '南方航宇研究院', 'Org-002', '[]'::json, '日本', '1992-03-12', NULL, 34, 'www.org-002.example.com', '南方航宇研究院是聚焦深海装备、自动驾驶、生物医药等领域的科研院所，致力于前沿技术研发与成果转化。', '["外资企业", "国有企业"]'::json, '科研院所', '成果转化', 200, '["深海装备", "自动驾驶", "生物医药", "先进算力", "6G通信"]'::json, '[]'::json, '南方航宇研究院下设基础研究部、应用工程部、国际合作部', '["2021-2025五年发展规划", "2026-2030五年发展规划"]'::json, '南方航宇研究院在6G通信领域处于国内领先水平。', '["钙钛矿太阳能电池"]'::json, '', 0.782, 0.94, '2026-06-15T12:00:00+00:00', '2026-06-15T12:00:00+00:00');
INSERT INTO org_history (org_id, change_date, change_description, created_at, updated_at) VALUES ('ORG_S_de4a9240d385d59b', '2023-04-06', '成立生物医药研究中心', '2026-06-15T12:00:00+00:00', '2026-06-15T12:00:00+00:00');
INSERT INTO org_history (org_id, change_date, change_description, created_at, updated_at) VALUES ('ORG_S_de4a9240d385d59b', '2024-07-27', '完成股份制改革', '2026-06-15T12:00:00+00:00', '2026-06-15T12:00:00+00:00');
INSERT INTO org_history (org_id, change_date, change_description, created_at, updated_at) VALUES ('ORG_S_de4a9240d385d59b', '2020-09-05', '获批国家重点实验室', '2026-06-15T12:00:00+00:00', '2026-06-15T12:00:00+00:00');
INSERT INTO org_award (org_id, description, name, reason, award_date, level, award_type, created_at, updated_at) VALUES ('ORG_S_de4a9240d385d59b', '', '省部级一等奖', '在6G通信取得突破', '2023-08-13', '国家级', '科技', '2026-06-15T12:00:00+00:00', '2026-06-15T12:00:00+00:00');
INSERT INTO org_award (org_id, description, name, reason, award_date, level, award_type, created_at, updated_at) VALUES ('ORG_S_de4a9240d385d59b', '', '省部级一等奖', '在深海装备取得突破', '2015-08-22', '行业级', '创新', '2026-06-15T12:00:00+00:00', '2026-06-15T12:00:00+00:00');
INSERT INTO org_output (org_id, name, form, author, publish_date, attachment, created_at, updated_at) VALUES ('ORG_S_de4a9240d385d59b', '深海装备系统', '专利', '南方航宇研究院', '2018-09-25', '', '2026-06-15T12:00:00+00:00', '2026-06-15T12:00:00+00:00');
INSERT INTO org_output (org_id, name, form, author, publish_date, attachment, created_at, updated_at) VALUES ('ORG_S_de4a9240d385d59b', '6G通信关键技术', '专利', '南方航宇研究院', '2019-08-24', '', '2026-06-15T12:00:00+00:00', '2026-06-15T12:00:00+00:00');
INSERT INTO org_team (org_id, top_talents, award_winners, team_size, talent_type, created_at, updated_at) VALUES ('ORG_S_de4a9240d385d59b', '["朱雪松军院士"]'::json, '["彭军俊杰", "刘杰建华"]'::json, 200, '战略科学家团队', '2026-06-15T12:00:00+00:00', '2026-06-15T12:00:00+00:00');
INSERT INTO org_facility (org_id, name, purpose, experiment_status, launch_date, construction_cost_wan_usd, created_at, updated_at) VALUES ('ORG_S_de4a9240d385d59b', '先进算力实验平台', '开展6G通信关键实验', '在建', '2018-03-05', 500, '2026-06-15T12:00:00+00:00', '2026-06-15T12:00:00+00:00');
INSERT INTO entity_change_log (entity_id, entity_type, field, old_value, new_value, method, operator, source_doc_id, reason, changed_at) VALUES ('ORG_S_de4a9240d385d59b', 'org', '*', NULL, '{"action": "create"}'::json, 'rule', NULL, 'mock_seed', NULL, '2026-06-15T12:00:00+00:00');
INSERT INTO org_profile (org_id, name_cn, name_en, name_other, country, founded_date, dissolved_date, operating_years, website, summary, org_types, nature, function, scale, tech_domains, predecessor_names, departments, strategic_plans, evaluation_report, new_key_projects, remark, confidence, completeness, created_at, updated_at) VALUES ('ORG_S_09253731aee177eb', '华生医实验室', 'Org-003', '[]'::json, '英国', '1991-07-10', NULL, 35, 'www.org-003.example.com', '华生医实验室是聚焦半导体、脑机接口、航空航天等领域的高校，致力于前沿技术研发与成果转化。', '["民营企业", "国家实验室"]'::json, '高校', '人才培养', 8000, '["半导体", "脑机接口", "航空航天", "卫星互联网"]'::json, '[]'::json, '华生医实验室下设基础研究部、应用工程部、国际合作部', '["2021-2025五年发展规划", "2026-2030五年发展规划"]'::json, '华生医实验室在航空航天领域处于国内领先水平。', '["金属3D打印", "自动驾驶域控制器", "类脑计算架构"]'::json, '', 0.703, 0.787, '2026-06-15T12:00:00+00:00', '2026-06-15T12:00:00+00:00');
INSERT INTO org_history (org_id, change_date, change_description, created_at, updated_at) VALUES ('ORG_S_09253731aee177eb', '2013-03-05', '成立航空航天研究中心', '2026-06-15T12:00:00+00:00', '2026-06-15T12:00:00+00:00');
INSERT INTO org_history (org_id, change_date, change_description, created_at, updated_at) VALUES ('ORG_S_09253731aee177eb', '2014-06-18', '完成股份制改革', '2026-06-15T12:00:00+00:00', '2026-06-15T12:00:00+00:00');
INSERT INTO org_history (org_id, change_date, change_description, created_at, updated_at) VALUES ('ORG_S_09253731aee177eb', '2013-05-03', '获批国家重点实验室', '2026-06-15T12:00:00+00:00', '2026-06-15T12:00:00+00:00');
INSERT INTO org_award (org_id, description, name, reason, award_date, level, award_type, created_at, updated_at) VALUES ('ORG_S_09253731aee177eb', '', '行业金奖', '在卫星互联网取得突破', '2020-01-11', '省部级', '创新', '2026-06-15T12:00:00+00:00', '2026-06-15T12:00:00+00:00');
INSERT INTO org_award (org_id, description, name, reason, award_date, level, award_type, created_at, updated_at) VALUES ('ORG_S_09253731aee177eb', '', '行业金奖', '在脑机接口取得突破', '2023-07-25', '行业级', '工程', '2026-06-15T12:00:00+00:00', '2026-06-15T12:00:00+00:00');
INSERT INTO org_award (org_id, description, name, reason, award_date, level, award_type, created_at, updated_at) VALUES ('ORG_S_09253731aee177eb', '', '省部级一等奖', '在半导体取得突破', '2017-05-23', '国家级', '工程', '2026-06-15T12:00:00+00:00', '2026-06-15T12:00:00+00:00');
INSERT INTO org_output (org_id, name, form, author, publish_date, attachment, created_at, updated_at) VALUES ('ORG_S_09253731aee177eb', '半导体系统', '专利', '华生医实验室', '2022-04-16', '', '2026-06-15T12:00:00+00:00', '2026-06-15T12:00:00+00:00');
INSERT INTO org_output (org_id, name, form, author, publish_date, attachment, created_at, updated_at) VALUES ('ORG_S_09253731aee177eb', '航空航天关键技术', '论文', '华生医实验室', '2018-08-02', '', '2026-06-15T12:00:00+00:00', '2026-06-15T12:00:00+00:00');
INSERT INTO org_output (org_id, name, form, author, publish_date, attachment, created_at, updated_at) VALUES ('ORG_S_09253731aee177eb', '航空航天系统', '专利', '华生医实验室', '2020-10-16', '', '2026-06-15T12:00:00+00:00', '2026-06-15T12:00:00+00:00');
INSERT INTO org_team (org_id, top_talents, award_winners, team_size, talent_type, created_at, updated_at) VALUES ('ORG_S_09253731aee177eb', '["邓军院士", "李志强明院士"]'::json, '["许斌", "宋勇雪松", "陈艳"]'::json, 200, '工程团队', '2026-06-15T12:00:00+00:00', '2026-06-15T12:00:00+00:00');
INSERT INTO org_facility (org_id, name, purpose, experiment_status, launch_date, construction_cost_wan_usd, created_at, updated_at) VALUES ('ORG_S_09253731aee177eb', '半导体实验平台', '开展卫星互联网关键实验', '调试', '2023-07-25', 15000, '2026-06-15T12:00:00+00:00', '2026-06-15T12:00:00+00:00');
INSERT INTO org_facility (org_id, name, purpose, experiment_status, launch_date, construction_cost_wan_usd, created_at, updated_at) VALUES ('ORG_S_09253731aee177eb', '航空航天实验平台', '开展脑机接口关键实验', '运行中', '2022-04-01', 8000, '2026-06-15T12:00:00+00:00', '2026-06-15T12:00:00+00:00');
INSERT INTO entity_change_log (entity_id, entity_type, field, old_value, new_value, method, operator, source_doc_id, reason, changed_at) VALUES ('ORG_S_09253731aee177eb', 'org', '*', NULL, '{"action": "create"}'::json, 'rule', NULL, 'mock_seed', NULL, '2026-06-15T12:00:00+00:00');
INSERT INTO org_profile (org_id, name_cn, name_en, name_other, country, founded_date, dissolved_date, operating_years, website, summary, org_types, nature, function, scale, tech_domains, predecessor_names, departments, strategic_plans, evaluation_report, new_key_projects, remark, confidence, completeness, created_at, updated_at) VALUES ('ORG_S_0981b2c839d14131', '中科微纳股份', 'Org-004', '[]'::json, '日本', '1992-09-09', NULL, 34, 'www.org-004.example.com', '中科微纳股份是聚焦半导体、先进算力、脑机接口等领域的科研院所，致力于前沿技术研发与成果转化。', '["民营企业"]'::json, '科研院所', '基础研究', 200, '["半导体", "先进算力", "脑机接口", "光电技术", "机器人"]'::json, '[]'::json, '中科微纳股份下设基础研究部、应用工程部、国际合作部', '["2021-2025五年发展规划", "2026-2030五年发展规划"]'::json, '中科微纳股份在脑机接口领域处于国内领先水平。', '["太赫兹通信", "金属3D打印"]'::json, '', 0.777, 0.88, '2026-06-15T12:00:00+00:00', '2026-06-15T12:00:00+00:00');
INSERT INTO org_history (org_id, change_date, change_description, created_at, updated_at) VALUES ('ORG_S_0981b2c839d14131', '2015-12-02', '成立光电技术研究中心', '2026-06-15T12:00:00+00:00', '2026-06-15T12:00:00+00:00');
INSERT INTO org_history (org_id, change_date, change_description, created_at, updated_at) VALUES ('ORG_S_0981b2c839d14131', '2019-07-20', '完成股份制改革', '2026-06-15T12:00:00+00:00', '2026-06-15T12:00:00+00:00');
INSERT INTO org_history (org_id, change_date, change_description, created_at, updated_at) VALUES ('ORG_S_0981b2c839d14131', '2021-02-14', '获批国家重点实验室', '2026-06-15T12:00:00+00:00', '2026-06-15T12:00:00+00:00');
INSERT INTO org_award (org_id, description, name, reason, award_date, level, award_type, created_at, updated_at) VALUES ('ORG_S_0981b2c839d14131', '', '省部级一等奖', '在光电技术取得突破', '2020-06-28', '省部级', '工程', '2026-06-15T12:00:00+00:00', '2026-06-15T12:00:00+00:00');
INSERT INTO org_award (org_id, description, name, reason, award_date, level, award_type, created_at, updated_at) VALUES ('ORG_S_0981b2c839d14131', '', '国家科技进步奖', '在光电技术取得突破', '2017-02-15', '省部级', '科技', '2026-06-15T12:00:00+00:00', '2026-06-15T12:00:00+00:00');
INSERT INTO org_output (org_id, name, form, author, publish_date, attachment, created_at, updated_at) VALUES ('ORG_S_0981b2c839d14131', '机器人关键技术', '论文', '中科微纳股份', '2020-08-23', '', '2026-06-15T12:00:00+00:00', '2026-06-15T12:00:00+00:00');
INSERT INTO org_output (org_id, name, form, author, publish_date, attachment, created_at, updated_at) VALUES ('ORG_S_0981b2c839d14131', '光电技术系统', '软件著作权', '中科微纳股份', '2020-08-27', '', '2026-06-15T12:00:00+00:00', '2026-06-15T12:00:00+00:00');
INSERT INTO org_output (org_id, name, form, author, publish_date, attachment, created_at, updated_at) VALUES ('ORG_S_0981b2c839d14131', '光电技术标准', '专利', '中科微纳股份', '2020-07-07', '', '2026-06-15T12:00:00+00:00', '2026-06-15T12:00:00+00:00');
INSERT INTO org_team (org_id, top_talents, award_winners, team_size, talent_type, created_at, updated_at) VALUES ('ORG_S_0981b2c839d14131', '["韩刚院士"]'::json, '["罗海燕"]'::json, 200, '研发团队', '2026-06-15T12:00:00+00:00', '2026-06-15T12:00:00+00:00');
INSERT INTO org_facility (org_id, name, purpose, experiment_status, launch_date, construction_cost_wan_usd, created_at, updated_at) VALUES ('ORG_S_0981b2c839d14131', '脑机接口实验平台', '开展光电技术关键实验', '在建', '2022-12-23', 2000, '2026-06-15T12:00:00+00:00', '2026-06-15T12:00:00+00:00');
INSERT INTO org_facility (org_id, name, purpose, experiment_status, launch_date, construction_cost_wan_usd, created_at, updated_at) VALUES ('ORG_S_0981b2c839d14131', '机器人实验平台', '开展先进算力关键实验', '在建', '2021-04-26', 15000, '2026-06-15T12:00:00+00:00', '2026-06-15T12:00:00+00:00');
INSERT INTO entity_change_log (entity_id, entity_type, field, old_value, new_value, method, operator, source_doc_id, reason, changed_at) VALUES ('ORG_S_0981b2c839d14131', 'org', '*', NULL, '{"action": "create"}'::json, 'rule', NULL, 'mock_seed', NULL, '2026-06-15T12:00:00+00:00');
INSERT INTO org_profile (org_id, name_cn, name_en, name_other, country, founded_date, dissolved_date, operating_years, website, summary, org_types, nature, function, scale, tech_domains, predecessor_names, departments, strategic_plans, evaluation_report, new_key_projects, remark, confidence, completeness, created_at, updated_at) VALUES ('ORG_S_965fe787f2a344c4', '中生医研究所', 'Org-005', '[]'::json, '俄罗斯', '1964-12-25', NULL, 62, 'www.org-005.example.com', '中生医研究所是聚焦网络安全、氢能等领域的高校，致力于前沿技术研发与成果转化。', '["国家实验室"]'::json, '高校', '人才培养', 3000, '["网络安全", "氢能"]'::json, '[]'::json, '中生医研究所下设基础研究部、应用工程部、国际合作部', '["2021-2025五年发展规划", "2026-2030五年发展规划"]'::json, '中生医研究所在氢能领域处于国内领先水平。', '["毫米波雷达", "卫星星座组网", "金属3D打印"]'::json, '', 0.779, 0.682, '2026-06-15T12:00:00+00:00', '2026-06-15T12:00:00+00:00');
INSERT INTO org_history (org_id, change_date, change_description, created_at, updated_at) VALUES ('ORG_S_965fe787f2a344c4', '2011-05-11', '成立网络安全研究中心', '2026-06-15T12:00:00+00:00', '2026-06-15T12:00:00+00:00');
INSERT INTO org_history (org_id, change_date, change_description, created_at, updated_at) VALUES ('ORG_S_965fe787f2a344c4', '2014-08-02', '完成股份制改革', '2026-06-15T12:00:00+00:00', '2026-06-15T12:00:00+00:00');
INSERT INTO org_history (org_id, change_date, change_description, created_at, updated_at) VALUES ('ORG_S_965fe787f2a344c4', '2011-09-24', '获批国家重点实验室', '2026-06-15T12:00:00+00:00', '2026-06-15T12:00:00+00:00');
INSERT INTO org_award (org_id, description, name, reason, award_date, level, award_type, created_at, updated_at) VALUES ('ORG_S_965fe787f2a344c4', '', '行业金奖', '在网络安全取得突破', '2019-04-24', '国家级', '工程', '2026-06-15T12:00:00+00:00', '2026-06-15T12:00:00+00:00');
INSERT INTO org_award (org_id, description, name, reason, award_date, level, award_type, created_at, updated_at) VALUES ('ORG_S_965fe787f2a344c4', '', '国家科技进步奖', '在网络安全取得突破', '2023-05-19', '行业级', '科技', '2026-06-15T12:00:00+00:00', '2026-06-15T12:00:00+00:00');
INSERT INTO org_output (org_id, name, form, author, publish_date, attachment, created_at, updated_at) VALUES ('ORG_S_965fe787f2a344c4', '网络安全标准', '专利', '中生医研究所', '2024-07-07', '', '2026-06-15T12:00:00+00:00', '2026-06-15T12:00:00+00:00');
INSERT INTO org_output (org_id, name, form, author, publish_date, attachment, created_at, updated_at) VALUES ('ORG_S_965fe787f2a344c4', '氢能标准', '论文', '中生医研究所', '2021-09-15', '', '2026-06-15T12:00:00+00:00', '2026-06-15T12:00:00+00:00');
INSERT INTO org_output (org_id, name, form, author, publish_date, attachment, created_at, updated_at) VALUES ('ORG_S_965fe787f2a344c4', '网络安全标准', '标准', '中生医研究所', '2021-07-23', '', '2026-06-15T12:00:00+00:00', '2026-06-15T12:00:00+00:00');
INSERT INTO org_team (org_id, top_talents, award_winners, team_size, talent_type, created_at, updated_at) VALUES ('ORG_S_965fe787f2a344c4', '["张宁斌院士"]'::json, '["林晓东", "陈娟"]'::json, 200, '工程团队', '2026-06-15T12:00:00+00:00', '2026-06-15T12:00:00+00:00');
INSERT INTO org_facility (org_id, name, purpose, experiment_status, launch_date, construction_cost_wan_usd, created_at, updated_at) VALUES ('ORG_S_965fe787f2a344c4', '网络安全实验平台', '开展网络安全关键实验', '调试', '2021-02-17', 500, '2026-06-15T12:00:00+00:00', '2026-06-15T12:00:00+00:00');
INSERT INTO org_facility (org_id, name, purpose, experiment_status, launch_date, construction_cost_wan_usd, created_at, updated_at) VALUES ('ORG_S_965fe787f2a344c4', '氢能实验平台', '开展氢能关键实验', '运行中', '2018-12-19', 8000, '2026-06-15T12:00:00+00:00', '2026-06-15T12:00:00+00:00');
INSERT INTO entity_change_log (entity_id, entity_type, field, old_value, new_value, method, operator, source_doc_id, reason, changed_at) VALUES ('ORG_S_965fe787f2a344c4', 'org', '*', NULL, '{"action": "create"}'::json, 'rule', NULL, 'mock_seed', NULL, '2026-06-15T12:00:00+00:00');
INSERT INTO org_profile (org_id, name_cn, name_en, name_other, country, founded_date, dissolved_date, operating_years, website, summary, org_types, nature, function, scale, tech_domains, predecessor_names, departments, strategic_plans, evaluation_report, new_key_projects, remark, confidence, completeness, created_at, updated_at) VALUES ('ORG_S_ffba8f3469bec06a', '国前沿研究院', 'Org-006', '[]'::json, '中国', '1985-12-24', NULL, 41, 'www.org-006.example.com', '国前沿研究院是聚焦自动驾驶、6G通信、生物医药等领域的企业，致力于前沿技术研发与成果转化。', '["重点实验室"]'::json, '企业', '成果转化', 15000, '["自动驾驶", "6G通信", "生物医药"]'::json, '[]'::json, '国前沿研究院下设基础研究部、应用工程部、国际合作部', '["2021-2025五年发展规划", "2026-2030五年发展规划"]'::json, '国前沿研究院在生物医药领域处于国内领先水平。', '["固态电池"]'::json, '', 0.804, 0.676, '2026-06-15T12:00:00+00:00', '2026-06-15T12:00:00+00:00');
INSERT INTO org_history (org_id, change_date, change_description, created_at, updated_at) VALUES ('ORG_S_ffba8f3469bec06a', '2018-09-01', '成立自动驾驶研究中心', '2026-06-15T12:00:00+00:00', '2026-06-15T12:00:00+00:00');
INSERT INTO org_history (org_id, change_date, change_description, created_at, updated_at) VALUES ('ORG_S_ffba8f3469bec06a', '2021-03-02', '完成股份制改革', '2026-06-15T12:00:00+00:00', '2026-06-15T12:00:00+00:00');
INSERT INTO org_history (org_id, change_date, change_description, created_at, updated_at) VALUES ('ORG_S_ffba8f3469bec06a', '2018-05-12', '获批国家重点实验室', '2026-06-15T12:00:00+00:00', '2026-06-15T12:00:00+00:00');
INSERT INTO org_award (org_id, description, name, reason, award_date, level, award_type, created_at, updated_at) VALUES ('ORG_S_ffba8f3469bec06a', '', '省部级一等奖', '在自动驾驶取得突破', '2018-09-01', '行业级', '科技', '2026-06-15T12:00:00+00:00', '2026-06-15T12:00:00+00:00');
INSERT INTO org_award (org_id, description, name, reason, award_date, level, award_type, created_at, updated_at) VALUES ('ORG_S_ffba8f3469bec06a', '', '国家科技进步奖', '在6G通信取得突破', '2023-11-25', '行业级', '创新', '2026-06-15T12:00:00+00:00', '2026-06-15T12:00:00+00:00');
INSERT INTO org_output (org_id, name, form, author, publish_date, attachment, created_at, updated_at) VALUES ('ORG_S_ffba8f3469bec06a', '自动驾驶标准', '软件著作权', '国前沿研究院', '2019-06-14', '', '2026-06-15T12:00:00+00:00', '2026-06-15T12:00:00+00:00');
INSERT INTO org_output (org_id, name, form, author, publish_date, attachment, created_at, updated_at) VALUES ('ORG_S_ffba8f3469bec06a', '自动驾驶系统', '软件著作权', '国前沿研究院', '2024-04-10', '', '2026-06-15T12:00:00+00:00', '2026-06-15T12:00:00+00:00');
INSERT INTO org_output (org_id, name, form, author, publish_date, attachment, created_at, updated_at) VALUES ('ORG_S_ffba8f3469bec06a', '6G通信标准', '软件著作权', '国前沿研究院', '2022-12-28', '', '2026-06-15T12:00:00+00:00', '2026-06-15T12:00:00+00:00');
INSERT INTO org_output (org_id, name, form, author, publish_date, attachment, created_at, updated_at) VALUES ('ORG_S_ffba8f3469bec06a', '6G通信标准', '论文', '国前沿研究院', '2020-10-12', '', '2026-06-15T12:00:00+00:00', '2026-06-15T12:00:00+00:00');
INSERT INTO org_team (org_id, top_talents, award_winners, team_size, talent_type, created_at, updated_at) VALUES ('ORG_S_ffba8f3469bec06a', '["朱平涛院士", "高霞婷院士"]'::json, '["罗宁", "罗峰瑞", "张斌"]'::json, 200, '工程团队', '2026-06-15T12:00:00+00:00', '2026-06-15T12:00:00+00:00');
INSERT INTO org_facility (org_id, name, purpose, experiment_status, launch_date, construction_cost_wan_usd, created_at, updated_at) VALUES ('ORG_S_ffba8f3469bec06a', '生物医药实验平台', '开展生物医药关键实验', '调试', '2022-09-24', 8000, '2026-06-15T12:00:00+00:00', '2026-06-15T12:00:00+00:00');
INSERT INTO org_facility (org_id, name, purpose, experiment_status, launch_date, construction_cost_wan_usd, created_at, updated_at) VALUES ('ORG_S_ffba8f3469bec06a', '生物医药实验平台', '开展6G通信关键实验', '在建', '2021-05-04', 8000, '2026-06-15T12:00:00+00:00', '2026-06-15T12:00:00+00:00');
INSERT INTO entity_change_log (entity_id, entity_type, field, old_value, new_value, method, operator, source_doc_id, reason, changed_at) VALUES ('ORG_S_ffba8f3469bec06a', 'org', '*', NULL, '{"action": "create"}'::json, 'rule', NULL, 'mock_seed', NULL, '2026-06-15T12:00:00+00:00');
INSERT INTO org_profile (org_id, name_cn, name_en, name_other, country, founded_date, dissolved_date, operating_years, website, summary, org_types, nature, function, scale, tech_domains, predecessor_names, departments, strategic_plans, evaluation_report, new_key_projects, remark, confidence, completeness, created_at, updated_at) VALUES ('ORG_S_5a869dd1f8c7b478', '南方算力工程技术中心', 'Org-007', '[]'::json, '韩国', '1974-06-20', NULL, 52, 'www.org-007.example.com', '南方算力工程技术中心是聚焦储能、机器人、卫星互联网等领域的企业，致力于前沿技术研发与成果转化。', '["外资企业", "上市公司"]'::json, '企业', '技术开发', 500, '["储能", "机器人", "卫星互联网"]'::json, '[]'::json, '南方算力工程技术中心下设基础研究部、应用工程部、国际合作部', '["2021-2025五年发展规划", "2026-2030五年发展规划"]'::json, '南方算力工程技术中心在机器人领域处于国内领先水平。', '["类脑计算架构"]'::json, '', 0.78, 0.887, '2026-06-15T12:00:00+00:00', '2026-06-15T12:00:00+00:00');
INSERT INTO org_history (org_id, change_date, change_description, created_at, updated_at) VALUES ('ORG_S_5a869dd1f8c7b478', '2014-08-18', '成立储能研究中心', '2026-06-15T12:00:00+00:00', '2026-06-15T12:00:00+00:00');
INSERT INTO org_history (org_id, change_date, change_description, created_at, updated_at) VALUES ('ORG_S_5a869dd1f8c7b478', '2024-11-08', '完成股份制改革', '2026-06-15T12:00:00+00:00', '2026-06-15T12:00:00+00:00');
INSERT INTO org_history (org_id, change_date, change_description, created_at, updated_at) VALUES ('ORG_S_5a869dd1f8c7b478', '2015-09-02', '获批国家重点实验室', '2026-06-15T12:00:00+00:00', '2026-06-15T12:00:00+00:00');
INSERT INTO org_award (org_id, description, name, reason, award_date, level, award_type, created_at, updated_at) VALUES ('ORG_S_5a869dd1f8c7b478', '', '国家科技进步奖', '在机器人取得突破', '2022-09-09', '行业级', '创新', '2026-06-15T12:00:00+00:00', '2026-06-15T12:00:00+00:00');
INSERT INTO org_award (org_id, description, name, reason, award_date, level, award_type, created_at, updated_at) VALUES ('ORG_S_5a869dd1f8c7b478', '', '国家科技进步奖', '在机器人取得突破', '2024-10-23', '省部级', '科技', '2026-06-15T12:00:00+00:00', '2026-06-15T12:00:00+00:00');
INSERT INTO org_award (org_id, description, name, reason, award_date, level, award_type, created_at, updated_at) VALUES ('ORG_S_5a869dd1f8c7b478', '', '省部级一等奖', '在机器人取得突破', '2019-08-28', '行业级', '工程', '2026-06-15T12:00:00+00:00', '2026-06-15T12:00:00+00:00');
INSERT INTO org_output (org_id, name, form, author, publish_date, attachment, created_at, updated_at) VALUES ('ORG_S_5a869dd1f8c7b478', '卫星互联网关键技术', '论文', '南方算力工程技术中心', '2024-05-19', '', '2026-06-15T12:00:00+00:00', '2026-06-15T12:00:00+00:00');
INSERT INTO org_output (org_id, name, form, author, publish_date, attachment, created_at, updated_at) VALUES ('ORG_S_5a869dd1f8c7b478', '卫星互联网系统', '软件著作权', '南方算力工程技术中心', '2024-01-02', '', '2026-06-15T12:00:00+00:00', '2026-06-15T12:00:00+00:00');
INSERT INTO org_team (org_id, top_talents, award_winners, team_size, talent_type, created_at, updated_at) VALUES ('ORG_S_5a869dd1f8c7b478', '["彭磊明院士"]'::json, '["朱娟", "赵建华伟", "王斌"]'::json, 200, '工程团队', '2026-06-15T12:00:00+00:00', '2026-06-15T12:00:00+00:00');
INSERT INTO org_facility (org_id, name, purpose, experiment_status, launch_date, construction_cost_wan_usd, created_at, updated_at) VALUES ('ORG_S_5a869dd1f8c7b478', '储能实验平台', '开展储能关键实验', '在建', '2020-06-24', 8000, '2026-06-15T12:00:00+00:00', '2026-06-15T12:00:00+00:00');
INSERT INTO org_facility (org_id, name, purpose, experiment_status, launch_date, construction_cost_wan_usd, created_at, updated_at) VALUES ('ORG_S_5a869dd1f8c7b478', '机器人实验平台', '开展机器人关键实验', '调试', '2019-02-19', 8000, '2026-06-15T12:00:00+00:00', '2026-06-15T12:00:00+00:00');
INSERT INTO entity_change_log (entity_id, entity_type, field, old_value, new_value, method, operator, source_doc_id, reason, changed_at) VALUES ('ORG_S_5a869dd1f8c7b478', 'org', '*', NULL, '{"action": "create"}'::json, 'rule', NULL, 'mock_seed', NULL, '2026-06-15T12:00:00+00:00');
INSERT INTO org_profile (org_id, name_cn, name_en, name_other, country, founded_date, dissolved_date, operating_years, website, summary, org_types, nature, function, scale, tech_domains, predecessor_names, departments, strategic_plans, evaluation_report, new_key_projects, remark, confidence, completeness, created_at, updated_at) VALUES ('ORG_S_2705ff62584b172b', '新前沿科技', 'Org-008', '[]'::json, '法国', '1959-12-08', NULL, 67, 'www.org-008.example.com', '新前沿科技是聚焦航空航天、生物医药、碳捕集等领域的政府机构，致力于前沿技术研发与成果转化。', '["上市公司", "中外合资"]'::json, '政府机构', '应用研究', 1000, '["航空航天", "生物医药", "碳捕集", "网络安全"]'::json, '[]'::json, '新前沿科技下设基础研究部、应用工程部、国际合作部', '["2021-2025五年发展规划", "2026-2030五年发展规划"]'::json, '新前沿科技在碳捕集领域处于国内领先水平。', '["卫星星座组网", "量子纠错码", "碳化硅功率器件"]'::json, '', 0.927, 0.862, '2026-06-15T12:00:00+00:00', '2026-06-15T12:00:00+00:00');
INSERT INTO org_history (org_id, change_date, change_description, created_at, updated_at) VALUES ('ORG_S_2705ff62584b172b', '2010-10-28', '成立航空航天研究中心', '2026-06-15T12:00:00+00:00', '2026-06-15T12:00:00+00:00');
INSERT INTO org_history (org_id, change_date, change_description, created_at, updated_at) VALUES ('ORG_S_2705ff62584b172b', '2015-12-04', '完成股份制改革', '2026-06-15T12:00:00+00:00', '2026-06-15T12:00:00+00:00');
INSERT INTO org_history (org_id, change_date, change_description, created_at, updated_at) VALUES ('ORG_S_2705ff62584b172b', '2019-11-24', '获批国家重点实验室', '2026-06-15T12:00:00+00:00', '2026-06-15T12:00:00+00:00');
INSERT INTO org_award (org_id, description, name, reason, award_date, level, award_type, created_at, updated_at) VALUES ('ORG_S_2705ff62584b172b', '', '行业金奖', '在碳捕集取得突破', '2021-02-11', '省部级', '创新', '2026-06-15T12:00:00+00:00', '2026-06-15T12:00:00+00:00');
INSERT INTO org_award (org_id, description, name, reason, award_date, level, award_type, created_at, updated_at) VALUES ('ORG_S_2705ff62584b172b', '', '省部级一等奖', '在航空航天取得突破', '2019-11-03', '行业级', '工程', '2026-06-15T12:00:00+00:00', '2026-06-15T12:00:00+00:00');
INSERT INTO org_output (org_id, name, form, author, publish_date, attachment, created_at, updated_at) VALUES ('ORG_S_2705ff62584b172b', '网络安全关键技术', '专利', '新前沿科技', '2024-01-04', '', '2026-06-15T12:00:00+00:00', '2026-06-15T12:00:00+00:00');
INSERT INTO org_output (org_id, name, form, author, publish_date, attachment, created_at, updated_at) VALUES ('ORG_S_2705ff62584b172b', '碳捕集系统', '软件著作权', '新前沿科技', '2020-01-21', '', '2026-06-15T12:00:00+00:00', '2026-06-15T12:00:00+00:00');
INSERT INTO org_output (org_id, name, form, author, publish_date, attachment, created_at, updated_at) VALUES ('ORG_S_2705ff62584b172b', '生物医药系统', '论文', '新前沿科技', '2021-02-06', '', '2026-06-15T12:00:00+00:00', '2026-06-15T12:00:00+00:00');
INSERT INTO org_output (org_id, name, form, author, publish_date, attachment, created_at, updated_at) VALUES ('ORG_S_2705ff62584b172b', '生物医药标准', '软件著作权', '新前沿科技', '2018-08-23', '', '2026-06-15T12:00:00+00:00', '2026-06-15T12:00:00+00:00');
INSERT INTO org_team (org_id, top_talents, award_winners, team_size, talent_type, created_at, updated_at) VALUES ('ORG_S_2705ff62584b172b', '["何文博院士", "谢磊院士"]'::json, '["高超明"]'::json, 200, '工程团队', '2026-06-15T12:00:00+00:00', '2026-06-15T12:00:00+00:00');
INSERT INTO org_facility (org_id, name, purpose, experiment_status, launch_date, construction_cost_wan_usd, created_at, updated_at) VALUES ('ORG_S_2705ff62584b172b', '网络安全实验平台', '开展航空航天关键实验', '在建', '2023-05-20', 2000, '2026-06-15T12:00:00+00:00', '2026-06-15T12:00:00+00:00');
INSERT INTO org_facility (org_id, name, purpose, experiment_status, launch_date, construction_cost_wan_usd, created_at, updated_at) VALUES ('ORG_S_2705ff62584b172b', '生物医药实验平台', '开展碳捕集关键实验', '在建', '2021-12-25', 8000, '2026-06-15T12:00:00+00:00', '2026-06-15T12:00:00+00:00');
INSERT INTO entity_change_log (entity_id, entity_type, field, old_value, new_value, method, operator, source_doc_id, reason, changed_at) VALUES ('ORG_S_2705ff62584b172b', 'org', '*', NULL, '{"action": "create"}'::json, 'rule', NULL, 'mock_seed', NULL, '2026-06-15T12:00:00+00:00');
INSERT INTO org_profile (org_id, name_cn, name_en, name_other, country, founded_date, dissolved_date, operating_years, website, summary, org_types, nature, function, scale, tech_domains, predecessor_names, departments, strategic_plans, evaluation_report, new_key_projects, remark, confidence, completeness, created_at, updated_at) VALUES ('ORG_S_2dc75c9042ae19a1', '中基因工程技术中心', 'Org-009', '[]'::json, '新加坡', '1985-05-14', NULL, 41, 'www.org-009.example.com', '中基因工程技术中心是聚焦航空航天、集成电路、6G通信等领域的高校，致力于前沿技术研发与成果转化。', '["双一流高校"]'::json, '高校', '成果转化', 500, '["航空航天", "集成电路", "6G通信", "氢能", "大模型"]'::json, '[]'::json, '中基因工程技术中心下设基础研究部、应用工程部、国际合作部', '["2021-2025五年发展规划", "2026-2030五年发展规划"]'::json, '中基因工程技术中心在6G通信领域处于国内领先水平。', '["神经网络芯片"]'::json, '', 0.931, 0.786, '2026-06-15T12:00:00+00:00', '2026-06-15T12:00:00+00:00');
INSERT INTO org_history (org_id, change_date, change_description, created_at, updated_at) VALUES ('ORG_S_2dc75c9042ae19a1', '2020-07-22', '成立航空航天研究中心', '2026-06-15T12:00:00+00:00', '2026-06-15T12:00:00+00:00');
INSERT INTO org_history (org_id, change_date, change_description, created_at, updated_at) VALUES ('ORG_S_2dc75c9042ae19a1', '2018-01-10', '完成股份制改革', '2026-06-15T12:00:00+00:00', '2026-06-15T12:00:00+00:00');
INSERT INTO org_history (org_id, change_date, change_description, created_at, updated_at) VALUES ('ORG_S_2dc75c9042ae19a1', '2013-05-10', '获批国家重点实验室', '2026-06-15T12:00:00+00:00', '2026-06-15T12:00:00+00:00');
INSERT INTO org_award (org_id, description, name, reason, award_date, level, award_type, created_at, updated_at) VALUES ('ORG_S_2dc75c9042ae19a1', '', '行业金奖', '在6G通信取得突破', '2018-05-28', '国家级', '创新', '2026-06-15T12:00:00+00:00', '2026-06-15T12:00:00+00:00');
INSERT INTO org_award (org_id, description, name, reason, award_date, level, award_type, created_at, updated_at) VALUES ('ORG_S_2dc75c9042ae19a1', '', '行业金奖', '在6G通信取得突破', '2016-12-01', '省部级', '科技', '2026-06-15T12:00:00+00:00', '2026-06-15T12:00:00+00:00');
INSERT INTO org_award (org_id, description, name, reason, award_date, level, award_type, created_at, updated_at) VALUES ('ORG_S_2dc75c9042ae19a1', '', '国家科技进步奖', '在6G通信取得突破', '2015-01-19', '国家级', '科技', '2026-06-15T12:00:00+00:00', '2026-06-15T12:00:00+00:00');
INSERT INTO org_output (org_id, name, form, author, publish_date, attachment, created_at, updated_at) VALUES ('ORG_S_2dc75c9042ae19a1', '航空航天系统', '专利', '中基因工程技术中心', '2022-02-14', '', '2026-06-15T12:00:00+00:00', '2026-06-15T12:00:00+00:00');
INSERT INTO org_output (org_id, name, form, author, publish_date, attachment, created_at, updated_at) VALUES ('ORG_S_2dc75c9042ae19a1', '航空航天系统', '标准', '中基因工程技术中心', '2024-01-17', '', '2026-06-15T12:00:00+00:00', '2026-06-15T12:00:00+00:00');
INSERT INTO org_output (org_id, name, form, author, publish_date, attachment, created_at, updated_at) VALUES ('ORG_S_2dc75c9042ae19a1', '大模型系统', '专利', '中基因工程技术中心', '2019-11-23', '', '2026-06-15T12:00:00+00:00', '2026-06-15T12:00:00+00:00');
INSERT INTO org_output (org_id, name, form, author, publish_date, attachment, created_at, updated_at) VALUES ('ORG_S_2dc75c9042ae19a1', '集成电路标准', '专利', '中基因工程技术中心', '2021-03-23', '', '2026-06-15T12:00:00+00:00', '2026-06-15T12:00:00+00:00');
INSERT INTO org_team (org_id, top_talents, award_winners, team_size, talent_type, created_at, updated_at) VALUES ('ORG_S_2dc75c9042ae19a1', '["彭瑞斌院士", "孙军建华院士"]'::json, '["孙雪松", "周宇航雪松"]'::json, 500, '研发团队', '2026-06-15T12:00:00+00:00', '2026-06-15T12:00:00+00:00');
INSERT INTO org_facility (org_id, name, purpose, experiment_status, launch_date, construction_cost_wan_usd, created_at, updated_at) VALUES ('ORG_S_2dc75c9042ae19a1', '氢能实验平台', '开展大模型关键实验', '在建', '2019-11-22', 15000, '2026-06-15T12:00:00+00:00', '2026-06-15T12:00:00+00:00');
INSERT INTO entity_change_log (entity_id, entity_type, field, old_value, new_value, method, operator, source_doc_id, reason, changed_at) VALUES ('ORG_S_2dc75c9042ae19a1', 'org', '*', NULL, '{"action": "create"}'::json, 'rule', NULL, 'mock_seed', NULL, '2026-06-15T12:00:00+00:00');
INSERT INTO org_profile (org_id, name_cn, name_en, name_other, country, founded_date, dissolved_date, operating_years, website, summary, org_types, nature, function, scale, tech_domains, predecessor_names, departments, strategic_plans, evaluation_report, new_key_projects, remark, confidence, completeness, created_at, updated_at) VALUES ('ORG_S_1b627766a19d78ac', '东方未来研究院', 'Org-010', '[]'::json, '美国', '1951-04-26', NULL, 75, 'www.org-010.example.com', '东方未来研究院是聚焦量子计算、先进算力、网络安全等领域的科研院所，致力于前沿技术研发与成果转化。', '["国家实验室"]'::json, '科研院所', '人才培养', 15000, '["量子计算", "先进算力", "网络安全", "半导体", "航空航天"]'::json, '[]'::json, '东方未来研究院下设基础研究部、应用工程部、国际合作部', '["2021-2025五年发展规划", "2026-2030五年发展规划"]'::json, '东方未来研究院在半导体领域处于国内领先水平。', '["毫米波雷达", "深海潜水器"]'::json, '', 0.838, 0.8, '2026-06-15T12:00:00+00:00', '2026-06-15T12:00:00+00:00');
INSERT INTO org_history (org_id, change_date, change_description, created_at, updated_at) VALUES ('ORG_S_1b627766a19d78ac', '2015-11-18', '成立先进算力研究中心', '2026-06-15T12:00:00+00:00', '2026-06-15T12:00:00+00:00');
INSERT INTO org_history (org_id, change_date, change_description, created_at, updated_at) VALUES ('ORG_S_1b627766a19d78ac', '2020-07-01', '完成股份制改革', '2026-06-15T12:00:00+00:00', '2026-06-15T12:00:00+00:00');
INSERT INTO org_history (org_id, change_date, change_description, created_at, updated_at) VALUES ('ORG_S_1b627766a19d78ac', '2013-05-22', '获批国家重点实验室', '2026-06-15T12:00:00+00:00', '2026-06-15T12:00:00+00:00');
INSERT INTO org_award (org_id, description, name, reason, award_date, level, award_type, created_at, updated_at) VALUES ('ORG_S_1b627766a19d78ac', '', '省部级一等奖', '在网络安全取得突破', '2016-05-12', '国家级', '科技', '2026-06-15T12:00:00+00:00', '2026-06-15T12:00:00+00:00');
INSERT INTO org_award (org_id, description, name, reason, award_date, level, award_type, created_at, updated_at) VALUES ('ORG_S_1b627766a19d78ac', '', '国家科技进步奖', '在航空航天取得突破', '2019-05-28', '国家级', '工程', '2026-06-15T12:00:00+00:00', '2026-06-15T12:00:00+00:00');
INSERT INTO org_output (org_id, name, form, author, publish_date, attachment, created_at, updated_at) VALUES ('ORG_S_1b627766a19d78ac', '量子计算标准', '论文', '东方未来研究院', '2023-10-03', '', '2026-06-15T12:00:00+00:00', '2026-06-15T12:00:00+00:00');
INSERT INTO org_output (org_id, name, form, author, publish_date, attachment, created_at, updated_at) VALUES ('ORG_S_1b627766a19d78ac', '航空航天标准', '标准', '东方未来研究院', '2023-05-24', '', '2026-06-15T12:00:00+00:00', '2026-06-15T12:00:00+00:00');
INSERT INTO org_output (org_id, name, form, author, publish_date, attachment, created_at, updated_at) VALUES ('ORG_S_1b627766a19d78ac', '航空航天标准', '专利', '东方未来研究院', '2023-10-16', '', '2026-06-15T12:00:00+00:00', '2026-06-15T12:00:00+00:00');
INSERT INTO org_team (org_id, top_talents, award_winners, team_size, talent_type, created_at, updated_at) VALUES ('ORG_S_1b627766a19d78ac', '["何霞院士"]'::json, '["李强", "周杰俊杰"]'::json, 200, '研发团队', '2026-06-15T12:00:00+00:00', '2026-06-15T12:00:00+00:00');
INSERT INTO org_facility (org_id, name, purpose, experiment_status, launch_date, construction_cost_wan_usd, created_at, updated_at) VALUES ('ORG_S_1b627766a19d78ac', '先进算力实验平台', '开展半导体关键实验', '调试', '2020-01-21', 15000, '2026-06-15T12:00:00+00:00', '2026-06-15T12:00:00+00:00');
INSERT INTO org_facility (org_id, name, purpose, experiment_status, launch_date, construction_cost_wan_usd, created_at, updated_at) VALUES ('ORG_S_1b627766a19d78ac', '半导体实验平台', '开展先进算力关键实验', '运行中', '2023-10-11', 500, '2026-06-15T12:00:00+00:00', '2026-06-15T12:00:00+00:00');
INSERT INTO entity_change_log (entity_id, entity_type, field, old_value, new_value, method, operator, source_doc_id, reason, changed_at) VALUES ('ORG_S_1b627766a19d78ac', 'org', '*', NULL, '{"action": "create"}'::json, 'rule', NULL, 'mock_seed', NULL, '2026-06-15T12:00:00+00:00');
INSERT INTO org_profile (org_id, name_cn, name_en, name_other, country, founded_date, dissolved_date, operating_years, website, summary, org_types, nature, function, scale, tech_domains, predecessor_names, departments, strategic_plans, evaluation_report, new_key_projects, remark, confidence, completeness, created_at, updated_at) VALUES ('ORG_S_272007567ab997b0', '中科前沿实验室', 'Org-011', '[]'::json, '美国', '1978-01-13', NULL, 48, 'www.org-011.example.com', '中科前沿实验室是聚焦碳捕集、储能等领域的企业，致力于前沿技术研发与成果转化。', '["上市公司", "国家实验室", "民营企业"]'::json, '企业', '人才培养', 15000, '["碳捕集", "储能"]'::json, '[]'::json, '中科前沿实验室下设基础研究部、应用工程部、国际合作部', '["2021-2025五年发展规划", "2026-2030五年发展规划"]'::json, '中科前沿实验室在碳捕集领域处于国内领先水平。', '["金属3D打印", "钙钛矿太阳能电池", "量子纠错码"]'::json, '', 0.748, 0.845, '2026-06-15T12:00:00+00:00', '2026-06-15T12:00:00+00:00');
INSERT INTO org_history (org_id, change_date, change_description, created_at, updated_at) VALUES ('ORG_S_272007567ab997b0', '2012-12-02', '成立储能研究中心', '2026-06-15T12:00:00+00:00', '2026-06-15T12:00:00+00:00');
INSERT INTO org_history (org_id, change_date, change_description, created_at, updated_at) VALUES ('ORG_S_272007567ab997b0', '2014-04-24', '完成股份制改革', '2026-06-15T12:00:00+00:00', '2026-06-15T12:00:00+00:00');
INSERT INTO org_history (org_id, change_date, change_description, created_at, updated_at) VALUES ('ORG_S_272007567ab997b0', '2020-02-10', '获批国家重点实验室', '2026-06-15T12:00:00+00:00', '2026-06-15T12:00:00+00:00');
INSERT INTO org_award (org_id, description, name, reason, award_date, level, award_type, created_at, updated_at) VALUES ('ORG_S_272007567ab997b0', '', '行业金奖', '在储能取得突破', '2019-07-05', '国家级', '工程', '2026-06-15T12:00:00+00:00', '2026-06-15T12:00:00+00:00');
INSERT INTO org_award (org_id, description, name, reason, award_date, level, award_type, created_at, updated_at) VALUES ('ORG_S_272007567ab997b0', '', '国家科技进步奖', '在储能取得突破', '2021-05-16', '行业级', '创新', '2026-06-15T12:00:00+00:00', '2026-06-15T12:00:00+00:00');
INSERT INTO org_award (org_id, description, name, reason, award_date, level, award_type, created_at, updated_at) VALUES ('ORG_S_272007567ab997b0', '', '国家科技进步奖', '在储能取得突破', '2023-07-13', '省部级', '创新', '2026-06-15T12:00:00+00:00', '2026-06-15T12:00:00+00:00');
INSERT INTO org_output (org_id, name, form, author, publish_date, attachment, created_at, updated_at) VALUES ('ORG_S_272007567ab997b0', '储能标准', '软件著作权', '中科前沿实验室', '2023-03-05', '', '2026-06-15T12:00:00+00:00', '2026-06-15T12:00:00+00:00');
INSERT INTO org_output (org_id, name, form, author, publish_date, attachment, created_at, updated_at) VALUES ('ORG_S_272007567ab997b0', '储能系统', '专利', '中科前沿实验室', '2023-11-03', '', '2026-06-15T12:00:00+00:00', '2026-06-15T12:00:00+00:00');
INSERT INTO org_team (org_id, top_talents, award_winners, team_size, talent_type, created_at, updated_at) VALUES ('ORG_S_272007567ab997b0', '["林志强院士", "赵明院士"]'::json, '["罗俊杰", "韩洋志强", "杨军雪松"]'::json, 200, '研发团队', '2026-06-15T12:00:00+00:00', '2026-06-15T12:00:00+00:00');
INSERT INTO org_facility (org_id, name, purpose, experiment_status, launch_date, construction_cost_wan_usd, created_at, updated_at) VALUES ('ORG_S_272007567ab997b0', '碳捕集实验平台', '开展储能关键实验', '在建', '2021-02-20', 500, '2026-06-15T12:00:00+00:00', '2026-06-15T12:00:00+00:00');
INSERT INTO org_facility (org_id, name, purpose, experiment_status, launch_date, construction_cost_wan_usd, created_at, updated_at) VALUES ('ORG_S_272007567ab997b0', '碳捕集实验平台', '开展碳捕集关键实验', '在建', '2023-08-04', 15000, '2026-06-15T12:00:00+00:00', '2026-06-15T12:00:00+00:00');
INSERT INTO entity_change_log (entity_id, entity_type, field, old_value, new_value, method, operator, source_doc_id, reason, changed_at) VALUES ('ORG_S_272007567ab997b0', 'org', '*', NULL, '{"action": "create"}'::json, 'rule', NULL, 'mock_seed', NULL, '2026-06-15T12:00:00+00:00');
INSERT INTO org_profile (org_id, name_cn, name_en, name_other, country, founded_date, dissolved_date, operating_years, website, summary, org_types, nature, function, scale, tech_domains, predecessor_names, departments, strategic_plans, evaluation_report, new_key_projects, remark, confidence, completeness, created_at, updated_at) VALUES ('ORG_S_1bc1cbbbfe0e3ad1', '中科未来实验室', 'Org-012', '[]'::json, '德国', '1972-07-27', NULL, 54, 'www.org-012.example.com', '中科未来实验室是聚焦生物医药、集成电路、机器人等领域的企业，致力于前沿技术研发与成果转化。', '["民营企业", "重点实验室"]'::json, '企业', '基础研究', 200, '["生物医药", "集成电路", "机器人", "碳捕集", "基因编辑"]'::json, '[]'::json, '中科未来实验室下设基础研究部、应用工程部、国际合作部', '["2021-2025五年发展规划", "2026-2030五年发展规划"]'::json, '中科未来实验室在集成电路领域处于国内领先水平。', '["碳纳米管"]'::json, '', 0.738, 0.883, '2026-06-15T12:00:00+00:00', '2026-06-15T12:00:00+00:00');
INSERT INTO org_history (org_id, change_date, change_description, created_at, updated_at) VALUES ('ORG_S_1bc1cbbbfe0e3ad1', '2013-03-24', '成立机器人研究中心', '2026-06-15T12:00:00+00:00', '2026-06-15T12:00:00+00:00');
INSERT INTO org_history (org_id, change_date, change_description, created_at, updated_at) VALUES ('ORG_S_1bc1cbbbfe0e3ad1', '2020-06-07', '完成股份制改革', '2026-06-15T12:00:00+00:00', '2026-06-15T12:00:00+00:00');
INSERT INTO org_history (org_id, change_date, change_description, created_at, updated_at) VALUES ('ORG_S_1bc1cbbbfe0e3ad1', '2010-10-20', '获批国家重点实验室', '2026-06-15T12:00:00+00:00', '2026-06-15T12:00:00+00:00');
INSERT INTO org_award (org_id, description, name, reason, award_date, level, award_type, created_at, updated_at) VALUES ('ORG_S_1bc1cbbbfe0e3ad1', '', '国家科技进步奖', '在基因编辑取得突破', '2018-12-08', '省部级', '工程', '2026-06-15T12:00:00+00:00', '2026-06-15T12:00:00+00:00');
INSERT INTO org_output (org_id, name, form, author, publish_date, attachment, created_at, updated_at) VALUES ('ORG_S_1bc1cbbbfe0e3ad1', '基因编辑系统', '标准', '中科未来实验室', '2019-03-06', '', '2026-06-15T12:00:00+00:00', '2026-06-15T12:00:00+00:00');
INSERT INTO org_output (org_id, name, form, author, publish_date, attachment, created_at, updated_at) VALUES ('ORG_S_1bc1cbbbfe0e3ad1', '基因编辑标准', '专利', '中科未来实验室', '2022-08-24', '', '2026-06-15T12:00:00+00:00', '2026-06-15T12:00:00+00:00');
INSERT INTO org_output (org_id, name, form, author, publish_date, attachment, created_at, updated_at) VALUES ('ORG_S_1bc1cbbbfe0e3ad1', '生物医药标准', '标准', '中科未来实验室', '2023-05-19', '', '2026-06-15T12:00:00+00:00', '2026-06-15T12:00:00+00:00');
INSERT INTO org_team (org_id, top_talents, award_winners, team_size, talent_type, created_at, updated_at) VALUES ('ORG_S_1bc1cbbbfe0e3ad1', '["赵艳院士"]'::json, '["韩瑞文博"]'::json, 1000, '战略科学家团队', '2026-06-15T12:00:00+00:00', '2026-06-15T12:00:00+00:00');
INSERT INTO org_facility (org_id, name, purpose, experiment_status, launch_date, construction_cost_wan_usd, created_at, updated_at) VALUES ('ORG_S_1bc1cbbbfe0e3ad1', '基因编辑实验平台', '开展生物医药关键实验', '运行中', '2018-12-27', 2000, '2026-06-15T12:00:00+00:00', '2026-06-15T12:00:00+00:00');
INSERT INTO org_facility (org_id, name, purpose, experiment_status, launch_date, construction_cost_wan_usd, created_at, updated_at) VALUES ('ORG_S_1bc1cbbbfe0e3ad1', '集成电路实验平台', '开展生物医药关键实验', '调试', '2024-04-16', 15000, '2026-06-15T12:00:00+00:00', '2026-06-15T12:00:00+00:00');
INSERT INTO entity_change_log (entity_id, entity_type, field, old_value, new_value, method, operator, source_doc_id, reason, changed_at) VALUES ('ORG_S_1bc1cbbbfe0e3ad1', 'org', '*', NULL, '{"action": "create"}'::json, 'rule', NULL, 'mock_seed', NULL, '2026-06-15T12:00:00+00:00');
INSERT INTO org_profile (org_id, name_cn, name_en, name_other, country, founded_date, dissolved_date, operating_years, website, summary, org_types, nature, function, scale, tech_domains, predecessor_names, departments, strategic_plans, evaluation_report, new_key_projects, remark, confidence, completeness, created_at, updated_at) VALUES ('ORG_S_08a6afc5884bc03c', '新前沿研究院', 'Org-013', '[]'::json, '中国', '2004-12-06', NULL, 22, 'www.org-013.example.com', '新前沿研究院是聚焦基因编辑、6G通信等领域的事业单位，致力于前沿技术研发与成果转化。', '["重点实验室", "上市公司"]'::json, '事业单位', '技术开发', 3000, '["基因编辑", "6G通信"]'::json, '[]'::json, '新前沿研究院下设基础研究部、应用工程部、国际合作部', '["2021-2025五年发展规划", "2026-2030五年发展规划"]'::json, '新前沿研究院在6G通信领域处于国内领先水平。', '["类脑计算架构", "毫米波雷达"]'::json, '', 0.929, 0.651, '2026-06-15T12:00:00+00:00', '2026-06-15T12:00:00+00:00');
INSERT INTO org_history (org_id, change_date, change_description, created_at, updated_at) VALUES ('ORG_S_08a6afc5884bc03c', '2018-01-19', '成立6G通信研究中心', '2026-06-15T12:00:00+00:00', '2026-06-15T12:00:00+00:00');
INSERT INTO org_history (org_id, change_date, change_description, created_at, updated_at) VALUES ('ORG_S_08a6afc5884bc03c', '2015-03-18', '完成股份制改革', '2026-06-15T12:00:00+00:00', '2026-06-15T12:00:00+00:00');
INSERT INTO org_history (org_id, change_date, change_description, created_at, updated_at) VALUES ('ORG_S_08a6afc5884bc03c', '2016-04-15', '获批国家重点实验室', '2026-06-15T12:00:00+00:00', '2026-06-15T12:00:00+00:00');
INSERT INTO org_award (org_id, description, name, reason, award_date, level, award_type, created_at, updated_at) VALUES ('ORG_S_08a6afc5884bc03c', '', '行业金奖', '在6G通信取得突破', '2019-04-25', '国家级', '工程', '2026-06-15T12:00:00+00:00', '2026-06-15T12:00:00+00:00');
INSERT INTO org_output (org_id, name, form, author, publish_date, attachment, created_at, updated_at) VALUES ('ORG_S_08a6afc5884bc03c', '6G通信标准', '软件著作权', '新前沿研究院', '2019-02-20', '', '2026-06-15T12:00:00+00:00', '2026-06-15T12:00:00+00:00');
INSERT INTO org_output (org_id, name, form, author, publish_date, attachment, created_at, updated_at) VALUES ('ORG_S_08a6afc5884bc03c', '6G通信标准', '标准', '新前沿研究院', '2019-04-20', '', '2026-06-15T12:00:00+00:00', '2026-06-15T12:00:00+00:00');
INSERT INTO org_team (org_id, top_talents, award_winners, team_size, talent_type, created_at, updated_at) VALUES ('ORG_S_08a6afc5884bc03c', '["陈婷院士"]'::json, '["冯宇航"]'::json, 500, '研发团队', '2026-06-15T12:00:00+00:00', '2026-06-15T12:00:00+00:00');
INSERT INTO org_facility (org_id, name, purpose, experiment_status, launch_date, construction_cost_wan_usd, created_at, updated_at) VALUES ('ORG_S_08a6afc5884bc03c', '基因编辑实验平台', '开展6G通信关键实验', '调试', '2023-06-08', 15000, '2026-06-15T12:00:00+00:00', '2026-06-15T12:00:00+00:00');
INSERT INTO org_facility (org_id, name, purpose, experiment_status, launch_date, construction_cost_wan_usd, created_at, updated_at) VALUES ('ORG_S_08a6afc5884bc03c', '基因编辑实验平台', '开展基因编辑关键实验', '在建', '2023-01-23', 15000, '2026-06-15T12:00:00+00:00', '2026-06-15T12:00:00+00:00');
INSERT INTO entity_change_log (entity_id, entity_type, field, old_value, new_value, method, operator, source_doc_id, reason, changed_at) VALUES ('ORG_S_08a6afc5884bc03c', 'org', '*', NULL, '{"action": "create"}'::json, 'rule', NULL, 'mock_seed', NULL, '2026-06-15T12:00:00+00:00');
INSERT INTO org_profile (org_id, name_cn, name_en, name_other, country, founded_date, dissolved_date, operating_years, website, summary, org_types, nature, function, scale, tech_domains, predecessor_names, departments, strategic_plans, evaluation_report, new_key_projects, remark, confidence, completeness, created_at, updated_at) VALUES ('ORG_S_ea87039eee6cb8ac', '新智算高科', 'Org-014', '[]'::json, '新加坡', '1961-02-27', NULL, 65, 'www.org-014.example.com', '新智算高科是聚焦半导体、量子计算等领域的企业，致力于前沿技术研发与成果转化。', '["国家实验室", "上市公司", "外资企业"]'::json, '企业', '应用研究', 15000, '["半导体", "量子计算"]'::json, '[]'::json, '新智算高科下设基础研究部、应用工程部、国际合作部', '["2021-2025五年发展规划", "2026-2030五年发展规划"]'::json, '新智算高科在量子计算领域处于国内领先水平。', '["基因剪刀", "光量子计算"]'::json, '', 0.915, 0.837, '2026-06-15T12:00:00+00:00', '2026-06-15T12:00:00+00:00');
INSERT INTO org_history (org_id, change_date, change_description, created_at, updated_at) VALUES ('ORG_S_ea87039eee6cb8ac', '2024-03-24', '成立半导体研究中心', '2026-06-15T12:00:00+00:00', '2026-06-15T12:00:00+00:00');
INSERT INTO org_history (org_id, change_date, change_description, created_at, updated_at) VALUES ('ORG_S_ea87039eee6cb8ac', '2024-06-06', '完成股份制改革', '2026-06-15T12:00:00+00:00', '2026-06-15T12:00:00+00:00');
INSERT INTO org_history (org_id, change_date, change_description, created_at, updated_at) VALUES ('ORG_S_ea87039eee6cb8ac', '2021-12-04', '获批国家重点实验室', '2026-06-15T12:00:00+00:00', '2026-06-15T12:00:00+00:00');
INSERT INTO org_award (org_id, description, name, reason, award_date, level, award_type, created_at, updated_at) VALUES ('ORG_S_ea87039eee6cb8ac', '', '省部级一等奖', '在量子计算取得突破', '2023-07-03', '省部级', '工程', '2026-06-15T12:00:00+00:00', '2026-06-15T12:00:00+00:00');
INSERT INTO org_award (org_id, description, name, reason, award_date, level, award_type, created_at, updated_at) VALUES ('ORG_S_ea87039eee6cb8ac', '', '省部级一等奖', '在半导体取得突破', '2015-07-11', '国家级', '创新', '2026-06-15T12:00:00+00:00', '2026-06-15T12:00:00+00:00');
INSERT INTO org_output (org_id, name, form, author, publish_date, attachment, created_at, updated_at) VALUES ('ORG_S_ea87039eee6cb8ac', '量子计算标准', '论文', '新智算高科', '2018-12-05', '', '2026-06-15T12:00:00+00:00', '2026-06-15T12:00:00+00:00');
INSERT INTO org_output (org_id, name, form, author, publish_date, attachment, created_at, updated_at) VALUES ('ORG_S_ea87039eee6cb8ac', '半导体标准', '标准', '新智算高科', '2020-11-24', '', '2026-06-15T12:00:00+00:00', '2026-06-15T12:00:00+00:00');
INSERT INTO org_output (org_id, name, form, author, publish_date, attachment, created_at, updated_at) VALUES ('ORG_S_ea87039eee6cb8ac', '量子计算标准', '论文', '新智算高科', '2023-09-01', '', '2026-06-15T12:00:00+00:00', '2026-06-15T12:00:00+00:00');
INSERT INTO org_team (org_id, top_talents, award_winners, team_size, talent_type, created_at, updated_at) VALUES ('ORG_S_ea87039eee6cb8ac', '["胡海燕院士"]'::json, '["杨磊杰"]'::json, 500, '研发团队', '2026-06-15T12:00:00+00:00', '2026-06-15T12:00:00+00:00');
INSERT INTO org_facility (org_id, name, purpose, experiment_status, launch_date, construction_cost_wan_usd, created_at, updated_at) VALUES ('ORG_S_ea87039eee6cb8ac', '半导体实验平台', '开展半导体关键实验', '在建', '2018-08-18', 8000, '2026-06-15T12:00:00+00:00', '2026-06-15T12:00:00+00:00');
INSERT INTO entity_change_log (entity_id, entity_type, field, old_value, new_value, method, operator, source_doc_id, reason, changed_at) VALUES ('ORG_S_ea87039eee6cb8ac', 'org', '*', NULL, '{"action": "create"}'::json, 'rule', NULL, 'mock_seed', NULL, '2026-06-15T12:00:00+00:00');
INSERT INTO org_profile (org_id, name_cn, name_en, name_other, country, founded_date, dissolved_date, operating_years, website, summary, org_types, nature, function, scale, tech_domains, predecessor_names, departments, strategic_plans, evaluation_report, new_key_projects, remark, confidence, completeness, created_at, updated_at) VALUES ('ORG_S_6c2609cea3c138dc', '南方前沿高科', 'Org-015', '[]'::json, '法国', '2005-02-11', NULL, 21, 'www.org-015.example.com', '南方前沿高科是聚焦人工智能、机器人、碳捕集等领域的政府机构，致力于前沿技术研发与成果转化。', '["重点实验室", "民营企业", "外资企业"]'::json, '政府机构', '技术开发', 15000, '["人工智能", "机器人", "碳捕集"]'::json, '[]'::json, '南方前沿高科下设基础研究部、应用工程部、国际合作部', '["2021-2025五年发展规划", "2026-2030五年发展规划"]'::json, '南方前沿高科在碳捕集领域处于国内领先水平。', '["毫米波雷达", "自动驾驶域控制器", "固态电池"]'::json, '', 0.856, 0.853, '2026-06-15T12:00:00+00:00', '2026-06-15T12:00:00+00:00');
INSERT INTO org_history (org_id, change_date, change_description, created_at, updated_at) VALUES ('ORG_S_6c2609cea3c138dc', '2012-05-23', '成立机器人研究中心', '2026-06-15T12:00:00+00:00', '2026-06-15T12:00:00+00:00');
INSERT INTO org_history (org_id, change_date, change_description, created_at, updated_at) VALUES ('ORG_S_6c2609cea3c138dc', '2012-09-03', '完成股份制改革', '2026-06-15T12:00:00+00:00', '2026-06-15T12:00:00+00:00');
INSERT INTO org_history (org_id, change_date, change_description, created_at, updated_at) VALUES ('ORG_S_6c2609cea3c138dc', '2022-09-08', '获批国家重点实验室', '2026-06-15T12:00:00+00:00', '2026-06-15T12:00:00+00:00');
INSERT INTO org_award (org_id, description, name, reason, award_date, level, award_type, created_at, updated_at) VALUES ('ORG_S_6c2609cea3c138dc', '', '行业金奖', '在人工智能取得突破', '2019-05-07', '行业级', '创新', '2026-06-15T12:00:00+00:00', '2026-06-15T12:00:00+00:00');
INSERT INTO org_award (org_id, description, name, reason, award_date, level, award_type, created_at, updated_at) VALUES ('ORG_S_6c2609cea3c138dc', '', '省部级一等奖', '在机器人取得突破', '2019-07-15', '国家级', '创新', '2026-06-15T12:00:00+00:00', '2026-06-15T12:00:00+00:00');
INSERT INTO org_award (org_id, description, name, reason, award_date, level, award_type, created_at, updated_at) VALUES ('ORG_S_6c2609cea3c138dc', '', '省部级一等奖', '在机器人取得突破', '2015-05-24', '国家级', '工程', '2026-06-15T12:00:00+00:00', '2026-06-15T12:00:00+00:00');
INSERT INTO org_output (org_id, name, form, author, publish_date, attachment, created_at, updated_at) VALUES ('ORG_S_6c2609cea3c138dc', '碳捕集标准', '专利', '南方前沿高科', '2020-01-20', '', '2026-06-15T12:00:00+00:00', '2026-06-15T12:00:00+00:00');
INSERT INTO org_output (org_id, name, form, author, publish_date, attachment, created_at, updated_at) VALUES ('ORG_S_6c2609cea3c138dc', '机器人系统', '专利', '南方前沿高科', '2022-08-18', '', '2026-06-15T12:00:00+00:00', '2026-06-15T12:00:00+00:00');
INSERT INTO org_team (org_id, top_talents, award_winners, team_size, talent_type, created_at, updated_at) VALUES ('ORG_S_6c2609cea3c138dc', '["曹洋院士"]'::json, '["徐磊婷", "陈超俊杰", "谢俊杰"]'::json, 200, '战略科学家团队', '2026-06-15T12:00:00+00:00', '2026-06-15T12:00:00+00:00');
INSERT INTO org_facility (org_id, name, purpose, experiment_status, launch_date, construction_cost_wan_usd, created_at, updated_at) VALUES ('ORG_S_6c2609cea3c138dc', '人工智能实验平台', '开展机器人关键实验', '运行中', '2021-12-23', 2000, '2026-06-15T12:00:00+00:00', '2026-06-15T12:00:00+00:00');
INSERT INTO org_facility (org_id, name, purpose, experiment_status, launch_date, construction_cost_wan_usd, created_at, updated_at) VALUES ('ORG_S_6c2609cea3c138dc', '碳捕集实验平台', '开展人工智能关键实验', '调试', '2019-09-26', 2000, '2026-06-15T12:00:00+00:00', '2026-06-15T12:00:00+00:00');
INSERT INTO entity_change_log (entity_id, entity_type, field, old_value, new_value, method, operator, source_doc_id, reason, changed_at) VALUES ('ORG_S_6c2609cea3c138dc', 'org', '*', NULL, '{"action": "create"}'::json, 'rule', NULL, 'mock_seed', NULL, '2026-06-15T12:00:00+00:00');
INSERT INTO org_profile (org_id, name_cn, name_en, name_other, country, founded_date, dissolved_date, operating_years, website, summary, org_types, nature, function, scale, tech_domains, predecessor_names, departments, strategic_plans, evaluation_report, new_key_projects, remark, confidence, completeness, created_at, updated_at) VALUES ('ORG_S_7ae309499cee3438', '航天基因工程技术中心', 'Org-016', '[]'::json, '韩国', '1988-12-01', NULL, 38, 'www.org-016.example.com', '航天基因工程技术中心是聚焦先进算力、大模型等领域的事业单位，致力于前沿技术研发与成果转化。', '["国家实验室"]'::json, '事业单位', '应用研究', 200, '["先进算力", "大模型"]'::json, '[]'::json, '航天基因工程技术中心下设基础研究部、应用工程部、国际合作部', '["2021-2025五年发展规划", "2026-2030五年发展规划"]'::json, '航天基因工程技术中心在先进算力领域处于国内领先水平。', '["卫星星座组网"]'::json, '', 0.828, 0.89, '2026-06-15T12:00:00+00:00', '2026-06-15T12:00:00+00:00');
INSERT INTO org_history (org_id, change_date, change_description, created_at, updated_at) VALUES ('ORG_S_7ae309499cee3438', '2011-11-17', '成立先进算力研究中心', '2026-06-15T12:00:00+00:00', '2026-06-15T12:00:00+00:00');
INSERT INTO org_history (org_id, change_date, change_description, created_at, updated_at) VALUES ('ORG_S_7ae309499cee3438', '2018-05-03', '完成股份制改革', '2026-06-15T12:00:00+00:00', '2026-06-15T12:00:00+00:00');
INSERT INTO org_history (org_id, change_date, change_description, created_at, updated_at) VALUES ('ORG_S_7ae309499cee3438', '2018-08-17', '获批国家重点实验室', '2026-06-15T12:00:00+00:00', '2026-06-15T12:00:00+00:00');
INSERT INTO org_award (org_id, description, name, reason, award_date, level, award_type, created_at, updated_at) VALUES ('ORG_S_7ae309499cee3438', '', '省部级一等奖', '在大模型取得突破', '2017-08-21', '国家级', '工程', '2026-06-15T12:00:00+00:00', '2026-06-15T12:00:00+00:00');
INSERT INTO org_award (org_id, description, name, reason, award_date, level, award_type, created_at, updated_at) VALUES ('ORG_S_7ae309499cee3438', '', '国家科技进步奖', '在先进算力取得突破', '2019-07-14', '行业级', '创新', '2026-06-15T12:00:00+00:00', '2026-06-15T12:00:00+00:00');
INSERT INTO org_output (org_id, name, form, author, publish_date, attachment, created_at, updated_at) VALUES ('ORG_S_7ae309499cee3438', '大模型关键技术', '软件著作权', '航天基因工程技术中心', '2019-06-14', '', '2026-06-15T12:00:00+00:00', '2026-06-15T12:00:00+00:00');
INSERT INTO org_output (org_id, name, form, author, publish_date, attachment, created_at, updated_at) VALUES ('ORG_S_7ae309499cee3438', '先进算力系统', '专利', '航天基因工程技术中心', '2024-05-27', '', '2026-06-15T12:00:00+00:00', '2026-06-15T12:00:00+00:00');
INSERT INTO org_output (org_id, name, form, author, publish_date, attachment, created_at, updated_at) VALUES ('ORG_S_7ae309499cee3438', '先进算力标准', '专利', '航天基因工程技术中心', '2024-06-15', '', '2026-06-15T12:00:00+00:00', '2026-06-15T12:00:00+00:00');
INSERT INTO org_team (org_id, top_talents, award_winners, team_size, talent_type, created_at, updated_at) VALUES ('ORG_S_7ae309499cee3438', '["刘宇航文博院士"]'::json, '["吴超"]'::json, 1000, '战略科学家团队', '2026-06-15T12:00:00+00:00', '2026-06-15T12:00:00+00:00');
INSERT INTO org_facility (org_id, name, purpose, experiment_status, launch_date, construction_cost_wan_usd, created_at, updated_at) VALUES ('ORG_S_7ae309499cee3438', '大模型实验平台', '开展先进算力关键实验', '运行中', '2023-11-08', 2000, '2026-06-15T12:00:00+00:00', '2026-06-15T12:00:00+00:00');
INSERT INTO entity_change_log (entity_id, entity_type, field, old_value, new_value, method, operator, source_doc_id, reason, changed_at) VALUES ('ORG_S_7ae309499cee3438', 'org', '*', NULL, '{"action": "create"}'::json, 'rule', NULL, 'mock_seed', NULL, '2026-06-15T12:00:00+00:00');
INSERT INTO org_profile (org_id, name_cn, name_en, name_other, country, founded_date, dissolved_date, operating_years, website, summary, org_types, nature, function, scale, tech_domains, predecessor_names, departments, strategic_plans, evaluation_report, new_key_projects, remark, confidence, completeness, created_at, updated_at) VALUES ('ORG_S_7d1f668be91e9a41', '中科智算工程技术中心', 'Org-017', '[]'::json, '新加坡', '1981-06-06', NULL, 45, 'www.org-017.example.com', '中科智算工程技术中心是聚焦机器人、新材料、半导体等领域的高校，致力于前沿技术研发与成果转化。', '["双一流高校"]'::json, '高校', '应用研究', 15000, '["机器人", "新材料", "半导体", "人工智能", "航空航天"]'::json, '[]'::json, '中科智算工程技术中心下设基础研究部、应用工程部、国际合作部', '["2021-2025五年发展规划", "2026-2030五年发展规划"]'::json, '中科智算工程技术中心在航空航天领域处于国内领先水平。', '["深海潜水器", "类脑计算架构"]'::json, '', 0.805, 0.694, '2026-06-15T12:00:00+00:00', '2026-06-15T12:00:00+00:00');
INSERT INTO org_history (org_id, change_date, change_description, created_at, updated_at) VALUES ('ORG_S_7d1f668be91e9a41', '2014-12-09', '成立半导体研究中心', '2026-06-15T12:00:00+00:00', '2026-06-15T12:00:00+00:00');
INSERT INTO org_history (org_id, change_date, change_description, created_at, updated_at) VALUES ('ORG_S_7d1f668be91e9a41', '2016-12-15', '完成股份制改革', '2026-06-15T12:00:00+00:00', '2026-06-15T12:00:00+00:00');
INSERT INTO org_history (org_id, change_date, change_description, created_at, updated_at) VALUES ('ORG_S_7d1f668be91e9a41', '2021-12-27', '获批国家重点实验室', '2026-06-15T12:00:00+00:00', '2026-06-15T12:00:00+00:00');
INSERT INTO org_award (org_id, description, name, reason, award_date, level, award_type, created_at, updated_at) VALUES ('ORG_S_7d1f668be91e9a41', '', '行业金奖', '在半导体取得突破', '2023-07-14', '国家级', '科技', '2026-06-15T12:00:00+00:00', '2026-06-15T12:00:00+00:00');
INSERT INTO org_award (org_id, description, name, reason, award_date, level, award_type, created_at, updated_at) VALUES ('ORG_S_7d1f668be91e9a41', '', '行业金奖', '在人工智能取得突破', '2015-07-09', '省部级', '工程', '2026-06-15T12:00:00+00:00', '2026-06-15T12:00:00+00:00');
INSERT INTO org_output (org_id, name, form, author, publish_date, attachment, created_at, updated_at) VALUES ('ORG_S_7d1f668be91e9a41', '机器人系统', '软件著作权', '中科智算工程技术中心', '2018-05-04', '', '2026-06-15T12:00:00+00:00', '2026-06-15T12:00:00+00:00');
INSERT INTO org_output (org_id, name, form, author, publish_date, attachment, created_at, updated_at) VALUES ('ORG_S_7d1f668be91e9a41', '航空航天标准', '论文', '中科智算工程技术中心', '2023-11-23', '', '2026-06-15T12:00:00+00:00', '2026-06-15T12:00:00+00:00');
INSERT INTO org_output (org_id, name, form, author, publish_date, attachment, created_at, updated_at) VALUES ('ORG_S_7d1f668be91e9a41', '新材料标准', '论文', '中科智算工程技术中心', '2018-06-22', '', '2026-06-15T12:00:00+00:00', '2026-06-15T12:00:00+00:00');
INSERT INTO org_output (org_id, name, form, author, publish_date, attachment, created_at, updated_at) VALUES ('ORG_S_7d1f668be91e9a41', '半导体关键技术', '软件著作权', '中科智算工程技术中心', '2021-01-16', '', '2026-06-15T12:00:00+00:00', '2026-06-15T12:00:00+00:00');
INSERT INTO org_team (org_id, top_talents, award_winners, team_size, talent_type, created_at, updated_at) VALUES ('ORG_S_7d1f668be91e9a41', '["韩婷院士", "周宇航刚院士"]'::json, '["赵涛宁", "孙宁", "宋海燕杰"]'::json, 1000, '战略科学家团队', '2026-06-15T12:00:00+00:00', '2026-06-15T12:00:00+00:00');
INSERT INTO org_facility (org_id, name, purpose, experiment_status, launch_date, construction_cost_wan_usd, created_at, updated_at) VALUES ('ORG_S_7d1f668be91e9a41', '人工智能实验平台', '开展航空航天关键实验', '运行中', '2019-04-17', 2000, '2026-06-15T12:00:00+00:00', '2026-06-15T12:00:00+00:00');
INSERT INTO entity_change_log (entity_id, entity_type, field, old_value, new_value, method, operator, source_doc_id, reason, changed_at) VALUES ('ORG_S_7d1f668be91e9a41', 'org', '*', NULL, '{"action": "create"}'::json, 'rule', NULL, 'mock_seed', NULL, '2026-06-15T12:00:00+00:00');
INSERT INTO org_profile (org_id, name_cn, name_en, name_other, country, founded_date, dissolved_date, operating_years, website, summary, org_types, nature, function, scale, tech_domains, predecessor_names, departments, strategic_plans, evaluation_report, new_key_projects, remark, confidence, completeness, created_at, updated_at) VALUES ('ORG_S_d5234dd25a18ab9b', '新芯创科技', 'Org-018', '[]'::json, '英国', '1969-07-22', NULL, 57, 'www.org-018.example.com', '新芯创科技是聚焦深海装备、光电技术、机器人等领域的科研院所，致力于前沿技术研发与成果转化。', '["民营企业", "中外合资", "上市公司"]'::json, '科研院所', '基础研究', 8000, '["深海装备", "光电技术", "机器人", "增材制造", "脑机接口"]'::json, '[]'::json, '新芯创科技下设基础研究部、应用工程部、国际合作部', '["2021-2025五年发展规划", "2026-2030五年发展规划"]'::json, '新芯创科技在深海装备领域处于国内领先水平。', '["碳纳米管", "量子纠错码"]'::json, '', 0.895, 0.934, '2026-06-15T12:00:00+00:00', '2026-06-15T12:00:00+00:00');
INSERT INTO org_history (org_id, change_date, change_description, created_at, updated_at) VALUES ('ORG_S_d5234dd25a18ab9b', '2013-04-11', '成立脑机接口研究中心', '2026-06-15T12:00:00+00:00', '2026-06-15T12:00:00+00:00');
INSERT INTO org_history (org_id, change_date, change_description, created_at, updated_at) VALUES ('ORG_S_d5234dd25a18ab9b', '2012-11-21', '完成股份制改革', '2026-06-15T12:00:00+00:00', '2026-06-15T12:00:00+00:00');
INSERT INTO org_history (org_id, change_date, change_description, created_at, updated_at) VALUES ('ORG_S_d5234dd25a18ab9b', '2018-01-02', '获批国家重点实验室', '2026-06-15T12:00:00+00:00', '2026-06-15T12:00:00+00:00');
INSERT INTO org_award (org_id, description, name, reason, award_date, level, award_type, created_at, updated_at) VALUES ('ORG_S_d5234dd25a18ab9b', '', '省部级一等奖', '在深海装备取得突破', '2021-01-24', '省部级', '工程', '2026-06-15T12:00:00+00:00', '2026-06-15T12:00:00+00:00');
INSERT INTO org_award (org_id, description, name, reason, award_date, level, award_type, created_at, updated_at) VALUES ('ORG_S_d5234dd25a18ab9b', '', '国家科技进步奖', '在光电技术取得突破', '2015-04-17', '行业级', '创新', '2026-06-15T12:00:00+00:00', '2026-06-15T12:00:00+00:00');
INSERT INTO org_output (org_id, name, form, author, publish_date, attachment, created_at, updated_at) VALUES ('ORG_S_d5234dd25a18ab9b', '脑机接口标准', '软件著作权', '新芯创科技', '2018-06-20', '', '2026-06-15T12:00:00+00:00', '2026-06-15T12:00:00+00:00');
INSERT INTO org_output (org_id, name, form, author, publish_date, attachment, created_at, updated_at) VALUES ('ORG_S_d5234dd25a18ab9b', '机器人标准', '论文', '新芯创科技', '2023-03-28', '', '2026-06-15T12:00:00+00:00', '2026-06-15T12:00:00+00:00');
INSERT INTO org_output (org_id, name, form, author, publish_date, attachment, created_at, updated_at) VALUES ('ORG_S_d5234dd25a18ab9b', '增材制造标准', '专利', '新芯创科技', '2020-11-25', '', '2026-06-15T12:00:00+00:00', '2026-06-15T12:00:00+00:00');
INSERT INTO org_output (org_id, name, form, author, publish_date, attachment, created_at, updated_at) VALUES ('ORG_S_d5234dd25a18ab9b', '机器人标准', '专利', '新芯创科技', '2023-02-18', '', '2026-06-15T12:00:00+00:00', '2026-06-15T12:00:00+00:00');
INSERT INTO org_team (org_id, top_talents, award_winners, team_size, talent_type, created_at, updated_at) VALUES ('ORG_S_d5234dd25a18ab9b', '["罗瑞勇院士"]'::json, '["宋洋强", "张昊", "徐杰宁"]'::json, 1000, '研发团队', '2026-06-15T12:00:00+00:00', '2026-06-15T12:00:00+00:00');
INSERT INTO org_facility (org_id, name, purpose, experiment_status, launch_date, construction_cost_wan_usd, created_at, updated_at) VALUES ('ORG_S_d5234dd25a18ab9b', '机器人实验平台', '开展机器人关键实验', '运行中', '2018-01-09', 500, '2026-06-15T12:00:00+00:00', '2026-06-15T12:00:00+00:00');
INSERT INTO entity_change_log (entity_id, entity_type, field, old_value, new_value, method, operator, source_doc_id, reason, changed_at) VALUES ('ORG_S_d5234dd25a18ab9b', 'org', '*', NULL, '{"action": "create"}'::json, 'rule', NULL, 'mock_seed', NULL, '2026-06-15T12:00:00+00:00');
INSERT INTO org_profile (org_id, name_cn, name_en, name_other, country, founded_date, dissolved_date, operating_years, website, summary, org_types, nature, function, scale, tech_domains, predecessor_names, departments, strategic_plans, evaluation_report, new_key_projects, remark, confidence, completeness, created_at, updated_at) VALUES ('ORG_S_8c5ec8c705ef44c4', '华先进股份', 'Org-019', '[]'::json, '以色列', '2018-04-24', NULL, 8, 'www.org-019.example.com', '华先进股份是聚焦5G通信、大模型等领域的政府机构，致力于前沿技术研发与成果转化。', '["上市公司", "重点实验室", "中外合资"]'::json, '政府机构', '技术开发', 3000, '["5G通信", "大模型"]'::json, '[]'::json, '华先进股份下设基础研究部、应用工程部、国际合作部', '["2021-2025五年发展规划", "2026-2030五年发展规划"]'::json, '华先进股份在5G通信领域处于国内领先水平。', '["深海潜水器"]'::json, '', 0.833, 0.617, '2026-06-15T12:00:00+00:00', '2026-06-15T12:00:00+00:00');
INSERT INTO org_history (org_id, change_date, change_description, created_at, updated_at) VALUES ('ORG_S_8c5ec8c705ef44c4', '2013-05-03', '成立5G通信研究中心', '2026-06-15T12:00:00+00:00', '2026-06-15T12:00:00+00:00');
INSERT INTO org_history (org_id, change_date, change_description, created_at, updated_at) VALUES ('ORG_S_8c5ec8c705ef44c4', '2017-09-25', '完成股份制改革', '2026-06-15T12:00:00+00:00', '2026-06-15T12:00:00+00:00');
INSERT INTO org_history (org_id, change_date, change_description, created_at, updated_at) VALUES ('ORG_S_8c5ec8c705ef44c4', '2010-06-25', '获批国家重点实验室', '2026-06-15T12:00:00+00:00', '2026-06-15T12:00:00+00:00');
INSERT INTO org_award (org_id, description, name, reason, award_date, level, award_type, created_at, updated_at) VALUES ('ORG_S_8c5ec8c705ef44c4', '', '省部级一等奖', '在5G通信取得突破', '2015-04-11', '省部级', '工程', '2026-06-15T12:00:00+00:00', '2026-06-15T12:00:00+00:00');
INSERT INTO org_award (org_id, description, name, reason, award_date, level, award_type, created_at, updated_at) VALUES ('ORG_S_8c5ec8c705ef44c4', '', '行业金奖', '在5G通信取得突破', '2023-03-03', '省部级', '创新', '2026-06-15T12:00:00+00:00', '2026-06-15T12:00:00+00:00');
INSERT INTO org_output (org_id, name, form, author, publish_date, attachment, created_at, updated_at) VALUES ('ORG_S_8c5ec8c705ef44c4', '大模型关键技术', '标准', '华先进股份', '2019-07-06', '', '2026-06-15T12:00:00+00:00', '2026-06-15T12:00:00+00:00');
INSERT INTO org_output (org_id, name, form, author, publish_date, attachment, created_at, updated_at) VALUES ('ORG_S_8c5ec8c705ef44c4', '大模型系统', '标准', '华先进股份', '2023-08-06', '', '2026-06-15T12:00:00+00:00', '2026-06-15T12:00:00+00:00');
INSERT INTO org_output (org_id, name, form, author, publish_date, attachment, created_at, updated_at) VALUES ('ORG_S_8c5ec8c705ef44c4', '5G通信系统', '专利', '华先进股份', '2021-02-08', '', '2026-06-15T12:00:00+00:00', '2026-06-15T12:00:00+00:00');
INSERT INTO org_output (org_id, name, form, author, publish_date, attachment, created_at, updated_at) VALUES ('ORG_S_8c5ec8c705ef44c4', '大模型系统', '专利', '华先进股份', '2023-12-15', '', '2026-06-15T12:00:00+00:00', '2026-06-15T12:00:00+00:00');
INSERT INTO org_team (org_id, top_talents, award_winners, team_size, talent_type, created_at, updated_at) VALUES ('ORG_S_8c5ec8c705ef44c4', '["胡涛霞院士"]'::json, '["郭桂英", "吴明"]'::json, 500, '战略科学家团队', '2026-06-15T12:00:00+00:00', '2026-06-15T12:00:00+00:00');
INSERT INTO org_facility (org_id, name, purpose, experiment_status, launch_date, construction_cost_wan_usd, created_at, updated_at) VALUES ('ORG_S_8c5ec8c705ef44c4', '大模型实验平台', '开展大模型关键实验', '调试', '2024-10-06', 500, '2026-06-15T12:00:00+00:00', '2026-06-15T12:00:00+00:00');
INSERT INTO org_facility (org_id, name, purpose, experiment_status, launch_date, construction_cost_wan_usd, created_at, updated_at) VALUES ('ORG_S_8c5ec8c705ef44c4', '5G通信实验平台', '开展5G通信关键实验', '调试', '2021-08-06', 15000, '2026-06-15T12:00:00+00:00', '2026-06-15T12:00:00+00:00');
INSERT INTO entity_change_log (entity_id, entity_type, field, old_value, new_value, method, operator, source_doc_id, reason, changed_at) VALUES ('ORG_S_8c5ec8c705ef44c4', 'org', '*', NULL, '{"action": "create"}'::json, 'rule', NULL, 'mock_seed', NULL, '2026-06-15T12:00:00+00:00');
INSERT INTO org_profile (org_id, name_cn, name_en, name_other, country, founded_date, dissolved_date, operating_years, website, summary, org_types, nature, function, scale, tech_domains, predecessor_names, departments, strategic_plans, evaluation_report, new_key_projects, remark, confidence, completeness, created_at, updated_at) VALUES ('ORG_S_dcc8ffff606de251', '东方芯创集团', 'Org-020', '[]'::json, '俄罗斯', '2009-05-04', NULL, 17, 'www.org-020.example.com', '东方芯创集团是聚焦深海装备、无人机、氢能等领域的政府机构，致力于前沿技术研发与成果转化。', '["外资企业"]'::json, '政府机构', '技术开发', 15000, '["深海装备", "无人机", "氢能"]'::json, '[]'::json, '东方芯创集团下设基础研究部、应用工程部、国际合作部', '["2021-2025五年发展规划", "2026-2030五年发展规划"]'::json, '东方芯创集团在深海装备领域处于国内领先水平。', '["太赫兹通信", "光量子计算", "神经形态芯片"]'::json, '', 0.959, 0.81, '2026-06-15T12:00:00+00:00', '2026-06-15T12:00:00+00:00');
INSERT INTO org_history (org_id, change_date, change_description, created_at, updated_at) VALUES ('ORG_S_dcc8ffff606de251', '2011-03-23', '成立无人机研究中心', '2026-06-15T12:00:00+00:00', '2026-06-15T12:00:00+00:00');
INSERT INTO org_history (org_id, change_date, change_description, created_at, updated_at) VALUES ('ORG_S_dcc8ffff606de251', '2013-05-23', '完成股份制改革', '2026-06-15T12:00:00+00:00', '2026-06-15T12:00:00+00:00');
INSERT INTO org_history (org_id, change_date, change_description, created_at, updated_at) VALUES ('ORG_S_dcc8ffff606de251', '2018-12-20', '获批国家重点实验室', '2026-06-15T12:00:00+00:00', '2026-06-15T12:00:00+00:00');
INSERT INTO org_award (org_id, description, name, reason, award_date, level, award_type, created_at, updated_at) VALUES ('ORG_S_dcc8ffff606de251', '', '行业金奖', '在氢能取得突破', '2019-11-06', '行业级', '创新', '2026-06-15T12:00:00+00:00', '2026-06-15T12:00:00+00:00');
INSERT INTO org_output (org_id, name, form, author, publish_date, attachment, created_at, updated_at) VALUES ('ORG_S_dcc8ffff606de251', '氢能关键技术', '专利', '东方芯创集团', '2019-01-10', '', '2026-06-15T12:00:00+00:00', '2026-06-15T12:00:00+00:00');
INSERT INTO org_output (org_id, name, form, author, publish_date, attachment, created_at, updated_at) VALUES ('ORG_S_dcc8ffff606de251', '深海装备标准', '标准', '东方芯创集团', '2024-02-08', '', '2026-06-15T12:00:00+00:00', '2026-06-15T12:00:00+00:00');
INSERT INTO org_team (org_id, top_talents, award_winners, team_size, talent_type, created_at, updated_at) VALUES ('ORG_S_dcc8ffff606de251', '["黄伟院士", "杨晓东雪松院士"]'::json, '["孙晓东娟"]'::json, 200, '战略科学家团队', '2026-06-15T12:00:00+00:00', '2026-06-15T12:00:00+00:00');
INSERT INTO org_facility (org_id, name, purpose, experiment_status, launch_date, construction_cost_wan_usd, created_at, updated_at) VALUES ('ORG_S_dcc8ffff606de251', '深海装备实验平台', '开展氢能关键实验', '运行中', '2022-06-08', 500, '2026-06-15T12:00:00+00:00', '2026-06-15T12:00:00+00:00');
INSERT INTO org_facility (org_id, name, purpose, experiment_status, launch_date, construction_cost_wan_usd, created_at, updated_at) VALUES ('ORG_S_dcc8ffff606de251', '无人机实验平台', '开展氢能关键实验', '运行中', '2021-01-10', 500, '2026-06-15T12:00:00+00:00', '2026-06-15T12:00:00+00:00');
INSERT INTO entity_change_log (entity_id, entity_type, field, old_value, new_value, method, operator, source_doc_id, reason, changed_at) VALUES ('ORG_S_dcc8ffff606de251', 'org', '*', NULL, '{"action": "create"}'::json, 'rule', NULL, 'mock_seed', NULL, '2026-06-15T12:00:00+00:00');
INSERT INTO org_profile (org_id, name_cn, name_en, name_other, country, founded_date, dissolved_date, operating_years, website, summary, org_types, nature, function, scale, tech_domains, predecessor_names, departments, strategic_plans, evaluation_report, new_key_projects, remark, confidence, completeness, created_at, updated_at) VALUES ('ORG_S_8fc36d4af453decc', '南方前沿集团', 'Org-021', '[]'::json, '法国', '1971-07-01', NULL, 55, 'www.org-021.example.com', '南方前沿集团是聚焦人工智能、脑机接口等领域的政府机构，致力于前沿技术研发与成果转化。', '["上市公司"]'::json, '政府机构', '基础研究', 3000, '["人工智能", "脑机接口"]'::json, '[]'::json, '南方前沿集团下设基础研究部、应用工程部、国际合作部', '["2021-2025五年发展规划", "2026-2030五年发展规划"]'::json, '南方前沿集团在脑机接口领域处于国内领先水平。', '["类脑计算架构"]'::json, '', 0.731, 0.813, '2026-06-15T12:00:00+00:00', '2026-06-15T12:00:00+00:00');
INSERT INTO org_history (org_id, change_date, change_description, created_at, updated_at) VALUES ('ORG_S_8fc36d4af453decc', '2021-05-17', '成立人工智能研究中心', '2026-06-15T12:00:00+00:00', '2026-06-15T12:00:00+00:00');
INSERT INTO org_history (org_id, change_date, change_description, created_at, updated_at) VALUES ('ORG_S_8fc36d4af453decc', '2024-06-23', '完成股份制改革', '2026-06-15T12:00:00+00:00', '2026-06-15T12:00:00+00:00');
INSERT INTO org_history (org_id, change_date, change_description, created_at, updated_at) VALUES ('ORG_S_8fc36d4af453decc', '2011-09-12', '获批国家重点实验室', '2026-06-15T12:00:00+00:00', '2026-06-15T12:00:00+00:00');
INSERT INTO org_award (org_id, description, name, reason, award_date, level, award_type, created_at, updated_at) VALUES ('ORG_S_8fc36d4af453decc', '', '国家科技进步奖', '在脑机接口取得突破', '2022-08-23', '行业级', '创新', '2026-06-15T12:00:00+00:00', '2026-06-15T12:00:00+00:00');
INSERT INTO org_award (org_id, description, name, reason, award_date, level, award_type, created_at, updated_at) VALUES ('ORG_S_8fc36d4af453decc', '', '省部级一等奖', '在人工智能取得突破', '2024-07-22', '省部级', '工程', '2026-06-15T12:00:00+00:00', '2026-06-15T12:00:00+00:00');
INSERT INTO org_award (org_id, description, name, reason, award_date, level, award_type, created_at, updated_at) VALUES ('ORG_S_8fc36d4af453decc', '', '国家科技进步奖', '在人工智能取得突破', '2016-09-04', '行业级', '工程', '2026-06-15T12:00:00+00:00', '2026-06-15T12:00:00+00:00');
INSERT INTO org_output (org_id, name, form, author, publish_date, attachment, created_at, updated_at) VALUES ('ORG_S_8fc36d4af453decc', '人工智能标准', '论文', '南方前沿集团', '2022-04-16', '', '2026-06-15T12:00:00+00:00', '2026-06-15T12:00:00+00:00');
INSERT INTO org_output (org_id, name, form, author, publish_date, attachment, created_at, updated_at) VALUES ('ORG_S_8fc36d4af453decc', '人工智能标准', '标准', '南方前沿集团', '2023-06-21', '', '2026-06-15T12:00:00+00:00', '2026-06-15T12:00:00+00:00');
INSERT INTO org_output (org_id, name, form, author, publish_date, attachment, created_at, updated_at) VALUES ('ORG_S_8fc36d4af453decc', '脑机接口系统', '标准', '南方前沿集团', '2024-07-04', '', '2026-06-15T12:00:00+00:00', '2026-06-15T12:00:00+00:00');
INSERT INTO org_output (org_id, name, form, author, publish_date, attachment, created_at, updated_at) VALUES ('ORG_S_8fc36d4af453decc', '脑机接口系统', '专利', '南方前沿集团', '2024-12-07', '', '2026-06-15T12:00:00+00:00', '2026-06-15T12:00:00+00:00');
INSERT INTO org_team (org_id, top_talents, award_winners, team_size, talent_type, created_at, updated_at) VALUES ('ORG_S_8fc36d4af453decc', '["林文博院士"]'::json, '["陈霞", "罗昊娟"]'::json, 200, '战略科学家团队', '2026-06-15T12:00:00+00:00', '2026-06-15T12:00:00+00:00');
INSERT INTO org_facility (org_id, name, purpose, experiment_status, launch_date, construction_cost_wan_usd, created_at, updated_at) VALUES ('ORG_S_8fc36d4af453decc', '人工智能实验平台', '开展脑机接口关键实验', '调试', '2018-08-28', 15000, '2026-06-15T12:00:00+00:00', '2026-06-15T12:00:00+00:00');
INSERT INTO entity_change_log (entity_id, entity_type, field, old_value, new_value, method, operator, source_doc_id, reason, changed_at) VALUES ('ORG_S_8fc36d4af453decc', 'org', '*', NULL, '{"action": "create"}'::json, 'rule', NULL, 'mock_seed', NULL, '2026-06-15T12:00:00+00:00');
INSERT INTO org_profile (org_id, name_cn, name_en, name_other, country, founded_date, dissolved_date, operating_years, website, summary, org_types, nature, function, scale, tech_domains, predecessor_names, departments, strategic_plans, evaluation_report, new_key_projects, remark, confidence, completeness, created_at, updated_at) VALUES ('ORG_S_9836155c59a306f5', '华信息研究所', 'Org-022', '[]'::json, '新加坡', '1969-09-03', NULL, 57, 'www.org-022.example.com', '华信息研究所是聚焦生物医药、航空航天、量子计算等领域的事业单位，致力于前沿技术研发与成果转化。', '["中外合资"]'::json, '事业单位', '技术开发', 15000, '["生物医药", "航空航天", "量子计算", "氢能", "储能"]'::json, '[]'::json, '华信息研究所下设基础研究部、应用工程部、国际合作部', '["2021-2025五年发展规划", "2026-2030五年发展规划"]'::json, '华信息研究所在储能领域处于国内领先水平。', '["深海潜水器"]'::json, '', 0.914, 0.764, '2026-06-15T12:00:00+00:00', '2026-06-15T12:00:00+00:00');
INSERT INTO org_history (org_id, change_date, change_description, created_at, updated_at) VALUES ('ORG_S_9836155c59a306f5', '2022-09-10', '成立储能研究中心', '2026-06-15T12:00:00+00:00', '2026-06-15T12:00:00+00:00');
INSERT INTO org_history (org_id, change_date, change_description, created_at, updated_at) VALUES ('ORG_S_9836155c59a306f5', '2020-10-21', '完成股份制改革', '2026-06-15T12:00:00+00:00', '2026-06-15T12:00:00+00:00');
INSERT INTO org_history (org_id, change_date, change_description, created_at, updated_at) VALUES ('ORG_S_9836155c59a306f5', '2016-07-22', '获批国家重点实验室', '2026-06-15T12:00:00+00:00', '2026-06-15T12:00:00+00:00');
INSERT INTO org_award (org_id, description, name, reason, award_date, level, award_type, created_at, updated_at) VALUES ('ORG_S_9836155c59a306f5', '', '国家科技进步奖', '在储能取得突破', '2019-06-28', '省部级', '科技', '2026-06-15T12:00:00+00:00', '2026-06-15T12:00:00+00:00');
INSERT INTO org_output (org_id, name, form, author, publish_date, attachment, created_at, updated_at) VALUES ('ORG_S_9836155c59a306f5', '氢能系统', '论文', '华信息研究所', '2019-08-20', '', '2026-06-15T12:00:00+00:00', '2026-06-15T12:00:00+00:00');
INSERT INTO org_output (org_id, name, form, author, publish_date, attachment, created_at, updated_at) VALUES ('ORG_S_9836155c59a306f5', '氢能系统', '软件著作权', '华信息研究所', '2019-02-09', '', '2026-06-15T12:00:00+00:00', '2026-06-15T12:00:00+00:00');
INSERT INTO org_output (org_id, name, form, author, publish_date, attachment, created_at, updated_at) VALUES ('ORG_S_9836155c59a306f5', '生物医药标准', '论文', '华信息研究所', '2023-03-01', '', '2026-06-15T12:00:00+00:00', '2026-06-15T12:00:00+00:00');
INSERT INTO org_output (org_id, name, form, author, publish_date, attachment, created_at, updated_at) VALUES ('ORG_S_9836155c59a306f5', '航空航天关键技术', '专利', '华信息研究所', '2019-06-06', '', '2026-06-15T12:00:00+00:00', '2026-06-15T12:00:00+00:00');
INSERT INTO org_team (org_id, top_talents, award_winners, team_size, talent_type, created_at, updated_at) VALUES ('ORG_S_9836155c59a306f5', '["罗宇航昊院士"]'::json, '["吴明娟", "曹文博"]'::json, 1000, '工程团队', '2026-06-15T12:00:00+00:00', '2026-06-15T12:00:00+00:00');
INSERT INTO org_facility (org_id, name, purpose, experiment_status, launch_date, construction_cost_wan_usd, created_at, updated_at) VALUES ('ORG_S_9836155c59a306f5', '储能实验平台', '开展氢能关键实验', '在建', '2024-08-19', 2000, '2026-06-15T12:00:00+00:00', '2026-06-15T12:00:00+00:00');
INSERT INTO org_facility (org_id, name, purpose, experiment_status, launch_date, construction_cost_wan_usd, created_at, updated_at) VALUES ('ORG_S_9836155c59a306f5', '氢能实验平台', '开展航空航天关键实验', '运行中', '2018-10-11', 2000, '2026-06-15T12:00:00+00:00', '2026-06-15T12:00:00+00:00');
INSERT INTO entity_change_log (entity_id, entity_type, field, old_value, new_value, method, operator, source_doc_id, reason, changed_at) VALUES ('ORG_S_9836155c59a306f5', 'org', '*', NULL, '{"action": "create"}'::json, 'rule', NULL, 'mock_seed', NULL, '2026-06-15T12:00:00+00:00');
INSERT INTO org_profile (org_id, name_cn, name_en, name_other, country, founded_date, dissolved_date, operating_years, website, summary, org_types, nature, function, scale, tech_domains, predecessor_names, departments, strategic_plans, evaluation_report, new_key_projects, remark, confidence, completeness, created_at, updated_at) VALUES ('ORG_S_d7252337a86055ef', '国航宇高科', 'Org-023', '[]'::json, '韩国', '1981-09-01', NULL, 45, 'www.org-023.example.com', '国航宇高科是聚焦基因编辑、先进算力、人工智能等领域的事业单位，致力于前沿技术研发与成果转化。', '["重点实验室", "国有企业"]'::json, '事业单位', '应用研究', 15000, '["基因编辑", "先进算力", "人工智能", "机器人"]'::json, '[]'::json, '国航宇高科下设基础研究部、应用工程部、国际合作部', '["2021-2025五年发展规划", "2026-2030五年发展规划"]'::json, '国航宇高科在机器人领域处于国内领先水平。', '["太赫兹通信", "自动驾驶域控制器"]'::json, '', 0.912, 0.588, '2026-06-15T12:00:00+00:00', '2026-06-15T12:00:00+00:00');
INSERT INTO org_history (org_id, change_date, change_description, created_at, updated_at) VALUES ('ORG_S_d7252337a86055ef', '2011-10-22', '成立基因编辑研究中心', '2026-06-15T12:00:00+00:00', '2026-06-15T12:00:00+00:00');
INSERT INTO org_history (org_id, change_date, change_description, created_at, updated_at) VALUES ('ORG_S_d7252337a86055ef', '2013-10-24', '完成股份制改革', '2026-06-15T12:00:00+00:00', '2026-06-15T12:00:00+00:00');
INSERT INTO org_history (org_id, change_date, change_description, created_at, updated_at) VALUES ('ORG_S_d7252337a86055ef', '2022-04-02', '获批国家重点实验室', '2026-06-15T12:00:00+00:00', '2026-06-15T12:00:00+00:00');
INSERT INTO org_award (org_id, description, name, reason, award_date, level, award_type, created_at, updated_at) VALUES ('ORG_S_d7252337a86055ef', '', '行业金奖', '在人工智能取得突破', '2019-10-24', '省部级', '工程', '2026-06-15T12:00:00+00:00', '2026-06-15T12:00:00+00:00');
INSERT INTO org_award (org_id, description, name, reason, award_date, level, award_type, created_at, updated_at) VALUES ('ORG_S_d7252337a86055ef', '', '国家科技进步奖', '在先进算力取得突破', '2019-08-26', '行业级', '工程', '2026-06-15T12:00:00+00:00', '2026-06-15T12:00:00+00:00');
INSERT INTO org_output (org_id, name, form, author, publish_date, attachment, created_at, updated_at) VALUES ('ORG_S_d7252337a86055ef', '人工智能系统', '标准', '国航宇高科', '2019-10-12', '', '2026-06-15T12:00:00+00:00', '2026-06-15T12:00:00+00:00');
INSERT INTO org_output (org_id, name, form, author, publish_date, attachment, created_at, updated_at) VALUES ('ORG_S_d7252337a86055ef', '人工智能标准', '软件著作权', '国航宇高科', '2018-07-01', '', '2026-06-15T12:00:00+00:00', '2026-06-15T12:00:00+00:00');
INSERT INTO org_output (org_id, name, form, author, publish_date, attachment, created_at, updated_at) VALUES ('ORG_S_d7252337a86055ef', '人工智能标准', '标准', '国航宇高科', '2022-11-02', '', '2026-06-15T12:00:00+00:00', '2026-06-15T12:00:00+00:00');
INSERT INTO org_output (org_id, name, form, author, publish_date, attachment, created_at, updated_at) VALUES ('ORG_S_d7252337a86055ef', '机器人关键技术', '论文', '国航宇高科', '2021-03-26', '', '2026-06-15T12:00:00+00:00', '2026-06-15T12:00:00+00:00');
INSERT INTO org_team (org_id, top_talents, award_winners, team_size, talent_type, created_at, updated_at) VALUES ('ORG_S_d7252337a86055ef', '["黄建华文博院士"]'::json, '["郭艳", "郑宇航", "高文博"]'::json, 500, '战略科学家团队', '2026-06-15T12:00:00+00:00', '2026-06-15T12:00:00+00:00');
INSERT INTO org_facility (org_id, name, purpose, experiment_status, launch_date, construction_cost_wan_usd, created_at, updated_at) VALUES ('ORG_S_d7252337a86055ef', '人工智能实验平台', '开展基因编辑关键实验', '调试', '2019-09-03', 500, '2026-06-15T12:00:00+00:00', '2026-06-15T12:00:00+00:00');
INSERT INTO entity_change_log (entity_id, entity_type, field, old_value, new_value, method, operator, source_doc_id, reason, changed_at) VALUES ('ORG_S_d7252337a86055ef', 'org', '*', NULL, '{"action": "create"}'::json, 'rule', NULL, 'mock_seed', NULL, '2026-06-15T12:00:00+00:00');
INSERT INTO org_profile (org_id, name_cn, name_en, name_other, country, founded_date, dissolved_date, operating_years, website, summary, org_types, nature, function, scale, tech_domains, predecessor_names, departments, strategic_plans, evaluation_report, new_key_projects, remark, confidence, completeness, created_at, updated_at) VALUES ('ORG_S_66d13edea54602de', '东方天网科技', 'Org-024', '[]'::json, '英国', '1968-04-12', NULL, 58, 'www.org-024.example.com', '东方天网科技是聚焦机器人、人工智能、5G通信等领域的企业，致力于前沿技术研发与成果转化。', '["国家实验室", "重点实验室", "外资企业"]'::json, '企业', '技术开发', 200, '["机器人", "人工智能", "5G通信"]'::json, '[]'::json, '东方天网科技下设基础研究部、应用工程部、国际合作部', '["2021-2025五年发展规划", "2026-2030五年发展规划"]'::json, '东方天网科技在人工智能领域处于国内领先水平。', '["量子纠错码", "仿生机械臂", "自动驾驶域控制器"]'::json, '', 0.83, 0.599, '2026-06-15T12:00:00+00:00', '2026-06-15T12:00:00+00:00');
INSERT INTO org_history (org_id, change_date, change_description, created_at, updated_at) VALUES ('ORG_S_66d13edea54602de', '2021-03-19', '成立5G通信研究中心', '2026-06-15T12:00:00+00:00', '2026-06-15T12:00:00+00:00');
INSERT INTO org_history (org_id, change_date, change_description, created_at, updated_at) VALUES ('ORG_S_66d13edea54602de', '2013-11-20', '完成股份制改革', '2026-06-15T12:00:00+00:00', '2026-06-15T12:00:00+00:00');
INSERT INTO org_history (org_id, change_date, change_description, created_at, updated_at) VALUES ('ORG_S_66d13edea54602de', '2024-07-27', '获批国家重点实验室', '2026-06-15T12:00:00+00:00', '2026-06-15T12:00:00+00:00');
INSERT INTO org_award (org_id, description, name, reason, award_date, level, award_type, created_at, updated_at) VALUES ('ORG_S_66d13edea54602de', '', '省部级一等奖', '在5G通信取得突破', '2020-03-17', '行业级', '科技', '2026-06-15T12:00:00+00:00', '2026-06-15T12:00:00+00:00');
INSERT INTO org_output (org_id, name, form, author, publish_date, attachment, created_at, updated_at) VALUES ('ORG_S_66d13edea54602de', '5G通信系统', '专利', '东方天网科技', '2021-04-19', '', '2026-06-15T12:00:00+00:00', '2026-06-15T12:00:00+00:00');
INSERT INTO org_output (org_id, name, form, author, publish_date, attachment, created_at, updated_at) VALUES ('ORG_S_66d13edea54602de', '机器人标准', '标准', '东方天网科技', '2024-08-27', '', '2026-06-15T12:00:00+00:00', '2026-06-15T12:00:00+00:00');
INSERT INTO org_team (org_id, top_talents, award_winners, team_size, talent_type, created_at, updated_at) VALUES ('ORG_S_66d13edea54602de', '["杨俊杰志强院士"]'::json, '["郑勇强", "徐建华", "孙强俊杰"]'::json, 1000, '工程团队', '2026-06-15T12:00:00+00:00', '2026-06-15T12:00:00+00:00');
INSERT INTO org_facility (org_id, name, purpose, experiment_status, launch_date, construction_cost_wan_usd, created_at, updated_at) VALUES ('ORG_S_66d13edea54602de', '机器人实验平台', '开展5G通信关键实验', '调试', '2021-10-12', 8000, '2026-06-15T12:00:00+00:00', '2026-06-15T12:00:00+00:00');
INSERT INTO entity_change_log (entity_id, entity_type, field, old_value, new_value, method, operator, source_doc_id, reason, changed_at) VALUES ('ORG_S_66d13edea54602de', 'org', '*', NULL, '{"action": "create"}'::json, 'rule', NULL, 'mock_seed', NULL, '2026-06-15T12:00:00+00:00');
INSERT INTO org_profile (org_id, name_cn, name_en, name_other, country, founded_date, dissolved_date, operating_years, website, summary, org_types, nature, function, scale, tech_domains, predecessor_names, departments, strategic_plans, evaluation_report, new_key_projects, remark, confidence, completeness, created_at, updated_at) VALUES ('ORG_S_b97a03effaceb38e', '国储能研究所', 'Org-025', '[]'::json, '德国', '2011-04-27', NULL, 15, 'www.org-025.example.com', '国储能研究所是聚焦量子计算、脑机接口等领域的政府机构，致力于前沿技术研发与成果转化。', '["双一流高校"]'::json, '政府机构', '技术开发', 8000, '["量子计算", "脑机接口"]'::json, '[]'::json, '国储能研究所下设基础研究部、应用工程部、国际合作部', '["2021-2025五年发展规划", "2026-2030五年发展规划"]'::json, '国储能研究所在脑机接口领域处于国内领先水平。', '["氢燃料电池电堆"]'::json, '', 0.79, 0.729, '2026-06-15T12:00:00+00:00', '2026-06-15T12:00:00+00:00');
INSERT INTO org_history (org_id, change_date, change_description, created_at, updated_at) VALUES ('ORG_S_b97a03effaceb38e', '2020-09-23', '成立脑机接口研究中心', '2026-06-15T12:00:00+00:00', '2026-06-15T12:00:00+00:00');
INSERT INTO org_history (org_id, change_date, change_description, created_at, updated_at) VALUES ('ORG_S_b97a03effaceb38e', '2021-09-01', '完成股份制改革', '2026-06-15T12:00:00+00:00', '2026-06-15T12:00:00+00:00');
INSERT INTO org_history (org_id, change_date, change_description, created_at, updated_at) VALUES ('ORG_S_b97a03effaceb38e', '2010-10-24', '获批国家重点实验室', '2026-06-15T12:00:00+00:00', '2026-06-15T12:00:00+00:00');
INSERT INTO org_award (org_id, description, name, reason, award_date, level, award_type, created_at, updated_at) VALUES ('ORG_S_b97a03effaceb38e', '', '国家科技进步奖', '在脑机接口取得突破', '2022-11-01', '行业级', '创新', '2026-06-15T12:00:00+00:00', '2026-06-15T12:00:00+00:00');
INSERT INTO org_award (org_id, description, name, reason, award_date, level, award_type, created_at, updated_at) VALUES ('ORG_S_b97a03effaceb38e', '', '省部级一等奖', '在脑机接口取得突破', '2018-10-21', '省部级', '科技', '2026-06-15T12:00:00+00:00', '2026-06-15T12:00:00+00:00');
INSERT INTO org_award (org_id, description, name, reason, award_date, level, award_type, created_at, updated_at) VALUES ('ORG_S_b97a03effaceb38e', '', '行业金奖', '在脑机接口取得突破', '2023-06-06', '省部级', '创新', '2026-06-15T12:00:00+00:00', '2026-06-15T12:00:00+00:00');
INSERT INTO org_output (org_id, name, form, author, publish_date, attachment, created_at, updated_at) VALUES ('ORG_S_b97a03effaceb38e', '量子计算标准', '软件著作权', '国储能研究所', '2024-04-20', '', '2026-06-15T12:00:00+00:00', '2026-06-15T12:00:00+00:00');
INSERT INTO org_output (org_id, name, form, author, publish_date, attachment, created_at, updated_at) VALUES ('ORG_S_b97a03effaceb38e', '脑机接口关键技术', '专利', '国储能研究所', '2018-04-26', '', '2026-06-15T12:00:00+00:00', '2026-06-15T12:00:00+00:00');
INSERT INTO org_team (org_id, top_talents, award_winners, team_size, talent_type, created_at, updated_at) VALUES ('ORG_S_b97a03effaceb38e', '["宋雪松伟院士", "冯洋院士"]'::json, '["何宁", "梁娟军"]'::json, 200, '研发团队', '2026-06-15T12:00:00+00:00', '2026-06-15T12:00:00+00:00');
INSERT INTO org_facility (org_id, name, purpose, experiment_status, launch_date, construction_cost_wan_usd, created_at, updated_at) VALUES ('ORG_S_b97a03effaceb38e', '量子计算实验平台', '开展脑机接口关键实验', '运行中', '2019-05-13', 15000, '2026-06-15T12:00:00+00:00', '2026-06-15T12:00:00+00:00');
INSERT INTO org_facility (org_id, name, purpose, experiment_status, launch_date, construction_cost_wan_usd, created_at, updated_at) VALUES ('ORG_S_b97a03effaceb38e', '脑机接口实验平台', '开展脑机接口关键实验', '在建', '2018-01-24', 8000, '2026-06-15T12:00:00+00:00', '2026-06-15T12:00:00+00:00');
INSERT INTO entity_change_log (entity_id, entity_type, field, old_value, new_value, method, operator, source_doc_id, reason, changed_at) VALUES ('ORG_S_b97a03effaceb38e', 'org', '*', NULL, '{"action": "create"}'::json, 'rule', NULL, 'mock_seed', NULL, '2026-06-15T12:00:00+00:00');
INSERT INTO org_profile (org_id, name_cn, name_en, name_other, country, founded_date, dissolved_date, operating_years, website, summary, org_types, nature, function, scale, tech_domains, predecessor_names, departments, strategic_plans, evaluation_report, new_key_projects, remark, confidence, completeness, created_at, updated_at) VALUES ('ORG_S_be24b403ba605c2e', '航天航宇研究院', 'Org-026', '[]'::json, '新加坡', '1999-01-17', NULL, 27, 'www.org-026.example.com', '航天航宇研究院是聚焦脑机接口、生物医药、航空航天等领域的高校，致力于前沿技术研发与成果转化。', '["外资企业", "民营企业"]'::json, '高校', '基础研究', 200, '["脑机接口", "生物医药", "航空航天", "半导体", "氢能"]'::json, '[]'::json, '航天航宇研究院下设基础研究部、应用工程部、国际合作部', '["2021-2025五年发展规划", "2026-2030五年发展规划"]'::json, '航天航宇研究院在生物医药领域处于国内领先水平。', '["神经网络芯片", "毫米波雷达", "mRNA疫苗"]'::json, '', 0.785, 0.75, '2026-06-15T12:00:00+00:00', '2026-06-15T12:00:00+00:00');
INSERT INTO org_history (org_id, change_date, change_description, created_at, updated_at) VALUES ('ORG_S_be24b403ba605c2e', '2014-08-19', '成立脑机接口研究中心', '2026-06-15T12:00:00+00:00', '2026-06-15T12:00:00+00:00');
INSERT INTO org_history (org_id, change_date, change_description, created_at, updated_at) VALUES ('ORG_S_be24b403ba605c2e', '2013-07-14', '完成股份制改革', '2026-06-15T12:00:00+00:00', '2026-06-15T12:00:00+00:00');
INSERT INTO org_history (org_id, change_date, change_description, created_at, updated_at) VALUES ('ORG_S_be24b403ba605c2e', '2016-06-20', '获批国家重点实验室', '2026-06-15T12:00:00+00:00', '2026-06-15T12:00:00+00:00');
INSERT INTO org_award (org_id, description, name, reason, award_date, level, award_type, created_at, updated_at) VALUES ('ORG_S_be24b403ba605c2e', '', '省部级一等奖', '在生物医药取得突破', '2024-09-28', '行业级', '创新', '2026-06-15T12:00:00+00:00', '2026-06-15T12:00:00+00:00');
INSERT INTO org_award (org_id, description, name, reason, award_date, level, award_type, created_at, updated_at) VALUES ('ORG_S_be24b403ba605c2e', '', '省部级一等奖', '在氢能取得突破', '2015-02-15', '行业级', '创新', '2026-06-15T12:00:00+00:00', '2026-06-15T12:00:00+00:00');
INSERT INTO org_award (org_id, description, name, reason, award_date, level, award_type, created_at, updated_at) VALUES ('ORG_S_be24b403ba605c2e', '', '国家科技进步奖', '在生物医药取得突破', '2018-05-03', '省部级', '创新', '2026-06-15T12:00:00+00:00', '2026-06-15T12:00:00+00:00');
INSERT INTO org_output (org_id, name, form, author, publish_date, attachment, created_at, updated_at) VALUES ('ORG_S_be24b403ba605c2e', '航空航天标准', '论文', '航天航宇研究院', '2024-10-15', '', '2026-06-15T12:00:00+00:00', '2026-06-15T12:00:00+00:00');
INSERT INTO org_output (org_id, name, form, author, publish_date, attachment, created_at, updated_at) VALUES ('ORG_S_be24b403ba605c2e', '航空航天关键技术', '标准', '航天航宇研究院', '2024-05-08', '', '2026-06-15T12:00:00+00:00', '2026-06-15T12:00:00+00:00');
INSERT INTO org_output (org_id, name, form, author, publish_date, attachment, created_at, updated_at) VALUES ('ORG_S_be24b403ba605c2e', '脑机接口系统', '专利', '航天航宇研究院', '2020-03-14', '', '2026-06-15T12:00:00+00:00', '2026-06-15T12:00:00+00:00');
INSERT INTO org_output (org_id, name, form, author, publish_date, attachment, created_at, updated_at) VALUES ('ORG_S_be24b403ba605c2e', '氢能系统', '标准', '航天航宇研究院', '2024-08-26', '', '2026-06-15T12:00:00+00:00', '2026-06-15T12:00:00+00:00');
INSERT INTO org_team (org_id, top_talents, award_winners, team_size, talent_type, created_at, updated_at) VALUES ('ORG_S_be24b403ba605c2e', '["唐霞院士", "朱勇建华院士"]'::json, '["彭俊杰", "何超海燕"]'::json, 200, '研发团队', '2026-06-15T12:00:00+00:00', '2026-06-15T12:00:00+00:00');
INSERT INTO org_facility (org_id, name, purpose, experiment_status, launch_date, construction_cost_wan_usd, created_at, updated_at) VALUES ('ORG_S_be24b403ba605c2e', '脑机接口实验平台', '开展航空航天关键实验', '调试', '2024-07-10', 8000, '2026-06-15T12:00:00+00:00', '2026-06-15T12:00:00+00:00');
INSERT INTO org_facility (org_id, name, purpose, experiment_status, launch_date, construction_cost_wan_usd, created_at, updated_at) VALUES ('ORG_S_be24b403ba605c2e', '生物医药实验平台', '开展航空航天关键实验', '运行中', '2020-01-23', 8000, '2026-06-15T12:00:00+00:00', '2026-06-15T12:00:00+00:00');
INSERT INTO entity_change_log (entity_id, entity_type, field, old_value, new_value, method, operator, source_doc_id, reason, changed_at) VALUES ('ORG_S_be24b403ba605c2e', 'org', '*', NULL, '{"action": "create"}'::json, 'rule', NULL, 'mock_seed', NULL, '2026-06-15T12:00:00+00:00');
INSERT INTO org_profile (org_id, name_cn, name_en, name_other, country, founded_date, dissolved_date, operating_years, website, summary, org_types, nature, function, scale, tech_domains, predecessor_names, departments, strategic_plans, evaluation_report, new_key_projects, remark, confidence, completeness, created_at, updated_at) VALUES ('ORG_S_225bd1d5ca79a5fb', '航天算力研究所', 'Org-027', '[]'::json, '法国', '2018-11-10', NULL, 8, 'www.org-027.example.com', '航天算力研究所是聚焦碳捕集、光电技术等领域的企业，致力于前沿技术研发与成果转化。', '["国家实验室", "上市公司"]'::json, '企业', '人才培养', 500, '["碳捕集", "光电技术"]'::json, '[]'::json, '航天算力研究所下设基础研究部、应用工程部、国际合作部', '["2021-2025五年发展规划", "2026-2030五年发展规划"]'::json, '航天算力研究所在光电技术领域处于国内领先水平。', '["类脑计算架构"]'::json, '', 0.8, 0.721, '2026-06-15T12:00:00+00:00', '2026-06-15T12:00:00+00:00');
INSERT INTO org_history (org_id, change_date, change_description, created_at, updated_at) VALUES ('ORG_S_225bd1d5ca79a5fb', '2015-02-10', '成立光电技术研究中心', '2026-06-15T12:00:00+00:00', '2026-06-15T12:00:00+00:00');
INSERT INTO org_history (org_id, change_date, change_description, created_at, updated_at) VALUES ('ORG_S_225bd1d5ca79a5fb', '2022-01-19', '完成股份制改革', '2026-06-15T12:00:00+00:00', '2026-06-15T12:00:00+00:00');
INSERT INTO org_history (org_id, change_date, change_description, created_at, updated_at) VALUES ('ORG_S_225bd1d5ca79a5fb', '2022-06-07', '获批国家重点实验室', '2026-06-15T12:00:00+00:00', '2026-06-15T12:00:00+00:00');
INSERT INTO org_award (org_id, description, name, reason, award_date, level, award_type, created_at, updated_at) VALUES ('ORG_S_225bd1d5ca79a5fb', '', '国家科技进步奖', '在碳捕集取得突破', '2019-05-18', '行业级', '工程', '2026-06-15T12:00:00+00:00', '2026-06-15T12:00:00+00:00');
INSERT INTO org_output (org_id, name, form, author, publish_date, attachment, created_at, updated_at) VALUES ('ORG_S_225bd1d5ca79a5fb', '光电技术系统', '专利', '航天算力研究所', '2022-01-17', '', '2026-06-15T12:00:00+00:00', '2026-06-15T12:00:00+00:00');
INSERT INTO org_output (org_id, name, form, author, publish_date, attachment, created_at, updated_at) VALUES ('ORG_S_225bd1d5ca79a5fb', '光电技术系统', '标准', '航天算力研究所', '2018-02-04', '', '2026-06-15T12:00:00+00:00', '2026-06-15T12:00:00+00:00');
INSERT INTO org_output (org_id, name, form, author, publish_date, attachment, created_at, updated_at) VALUES ('ORG_S_225bd1d5ca79a5fb', '碳捕集关键技术', '论文', '航天算力研究所', '2024-12-24', '', '2026-06-15T12:00:00+00:00', '2026-06-15T12:00:00+00:00');
INSERT INTO org_output (org_id, name, form, author, publish_date, attachment, created_at, updated_at) VALUES ('ORG_S_225bd1d5ca79a5fb', '碳捕集系统', '论文', '航天算力研究所', '2019-09-11', '', '2026-06-15T12:00:00+00:00', '2026-06-15T12:00:00+00:00');
INSERT INTO org_team (org_id, top_talents, award_winners, team_size, talent_type, created_at, updated_at) VALUES ('ORG_S_225bd1d5ca79a5fb', '["罗强志强院士"]'::json, '["宋军"]'::json, 200, '战略科学家团队', '2026-06-15T12:00:00+00:00', '2026-06-15T12:00:00+00:00');
INSERT INTO org_facility (org_id, name, purpose, experiment_status, launch_date, construction_cost_wan_usd, created_at, updated_at) VALUES ('ORG_S_225bd1d5ca79a5fb', '碳捕集实验平台', '开展光电技术关键实验', '在建', '2022-12-28', 15000, '2026-06-15T12:00:00+00:00', '2026-06-15T12:00:00+00:00');
INSERT INTO entity_change_log (entity_id, entity_type, field, old_value, new_value, method, operator, source_doc_id, reason, changed_at) VALUES ('ORG_S_225bd1d5ca79a5fb', 'org', '*', NULL, '{"action": "create"}'::json, 'rule', NULL, 'mock_seed', NULL, '2026-06-15T12:00:00+00:00');
INSERT INTO org_profile (org_id, name_cn, name_en, name_other, country, founded_date, dissolved_date, operating_years, website, summary, org_types, nature, function, scale, tech_domains, predecessor_names, departments, strategic_plans, evaluation_report, new_key_projects, remark, confidence, completeness, created_at, updated_at) VALUES ('ORG_S_7e18c49889c384c4', '新基因实验室', 'Org-028', '[]'::json, '以色列', '1984-06-04', NULL, 42, 'www.org-028.example.com', '新基因实验室是聚焦基因编辑、航空航天、新材料等领域的企业，致力于前沿技术研发与成果转化。', '["国家实验室"]'::json, '企业', '成果转化', 200, '["基因编辑", "航空航天", "新材料", "无人机", "自动驾驶"]'::json, '[]'::json, '新基因实验室下设基础研究部、应用工程部、国际合作部', '["2021-2025五年发展规划", "2026-2030五年发展规划"]'::json, '新基因实验室在航空航天领域处于国内领先水平。', '["仿生机械臂", "金属3D打印", "量子纠错码"]'::json, '', 0.925, 0.749, '2026-06-15T12:00:00+00:00', '2026-06-15T12:00:00+00:00');
INSERT INTO org_history (org_id, change_date, change_description, created_at, updated_at) VALUES ('ORG_S_7e18c49889c384c4', '2023-11-04', '成立无人机研究中心', '2026-06-15T12:00:00+00:00', '2026-06-15T12:00:00+00:00');
INSERT INTO org_history (org_id, change_date, change_description, created_at, updated_at) VALUES ('ORG_S_7e18c49889c384c4', '2016-11-26', '完成股份制改革', '2026-06-15T12:00:00+00:00', '2026-06-15T12:00:00+00:00');
INSERT INTO org_history (org_id, change_date, change_description, created_at, updated_at) VALUES ('ORG_S_7e18c49889c384c4', '2015-02-04', '获批国家重点实验室', '2026-06-15T12:00:00+00:00', '2026-06-15T12:00:00+00:00');
INSERT INTO org_award (org_id, description, name, reason, award_date, level, award_type, created_at, updated_at) VALUES ('ORG_S_7e18c49889c384c4', '', '行业金奖', '在新材料取得突破', '2016-09-18', '国家级', '工程', '2026-06-15T12:00:00+00:00', '2026-06-15T12:00:00+00:00');
INSERT INTO org_award (org_id, description, name, reason, award_date, level, award_type, created_at, updated_at) VALUES ('ORG_S_7e18c49889c384c4', '', '省部级一等奖', '在航空航天取得突破', '2018-07-22', '行业级', '创新', '2026-06-15T12:00:00+00:00', '2026-06-15T12:00:00+00:00');
INSERT INTO org_output (org_id, name, form, author, publish_date, attachment, created_at, updated_at) VALUES ('ORG_S_7e18c49889c384c4', '自动驾驶标准', '论文', '新基因实验室', '2018-06-15', '', '2026-06-15T12:00:00+00:00', '2026-06-15T12:00:00+00:00');
INSERT INTO org_output (org_id, name, form, author, publish_date, attachment, created_at, updated_at) VALUES ('ORG_S_7e18c49889c384c4', '无人机系统', '标准', '新基因实验室', '2021-10-22', '', '2026-06-15T12:00:00+00:00', '2026-06-15T12:00:00+00:00');
INSERT INTO org_output (org_id, name, form, author, publish_date, attachment, created_at, updated_at) VALUES ('ORG_S_7e18c49889c384c4', '无人机标准', '论文', '新基因实验室', '2020-01-02', '', '2026-06-15T12:00:00+00:00', '2026-06-15T12:00:00+00:00');
INSERT INTO org_output (org_id, name, form, author, publish_date, attachment, created_at, updated_at) VALUES ('ORG_S_7e18c49889c384c4', '自动驾驶标准', '论文', '新基因实验室', '2021-05-17', '', '2026-06-15T12:00:00+00:00', '2026-06-15T12:00:00+00:00');
INSERT INTO org_team (org_id, top_talents, award_winners, team_size, talent_type, created_at, updated_at) VALUES ('ORG_S_7e18c49889c384c4', '["胡艳院士", "谢艳院士"]'::json, '["谢刚", "谢昊"]'::json, 1000, '战略科学家团队', '2026-06-15T12:00:00+00:00', '2026-06-15T12:00:00+00:00');
INSERT INTO org_facility (org_id, name, purpose, experiment_status, launch_date, construction_cost_wan_usd, created_at, updated_at) VALUES ('ORG_S_7e18c49889c384c4', '航空航天实验平台', '开展自动驾驶关键实验', '在建', '2022-07-14', 15000, '2026-06-15T12:00:00+00:00', '2026-06-15T12:00:00+00:00');
INSERT INTO entity_change_log (entity_id, entity_type, field, old_value, new_value, method, operator, source_doc_id, reason, changed_at) VALUES ('ORG_S_7e18c49889c384c4', 'org', '*', NULL, '{"action": "create"}'::json, 'rule', NULL, 'mock_seed', NULL, '2026-06-15T12:00:00+00:00');
INSERT INTO org_profile (org_id, name_cn, name_en, name_other, country, founded_date, dissolved_date, operating_years, website, summary, org_types, nature, function, scale, tech_domains, predecessor_names, departments, strategic_plans, evaluation_report, new_key_projects, remark, confidence, completeness, created_at, updated_at) VALUES ('ORG_S_dba270b4c3e1193b', '东方脑科学科技', 'Org-029', '[]'::json, '中国', '1963-02-26', NULL, 63, 'www.org-029.example.com', '东方脑科学科技是聚焦人工智能、5G通信等领域的事业单位，致力于前沿技术研发与成果转化。', '["重点实验室", "民营企业", "国家实验室"]'::json, '事业单位', '成果转化', 200, '["人工智能", "5G通信"]'::json, '[]'::json, '东方脑科学科技下设基础研究部、应用工程部、国际合作部', '["2021-2025五年发展规划", "2026-2030五年发展规划"]'::json, '东方脑科学科技在5G通信领域处于国内领先水平。', '["仿生机械臂", "mRNA疫苗", "自动驾驶域控制器"]'::json, '', 0.982, 0.901, '2026-06-15T12:00:00+00:00', '2026-06-15T12:00:00+00:00');
INSERT INTO org_history (org_id, change_date, change_description, created_at, updated_at) VALUES ('ORG_S_dba270b4c3e1193b', '2018-07-24', '成立5G通信研究中心', '2026-06-15T12:00:00+00:00', '2026-06-15T12:00:00+00:00');
INSERT INTO org_history (org_id, change_date, change_description, created_at, updated_at) VALUES ('ORG_S_dba270b4c3e1193b', '2011-04-11', '完成股份制改革', '2026-06-15T12:00:00+00:00', '2026-06-15T12:00:00+00:00');
INSERT INTO org_history (org_id, change_date, change_description, created_at, updated_at) VALUES ('ORG_S_dba270b4c3e1193b', '2020-03-09', '获批国家重点实验室', '2026-06-15T12:00:00+00:00', '2026-06-15T12:00:00+00:00');
INSERT INTO org_award (org_id, description, name, reason, award_date, level, award_type, created_at, updated_at) VALUES ('ORG_S_dba270b4c3e1193b', '', '国家科技进步奖', '在人工智能取得突破', '2023-11-23', '国家级', '科技', '2026-06-15T12:00:00+00:00', '2026-06-15T12:00:00+00:00');
INSERT INTO org_output (org_id, name, form, author, publish_date, attachment, created_at, updated_at) VALUES ('ORG_S_dba270b4c3e1193b', '人工智能关键技术', '专利', '东方脑科学科技', '2024-12-26', '', '2026-06-15T12:00:00+00:00', '2026-06-15T12:00:00+00:00');
INSERT INTO org_output (org_id, name, form, author, publish_date, attachment, created_at, updated_at) VALUES ('ORG_S_dba270b4c3e1193b', '人工智能标准', '软件著作权', '东方脑科学科技', '2020-05-03', '', '2026-06-15T12:00:00+00:00', '2026-06-15T12:00:00+00:00');
INSERT INTO org_output (org_id, name, form, author, publish_date, attachment, created_at, updated_at) VALUES ('ORG_S_dba270b4c3e1193b', '5G通信标准', '标准', '东方脑科学科技', '2023-12-24', '', '2026-06-15T12:00:00+00:00', '2026-06-15T12:00:00+00:00');
INSERT INTO org_output (org_id, name, form, author, publish_date, attachment, created_at, updated_at) VALUES ('ORG_S_dba270b4c3e1193b', '5G通信系统', '标准', '东方脑科学科技', '2022-08-11', '', '2026-06-15T12:00:00+00:00', '2026-06-15T12:00:00+00:00');
INSERT INTO org_team (org_id, top_talents, award_winners, team_size, talent_type, created_at, updated_at) VALUES ('ORG_S_dba270b4c3e1193b', '["何平院士", "许婷海燕院士"]'::json, '["黄霞明", "赵斌", "梁昊"]'::json, 500, '研发团队', '2026-06-15T12:00:00+00:00', '2026-06-15T12:00:00+00:00');
INSERT INTO org_facility (org_id, name, purpose, experiment_status, launch_date, construction_cost_wan_usd, created_at, updated_at) VALUES ('ORG_S_dba270b4c3e1193b', '5G通信实验平台', '开展5G通信关键实验', '调试', '2021-10-28', 8000, '2026-06-15T12:00:00+00:00', '2026-06-15T12:00:00+00:00');
INSERT INTO entity_change_log (entity_id, entity_type, field, old_value, new_value, method, operator, source_doc_id, reason, changed_at) VALUES ('ORG_S_dba270b4c3e1193b', 'org', '*', NULL, '{"action": "create"}'::json, 'rule', NULL, 'mock_seed', NULL, '2026-06-15T12:00:00+00:00');
INSERT INTO org_profile (org_id, name_cn, name_en, name_other, country, founded_date, dissolved_date, operating_years, website, summary, org_types, nature, function, scale, tech_domains, predecessor_names, departments, strategic_plans, evaluation_report, new_key_projects, remark, confidence, completeness, created_at, updated_at) VALUES ('ORG_S_173f8feeba3d4aa1', '中氢动实验室', 'Org-030', '[]'::json, '法国', '1975-02-07', NULL, 51, 'www.org-030.example.com', '中氢动实验室是聚焦6G通信、自动驾驶、集成电路等领域的高校，致力于前沿技术研发与成果转化。', '["双一流高校", "国家实验室"]'::json, '高校', '技术开发', 8000, '["6G通信", "自动驾驶", "集成电路"]'::json, '[]'::json, '中氢动实验室下设基础研究部、应用工程部、国际合作部', '["2021-2025五年发展规划", "2026-2030五年发展规划"]'::json, '中氢动实验室在自动驾驶领域处于国内领先水平。', '["钙钛矿太阳能电池", "神经形态芯片"]'::json, '', 0.733, 0.67, '2026-06-15T12:00:00+00:00', '2026-06-15T12:00:00+00:00');
INSERT INTO org_history (org_id, change_date, change_description, created_at, updated_at) VALUES ('ORG_S_173f8feeba3d4aa1', '2010-12-09', '成立6G通信研究中心', '2026-06-15T12:00:00+00:00', '2026-06-15T12:00:00+00:00');
INSERT INTO org_history (org_id, change_date, change_description, created_at, updated_at) VALUES ('ORG_S_173f8feeba3d4aa1', '2010-06-26', '完成股份制改革', '2026-06-15T12:00:00+00:00', '2026-06-15T12:00:00+00:00');
INSERT INTO org_history (org_id, change_date, change_description, created_at, updated_at) VALUES ('ORG_S_173f8feeba3d4aa1', '2014-10-09', '获批国家重点实验室', '2026-06-15T12:00:00+00:00', '2026-06-15T12:00:00+00:00');
INSERT INTO org_award (org_id, description, name, reason, award_date, level, award_type, created_at, updated_at) VALUES ('ORG_S_173f8feeba3d4aa1', '', '省部级一等奖', '在集成电路取得突破', '2024-09-16', '省部级', '工程', '2026-06-15T12:00:00+00:00', '2026-06-15T12:00:00+00:00');
INSERT INTO org_award (org_id, description, name, reason, award_date, level, award_type, created_at, updated_at) VALUES ('ORG_S_173f8feeba3d4aa1', '', '省部级一等奖', '在自动驾驶取得突破', '2020-04-05', '行业级', '科技', '2026-06-15T12:00:00+00:00', '2026-06-15T12:00:00+00:00');
INSERT INTO org_award (org_id, description, name, reason, award_date, level, award_type, created_at, updated_at) VALUES ('ORG_S_173f8feeba3d4aa1', '', '行业金奖', '在6G通信取得突破', '2022-05-20', '行业级', '工程', '2026-06-15T12:00:00+00:00', '2026-06-15T12:00:00+00:00');
INSERT INTO org_output (org_id, name, form, author, publish_date, attachment, created_at, updated_at) VALUES ('ORG_S_173f8feeba3d4aa1', '6G通信系统', '论文', '中氢动实验室', '2018-04-12', '', '2026-06-15T12:00:00+00:00', '2026-06-15T12:00:00+00:00');
INSERT INTO org_output (org_id, name, form, author, publish_date, attachment, created_at, updated_at) VALUES ('ORG_S_173f8feeba3d4aa1', '自动驾驶关键技术', '标准', '中氢动实验室', '2022-09-21', '', '2026-06-15T12:00:00+00:00', '2026-06-15T12:00:00+00:00');
INSERT INTO org_output (org_id, name, form, author, publish_date, attachment, created_at, updated_at) VALUES ('ORG_S_173f8feeba3d4aa1', '自动驾驶关键技术', '论文', '中氢动实验室', '2024-02-26', '', '2026-06-15T12:00:00+00:00', '2026-06-15T12:00:00+00:00');
INSERT INTO org_output (org_id, name, form, author, publish_date, attachment, created_at, updated_at) VALUES ('ORG_S_173f8feeba3d4aa1', '自动驾驶系统', '软件著作权', '中氢动实验室', '2023-11-13', '', '2026-06-15T12:00:00+00:00', '2026-06-15T12:00:00+00:00');
INSERT INTO org_team (org_id, top_talents, award_winners, team_size, talent_type, created_at, updated_at) VALUES ('ORG_S_173f8feeba3d4aa1', '["郭杰院士", "邓超涛院士"]'::json, '["冯伟"]'::json, 500, '工程团队', '2026-06-15T12:00:00+00:00', '2026-06-15T12:00:00+00:00');
INSERT INTO org_facility (org_id, name, purpose, experiment_status, launch_date, construction_cost_wan_usd, created_at, updated_at) VALUES ('ORG_S_173f8feeba3d4aa1', '集成电路实验平台', '开展自动驾驶关键实验', '调试', '2019-09-13', 8000, '2026-06-15T12:00:00+00:00', '2026-06-15T12:00:00+00:00');
INSERT INTO org_facility (org_id, name, purpose, experiment_status, launch_date, construction_cost_wan_usd, created_at, updated_at) VALUES ('ORG_S_173f8feeba3d4aa1', '自动驾驶实验平台', '开展6G通信关键实验', '运行中', '2023-04-07', 15000, '2026-06-15T12:00:00+00:00', '2026-06-15T12:00:00+00:00');
INSERT INTO entity_change_log (entity_id, entity_type, field, old_value, new_value, method, operator, source_doc_id, reason, changed_at) VALUES ('ORG_S_173f8feeba3d4aa1', 'org', '*', NULL, '{"action": "create"}'::json, 'rule', NULL, 'mock_seed', NULL, '2026-06-15T12:00:00+00:00');
INSERT INTO org_profile (org_id, name_cn, name_en, name_other, country, founded_date, dissolved_date, operating_years, website, summary, org_types, nature, function, scale, tech_domains, predecessor_names, departments, strategic_plans, evaluation_report, new_key_projects, remark, confidence, completeness, created_at, updated_at) VALUES ('ORG_S_ce23943a6f993707', '中聚变集团', 'Org-031', '[]'::json, '新加坡', '2008-11-18', NULL, 18, 'www.org-031.example.com', '中聚变集团是聚焦量子计算、无人机、新能源等领域的政府机构，致力于前沿技术研发与成果转化。', '["民营企业"]'::json, '政府机构', '基础研究', 200, '["量子计算", "无人机", "新能源"]'::json, '[]'::json, '中聚变集团下设基础研究部、应用工程部、国际合作部', '["2021-2025五年发展规划", "2026-2030五年发展规划"]'::json, '中聚变集团在量子计算领域处于国内领先水平。', '["可重复使用火箭", "深海潜水器", "mRNA疫苗"]'::json, '', 0.897, 0.765, '2026-06-15T12:00:00+00:00', '2026-06-15T12:00:00+00:00');
INSERT INTO org_history (org_id, change_date, change_description, created_at, updated_at) VALUES ('ORG_S_ce23943a6f993707', '2011-10-17', '成立无人机研究中心', '2026-06-15T12:00:00+00:00', '2026-06-15T12:00:00+00:00');
INSERT INTO org_history (org_id, change_date, change_description, created_at, updated_at) VALUES ('ORG_S_ce23943a6f993707', '2010-12-22', '完成股份制改革', '2026-06-15T12:00:00+00:00', '2026-06-15T12:00:00+00:00');
INSERT INTO org_history (org_id, change_date, change_description, created_at, updated_at) VALUES ('ORG_S_ce23943a6f993707', '2016-12-01', '获批国家重点实验室', '2026-06-15T12:00:00+00:00', '2026-06-15T12:00:00+00:00');
INSERT INTO org_award (org_id, description, name, reason, award_date, level, award_type, created_at, updated_at) VALUES ('ORG_S_ce23943a6f993707', '', '行业金奖', '在无人机取得突破', '2023-04-15', '省部级', '工程', '2026-06-15T12:00:00+00:00', '2026-06-15T12:00:00+00:00');
INSERT INTO org_output (org_id, name, form, author, publish_date, attachment, created_at, updated_at) VALUES ('ORG_S_ce23943a6f993707', '无人机关键技术', '论文', '中聚变集团', '2021-03-02', '', '2026-06-15T12:00:00+00:00', '2026-06-15T12:00:00+00:00');
INSERT INTO org_output (org_id, name, form, author, publish_date, attachment, created_at, updated_at) VALUES ('ORG_S_ce23943a6f993707', '新能源关键技术', '标准', '中聚变集团', '2022-02-24', '', '2026-06-15T12:00:00+00:00', '2026-06-15T12:00:00+00:00');
INSERT INTO org_team (org_id, top_talents, award_winners, team_size, talent_type, created_at, updated_at) VALUES ('ORG_S_ce23943a6f993707', '["许涛强院士"]'::json, '["彭宇航", "马海燕建华", "朱海燕俊杰"]'::json, 500, '战略科学家团队', '2026-06-15T12:00:00+00:00', '2026-06-15T12:00:00+00:00');
INSERT INTO org_facility (org_id, name, purpose, experiment_status, launch_date, construction_cost_wan_usd, created_at, updated_at) VALUES ('ORG_S_ce23943a6f993707', '量子计算实验平台', '开展量子计算关键实验', '在建', '2023-06-24', 2000, '2026-06-15T12:00:00+00:00', '2026-06-15T12:00:00+00:00');
INSERT INTO entity_change_log (entity_id, entity_type, field, old_value, new_value, method, operator, source_doc_id, reason, changed_at) VALUES ('ORG_S_ce23943a6f993707', 'org', '*', NULL, '{"action": "create"}'::json, 'rule', NULL, 'mock_seed', NULL, '2026-06-15T12:00:00+00:00');
INSERT INTO org_profile (org_id, name_cn, name_en, name_other, country, founded_date, dissolved_date, operating_years, website, summary, org_types, nature, function, scale, tech_domains, predecessor_names, departments, strategic_plans, evaluation_report, new_key_projects, remark, confidence, completeness, created_at, updated_at) VALUES ('ORG_S_d0765fb6581e9356', '国生医集团', 'Org-032', '[]'::json, '日本', '1970-04-11', NULL, 56, 'www.org-032.example.com', '国生医集团是聚焦集成电路、网络安全、自动驾驶等领域的事业单位，致力于前沿技术研发与成果转化。', '["外资企业", "中外合资"]'::json, '事业单位', '应用研究', 500, '["集成电路", "网络安全", "自动驾驶", "量子计算", "航空航天"]'::json, '[]'::json, '国生医集团下设基础研究部、应用工程部、国际合作部', '["2021-2025五年发展规划", "2026-2030五年发展规划"]'::json, '国生医集团在网络安全领域处于国内领先水平。', '["可重复使用火箭", "mRNA疫苗"]'::json, '', 0.805, 0.891, '2026-06-15T12:00:00+00:00', '2026-06-15T12:00:00+00:00');
INSERT INTO org_history (org_id, change_date, change_description, created_at, updated_at) VALUES ('ORG_S_d0765fb6581e9356', '2022-10-14', '成立集成电路研究中心', '2026-06-15T12:00:00+00:00', '2026-06-15T12:00:00+00:00');
INSERT INTO org_history (org_id, change_date, change_description, created_at, updated_at) VALUES ('ORG_S_d0765fb6581e9356', '2013-05-23', '完成股份制改革', '2026-06-15T12:00:00+00:00', '2026-06-15T12:00:00+00:00');
INSERT INTO org_history (org_id, change_date, change_description, created_at, updated_at) VALUES ('ORG_S_d0765fb6581e9356', '2024-12-17', '获批国家重点实验室', '2026-06-15T12:00:00+00:00', '2026-06-15T12:00:00+00:00');
INSERT INTO org_award (org_id, description, name, reason, award_date, level, award_type, created_at, updated_at) VALUES ('ORG_S_d0765fb6581e9356', '', '国家科技进步奖', '在量子计算取得突破', '2018-04-12', '省部级', '科技', '2026-06-15T12:00:00+00:00', '2026-06-15T12:00:00+00:00');
INSERT INTO org_award (org_id, description, name, reason, award_date, level, award_type, created_at, updated_at) VALUES ('ORG_S_d0765fb6581e9356', '', '行业金奖', '在自动驾驶取得突破', '2019-05-04', '国家级', '工程', '2026-06-15T12:00:00+00:00', '2026-06-15T12:00:00+00:00');
INSERT INTO org_output (org_id, name, form, author, publish_date, attachment, created_at, updated_at) VALUES ('ORG_S_d0765fb6581e9356', '集成电路标准', '论文', '国生医集团', '2018-05-10', '', '2026-06-15T12:00:00+00:00', '2026-06-15T12:00:00+00:00');
INSERT INTO org_output (org_id, name, form, author, publish_date, attachment, created_at, updated_at) VALUES ('ORG_S_d0765fb6581e9356', '量子计算标准', '专利', '国生医集团', '2022-08-06', '', '2026-06-15T12:00:00+00:00', '2026-06-15T12:00:00+00:00');
INSERT INTO org_output (org_id, name, form, author, publish_date, attachment, created_at, updated_at) VALUES ('ORG_S_d0765fb6581e9356', '网络安全标准', '标准', '国生医集团', '2024-10-20', '', '2026-06-15T12:00:00+00:00', '2026-06-15T12:00:00+00:00');
INSERT INTO org_team (org_id, top_talents, award_winners, team_size, talent_type, created_at, updated_at) VALUES ('ORG_S_d0765fb6581e9356', '["赵强宁院士", "谢杰磊院士"]'::json, '["孙娟", "吴伟超"]'::json, 500, '工程团队', '2026-06-15T12:00:00+00:00', '2026-06-15T12:00:00+00:00');
INSERT INTO org_facility (org_id, name, purpose, experiment_status, launch_date, construction_cost_wan_usd, created_at, updated_at) VALUES ('ORG_S_d0765fb6581e9356', '航空航天实验平台', '开展集成电路关键实验', '在建', '2021-02-15', 500, '2026-06-15T12:00:00+00:00', '2026-06-15T12:00:00+00:00');
INSERT INTO entity_change_log (entity_id, entity_type, field, old_value, new_value, method, operator, source_doc_id, reason, changed_at) VALUES ('ORG_S_d0765fb6581e9356', 'org', '*', NULL, '{"action": "create"}'::json, 'rule', NULL, 'mock_seed', NULL, '2026-06-15T12:00:00+00:00');
INSERT INTO org_profile (org_id, name_cn, name_en, name_other, country, founded_date, dissolved_date, operating_years, website, summary, org_types, nature, function, scale, tech_domains, predecessor_names, departments, strategic_plans, evaluation_report, new_key_projects, remark, confidence, completeness, created_at, updated_at) VALUES ('ORG_S_85e4cfd9bd8004d7', '新聚变工程技术中心', 'Org-033', '[]'::json, '韩国', '1998-10-17', NULL, 28, 'www.org-033.example.com', '新聚变工程技术中心是聚焦自动驾驶、氢能等领域的企业，致力于前沿技术研发与成果转化。', '["中外合资", "民营企业", "重点实验室"]'::json, '企业', '应用研究', 15000, '["自动驾驶", "氢能"]'::json, '[]'::json, '新聚变工程技术中心下设基础研究部、应用工程部、国际合作部', '["2021-2025五年发展规划", "2026-2030五年发展规划"]'::json, '新聚变工程技术中心在自动驾驶领域处于国内领先水平。', '["mRNA疫苗", "毫米波雷达"]'::json, '', 0.896, 0.564, '2026-06-15T12:00:00+00:00', '2026-06-15T12:00:00+00:00');
INSERT INTO org_history (org_id, change_date, change_description, created_at, updated_at) VALUES ('ORG_S_85e4cfd9bd8004d7', '2017-01-05', '成立自动驾驶研究中心', '2026-06-15T12:00:00+00:00', '2026-06-15T12:00:00+00:00');
INSERT INTO org_history (org_id, change_date, change_description, created_at, updated_at) VALUES ('ORG_S_85e4cfd9bd8004d7', '2023-10-27', '完成股份制改革', '2026-06-15T12:00:00+00:00', '2026-06-15T12:00:00+00:00');
INSERT INTO org_history (org_id, change_date, change_description, created_at, updated_at) VALUES ('ORG_S_85e4cfd9bd8004d7', '2019-08-28', '获批国家重点实验室', '2026-06-15T12:00:00+00:00', '2026-06-15T12:00:00+00:00');
INSERT INTO org_award (org_id, description, name, reason, award_date, level, award_type, created_at, updated_at) VALUES ('ORG_S_85e4cfd9bd8004d7', '', '国家科技进步奖', '在自动驾驶取得突破', '2016-01-09', '行业级', '科技', '2026-06-15T12:00:00+00:00', '2026-06-15T12:00:00+00:00');
INSERT INTO org_award (org_id, description, name, reason, award_date, level, award_type, created_at, updated_at) VALUES ('ORG_S_85e4cfd9bd8004d7', '', '省部级一等奖', '在氢能取得突破', '2020-04-16', '国家级', '科技', '2026-06-15T12:00:00+00:00', '2026-06-15T12:00:00+00:00');
INSERT INTO org_output (org_id, name, form, author, publish_date, attachment, created_at, updated_at) VALUES ('ORG_S_85e4cfd9bd8004d7', '自动驾驶标准', '标准', '新聚变工程技术中心', '2021-12-21', '', '2026-06-15T12:00:00+00:00', '2026-06-15T12:00:00+00:00');
INSERT INTO org_output (org_id, name, form, author, publish_date, attachment, created_at, updated_at) VALUES ('ORG_S_85e4cfd9bd8004d7', '自动驾驶系统', '标准', '新聚变工程技术中心', '2018-11-28', '', '2026-06-15T12:00:00+00:00', '2026-06-15T12:00:00+00:00');
INSERT INTO org_output (org_id, name, form, author, publish_date, attachment, created_at, updated_at) VALUES ('ORG_S_85e4cfd9bd8004d7', '自动驾驶标准', '论文', '新聚变工程技术中心', '2022-07-04', '', '2026-06-15T12:00:00+00:00', '2026-06-15T12:00:00+00:00');
INSERT INTO org_output (org_id, name, form, author, publish_date, attachment, created_at, updated_at) VALUES ('ORG_S_85e4cfd9bd8004d7', '自动驾驶关键技术', '论文', '新聚变工程技术中心', '2022-10-04', '', '2026-06-15T12:00:00+00:00', '2026-06-15T12:00:00+00:00');
INSERT INTO org_team (org_id, top_talents, award_winners, team_size, talent_type, created_at, updated_at) VALUES ('ORG_S_85e4cfd9bd8004d7', '["冯志强院士"]'::json, '["徐平", "刘平志强", "韩伟建华"]'::json, 1000, '研发团队', '2026-06-15T12:00:00+00:00', '2026-06-15T12:00:00+00:00');
INSERT INTO org_facility (org_id, name, purpose, experiment_status, launch_date, construction_cost_wan_usd, created_at, updated_at) VALUES ('ORG_S_85e4cfd9bd8004d7', '氢能实验平台', '开展氢能关键实验', '运行中', '2023-11-15', 15000, '2026-06-15T12:00:00+00:00', '2026-06-15T12:00:00+00:00');
INSERT INTO entity_change_log (entity_id, entity_type, field, old_value, new_value, method, operator, source_doc_id, reason, changed_at) VALUES ('ORG_S_85e4cfd9bd8004d7', 'org', '*', NULL, '{"action": "create"}'::json, 'rule', NULL, 'mock_seed', NULL, '2026-06-15T12:00:00+00:00');
INSERT INTO org_profile (org_id, name_cn, name_en, name_other, country, founded_date, dissolved_date, operating_years, website, summary, org_types, nature, function, scale, tech_domains, predecessor_names, departments, strategic_plans, evaluation_report, new_key_projects, remark, confidence, completeness, created_at, updated_at) VALUES ('ORG_S_aae0346d09c17807', '新光电集团', 'Org-034', '[]'::json, '俄罗斯', '1961-04-19', NULL, 65, 'www.org-034.example.com', '新光电集团是聚焦脑机接口、氢能等领域的企业，致力于前沿技术研发与成果转化。', '["外资企业", "上市公司"]'::json, '企业', '基础研究', 8000, '["脑机接口", "氢能"]'::json, '[]'::json, '新光电集团下设基础研究部、应用工程部、国际合作部', '["2021-2025五年发展规划", "2026-2030五年发展规划"]'::json, '新光电集团在脑机接口领域处于国内领先水平。', '["可重复使用火箭", "碳化硅功率器件"]'::json, '', 0.862, 0.624, '2026-06-15T12:00:00+00:00', '2026-06-15T12:00:00+00:00');
INSERT INTO org_history (org_id, change_date, change_description, created_at, updated_at) VALUES ('ORG_S_aae0346d09c17807', '2018-11-07', '成立脑机接口研究中心', '2026-06-15T12:00:00+00:00', '2026-06-15T12:00:00+00:00');
INSERT INTO org_history (org_id, change_date, change_description, created_at, updated_at) VALUES ('ORG_S_aae0346d09c17807', '2022-03-21', '完成股份制改革', '2026-06-15T12:00:00+00:00', '2026-06-15T12:00:00+00:00');
INSERT INTO org_history (org_id, change_date, change_description, created_at, updated_at) VALUES ('ORG_S_aae0346d09c17807', '2011-02-14', '获批国家重点实验室', '2026-06-15T12:00:00+00:00', '2026-06-15T12:00:00+00:00');
INSERT INTO org_award (org_id, description, name, reason, award_date, level, award_type, created_at, updated_at) VALUES ('ORG_S_aae0346d09c17807', '', '行业金奖', '在脑机接口取得突破', '2018-04-03', '行业级', '科技', '2026-06-15T12:00:00+00:00', '2026-06-15T12:00:00+00:00');
INSERT INTO org_output (org_id, name, form, author, publish_date, attachment, created_at, updated_at) VALUES ('ORG_S_aae0346d09c17807', '脑机接口关键技术', '标准', '新光电集团', '2021-08-17', '', '2026-06-15T12:00:00+00:00', '2026-06-15T12:00:00+00:00');
INSERT INTO org_output (org_id, name, form, author, publish_date, attachment, created_at, updated_at) VALUES ('ORG_S_aae0346d09c17807', '氢能标准', '论文', '新光电集团', '2018-08-02', '', '2026-06-15T12:00:00+00:00', '2026-06-15T12:00:00+00:00');
INSERT INTO org_output (org_id, name, form, author, publish_date, attachment, created_at, updated_at) VALUES ('ORG_S_aae0346d09c17807', '脑机接口标准', '软件著作权', '新光电集团', '2019-06-14', '', '2026-06-15T12:00:00+00:00', '2026-06-15T12:00:00+00:00');
INSERT INTO org_team (org_id, top_talents, award_winners, team_size, talent_type, created_at, updated_at) VALUES ('ORG_S_aae0346d09c17807', '["刘艳院士", "孙伟志强院士"]'::json, '["郑伟瑞", "许宇航平"]'::json, 200, '工程团队', '2026-06-15T12:00:00+00:00', '2026-06-15T12:00:00+00:00');
INSERT INTO org_facility (org_id, name, purpose, experiment_status, launch_date, construction_cost_wan_usd, created_at, updated_at) VALUES ('ORG_S_aae0346d09c17807', '氢能实验平台', '开展脑机接口关键实验', '运行中', '2022-10-04', 15000, '2026-06-15T12:00:00+00:00', '2026-06-15T12:00:00+00:00');
INSERT INTO entity_change_log (entity_id, entity_type, field, old_value, new_value, method, operator, source_doc_id, reason, changed_at) VALUES ('ORG_S_aae0346d09c17807', 'org', '*', NULL, '{"action": "create"}'::json, 'rule', NULL, 'mock_seed', NULL, '2026-06-15T12:00:00+00:00');
INSERT INTO org_profile (org_id, name_cn, name_en, name_other, country, founded_date, dissolved_date, operating_years, website, summary, org_types, nature, function, scale, tech_domains, predecessor_names, departments, strategic_plans, evaluation_report, new_key_projects, remark, confidence, completeness, created_at, updated_at) VALUES ('ORG_S_7b8cf10d46ea093e', '国生医研究所', 'Org-035', '[]'::json, '中国', '1974-12-05', NULL, 52, 'www.org-035.example.com', '国生医研究所是聚焦集成电路、航空航天、碳捕集等领域的高校，致力于前沿技术研发与成果转化。', '["中外合资", "外资企业", "双一流高校"]'::json, '高校', '成果转化', 200, '["集成电路", "航空航天", "碳捕集", "半导体", "先进算力"]'::json, '[]'::json, '国生医研究所下设基础研究部、应用工程部、国际合作部', '["2021-2025五年发展规划", "2026-2030五年发展规划"]'::json, '国生医研究所在半导体领域处于国内领先水平。', '["光量子计算"]'::json, '', 0.924, 0.669, '2026-06-15T12:00:00+00:00', '2026-06-15T12:00:00+00:00');
INSERT INTO org_history (org_id, change_date, change_description, created_at, updated_at) VALUES ('ORG_S_7b8cf10d46ea093e', '2019-04-05', '成立集成电路研究中心', '2026-06-15T12:00:00+00:00', '2026-06-15T12:00:00+00:00');
INSERT INTO org_history (org_id, change_date, change_description, created_at, updated_at) VALUES ('ORG_S_7b8cf10d46ea093e', '2024-06-08', '完成股份制改革', '2026-06-15T12:00:00+00:00', '2026-06-15T12:00:00+00:00');
INSERT INTO org_history (org_id, change_date, change_description, created_at, updated_at) VALUES ('ORG_S_7b8cf10d46ea093e', '2020-10-14', '获批国家重点实验室', '2026-06-15T12:00:00+00:00', '2026-06-15T12:00:00+00:00');
INSERT INTO org_award (org_id, description, name, reason, award_date, level, award_type, created_at, updated_at) VALUES ('ORG_S_7b8cf10d46ea093e', '', '省部级一等奖', '在集成电路取得突破', '2015-03-27', '行业级', '工程', '2026-06-15T12:00:00+00:00', '2026-06-15T12:00:00+00:00');
INSERT INTO org_output (org_id, name, form, author, publish_date, attachment, created_at, updated_at) VALUES ('ORG_S_7b8cf10d46ea093e', '半导体系统', '论文', '国生医研究所', '2023-03-21', '', '2026-06-15T12:00:00+00:00', '2026-06-15T12:00:00+00:00');
INSERT INTO org_output (org_id, name, form, author, publish_date, attachment, created_at, updated_at) VALUES ('ORG_S_7b8cf10d46ea093e', '碳捕集关键技术', '论文', '国生医研究所', '2024-09-12', '', '2026-06-15T12:00:00+00:00', '2026-06-15T12:00:00+00:00');
INSERT INTO org_output (org_id, name, form, author, publish_date, attachment, created_at, updated_at) VALUES ('ORG_S_7b8cf10d46ea093e', '碳捕集关键技术', '专利', '国生医研究所', '2018-07-20', '', '2026-06-15T12:00:00+00:00', '2026-06-15T12:00:00+00:00');
INSERT INTO org_output (org_id, name, form, author, publish_date, attachment, created_at, updated_at) VALUES ('ORG_S_7b8cf10d46ea093e', '半导体系统', '软件著作权', '国生医研究所', '2022-05-22', '', '2026-06-15T12:00:00+00:00', '2026-06-15T12:00:00+00:00');
INSERT INTO org_team (org_id, top_talents, award_winners, team_size, talent_type, created_at, updated_at) VALUES ('ORG_S_7b8cf10d46ea093e', '["许桂英海燕院士"]'::json, '["邓勇宁", "宋明宇航"]'::json, 1000, '研发团队', '2026-06-15T12:00:00+00:00', '2026-06-15T12:00:00+00:00');
INSERT INTO org_facility (org_id, name, purpose, experiment_status, launch_date, construction_cost_wan_usd, created_at, updated_at) VALUES ('ORG_S_7b8cf10d46ea093e', '半导体实验平台', '开展先进算力关键实验', '在建', '2020-03-21', 8000, '2026-06-15T12:00:00+00:00', '2026-06-15T12:00:00+00:00');
INSERT INTO org_facility (org_id, name, purpose, experiment_status, launch_date, construction_cost_wan_usd, created_at, updated_at) VALUES ('ORG_S_7b8cf10d46ea093e', '碳捕集实验平台', '开展先进算力关键实验', '调试', '2024-01-19', 8000, '2026-06-15T12:00:00+00:00', '2026-06-15T12:00:00+00:00');
INSERT INTO entity_change_log (entity_id, entity_type, field, old_value, new_value, method, operator, source_doc_id, reason, changed_at) VALUES ('ORG_S_7b8cf10d46ea093e', 'org', '*', NULL, '{"action": "create"}'::json, 'rule', NULL, 'mock_seed', NULL, '2026-06-15T12:00:00+00:00');
INSERT INTO org_profile (org_id, name_cn, name_en, name_other, country, founded_date, dissolved_date, operating_years, website, summary, org_types, nature, function, scale, tech_domains, predecessor_names, departments, strategic_plans, evaluation_report, new_key_projects, remark, confidence, completeness, created_at, updated_at) VALUES ('ORG_S_7e711eeb7adfa171', '航天储能研究院', 'Org-036', '[]'::json, '韩国', '1999-06-20', NULL, 27, 'www.org-036.example.com', '航天储能研究院是聚焦新材料、先进算力等领域的科研院所，致力于前沿技术研发与成果转化。', '["外资企业"]'::json, '科研院所', '应用研究', 15000, '["新材料", "先进算力"]'::json, '[]'::json, '航天储能研究院下设基础研究部、应用工程部、国际合作部', '["2021-2025五年发展规划", "2026-2030五年发展规划"]'::json, '航天储能研究院在新材料领域处于国内领先水平。', '["碳化硅功率器件", "氢燃料电池电堆", "可重复使用火箭"]'::json, '', 0.958, 0.556, '2026-06-15T12:00:00+00:00', '2026-06-15T12:00:00+00:00');
INSERT INTO org_history (org_id, change_date, change_description, created_at, updated_at) VALUES ('ORG_S_7e711eeb7adfa171', '2015-09-27', '成立先进算力研究中心', '2026-06-15T12:00:00+00:00', '2026-06-15T12:00:00+00:00');
INSERT INTO org_history (org_id, change_date, change_description, created_at, updated_at) VALUES ('ORG_S_7e711eeb7adfa171', '2024-03-13', '完成股份制改革', '2026-06-15T12:00:00+00:00', '2026-06-15T12:00:00+00:00');
INSERT INTO org_history (org_id, change_date, change_description, created_at, updated_at) VALUES ('ORG_S_7e711eeb7adfa171', '2019-12-26', '获批国家重点实验室', '2026-06-15T12:00:00+00:00', '2026-06-15T12:00:00+00:00');
INSERT INTO org_award (org_id, description, name, reason, award_date, level, award_type, created_at, updated_at) VALUES ('ORG_S_7e711eeb7adfa171', '', '省部级一等奖', '在新材料取得突破', '2019-03-20', '行业级', '科技', '2026-06-15T12:00:00+00:00', '2026-06-15T12:00:00+00:00');
INSERT INTO org_output (org_id, name, form, author, publish_date, attachment, created_at, updated_at) VALUES ('ORG_S_7e711eeb7adfa171', '新材料系统', '论文', '航天储能研究院', '2024-11-04', '', '2026-06-15T12:00:00+00:00', '2026-06-15T12:00:00+00:00');
INSERT INTO org_output (org_id, name, form, author, publish_date, attachment, created_at, updated_at) VALUES ('ORG_S_7e711eeb7adfa171', '先进算力标准', '专利', '航天储能研究院', '2020-03-20', '', '2026-06-15T12:00:00+00:00', '2026-06-15T12:00:00+00:00');
INSERT INTO org_team (org_id, top_talents, award_winners, team_size, talent_type, created_at, updated_at) VALUES ('ORG_S_7e711eeb7adfa171', '["马雪松俊杰院士"]'::json, '["何刚", "何志强宇航"]'::json, 1000, '研发团队', '2026-06-15T12:00:00+00:00', '2026-06-15T12:00:00+00:00');
INSERT INTO org_facility (org_id, name, purpose, experiment_status, launch_date, construction_cost_wan_usd, created_at, updated_at) VALUES ('ORG_S_7e711eeb7adfa171', '新材料实验平台', '开展先进算力关键实验', '在建', '2024-08-21', 15000, '2026-06-15T12:00:00+00:00', '2026-06-15T12:00:00+00:00');
INSERT INTO entity_change_log (entity_id, entity_type, field, old_value, new_value, method, operator, source_doc_id, reason, changed_at) VALUES ('ORG_S_7e711eeb7adfa171', 'org', '*', NULL, '{"action": "create"}'::json, 'rule', NULL, 'mock_seed', NULL, '2026-06-15T12:00:00+00:00');
INSERT INTO org_profile (org_id, name_cn, name_en, name_other, country, founded_date, dissolved_date, operating_years, website, summary, org_types, nature, function, scale, tech_domains, predecessor_names, departments, strategic_plans, evaluation_report, new_key_projects, remark, confidence, completeness, created_at, updated_at) VALUES ('ORG_S_59207c949b29c08b', '航天氢动集团', 'Org-037', '[]'::json, '以色列', '1951-04-08', NULL, 75, 'www.org-037.example.com', '航天氢动集团是聚焦机器人、新能源等领域的高校，致力于前沿技术研发与成果转化。', '["双一流高校"]'::json, '高校', '成果转化', 15000, '["机器人", "新能源"]'::json, '[]'::json, '航天氢动集团下设基础研究部、应用工程部、国际合作部', '["2021-2025五年发展规划", "2026-2030五年发展规划"]'::json, '航天氢动集团在机器人领域处于国内领先水平。', '["钙钛矿太阳能电池", "卫星星座组网", "可重复使用火箭"]'::json, '', 0.796, 0.81, '2026-06-15T12:00:00+00:00', '2026-06-15T12:00:00+00:00');
INSERT INTO org_history (org_id, change_date, change_description, created_at, updated_at) VALUES ('ORG_S_59207c949b29c08b', '2012-12-18', '成立机器人研究中心', '2026-06-15T12:00:00+00:00', '2026-06-15T12:00:00+00:00');
INSERT INTO org_history (org_id, change_date, change_description, created_at, updated_at) VALUES ('ORG_S_59207c949b29c08b', '2010-01-02', '完成股份制改革', '2026-06-15T12:00:00+00:00', '2026-06-15T12:00:00+00:00');
INSERT INTO org_history (org_id, change_date, change_description, created_at, updated_at) VALUES ('ORG_S_59207c949b29c08b', '2014-06-22', '获批国家重点实验室', '2026-06-15T12:00:00+00:00', '2026-06-15T12:00:00+00:00');
INSERT INTO org_award (org_id, description, name, reason, award_date, level, award_type, created_at, updated_at) VALUES ('ORG_S_59207c949b29c08b', '', '国家科技进步奖', '在机器人取得突破', '2023-06-28', '国家级', '工程', '2026-06-15T12:00:00+00:00', '2026-06-15T12:00:00+00:00');
INSERT INTO org_output (org_id, name, form, author, publish_date, attachment, created_at, updated_at) VALUES ('ORG_S_59207c949b29c08b', '新能源系统', '论文', '航天氢动集团', '2018-09-08', '', '2026-06-15T12:00:00+00:00', '2026-06-15T12:00:00+00:00');
INSERT INTO org_output (org_id, name, form, author, publish_date, attachment, created_at, updated_at) VALUES ('ORG_S_59207c949b29c08b', '机器人标准', '标准', '航天氢动集团', '2024-08-05', '', '2026-06-15T12:00:00+00:00', '2026-06-15T12:00:00+00:00');
INSERT INTO org_output (org_id, name, form, author, publish_date, attachment, created_at, updated_at) VALUES ('ORG_S_59207c949b29c08b', '新能源关键技术', '论文', '航天氢动集团', '2022-05-23', '', '2026-06-15T12:00:00+00:00', '2026-06-15T12:00:00+00:00');
INSERT INTO org_team (org_id, top_talents, award_winners, team_size, talent_type, created_at, updated_at) VALUES ('ORG_S_59207c949b29c08b', '["韩海燕洋院士"]'::json, '["曹涛磊", "王桂英", "何海燕伟"]'::json, 500, '工程团队', '2026-06-15T12:00:00+00:00', '2026-06-15T12:00:00+00:00');
INSERT INTO org_facility (org_id, name, purpose, experiment_status, launch_date, construction_cost_wan_usd, created_at, updated_at) VALUES ('ORG_S_59207c949b29c08b', '新能源实验平台', '开展机器人关键实验', '调试', '2020-12-14', 2000, '2026-06-15T12:00:00+00:00', '2026-06-15T12:00:00+00:00');
INSERT INTO entity_change_log (entity_id, entity_type, field, old_value, new_value, method, operator, source_doc_id, reason, changed_at) VALUES ('ORG_S_59207c949b29c08b', 'org', '*', NULL, '{"action": "create"}'::json, 'rule', NULL, 'mock_seed', NULL, '2026-06-15T12:00:00+00:00');
INSERT INTO org_profile (org_id, name_cn, name_en, name_other, country, founded_date, dissolved_date, operating_years, website, summary, org_types, nature, function, scale, tech_domains, predecessor_names, departments, strategic_plans, evaluation_report, new_key_projects, remark, confidence, completeness, created_at, updated_at) VALUES ('ORG_S_69047fd1e76ad62b', '新新材科技', 'Org-038', '[]'::json, '日本', '1970-12-09', NULL, 56, 'www.org-038.example.com', '新新材科技是聚焦生物医药、网络安全、5G通信等领域的企业，致力于前沿技术研发与成果转化。', '["上市公司"]'::json, '企业', '人才培养', 3000, '["生物医药", "网络安全", "5G通信", "人工智能", "大模型"]'::json, '[]'::json, '新新材科技下设基础研究部、应用工程部、国际合作部', '["2021-2025五年发展规划", "2026-2030五年发展规划"]'::json, '新新材科技在生物医药领域处于国内领先水平。', '["mRNA疫苗", "仿生机械臂"]'::json, '', 0.941, 0.911, '2026-06-15T12:00:00+00:00', '2026-06-15T12:00:00+00:00');
INSERT INTO org_history (org_id, change_date, change_description, created_at, updated_at) VALUES ('ORG_S_69047fd1e76ad62b', '2010-03-21', '成立人工智能研究中心', '2026-06-15T12:00:00+00:00', '2026-06-15T12:00:00+00:00');
INSERT INTO org_history (org_id, change_date, change_description, created_at, updated_at) VALUES ('ORG_S_69047fd1e76ad62b', '2020-06-03', '完成股份制改革', '2026-06-15T12:00:00+00:00', '2026-06-15T12:00:00+00:00');
INSERT INTO org_history (org_id, change_date, change_description, created_at, updated_at) VALUES ('ORG_S_69047fd1e76ad62b', '2021-06-18', '获批国家重点实验室', '2026-06-15T12:00:00+00:00', '2026-06-15T12:00:00+00:00');
INSERT INTO org_award (org_id, description, name, reason, award_date, level, award_type, created_at, updated_at) VALUES ('ORG_S_69047fd1e76ad62b', '', '省部级一等奖', '在人工智能取得突破', '2019-03-11', '国家级', '工程', '2026-06-15T12:00:00+00:00', '2026-06-15T12:00:00+00:00');
INSERT INTO org_output (org_id, name, form, author, publish_date, attachment, created_at, updated_at) VALUES ('ORG_S_69047fd1e76ad62b', '生物医药关键技术', '专利', '新新材科技', '2022-07-02', '', '2026-06-15T12:00:00+00:00', '2026-06-15T12:00:00+00:00');
INSERT INTO org_output (org_id, name, form, author, publish_date, attachment, created_at, updated_at) VALUES ('ORG_S_69047fd1e76ad62b', '网络安全标准', '标准', '新新材科技', '2019-12-22', '', '2026-06-15T12:00:00+00:00', '2026-06-15T12:00:00+00:00');
INSERT INTO org_output (org_id, name, form, author, publish_date, attachment, created_at, updated_at) VALUES ('ORG_S_69047fd1e76ad62b', '5G通信标准', '标准', '新新材科技', '2021-01-20', '', '2026-06-15T12:00:00+00:00', '2026-06-15T12:00:00+00:00');
INSERT INTO org_team (org_id, top_talents, award_winners, team_size, talent_type, created_at, updated_at) VALUES ('ORG_S_69047fd1e76ad62b', '["朱宁院士", "孙洋勇院士"]'::json, '["曹强", "谢瑞涛", "高平霞"]'::json, 500, '研发团队', '2026-06-15T12:00:00+00:00', '2026-06-15T12:00:00+00:00');
INSERT INTO org_facility (org_id, name, purpose, experiment_status, launch_date, construction_cost_wan_usd, created_at, updated_at) VALUES ('ORG_S_69047fd1e76ad62b', '大模型实验平台', '开展网络安全关键实验', '运行中', '2018-08-25', 500, '2026-06-15T12:00:00+00:00', '2026-06-15T12:00:00+00:00');
INSERT INTO org_facility (org_id, name, purpose, experiment_status, launch_date, construction_cost_wan_usd, created_at, updated_at) VALUES ('ORG_S_69047fd1e76ad62b', '生物医药实验平台', '开展人工智能关键实验', '运行中', '2021-09-28', 2000, '2026-06-15T12:00:00+00:00', '2026-06-15T12:00:00+00:00');
INSERT INTO entity_change_log (entity_id, entity_type, field, old_value, new_value, method, operator, source_doc_id, reason, changed_at) VALUES ('ORG_S_69047fd1e76ad62b', 'org', '*', NULL, '{"action": "create"}'::json, 'rule', NULL, 'mock_seed', NULL, '2026-06-15T12:00:00+00:00');
INSERT INTO org_profile (org_id, name_cn, name_en, name_other, country, founded_date, dissolved_date, operating_years, website, summary, org_types, nature, function, scale, tech_domains, predecessor_names, departments, strategic_plans, evaluation_report, new_key_projects, remark, confidence, completeness, created_at, updated_at) VALUES ('ORG_S_8971030d699250bf', '国新材科技', 'Org-039', '[]'::json, '美国', '1983-01-02', NULL, 43, 'www.org-039.example.com', '国新材科技是聚焦人工智能、卫星互联网等领域的政府机构，致力于前沿技术研发与成果转化。', '["上市公司", "外资企业"]'::json, '政府机构', '成果转化', 15000, '["人工智能", "卫星互联网"]'::json, '[]'::json, '国新材科技下设基础研究部、应用工程部、国际合作部', '["2021-2025五年发展规划", "2026-2030五年发展规划"]'::json, '国新材科技在卫星互联网领域处于国内领先水平。', '["类脑计算架构", "基因剪刀", "神经形态芯片"]'::json, '', 0.934, 0.68, '2026-06-15T12:00:00+00:00', '2026-06-15T12:00:00+00:00');
INSERT INTO org_history (org_id, change_date, change_description, created_at, updated_at) VALUES ('ORG_S_8971030d699250bf', '2012-07-12', '成立人工智能研究中心', '2026-06-15T12:00:00+00:00', '2026-06-15T12:00:00+00:00');
INSERT INTO org_history (org_id, change_date, change_description, created_at, updated_at) VALUES ('ORG_S_8971030d699250bf', '2023-12-19', '完成股份制改革', '2026-06-15T12:00:00+00:00', '2026-06-15T12:00:00+00:00');
INSERT INTO org_history (org_id, change_date, change_description, created_at, updated_at) VALUES ('ORG_S_8971030d699250bf', '2010-08-02', '获批国家重点实验室', '2026-06-15T12:00:00+00:00', '2026-06-15T12:00:00+00:00');
INSERT INTO org_award (org_id, description, name, reason, award_date, level, award_type, created_at, updated_at) VALUES ('ORG_S_8971030d699250bf', '', '省部级一等奖', '在卫星互联网取得突破', '2022-06-05', '国家级', '工程', '2026-06-15T12:00:00+00:00', '2026-06-15T12:00:00+00:00');
INSERT INTO org_output (org_id, name, form, author, publish_date, attachment, created_at, updated_at) VALUES ('ORG_S_8971030d699250bf', '人工智能关键技术', '软件著作权', '国新材科技', '2023-10-05', '', '2026-06-15T12:00:00+00:00', '2026-06-15T12:00:00+00:00');
INSERT INTO org_output (org_id, name, form, author, publish_date, attachment, created_at, updated_at) VALUES ('ORG_S_8971030d699250bf', '人工智能关键技术', '论文', '国新材科技', '2023-10-04', '', '2026-06-15T12:00:00+00:00', '2026-06-15T12:00:00+00:00');
INSERT INTO org_output (org_id, name, form, author, publish_date, attachment, created_at, updated_at) VALUES ('ORG_S_8971030d699250bf', '人工智能系统', '软件著作权', '国新材科技', '2022-11-24', '', '2026-06-15T12:00:00+00:00', '2026-06-15T12:00:00+00:00');
INSERT INTO org_team (org_id, top_talents, award_winners, team_size, talent_type, created_at, updated_at) VALUES ('ORG_S_8971030d699250bf', '["杨宇航院士"]'::json, '["高俊杰宁", "黄涛霞"]'::json, 200, '工程团队', '2026-06-15T12:00:00+00:00', '2026-06-15T12:00:00+00:00');
INSERT INTO org_facility (org_id, name, purpose, experiment_status, launch_date, construction_cost_wan_usd, created_at, updated_at) VALUES ('ORG_S_8971030d699250bf', '卫星互联网实验平台', '开展卫星互联网关键实验', '调试', '2024-06-07', 500, '2026-06-15T12:00:00+00:00', '2026-06-15T12:00:00+00:00');
INSERT INTO org_facility (org_id, name, purpose, experiment_status, launch_date, construction_cost_wan_usd, created_at, updated_at) VALUES ('ORG_S_8971030d699250bf', '卫星互联网实验平台', '开展卫星互联网关键实验', '运行中', '2019-08-01', 8000, '2026-06-15T12:00:00+00:00', '2026-06-15T12:00:00+00:00');
INSERT INTO entity_change_log (entity_id, entity_type, field, old_value, new_value, method, operator, source_doc_id, reason, changed_at) VALUES ('ORG_S_8971030d699250bf', 'org', '*', NULL, '{"action": "create"}'::json, 'rule', NULL, 'mock_seed', NULL, '2026-06-15T12:00:00+00:00');
INSERT INTO org_profile (org_id, name_cn, name_en, name_other, country, founded_date, dissolved_date, operating_years, website, summary, org_types, nature, function, scale, tech_domains, predecessor_names, departments, strategic_plans, evaluation_report, new_key_projects, remark, confidence, completeness, created_at, updated_at) VALUES ('ORG_S_9f3d4386be7fde37', '中聚变研究所', 'Org-040', '[]'::json, '德国', '1970-11-24', NULL, 56, 'www.org-040.example.com', '中聚变研究所是聚焦航空航天、网络安全、机器人等领域的事业单位，致力于前沿技术研发与成果转化。', '["国有企业", "国家实验室", "民营企业"]'::json, '事业单位', '人才培养', 8000, '["航空航天", "网络安全", "机器人", "集成电路", "大模型"]'::json, '[]'::json, '中聚变研究所下设基础研究部、应用工程部、国际合作部', '["2021-2025五年发展规划", "2026-2030五年发展规划"]'::json, '中聚变研究所在大模型领域处于国内领先水平。', '["量子纠错码", "碳纳米管", "光量子计算"]'::json, '', 0.988, 0.773, '2026-06-15T12:00:00+00:00', '2026-06-15T12:00:00+00:00');
INSERT INTO org_history (org_id, change_date, change_description, created_at, updated_at) VALUES ('ORG_S_9f3d4386be7fde37', '2013-05-01', '成立机器人研究中心', '2026-06-15T12:00:00+00:00', '2026-06-15T12:00:00+00:00');
INSERT INTO org_history (org_id, change_date, change_description, created_at, updated_at) VALUES ('ORG_S_9f3d4386be7fde37', '2021-02-03', '完成股份制改革', '2026-06-15T12:00:00+00:00', '2026-06-15T12:00:00+00:00');
INSERT INTO org_history (org_id, change_date, change_description, created_at, updated_at) VALUES ('ORG_S_9f3d4386be7fde37', '2019-02-09', '获批国家重点实验室', '2026-06-15T12:00:00+00:00', '2026-06-15T12:00:00+00:00');
INSERT INTO org_award (org_id, description, name, reason, award_date, level, award_type, created_at, updated_at) VALUES ('ORG_S_9f3d4386be7fde37', '', '国家科技进步奖', '在机器人取得突破', '2015-05-08', '行业级', '科技', '2026-06-15T12:00:00+00:00', '2026-06-15T12:00:00+00:00');
INSERT INTO org_award (org_id, description, name, reason, award_date, level, award_type, created_at, updated_at) VALUES ('ORG_S_9f3d4386be7fde37', '', '省部级一等奖', '在航空航天取得突破', '2020-11-27', '国家级', '工程', '2026-06-15T12:00:00+00:00', '2026-06-15T12:00:00+00:00');
INSERT INTO org_award (org_id, description, name, reason, award_date, level, award_type, created_at, updated_at) VALUES ('ORG_S_9f3d4386be7fde37', '', '省部级一等奖', '在集成电路取得突破', '2015-10-16', '行业级', '科技', '2026-06-15T12:00:00+00:00', '2026-06-15T12:00:00+00:00');
INSERT INTO org_output (org_id, name, form, author, publish_date, attachment, created_at, updated_at) VALUES ('ORG_S_9f3d4386be7fde37', '航空航天标准', '专利', '中聚变研究所', '2023-02-25', '', '2026-06-15T12:00:00+00:00', '2026-06-15T12:00:00+00:00');
INSERT INTO org_output (org_id, name, form, author, publish_date, attachment, created_at, updated_at) VALUES ('ORG_S_9f3d4386be7fde37', '网络安全系统', '软件著作权', '中聚变研究所', '2019-07-09', '', '2026-06-15T12:00:00+00:00', '2026-06-15T12:00:00+00:00');
INSERT INTO org_output (org_id, name, form, author, publish_date, attachment, created_at, updated_at) VALUES ('ORG_S_9f3d4386be7fde37', '大模型系统', '标准', '中聚变研究所', '2023-09-16', '', '2026-06-15T12:00:00+00:00', '2026-06-15T12:00:00+00:00');
INSERT INTO org_output (org_id, name, form, author, publish_date, attachment, created_at, updated_at) VALUES ('ORG_S_9f3d4386be7fde37', '集成电路关键技术', '论文', '中聚变研究所', '2020-06-04', '', '2026-06-15T12:00:00+00:00', '2026-06-15T12:00:00+00:00');
INSERT INTO org_team (org_id, top_talents, award_winners, team_size, talent_type, created_at, updated_at) VALUES ('ORG_S_9f3d4386be7fde37', '["冯斌院士", "黄宇航勇院士"]'::json, '["彭艳"]'::json, 1000, '研发团队', '2026-06-15T12:00:00+00:00', '2026-06-15T12:00:00+00:00');
INSERT INTO org_facility (org_id, name, purpose, experiment_status, launch_date, construction_cost_wan_usd, created_at, updated_at) VALUES ('ORG_S_9f3d4386be7fde37', '机器人实验平台', '开展航空航天关键实验', '运行中', '2023-05-22', 500, '2026-06-15T12:00:00+00:00', '2026-06-15T12:00:00+00:00');
INSERT INTO org_facility (org_id, name, purpose, experiment_status, launch_date, construction_cost_wan_usd, created_at, updated_at) VALUES ('ORG_S_9f3d4386be7fde37', '大模型实验平台', '开展集成电路关键实验', '在建', '2023-12-22', 2000, '2026-06-15T12:00:00+00:00', '2026-06-15T12:00:00+00:00');
INSERT INTO entity_change_log (entity_id, entity_type, field, old_value, new_value, method, operator, source_doc_id, reason, changed_at) VALUES ('ORG_S_9f3d4386be7fde37', 'org', '*', NULL, '{"action": "create"}'::json, 'rule', NULL, 'mock_seed', NULL, '2026-06-15T12:00:00+00:00');
INSERT INTO org_profile (org_id, name_cn, name_en, name_other, country, founded_date, dissolved_date, operating_years, website, summary, org_types, nature, function, scale, tech_domains, predecessor_names, departments, strategic_plans, evaluation_report, new_key_projects, remark, confidence, completeness, created_at, updated_at) VALUES ('ORG_S_9d629c413e569bf1', '中科聚变集团', 'Org-041', '[]'::json, '以色列', '1996-12-23', NULL, 30, 'www.org-041.example.com', '中科聚变集团是聚焦机器人、无人机、基因编辑等领域的高校，致力于前沿技术研发与成果转化。', '["国家实验室", "上市公司"]'::json, '高校', '战略咨询', 15000, '["机器人", "无人机", "基因编辑"]'::json, '[]'::json, '中科聚变集团下设基础研究部、应用工程部、国际合作部', '["2021-2025五年发展规划", "2026-2030五年发展规划"]'::json, '中科聚变集团在基因编辑领域处于国内领先水平。', '["碳化硅功率器件", "金属3D打印", "毫米波雷达"]'::json, '', 0.727, 0.584, '2026-06-15T12:00:00+00:00', '2026-06-15T12:00:00+00:00');
INSERT INTO org_history (org_id, change_date, change_description, created_at, updated_at) VALUES ('ORG_S_9d629c413e569bf1', '2012-12-27', '成立无人机研究中心', '2026-06-15T12:00:00+00:00', '2026-06-15T12:00:00+00:00');
INSERT INTO org_history (org_id, change_date, change_description, created_at, updated_at) VALUES ('ORG_S_9d629c413e569bf1', '2012-11-10', '完成股份制改革', '2026-06-15T12:00:00+00:00', '2026-06-15T12:00:00+00:00');
INSERT INTO org_history (org_id, change_date, change_description, created_at, updated_at) VALUES ('ORG_S_9d629c413e569bf1', '2011-06-07', '获批国家重点实验室', '2026-06-15T12:00:00+00:00', '2026-06-15T12:00:00+00:00');
INSERT INTO org_award (org_id, description, name, reason, award_date, level, award_type, created_at, updated_at) VALUES ('ORG_S_9d629c413e569bf1', '', '国家科技进步奖', '在无人机取得突破', '2017-09-18', '国家级', '创新', '2026-06-15T12:00:00+00:00', '2026-06-15T12:00:00+00:00');
INSERT INTO org_output (org_id, name, form, author, publish_date, attachment, created_at, updated_at) VALUES ('ORG_S_9d629c413e569bf1', '机器人系统', '标准', '中科聚变集团', '2021-07-05', '', '2026-06-15T12:00:00+00:00', '2026-06-15T12:00:00+00:00');
INSERT INTO org_output (org_id, name, form, author, publish_date, attachment, created_at, updated_at) VALUES ('ORG_S_9d629c413e569bf1', '机器人关键技术', '标准', '中科聚变集团', '2021-05-17', '', '2026-06-15T12:00:00+00:00', '2026-06-15T12:00:00+00:00');
INSERT INTO org_output (org_id, name, form, author, publish_date, attachment, created_at, updated_at) VALUES ('ORG_S_9d629c413e569bf1', '基因编辑关键技术', '标准', '中科聚变集团', '2022-05-01', '', '2026-06-15T12:00:00+00:00', '2026-06-15T12:00:00+00:00');
INSERT INTO org_team (org_id, top_talents, award_winners, team_size, talent_type, created_at, updated_at) VALUES ('ORG_S_9d629c413e569bf1', '["何桂英院士", "高宇航院士"]'::json, '["胡婷", "韩建华婷"]'::json, 200, '战略科学家团队', '2026-06-15T12:00:00+00:00', '2026-06-15T12:00:00+00:00');
INSERT INTO org_facility (org_id, name, purpose, experiment_status, launch_date, construction_cost_wan_usd, created_at, updated_at) VALUES ('ORG_S_9d629c413e569bf1', '无人机实验平台', '开展基因编辑关键实验', '调试', '2023-08-19', 500, '2026-06-15T12:00:00+00:00', '2026-06-15T12:00:00+00:00');
INSERT INTO entity_change_log (entity_id, entity_type, field, old_value, new_value, method, operator, source_doc_id, reason, changed_at) VALUES ('ORG_S_9d629c413e569bf1', 'org', '*', NULL, '{"action": "create"}'::json, 'rule', NULL, 'mock_seed', NULL, '2026-06-15T12:00:00+00:00');
INSERT INTO org_profile (org_id, name_cn, name_en, name_other, country, founded_date, dissolved_date, operating_years, website, summary, org_types, nature, function, scale, tech_domains, predecessor_names, departments, strategic_plans, evaluation_report, new_key_projects, remark, confidence, completeness, created_at, updated_at) VALUES ('ORG_S_1f15288b2674226b', '远量子实验室', 'Org-042', '[]'::json, '美国', '2015-01-01', NULL, 11, 'www.org-042.example.com', '远量子实验室是聚焦脑机接口、集成电路、碳捕集等领域的企业，致力于前沿技术研发与成果转化。', '["民营企业", "重点实验室"]'::json, '企业', '成果转化', 1000, '["脑机接口", "集成电路", "碳捕集"]'::json, '[]'::json, '远量子实验室下设基础研究部、应用工程部、国际合作部', '["2021-2025五年发展规划", "2026-2030五年发展规划"]'::json, '远量子实验室在脑机接口领域处于国内领先水平。', '["类脑计算架构", "氢燃料电池电堆", "太赫兹通信"]'::json, '', 0.797, 0.561, '2026-06-15T12:00:00+00:00', '2026-06-15T12:00:00+00:00');
INSERT INTO org_history (org_id, change_date, change_description, created_at, updated_at) VALUES ('ORG_S_1f15288b2674226b', '2019-05-19', '成立集成电路研究中心', '2026-06-15T12:00:00+00:00', '2026-06-15T12:00:00+00:00');
INSERT INTO org_history (org_id, change_date, change_description, created_at, updated_at) VALUES ('ORG_S_1f15288b2674226b', '2014-05-16', '完成股份制改革', '2026-06-15T12:00:00+00:00', '2026-06-15T12:00:00+00:00');
INSERT INTO org_history (org_id, change_date, change_description, created_at, updated_at) VALUES ('ORG_S_1f15288b2674226b', '2017-06-15', '获批国家重点实验室', '2026-06-15T12:00:00+00:00', '2026-06-15T12:00:00+00:00');
INSERT INTO org_award (org_id, description, name, reason, award_date, level, award_type, created_at, updated_at) VALUES ('ORG_S_1f15288b2674226b', '', '国家科技进步奖', '在脑机接口取得突破', '2017-06-21', '行业级', '科技', '2026-06-15T12:00:00+00:00', '2026-06-15T12:00:00+00:00');
INSERT INTO org_output (org_id, name, form, author, publish_date, attachment, created_at, updated_at) VALUES ('ORG_S_1f15288b2674226b', '集成电路关键技术', '论文', '远量子实验室', '2023-09-18', '', '2026-06-15T12:00:00+00:00', '2026-06-15T12:00:00+00:00');
INSERT INTO org_output (org_id, name, form, author, publish_date, attachment, created_at, updated_at) VALUES ('ORG_S_1f15288b2674226b', '碳捕集关键技术', '论文', '远量子实验室', '2021-06-24', '', '2026-06-15T12:00:00+00:00', '2026-06-15T12:00:00+00:00');
INSERT INTO org_team (org_id, top_talents, award_winners, team_size, talent_type, created_at, updated_at) VALUES ('ORG_S_1f15288b2674226b', '["王昊斌院士"]'::json, '["王洋志强"]'::json, 500, '战略科学家团队', '2026-06-15T12:00:00+00:00', '2026-06-15T12:00:00+00:00');
INSERT INTO org_facility (org_id, name, purpose, experiment_status, launch_date, construction_cost_wan_usd, created_at, updated_at) VALUES ('ORG_S_1f15288b2674226b', '脑机接口实验平台', '开展集成电路关键实验', '在建', '2018-09-15', 8000, '2026-06-15T12:00:00+00:00', '2026-06-15T12:00:00+00:00');
INSERT INTO entity_change_log (entity_id, entity_type, field, old_value, new_value, method, operator, source_doc_id, reason, changed_at) VALUES ('ORG_S_1f15288b2674226b', 'org', '*', NULL, '{"action": "create"}'::json, 'rule', NULL, 'mock_seed', NULL, '2026-06-15T12:00:00+00:00');
INSERT INTO org_profile (org_id, name_cn, name_en, name_other, country, founded_date, dissolved_date, operating_years, website, summary, org_types, nature, function, scale, tech_domains, predecessor_names, departments, strategic_plans, evaluation_report, new_key_projects, remark, confidence, completeness, created_at, updated_at) VALUES ('ORG_S_0be7abdb56d3f1a1', '新基因股份', 'Org-043', '[]'::json, '中国', '2008-06-12', NULL, 18, 'www.org-043.example.com', '新基因股份是聚焦碳捕集、网络安全等领域的科研院所，致力于前沿技术研发与成果转化。', '["重点实验室", "外资企业", "国有企业"]'::json, '科研院所', '技术开发', 200, '["碳捕集", "网络安全"]'::json, '[]'::json, '新基因股份下设基础研究部、应用工程部、国际合作部', '["2021-2025五年发展规划", "2026-2030五年发展规划"]'::json, '新基因股份在网络安全领域处于国内领先水平。', '["自动驾驶域控制器", "卫星星座组网"]'::json, '', 0.8, 0.608, '2026-06-15T12:00:00+00:00', '2026-06-15T12:00:00+00:00');
INSERT INTO org_history (org_id, change_date, change_description, created_at, updated_at) VALUES ('ORG_S_0be7abdb56d3f1a1', '2015-03-28', '成立碳捕集研究中心', '2026-06-15T12:00:00+00:00', '2026-06-15T12:00:00+00:00');
INSERT INTO org_history (org_id, change_date, change_description, created_at, updated_at) VALUES ('ORG_S_0be7abdb56d3f1a1', '2022-03-15', '完成股份制改革', '2026-06-15T12:00:00+00:00', '2026-06-15T12:00:00+00:00');
INSERT INTO org_history (org_id, change_date, change_description, created_at, updated_at) VALUES ('ORG_S_0be7abdb56d3f1a1', '2012-06-01', '获批国家重点实验室', '2026-06-15T12:00:00+00:00', '2026-06-15T12:00:00+00:00');
INSERT INTO org_award (org_id, description, name, reason, award_date, level, award_type, created_at, updated_at) VALUES ('ORG_S_0be7abdb56d3f1a1', '', '国家科技进步奖', '在网络安全取得突破', '2020-11-16', '省部级', '科技', '2026-06-15T12:00:00+00:00', '2026-06-15T12:00:00+00:00');
INSERT INTO org_award (org_id, description, name, reason, award_date, level, award_type, created_at, updated_at) VALUES ('ORG_S_0be7abdb56d3f1a1', '', '省部级一等奖', '在碳捕集取得突破', '2017-09-06', '行业级', '工程', '2026-06-15T12:00:00+00:00', '2026-06-15T12:00:00+00:00');
INSERT INTO org_output (org_id, name, form, author, publish_date, attachment, created_at, updated_at) VALUES ('ORG_S_0be7abdb56d3f1a1', '网络安全关键技术', '软件著作权', '新基因股份', '2018-03-23', '', '2026-06-15T12:00:00+00:00', '2026-06-15T12:00:00+00:00');
INSERT INTO org_output (org_id, name, form, author, publish_date, attachment, created_at, updated_at) VALUES ('ORG_S_0be7abdb56d3f1a1', '碳捕集系统', '专利', '新基因股份', '2020-10-28', '', '2026-06-15T12:00:00+00:00', '2026-06-15T12:00:00+00:00');
INSERT INTO org_team (org_id, top_talents, award_winners, team_size, talent_type, created_at, updated_at) VALUES ('ORG_S_0be7abdb56d3f1a1', '["李伟平院士", "宋强刚院士"]'::json, '["谢晓东"]'::json, 500, '研发团队', '2026-06-15T12:00:00+00:00', '2026-06-15T12:00:00+00:00');
INSERT INTO org_facility (org_id, name, purpose, experiment_status, launch_date, construction_cost_wan_usd, created_at, updated_at) VALUES ('ORG_S_0be7abdb56d3f1a1', '网络安全实验平台', '开展碳捕集关键实验', '调试', '2024-04-22', 15000, '2026-06-15T12:00:00+00:00', '2026-06-15T12:00:00+00:00');
INSERT INTO org_facility (org_id, name, purpose, experiment_status, launch_date, construction_cost_wan_usd, created_at, updated_at) VALUES ('ORG_S_0be7abdb56d3f1a1', '碳捕集实验平台', '开展网络安全关键实验', '在建', '2019-11-16', 15000, '2026-06-15T12:00:00+00:00', '2026-06-15T12:00:00+00:00');
INSERT INTO entity_change_log (entity_id, entity_type, field, old_value, new_value, method, operator, source_doc_id, reason, changed_at) VALUES ('ORG_S_0be7abdb56d3f1a1', 'org', '*', NULL, '{"action": "create"}'::json, 'rule', NULL, 'mock_seed', NULL, '2026-06-15T12:00:00+00:00');
INSERT INTO org_profile (org_id, name_cn, name_en, name_other, country, founded_date, dissolved_date, operating_years, website, summary, org_types, nature, function, scale, tech_domains, predecessor_names, departments, strategic_plans, evaluation_report, new_key_projects, remark, confidence, completeness, created_at, updated_at) VALUES ('ORG_S_7a0934d1d32eda11', '东方航宇研究院', 'Org-044', '[]'::json, '美国', '1993-09-28', NULL, 33, 'www.org-044.example.com', '东方航宇研究院是聚焦半导体、新材料、新能源等领域的事业单位，致力于前沿技术研发与成果转化。', '["国家实验室", "上市公司"]'::json, '事业单位', '人才培养', 1000, '["半导体", "新材料", "新能源", "脑机接口", "基因编辑"]'::json, '[]'::json, '东方航宇研究院下设基础研究部、应用工程部、国际合作部', '["2021-2025五年发展规划", "2026-2030五年发展规划"]'::json, '东方航宇研究院在基因编辑领域处于国内领先水平。', '["光量子计算", "太赫兹通信"]'::json, '', 0.854, 0.565, '2026-06-15T12:00:00+00:00', '2026-06-15T12:00:00+00:00');
INSERT INTO org_history (org_id, change_date, change_description, created_at, updated_at) VALUES ('ORG_S_7a0934d1d32eda11', '2021-06-26', '成立新材料研究中心', '2026-06-15T12:00:00+00:00', '2026-06-15T12:00:00+00:00');
INSERT INTO org_history (org_id, change_date, change_description, created_at, updated_at) VALUES ('ORG_S_7a0934d1d32eda11', '2014-01-03', '完成股份制改革', '2026-06-15T12:00:00+00:00', '2026-06-15T12:00:00+00:00');
INSERT INTO org_history (org_id, change_date, change_description, created_at, updated_at) VALUES ('ORG_S_7a0934d1d32eda11', '2010-08-03', '获批国家重点实验室', '2026-06-15T12:00:00+00:00', '2026-06-15T12:00:00+00:00');
INSERT INTO org_award (org_id, description, name, reason, award_date, level, award_type, created_at, updated_at) VALUES ('ORG_S_7a0934d1d32eda11', '', '国家科技进步奖', '在基因编辑取得突破', '2015-11-05', '省部级', '科技', '2026-06-15T12:00:00+00:00', '2026-06-15T12:00:00+00:00');
INSERT INTO org_award (org_id, description, name, reason, award_date, level, award_type, created_at, updated_at) VALUES ('ORG_S_7a0934d1d32eda11', '', '国家科技进步奖', '在新能源取得突破', '2018-08-12', '省部级', '工程', '2026-06-15T12:00:00+00:00', '2026-06-15T12:00:00+00:00');
INSERT INTO org_award (org_id, description, name, reason, award_date, level, award_type, created_at, updated_at) VALUES ('ORG_S_7a0934d1d32eda11', '', '行业金奖', '在基因编辑取得突破', '2022-03-17', '国家级', '科技', '2026-06-15T12:00:00+00:00', '2026-06-15T12:00:00+00:00');
INSERT INTO org_output (org_id, name, form, author, publish_date, attachment, created_at, updated_at) VALUES ('ORG_S_7a0934d1d32eda11', '新材料标准', '标准', '东方航宇研究院', '2023-08-09', '', '2026-06-15T12:00:00+00:00', '2026-06-15T12:00:00+00:00');
INSERT INTO org_output (org_id, name, form, author, publish_date, attachment, created_at, updated_at) VALUES ('ORG_S_7a0934d1d32eda11', '基因编辑系统', '软件著作权', '东方航宇研究院', '2024-03-15', '', '2026-06-15T12:00:00+00:00', '2026-06-15T12:00:00+00:00');
INSERT INTO org_team (org_id, top_talents, award_winners, team_size, talent_type, created_at, updated_at) VALUES ('ORG_S_7a0934d1d32eda11', '["邓涛院士", "朱建华霞院士"]'::json, '["徐平", "郑霞"]'::json, 500, '战略科学家团队', '2026-06-15T12:00:00+00:00', '2026-06-15T12:00:00+00:00');
INSERT INTO org_facility (org_id, name, purpose, experiment_status, launch_date, construction_cost_wan_usd, created_at, updated_at) VALUES ('ORG_S_7a0934d1d32eda11', '基因编辑实验平台', '开展脑机接口关键实验', '调试', '2024-10-22', 500, '2026-06-15T12:00:00+00:00', '2026-06-15T12:00:00+00:00');
INSERT INTO org_facility (org_id, name, purpose, experiment_status, launch_date, construction_cost_wan_usd, created_at, updated_at) VALUES ('ORG_S_7a0934d1d32eda11', '新能源实验平台', '开展新能源关键实验', '运行中', '2021-05-25', 500, '2026-06-15T12:00:00+00:00', '2026-06-15T12:00:00+00:00');
INSERT INTO entity_change_log (entity_id, entity_type, field, old_value, new_value, method, operator, source_doc_id, reason, changed_at) VALUES ('ORG_S_7a0934d1d32eda11', 'org', '*', NULL, '{"action": "create"}'::json, 'rule', NULL, 'mock_seed', NULL, '2026-06-15T12:00:00+00:00');
INSERT INTO org_profile (org_id, name_cn, name_en, name_other, country, founded_date, dissolved_date, operating_years, website, summary, org_types, nature, function, scale, tech_domains, predecessor_names, departments, strategic_plans, evaluation_report, new_key_projects, remark, confidence, completeness, created_at, updated_at) VALUES ('ORG_S_cd16d0d614a4a3b1', '新基因实验室', 'Org-045', '[]'::json, '俄罗斯', '2014-09-01', NULL, 12, 'www.org-045.example.com', '新基因实验室是聚焦氢能、5G通信、新材料等领域的企业，致力于前沿技术研发与成果转化。', '["国有企业"]'::json, '企业', '技术开发', 200, '["氢能", "5G通信", "新材料", "人工智能", "碳捕集"]'::json, '[]'::json, '新基因实验室下设基础研究部、应用工程部、国际合作部', '["2021-2025五年发展规划", "2026-2030五年发展规划"]'::json, '新基因实验室在氢能领域处于国内领先水平。', '["神经网络芯片", "毫米波雷达", "自动驾驶域控制器"]'::json, '', 0.979, 0.674, '2026-06-15T12:00:00+00:00', '2026-06-15T12:00:00+00:00');
INSERT INTO org_history (org_id, change_date, change_description, created_at, updated_at) VALUES ('ORG_S_cd16d0d614a4a3b1', '2010-10-05', '成立新材料研究中心', '2026-06-15T12:00:00+00:00', '2026-06-15T12:00:00+00:00');
INSERT INTO org_history (org_id, change_date, change_description, created_at, updated_at) VALUES ('ORG_S_cd16d0d614a4a3b1', '2012-03-17', '完成股份制改革', '2026-06-15T12:00:00+00:00', '2026-06-15T12:00:00+00:00');
INSERT INTO org_history (org_id, change_date, change_description, created_at, updated_at) VALUES ('ORG_S_cd16d0d614a4a3b1', '2022-09-06', '获批国家重点实验室', '2026-06-15T12:00:00+00:00', '2026-06-15T12:00:00+00:00');
INSERT INTO org_award (org_id, description, name, reason, award_date, level, award_type, created_at, updated_at) VALUES ('ORG_S_cd16d0d614a4a3b1', '', '省部级一等奖', '在碳捕集取得突破', '2015-10-11', '行业级', '科技', '2026-06-15T12:00:00+00:00', '2026-06-15T12:00:00+00:00');
INSERT INTO org_award (org_id, description, name, reason, award_date, level, award_type, created_at, updated_at) VALUES ('ORG_S_cd16d0d614a4a3b1', '', '国家科技进步奖', '在人工智能取得突破', '2020-07-12', '国家级', '工程', '2026-06-15T12:00:00+00:00', '2026-06-15T12:00:00+00:00');
INSERT INTO org_output (org_id, name, form, author, publish_date, attachment, created_at, updated_at) VALUES ('ORG_S_cd16d0d614a4a3b1', '氢能标准', '标准', '新基因实验室', '2020-03-15', '', '2026-06-15T12:00:00+00:00', '2026-06-15T12:00:00+00:00');
INSERT INTO org_output (org_id, name, form, author, publish_date, attachment, created_at, updated_at) VALUES ('ORG_S_cd16d0d614a4a3b1', '新材料关键技术', '标准', '新基因实验室', '2021-12-28', '', '2026-06-15T12:00:00+00:00', '2026-06-15T12:00:00+00:00');
INSERT INTO org_output (org_id, name, form, author, publish_date, attachment, created_at, updated_at) VALUES ('ORG_S_cd16d0d614a4a3b1', '新材料标准', '专利', '新基因实验室', '2024-05-14', '', '2026-06-15T12:00:00+00:00', '2026-06-15T12:00:00+00:00');
INSERT INTO org_team (org_id, top_talents, award_winners, team_size, talent_type, created_at, updated_at) VALUES ('ORG_S_cd16d0d614a4a3b1', '["宋杰涛院士", "朱瑞院士"]'::json, '["朱杰瑞"]'::json, 1000, '战略科学家团队', '2026-06-15T12:00:00+00:00', '2026-06-15T12:00:00+00:00');
INSERT INTO org_facility (org_id, name, purpose, experiment_status, launch_date, construction_cost_wan_usd, created_at, updated_at) VALUES ('ORG_S_cd16d0d614a4a3b1', '新材料实验平台', '开展人工智能关键实验', '在建', '2024-07-06', 2000, '2026-06-15T12:00:00+00:00', '2026-06-15T12:00:00+00:00');
INSERT INTO org_facility (org_id, name, purpose, experiment_status, launch_date, construction_cost_wan_usd, created_at, updated_at) VALUES ('ORG_S_cd16d0d614a4a3b1', '5G通信实验平台', '开展人工智能关键实验', '调试', '2023-01-17', 15000, '2026-06-15T12:00:00+00:00', '2026-06-15T12:00:00+00:00');
INSERT INTO entity_change_log (entity_id, entity_type, field, old_value, new_value, method, operator, source_doc_id, reason, changed_at) VALUES ('ORG_S_cd16d0d614a4a3b1', 'org', '*', NULL, '{"action": "create"}'::json, 'rule', NULL, 'mock_seed', NULL, '2026-06-15T12:00:00+00:00');
INSERT INTO org_profile (org_id, name_cn, name_en, name_other, country, founded_date, dissolved_date, operating_years, website, summary, org_types, nature, function, scale, tech_domains, predecessor_names, departments, strategic_plans, evaluation_report, new_key_projects, remark, confidence, completeness, created_at, updated_at) VALUES ('ORG_S_f3620ed2931cf649', '南方氢动科技', 'Org-046', '[]'::json, '英国', '1966-05-02', NULL, 60, 'www.org-046.example.com', '南方氢动科技是聚焦氢能、基因编辑等领域的企业，致力于前沿技术研发与成果转化。', '["民营企业", "国有企业"]'::json, '企业', '战略咨询', 8000, '["氢能", "基因编辑"]'::json, '[]'::json, '南方氢动科技下设基础研究部、应用工程部、国际合作部', '["2021-2025五年发展规划", "2026-2030五年发展规划"]'::json, '南方氢动科技在氢能领域处于国内领先水平。', '["碳化硅功率器件", "毫米波雷达", "类脑计算架构"]'::json, '', 0.758, 0.632, '2026-06-15T12:00:00+00:00', '2026-06-15T12:00:00+00:00');
INSERT INTO org_history (org_id, change_date, change_description, created_at, updated_at) VALUES ('ORG_S_f3620ed2931cf649', '2023-10-08', '成立氢能研究中心', '2026-06-15T12:00:00+00:00', '2026-06-15T12:00:00+00:00');
INSERT INTO org_history (org_id, change_date, change_description, created_at, updated_at) VALUES ('ORG_S_f3620ed2931cf649', '2015-02-19', '完成股份制改革', '2026-06-15T12:00:00+00:00', '2026-06-15T12:00:00+00:00');
INSERT INTO org_history (org_id, change_date, change_description, created_at, updated_at) VALUES ('ORG_S_f3620ed2931cf649', '2021-02-11', '获批国家重点实验室', '2026-06-15T12:00:00+00:00', '2026-06-15T12:00:00+00:00');
INSERT INTO org_award (org_id, description, name, reason, award_date, level, award_type, created_at, updated_at) VALUES ('ORG_S_f3620ed2931cf649', '', '行业金奖', '在基因编辑取得突破', '2020-08-06', '行业级', '科技', '2026-06-15T12:00:00+00:00', '2026-06-15T12:00:00+00:00');
INSERT INTO org_award (org_id, description, name, reason, award_date, level, award_type, created_at, updated_at) VALUES ('ORG_S_f3620ed2931cf649', '', '行业金奖', '在基因编辑取得突破', '2015-08-18', '省部级', '创新', '2026-06-15T12:00:00+00:00', '2026-06-15T12:00:00+00:00');
INSERT INTO org_award (org_id, description, name, reason, award_date, level, award_type, created_at, updated_at) VALUES ('ORG_S_f3620ed2931cf649', '', '省部级一等奖', '在氢能取得突破', '2020-12-27', '省部级', '工程', '2026-06-15T12:00:00+00:00', '2026-06-15T12:00:00+00:00');
INSERT INTO org_output (org_id, name, form, author, publish_date, attachment, created_at, updated_at) VALUES ('ORG_S_f3620ed2931cf649', '氢能标准', '软件著作权', '南方氢动科技', '2019-03-24', '', '2026-06-15T12:00:00+00:00', '2026-06-15T12:00:00+00:00');
INSERT INTO org_output (org_id, name, form, author, publish_date, attachment, created_at, updated_at) VALUES ('ORG_S_f3620ed2931cf649', '基因编辑关键技术', '标准', '南方氢动科技', '2019-07-03', '', '2026-06-15T12:00:00+00:00', '2026-06-15T12:00:00+00:00');
INSERT INTO org_team (org_id, top_talents, award_winners, team_size, talent_type, created_at, updated_at) VALUES ('ORG_S_f3620ed2931cf649', '["唐超勇院士"]'::json, '["彭杰", "邓斌建华"]'::json, 500, '战略科学家团队', '2026-06-15T12:00:00+00:00', '2026-06-15T12:00:00+00:00');
INSERT INTO org_facility (org_id, name, purpose, experiment_status, launch_date, construction_cost_wan_usd, created_at, updated_at) VALUES ('ORG_S_f3620ed2931cf649', '氢能实验平台', '开展基因编辑关键实验', '调试', '2022-10-06', 8000, '2026-06-15T12:00:00+00:00', '2026-06-15T12:00:00+00:00');
INSERT INTO entity_change_log (entity_id, entity_type, field, old_value, new_value, method, operator, source_doc_id, reason, changed_at) VALUES ('ORG_S_f3620ed2931cf649', 'org', '*', NULL, '{"action": "create"}'::json, 'rule', NULL, 'mock_seed', NULL, '2026-06-15T12:00:00+00:00');
INSERT INTO org_profile (org_id, name_cn, name_en, name_other, country, founded_date, dissolved_date, operating_years, website, summary, org_types, nature, function, scale, tech_domains, predecessor_names, departments, strategic_plans, evaluation_report, new_key_projects, remark, confidence, completeness, created_at, updated_at) VALUES ('ORG_S_8314d86ae57bbb04', '国芯创研究所', 'Org-047', '[]'::json, '韩国', '1956-08-28', NULL, 70, 'www.org-047.example.com', '国芯创研究所是聚焦集成电路、新能源等领域的事业单位，致力于前沿技术研发与成果转化。', '["中外合资", "上市公司", "双一流高校"]'::json, '事业单位', '基础研究', 500, '["集成电路", "新能源"]'::json, '[]'::json, '国芯创研究所下设基础研究部、应用工程部、国际合作部', '["2021-2025五年发展规划", "2026-2030五年发展规划"]'::json, '国芯创研究所在新能源领域处于国内领先水平。', '["自动驾驶域控制器"]'::json, '', 0.746, 0.567, '2026-06-15T12:00:00+00:00', '2026-06-15T12:00:00+00:00');
INSERT INTO org_history (org_id, change_date, change_description, created_at, updated_at) VALUES ('ORG_S_8314d86ae57bbb04', '2021-02-14', '成立集成电路研究中心', '2026-06-15T12:00:00+00:00', '2026-06-15T12:00:00+00:00');
INSERT INTO org_history (org_id, change_date, change_description, created_at, updated_at) VALUES ('ORG_S_8314d86ae57bbb04', '2022-04-12', '完成股份制改革', '2026-06-15T12:00:00+00:00', '2026-06-15T12:00:00+00:00');
INSERT INTO org_history (org_id, change_date, change_description, created_at, updated_at) VALUES ('ORG_S_8314d86ae57bbb04', '2022-11-22', '获批国家重点实验室', '2026-06-15T12:00:00+00:00', '2026-06-15T12:00:00+00:00');
INSERT INTO org_award (org_id, description, name, reason, award_date, level, award_type, created_at, updated_at) VALUES ('ORG_S_8314d86ae57bbb04', '', '省部级一等奖', '在集成电路取得突破', '2017-07-11', '行业级', '创新', '2026-06-15T12:00:00+00:00', '2026-06-15T12:00:00+00:00');
INSERT INTO org_output (org_id, name, form, author, publish_date, attachment, created_at, updated_at) VALUES ('ORG_S_8314d86ae57bbb04', '集成电路系统', '专利', '国芯创研究所', '2022-01-08', '', '2026-06-15T12:00:00+00:00', '2026-06-15T12:00:00+00:00');
INSERT INTO org_output (org_id, name, form, author, publish_date, attachment, created_at, updated_at) VALUES ('ORG_S_8314d86ae57bbb04', '集成电路系统', '专利', '国芯创研究所', '2024-01-07', '', '2026-06-15T12:00:00+00:00', '2026-06-15T12:00:00+00:00');
INSERT INTO org_output (org_id, name, form, author, publish_date, attachment, created_at, updated_at) VALUES ('ORG_S_8314d86ae57bbb04', '集成电路系统', '软件著作权', '国芯创研究所', '2018-11-16', '', '2026-06-15T12:00:00+00:00', '2026-06-15T12:00:00+00:00');
INSERT INTO org_team (org_id, top_talents, award_winners, team_size, talent_type, created_at, updated_at) VALUES ('ORG_S_8314d86ae57bbb04', '["朱文博艳院士"]'::json, '["宋霞", "张昊伟"]'::json, 500, '研发团队', '2026-06-15T12:00:00+00:00', '2026-06-15T12:00:00+00:00');
INSERT INTO org_facility (org_id, name, purpose, experiment_status, launch_date, construction_cost_wan_usd, created_at, updated_at) VALUES ('ORG_S_8314d86ae57bbb04', '集成电路实验平台', '开展集成电路关键实验', '调试', '2020-08-06', 15000, '2026-06-15T12:00:00+00:00', '2026-06-15T12:00:00+00:00');
INSERT INTO entity_change_log (entity_id, entity_type, field, old_value, new_value, method, operator, source_doc_id, reason, changed_at) VALUES ('ORG_S_8314d86ae57bbb04', 'org', '*', NULL, '{"action": "create"}'::json, 'rule', NULL, 'mock_seed', NULL, '2026-06-15T12:00:00+00:00');
INSERT INTO org_profile (org_id, name_cn, name_en, name_other, country, founded_date, dissolved_date, operating_years, website, summary, org_types, nature, function, scale, tech_domains, predecessor_names, departments, strategic_plans, evaluation_report, new_key_projects, remark, confidence, completeness, created_at, updated_at) VALUES ('ORG_S_a042afd0b39855d0', '华聚变高科', 'Org-048', '[]'::json, '法国', '1996-09-03', NULL, 30, 'www.org-048.example.com', '华聚变高科是聚焦5G通信、网络安全、基因编辑等领域的事业单位，致力于前沿技术研发与成果转化。', '["中外合资", "国家实验室"]'::json, '事业单位', '成果转化', 500, '["5G通信", "网络安全", "基因编辑"]'::json, '[]'::json, '华聚变高科下设基础研究部、应用工程部、国际合作部', '["2021-2025五年发展规划", "2026-2030五年发展规划"]'::json, '华聚变高科在基因编辑领域处于国内领先水平。', '["神经形态芯片", "神经网络芯片"]'::json, '', 0.926, 0.846, '2026-06-15T12:00:00+00:00', '2026-06-15T12:00:00+00:00');
INSERT INTO org_history (org_id, change_date, change_description, created_at, updated_at) VALUES ('ORG_S_a042afd0b39855d0', '2017-11-05', '成立网络安全研究中心', '2026-06-15T12:00:00+00:00', '2026-06-15T12:00:00+00:00');
INSERT INTO org_history (org_id, change_date, change_description, created_at, updated_at) VALUES ('ORG_S_a042afd0b39855d0', '2017-09-18', '完成股份制改革', '2026-06-15T12:00:00+00:00', '2026-06-15T12:00:00+00:00');
INSERT INTO org_history (org_id, change_date, change_description, created_at, updated_at) VALUES ('ORG_S_a042afd0b39855d0', '2021-05-17', '获批国家重点实验室', '2026-06-15T12:00:00+00:00', '2026-06-15T12:00:00+00:00');
INSERT INTO org_award (org_id, description, name, reason, award_date, level, award_type, created_at, updated_at) VALUES ('ORG_S_a042afd0b39855d0', '', '行业金奖', '在5G通信取得突破', '2024-05-20', '行业级', '科技', '2026-06-15T12:00:00+00:00', '2026-06-15T12:00:00+00:00');
INSERT INTO org_output (org_id, name, form, author, publish_date, attachment, created_at, updated_at) VALUES ('ORG_S_a042afd0b39855d0', '5G通信标准', '标准', '华聚变高科', '2022-12-10', '', '2026-06-15T12:00:00+00:00', '2026-06-15T12:00:00+00:00');
INSERT INTO org_output (org_id, name, form, author, publish_date, attachment, created_at, updated_at) VALUES ('ORG_S_a042afd0b39855d0', '网络安全系统', '软件著作权', '华聚变高科', '2024-04-18', '', '2026-06-15T12:00:00+00:00', '2026-06-15T12:00:00+00:00');
INSERT INTO org_team (org_id, top_talents, award_winners, team_size, talent_type, created_at, updated_at) VALUES ('ORG_S_a042afd0b39855d0', '["孙勇军院士", "赵志强院士"]'::json, '["杨霞", "朱刚", "胡海燕"]'::json, 200, '研发团队', '2026-06-15T12:00:00+00:00', '2026-06-15T12:00:00+00:00');
INSERT INTO org_facility (org_id, name, purpose, experiment_status, launch_date, construction_cost_wan_usd, created_at, updated_at) VALUES ('ORG_S_a042afd0b39855d0', '基因编辑实验平台', '开展5G通信关键实验', '在建', '2024-09-01', 15000, '2026-06-15T12:00:00+00:00', '2026-06-15T12:00:00+00:00');
INSERT INTO org_facility (org_id, name, purpose, experiment_status, launch_date, construction_cost_wan_usd, created_at, updated_at) VALUES ('ORG_S_a042afd0b39855d0', '网络安全实验平台', '开展5G通信关键实验', '调试', '2021-09-23', 500, '2026-06-15T12:00:00+00:00', '2026-06-15T12:00:00+00:00');
INSERT INTO entity_change_log (entity_id, entity_type, field, old_value, new_value, method, operator, source_doc_id, reason, changed_at) VALUES ('ORG_S_a042afd0b39855d0', 'org', '*', NULL, '{"action": "create"}'::json, 'rule', NULL, 'mock_seed', NULL, '2026-06-15T12:00:00+00:00');
INSERT INTO org_profile (org_id, name_cn, name_en, name_other, country, founded_date, dissolved_date, operating_years, website, summary, org_types, nature, function, scale, tech_domains, predecessor_names, departments, strategic_plans, evaluation_report, new_key_projects, remark, confidence, completeness, created_at, updated_at) VALUES ('ORG_S_c3aaf51edc91bcd1', '东方生医科技', 'Org-049', '[]'::json, '英国', '1992-05-18', NULL, 34, 'www.org-049.example.com', '东方生医科技是聚焦机器人、量子计算、新能源等领域的政府机构，致力于前沿技术研发与成果转化。', '["上市公司"]'::json, '政府机构', '战略咨询', 500, '["机器人", "量子计算", "新能源", "光电技术", "5G通信"]'::json, '[]'::json, '东方生医科技下设基础研究部、应用工程部、国际合作部', '["2021-2025五年发展规划", "2026-2030五年发展规划"]'::json, '东方生医科技在量子计算领域处于国内领先水平。', '["基因剪刀", "金属3D打印"]'::json, '', 0.74, 0.932, '2026-06-15T12:00:00+00:00', '2026-06-15T12:00:00+00:00');
INSERT INTO org_history (org_id, change_date, change_description, created_at, updated_at) VALUES ('ORG_S_c3aaf51edc91bcd1', '2016-02-05', '成立量子计算研究中心', '2026-06-15T12:00:00+00:00', '2026-06-15T12:00:00+00:00');
INSERT INTO org_history (org_id, change_date, change_description, created_at, updated_at) VALUES ('ORG_S_c3aaf51edc91bcd1', '2018-02-06', '完成股份制改革', '2026-06-15T12:00:00+00:00', '2026-06-15T12:00:00+00:00');
INSERT INTO org_history (org_id, change_date, change_description, created_at, updated_at) VALUES ('ORG_S_c3aaf51edc91bcd1', '2013-08-26', '获批国家重点实验室', '2026-06-15T12:00:00+00:00', '2026-06-15T12:00:00+00:00');
INSERT INTO org_award (org_id, description, name, reason, award_date, level, award_type, created_at, updated_at) VALUES ('ORG_S_c3aaf51edc91bcd1', '', '行业金奖', '在光电技术取得突破', '2015-08-15', '省部级', '科技', '2026-06-15T12:00:00+00:00', '2026-06-15T12:00:00+00:00');
INSERT INTO org_output (org_id, name, form, author, publish_date, attachment, created_at, updated_at) VALUES ('ORG_S_c3aaf51edc91bcd1', '机器人标准', '标准', '东方生医科技', '2022-06-07', '', '2026-06-15T12:00:00+00:00', '2026-06-15T12:00:00+00:00');
INSERT INTO org_output (org_id, name, form, author, publish_date, attachment, created_at, updated_at) VALUES ('ORG_S_c3aaf51edc91bcd1', '量子计算系统', '软件著作权', '东方生医科技', '2023-08-17', '', '2026-06-15T12:00:00+00:00', '2026-06-15T12:00:00+00:00');
INSERT INTO org_output (org_id, name, form, author, publish_date, attachment, created_at, updated_at) VALUES ('ORG_S_c3aaf51edc91bcd1', '新能源标准', '软件著作权', '东方生医科技', '2023-07-08', '', '2026-06-15T12:00:00+00:00', '2026-06-15T12:00:00+00:00');
INSERT INTO org_output (org_id, name, form, author, publish_date, attachment, created_at, updated_at) VALUES ('ORG_S_c3aaf51edc91bcd1', '5G通信系统', '专利', '东方生医科技', '2022-03-23', '', '2026-06-15T12:00:00+00:00', '2026-06-15T12:00:00+00:00');
INSERT INTO org_team (org_id, top_talents, award_winners, team_size, talent_type, created_at, updated_at) VALUES ('ORG_S_c3aaf51edc91bcd1', '["胡桂英霞院士"]'::json, '["谢俊杰志强"]'::json, 200, '研发团队', '2026-06-15T12:00:00+00:00', '2026-06-15T12:00:00+00:00');
INSERT INTO org_facility (org_id, name, purpose, experiment_status, launch_date, construction_cost_wan_usd, created_at, updated_at) VALUES ('ORG_S_c3aaf51edc91bcd1', '新能源实验平台', '开展5G通信关键实验', '运行中', '2023-06-02', 500, '2026-06-15T12:00:00+00:00', '2026-06-15T12:00:00+00:00');
INSERT INTO org_facility (org_id, name, purpose, experiment_status, launch_date, construction_cost_wan_usd, created_at, updated_at) VALUES ('ORG_S_c3aaf51edc91bcd1', '量子计算实验平台', '开展光电技术关键实验', '调试', '2019-06-07', 15000, '2026-06-15T12:00:00+00:00', '2026-06-15T12:00:00+00:00');
INSERT INTO entity_change_log (entity_id, entity_type, field, old_value, new_value, method, operator, source_doc_id, reason, changed_at) VALUES ('ORG_S_c3aaf51edc91bcd1', 'org', '*', NULL, '{"action": "create"}'::json, 'rule', NULL, 'mock_seed', NULL, '2026-06-15T12:00:00+00:00');
INSERT INTO org_profile (org_id, name_cn, name_en, name_other, country, founded_date, dissolved_date, operating_years, website, summary, org_types, nature, function, scale, tech_domains, predecessor_names, departments, strategic_plans, evaluation_report, new_key_projects, remark, confidence, completeness, created_at, updated_at) VALUES ('ORG_S_d5c85013ebec59a9', '航天氢动实验室', 'Org-050', '[]'::json, '德国', '1994-01-14', NULL, 32, 'www.org-050.example.com', '航天氢动实验室是聚焦集成电路、新能源、卫星互联网等领域的事业单位，致力于前沿技术研发与成果转化。', '["民营企业", "上市公司", "中外合资"]'::json, '事业单位', '成果转化', 500, '["集成电路", "新能源", "卫星互联网", "基因编辑"]'::json, '[]'::json, '航天氢动实验室下设基础研究部、应用工程部、国际合作部', '["2021-2025五年发展规划", "2026-2030五年发展规划"]'::json, '航天氢动实验室在卫星互联网领域处于国内领先水平。', '["基因剪刀"]'::json, '', 0.807, 0.6, '2026-06-15T12:00:00+00:00', '2026-06-15T12:00:00+00:00');
INSERT INTO org_history (org_id, change_date, change_description, created_at, updated_at) VALUES ('ORG_S_d5c85013ebec59a9', '2023-06-07', '成立基因编辑研究中心', '2026-06-15T12:00:00+00:00', '2026-06-15T12:00:00+00:00');
INSERT INTO org_history (org_id, change_date, change_description, created_at, updated_at) VALUES ('ORG_S_d5c85013ebec59a9', '2012-08-01', '完成股份制改革', '2026-06-15T12:00:00+00:00', '2026-06-15T12:00:00+00:00');
INSERT INTO org_history (org_id, change_date, change_description, created_at, updated_at) VALUES ('ORG_S_d5c85013ebec59a9', '2013-04-23', '获批国家重点实验室', '2026-06-15T12:00:00+00:00', '2026-06-15T12:00:00+00:00');
INSERT INTO org_award (org_id, description, name, reason, award_date, level, award_type, created_at, updated_at) VALUES ('ORG_S_d5c85013ebec59a9', '', '省部级一等奖', '在新能源取得突破', '2015-08-27', '行业级', '工程', '2026-06-15T12:00:00+00:00', '2026-06-15T12:00:00+00:00');
INSERT INTO org_award (org_id, description, name, reason, award_date, level, award_type, created_at, updated_at) VALUES ('ORG_S_d5c85013ebec59a9', '', '省部级一等奖', '在卫星互联网取得突破', '2017-03-08', '国家级', '科技', '2026-06-15T12:00:00+00:00', '2026-06-15T12:00:00+00:00');
INSERT INTO org_award (org_id, description, name, reason, award_date, level, award_type, created_at, updated_at) VALUES ('ORG_S_d5c85013ebec59a9', '', '省部级一等奖', '在集成电路取得突破', '2017-03-25', '国家级', '工程', '2026-06-15T12:00:00+00:00', '2026-06-15T12:00:00+00:00');
INSERT INTO org_output (org_id, name, form, author, publish_date, attachment, created_at, updated_at) VALUES ('ORG_S_d5c85013ebec59a9', '集成电路标准', '标准', '航天氢动实验室', '2019-09-27', '', '2026-06-15T12:00:00+00:00', '2026-06-15T12:00:00+00:00');
INSERT INTO org_output (org_id, name, form, author, publish_date, attachment, created_at, updated_at) VALUES ('ORG_S_d5c85013ebec59a9', '基因编辑系统', '专利', '航天氢动实验室', '2024-03-18', '', '2026-06-15T12:00:00+00:00', '2026-06-15T12:00:00+00:00');
INSERT INTO org_output (org_id, name, form, author, publish_date, attachment, created_at, updated_at) VALUES ('ORG_S_d5c85013ebec59a9', '集成电路标准', '专利', '航天氢动实验室', '2018-02-20', '', '2026-06-15T12:00:00+00:00', '2026-06-15T12:00:00+00:00');
INSERT INTO org_output (org_id, name, form, author, publish_date, attachment, created_at, updated_at) VALUES ('ORG_S_d5c85013ebec59a9', '卫星互联网关键技术', '软件著作权', '航天氢动实验室', '2023-05-15', '', '2026-06-15T12:00:00+00:00', '2026-06-15T12:00:00+00:00');
INSERT INTO org_team (org_id, top_talents, award_winners, team_size, talent_type, created_at, updated_at) VALUES ('ORG_S_d5c85013ebec59a9', '["何海燕院士", "刘峰洋院士"]'::json, '["邓平"]'::json, 1000, '工程团队', '2026-06-15T12:00:00+00:00', '2026-06-15T12:00:00+00:00');
INSERT INTO org_facility (org_id, name, purpose, experiment_status, launch_date, construction_cost_wan_usd, created_at, updated_at) VALUES ('ORG_S_d5c85013ebec59a9', '基因编辑实验平台', '开展基因编辑关键实验', '运行中', '2019-07-22', 2000, '2026-06-15T12:00:00+00:00', '2026-06-15T12:00:00+00:00');
INSERT INTO org_facility (org_id, name, purpose, experiment_status, launch_date, construction_cost_wan_usd, created_at, updated_at) VALUES ('ORG_S_d5c85013ebec59a9', '基因编辑实验平台', '开展基因编辑关键实验', '在建', '2023-03-12', 8000, '2026-06-15T12:00:00+00:00', '2026-06-15T12:00:00+00:00');
INSERT INTO entity_change_log (entity_id, entity_type, field, old_value, new_value, method, operator, source_doc_id, reason, changed_at) VALUES ('ORG_S_d5c85013ebec59a9', 'org', '*', NULL, '{"action": "create"}'::json, 'rule', NULL, 'mock_seed', NULL, '2026-06-15T12:00:00+00:00');
INSERT INTO org_profile (org_id, name_cn, name_en, name_other, country, founded_date, dissolved_date, operating_years, website, summary, org_types, nature, function, scale, tech_domains, predecessor_names, departments, strategic_plans, evaluation_report, new_key_projects, remark, confidence, completeness, created_at, updated_at) VALUES ('ORG_S_2446de94addb74ee', '北方算力研究院', 'Org-051', '[]'::json, '美国', '1971-02-14', NULL, 55, 'www.org-051.example.com', '北方算力研究院是聚焦航空航天、机器人、半导体等领域的科研院所，致力于前沿技术研发与成果转化。', '["双一流高校", "民营企业", "重点实验室"]'::json, '科研院所', '人才培养', 15000, '["航空航天", "机器人", "半导体"]'::json, '[]'::json, '北方算力研究院下设基础研究部、应用工程部、国际合作部', '["2021-2025五年发展规划", "2026-2030五年发展规划"]'::json, '北方算力研究院在航空航天领域处于国内领先水平。', '["类脑计算架构", "碳化硅功率器件", "碳纳米管"]'::json, '', 0.882, 0.822, '2026-06-15T12:00:00+00:00', '2026-06-15T12:00:00+00:00');
INSERT INTO org_history (org_id, change_date, change_description, created_at, updated_at) VALUES ('ORG_S_2446de94addb74ee', '2012-09-22', '成立航空航天研究中心', '2026-06-15T12:00:00+00:00', '2026-06-15T12:00:00+00:00');
INSERT INTO org_history (org_id, change_date, change_description, created_at, updated_at) VALUES ('ORG_S_2446de94addb74ee', '2017-04-01', '完成股份制改革', '2026-06-15T12:00:00+00:00', '2026-06-15T12:00:00+00:00');
INSERT INTO org_history (org_id, change_date, change_description, created_at, updated_at) VALUES ('ORG_S_2446de94addb74ee', '2012-07-09', '获批国家重点实验室', '2026-06-15T12:00:00+00:00', '2026-06-15T12:00:00+00:00');
INSERT INTO org_award (org_id, description, name, reason, award_date, level, award_type, created_at, updated_at) VALUES ('ORG_S_2446de94addb74ee', '', '省部级一等奖', '在半导体取得突破', '2020-12-20', '国家级', '工程', '2026-06-15T12:00:00+00:00', '2026-06-15T12:00:00+00:00');
INSERT INTO org_award (org_id, description, name, reason, award_date, level, award_type, created_at, updated_at) VALUES ('ORG_S_2446de94addb74ee', '', '国家科技进步奖', '在航空航天取得突破', '2020-11-19', '国家级', '工程', '2026-06-15T12:00:00+00:00', '2026-06-15T12:00:00+00:00');
INSERT INTO org_award (org_id, description, name, reason, award_date, level, award_type, created_at, updated_at) VALUES ('ORG_S_2446de94addb74ee', '', '国家科技进步奖', '在机器人取得突破', '2018-09-05', '行业级', '工程', '2026-06-15T12:00:00+00:00', '2026-06-15T12:00:00+00:00');
INSERT INTO org_output (org_id, name, form, author, publish_date, attachment, created_at, updated_at) VALUES ('ORG_S_2446de94addb74ee', '机器人关键技术', '软件著作权', '北方算力研究院', '2023-10-22', '', '2026-06-15T12:00:00+00:00', '2026-06-15T12:00:00+00:00');
INSERT INTO org_output (org_id, name, form, author, publish_date, attachment, created_at, updated_at) VALUES ('ORG_S_2446de94addb74ee', '半导体关键技术', '软件著作权', '北方算力研究院', '2018-02-23', '', '2026-06-15T12:00:00+00:00', '2026-06-15T12:00:00+00:00');
INSERT INTO org_team (org_id, top_talents, award_winners, team_size, talent_type, created_at, updated_at) VALUES ('ORG_S_2446de94addb74ee', '["郭强明院士", "杨斌霞院士"]'::json, '["赵海燕伟", "唐强", "徐明强"]'::json, 200, '研发团队', '2026-06-15T12:00:00+00:00', '2026-06-15T12:00:00+00:00');
INSERT INTO org_facility (org_id, name, purpose, experiment_status, launch_date, construction_cost_wan_usd, created_at, updated_at) VALUES ('ORG_S_2446de94addb74ee', '半导体实验平台', '开展航空航天关键实验', '运行中', '2024-06-24', 500, '2026-06-15T12:00:00+00:00', '2026-06-15T12:00:00+00:00');
INSERT INTO org_facility (org_id, name, purpose, experiment_status, launch_date, construction_cost_wan_usd, created_at, updated_at) VALUES ('ORG_S_2446de94addb74ee', '航空航天实验平台', '开展机器人关键实验', '运行中', '2020-04-15', 8000, '2026-06-15T12:00:00+00:00', '2026-06-15T12:00:00+00:00');
INSERT INTO entity_change_log (entity_id, entity_type, field, old_value, new_value, method, operator, source_doc_id, reason, changed_at) VALUES ('ORG_S_2446de94addb74ee', 'org', '*', NULL, '{"action": "create"}'::json, 'rule', NULL, 'mock_seed', NULL, '2026-06-15T12:00:00+00:00');
INSERT INTO org_profile (org_id, name_cn, name_en, name_other, country, founded_date, dissolved_date, operating_years, website, summary, org_types, nature, function, scale, tech_domains, predecessor_names, departments, strategic_plans, evaluation_report, new_key_projects, remark, confidence, completeness, created_at, updated_at) VALUES ('ORG_S_4993c4532d2cb2d2', '北方前沿实验室', 'Org-052', '[]'::json, '韩国', '2013-02-04', NULL, 13, 'www.org-052.example.com', '北方前沿实验室是聚焦自动驾驶、新材料、基因编辑等领域的事业单位，致力于前沿技术研发与成果转化。', '["外资企业", "民营企业"]'::json, '事业单位', '技术开发', 200, '["自动驾驶", "新材料", "基因编辑", "量子计算"]'::json, '[]'::json, '北方前沿实验室下设基础研究部、应用工程部、国际合作部', '["2021-2025五年发展规划", "2026-2030五年发展规划"]'::json, '北方前沿实验室在基因编辑领域处于国内领先水平。', '["卫星星座组网", "金属3D打印", "基因剪刀"]'::json, '', 0.774, 0.586, '2026-06-15T12:00:00+00:00', '2026-06-15T12:00:00+00:00');
INSERT INTO org_history (org_id, change_date, change_description, created_at, updated_at) VALUES ('ORG_S_4993c4532d2cb2d2', '2017-05-07', '成立自动驾驶研究中心', '2026-06-15T12:00:00+00:00', '2026-06-15T12:00:00+00:00');
INSERT INTO org_history (org_id, change_date, change_description, created_at, updated_at) VALUES ('ORG_S_4993c4532d2cb2d2', '2020-03-04', '完成股份制改革', '2026-06-15T12:00:00+00:00', '2026-06-15T12:00:00+00:00');
INSERT INTO org_history (org_id, change_date, change_description, created_at, updated_at) VALUES ('ORG_S_4993c4532d2cb2d2', '2014-12-24', '获批国家重点实验室', '2026-06-15T12:00:00+00:00', '2026-06-15T12:00:00+00:00');
INSERT INTO org_award (org_id, description, name, reason, award_date, level, award_type, created_at, updated_at) VALUES ('ORG_S_4993c4532d2cb2d2', '', '国家科技进步奖', '在自动驾驶取得突破', '2020-08-23', '省部级', '创新', '2026-06-15T12:00:00+00:00', '2026-06-15T12:00:00+00:00');
INSERT INTO org_output (org_id, name, form, author, publish_date, attachment, created_at, updated_at) VALUES ('ORG_S_4993c4532d2cb2d2', '新材料系统', '标准', '北方前沿实验室', '2019-02-01', '', '2026-06-15T12:00:00+00:00', '2026-06-15T12:00:00+00:00');
INSERT INTO org_output (org_id, name, form, author, publish_date, attachment, created_at, updated_at) VALUES ('ORG_S_4993c4532d2cb2d2', '基因编辑标准', '标准', '北方前沿实验室', '2023-05-10', '', '2026-06-15T12:00:00+00:00', '2026-06-15T12:00:00+00:00');
INSERT INTO org_team (org_id, top_talents, award_winners, team_size, talent_type, created_at, updated_at) VALUES ('ORG_S_4993c4532d2cb2d2', '["韩刚婷院士", "马宁瑞院士"]'::json, '["郑强", "吴峰宁", "韩霞"]'::json, 1000, '研发团队', '2026-06-15T12:00:00+00:00', '2026-06-15T12:00:00+00:00');
INSERT INTO org_facility (org_id, name, purpose, experiment_status, launch_date, construction_cost_wan_usd, created_at, updated_at) VALUES ('ORG_S_4993c4532d2cb2d2', '自动驾驶实验平台', '开展基因编辑关键实验', '运行中', '2019-04-18', 15000, '2026-06-15T12:00:00+00:00', '2026-06-15T12:00:00+00:00');
INSERT INTO entity_change_log (entity_id, entity_type, field, old_value, new_value, method, operator, source_doc_id, reason, changed_at) VALUES ('ORG_S_4993c4532d2cb2d2', 'org', '*', NULL, '{"action": "create"}'::json, 'rule', NULL, 'mock_seed', NULL, '2026-06-15T12:00:00+00:00');
INSERT INTO org_profile (org_id, name_cn, name_en, name_other, country, founded_date, dissolved_date, operating_years, website, summary, org_types, nature, function, scale, tech_domains, predecessor_names, departments, strategic_plans, evaluation_report, new_key_projects, remark, confidence, completeness, created_at, updated_at) VALUES ('ORG_S_2e70524a84868778', '东方储能高科', 'Org-053', '[]'::json, '以色列', '2016-04-27', NULL, 10, 'www.org-053.example.com', '东方储能高科是聚焦机器人、氢能、光电技术等领域的高校，致力于前沿技术研发与成果转化。', '["民营企业"]'::json, '高校', '基础研究', 15000, '["机器人", "氢能", "光电技术", "6G通信"]'::json, '[]'::json, '东方储能高科下设基础研究部、应用工程部、国际合作部', '["2021-2025五年发展规划", "2026-2030五年发展规划"]'::json, '东方储能高科在6G通信领域处于国内领先水平。', '["钙钛矿太阳能电池", "可重复使用火箭"]'::json, '', 0.781, 0.573, '2026-06-15T12:00:00+00:00', '2026-06-15T12:00:00+00:00');
INSERT INTO org_history (org_id, change_date, change_description, created_at, updated_at) VALUES ('ORG_S_2e70524a84868778', '2022-12-04', '成立光电技术研究中心', '2026-06-15T12:00:00+00:00', '2026-06-15T12:00:00+00:00');
INSERT INTO org_history (org_id, change_date, change_description, created_at, updated_at) VALUES ('ORG_S_2e70524a84868778', '2020-07-09', '完成股份制改革', '2026-06-15T12:00:00+00:00', '2026-06-15T12:00:00+00:00');
INSERT INTO org_history (org_id, change_date, change_description, created_at, updated_at) VALUES ('ORG_S_2e70524a84868778', '2012-08-21', '获批国家重点实验室', '2026-06-15T12:00:00+00:00', '2026-06-15T12:00:00+00:00');
INSERT INTO org_award (org_id, description, name, reason, award_date, level, award_type, created_at, updated_at) VALUES ('ORG_S_2e70524a84868778', '', '省部级一等奖', '在机器人取得突破', '2024-11-17', '省部级', '创新', '2026-06-15T12:00:00+00:00', '2026-06-15T12:00:00+00:00');
INSERT INTO org_award (org_id, description, name, reason, award_date, level, award_type, created_at, updated_at) VALUES ('ORG_S_2e70524a84868778', '', '行业金奖', '在氢能取得突破', '2018-03-18', '国家级', '创新', '2026-06-15T12:00:00+00:00', '2026-06-15T12:00:00+00:00');
INSERT INTO org_award (org_id, description, name, reason, award_date, level, award_type, created_at, updated_at) VALUES ('ORG_S_2e70524a84868778', '', '国家科技进步奖', '在6G通信取得突破', '2022-04-21', '省部级', '创新', '2026-06-15T12:00:00+00:00', '2026-06-15T12:00:00+00:00');
INSERT INTO org_output (org_id, name, form, author, publish_date, attachment, created_at, updated_at) VALUES ('ORG_S_2e70524a84868778', '氢能关键技术', '论文', '东方储能高科', '2018-11-12', '', '2026-06-15T12:00:00+00:00', '2026-06-15T12:00:00+00:00');
INSERT INTO org_output (org_id, name, form, author, publish_date, attachment, created_at, updated_at) VALUES ('ORG_S_2e70524a84868778', '光电技术系统', '软件著作权', '东方储能高科', '2023-11-22', '', '2026-06-15T12:00:00+00:00', '2026-06-15T12:00:00+00:00');
INSERT INTO org_output (org_id, name, form, author, publish_date, attachment, created_at, updated_at) VALUES ('ORG_S_2e70524a84868778', '6G通信标准', '标准', '东方储能高科', '2018-04-09', '', '2026-06-15T12:00:00+00:00', '2026-06-15T12:00:00+00:00');
INSERT INTO org_output (org_id, name, form, author, publish_date, attachment, created_at, updated_at) VALUES ('ORG_S_2e70524a84868778', '氢能标准', '论文', '东方储能高科', '2024-05-22', '', '2026-06-15T12:00:00+00:00', '2026-06-15T12:00:00+00:00');
INSERT INTO org_team (org_id, top_talents, award_winners, team_size, talent_type, created_at, updated_at) VALUES ('ORG_S_2e70524a84868778', '["冯建华婷院士", "彭宇航院士"]'::json, '["何刚", "谢宇航瑞", "周涛"]'::json, 1000, '战略科学家团队', '2026-06-15T12:00:00+00:00', '2026-06-15T12:00:00+00:00');
INSERT INTO org_facility (org_id, name, purpose, experiment_status, launch_date, construction_cost_wan_usd, created_at, updated_at) VALUES ('ORG_S_2e70524a84868778', '光电技术实验平台', '开展氢能关键实验', '调试', '2023-02-26', 500, '2026-06-15T12:00:00+00:00', '2026-06-15T12:00:00+00:00');
INSERT INTO entity_change_log (entity_id, entity_type, field, old_value, new_value, method, operator, source_doc_id, reason, changed_at) VALUES ('ORG_S_2e70524a84868778', 'org', '*', NULL, '{"action": "create"}'::json, 'rule', NULL, 'mock_seed', NULL, '2026-06-15T12:00:00+00:00');
INSERT INTO org_profile (org_id, name_cn, name_en, name_other, country, founded_date, dissolved_date, operating_years, website, summary, org_types, nature, function, scale, tech_domains, predecessor_names, departments, strategic_plans, evaluation_report, new_key_projects, remark, confidence, completeness, created_at, updated_at) VALUES ('ORG_S_bc676cd72445777a', '东方航宇研究所', 'Org-054', '[]'::json, '法国', '1955-04-08', NULL, 71, 'www.org-054.example.com', '东方航宇研究所是聚焦生物医药、自动驾驶、半导体等领域的高校，致力于前沿技术研发与成果转化。', '["国家实验室", "重点实验室"]'::json, '高校', '人才培养', 200, '["生物医药", "自动驾驶", "半导体", "光电技术"]'::json, '[]'::json, '东方航宇研究所下设基础研究部、应用工程部、国际合作部', '["2021-2025五年发展规划", "2026-2030五年发展规划"]'::json, '东方航宇研究所在半导体领域处于国内领先水平。', '["深海潜水器", "量子纠错码"]'::json, '', 0.919, 0.752, '2026-06-15T12:00:00+00:00', '2026-06-15T12:00:00+00:00');
INSERT INTO org_history (org_id, change_date, change_description, created_at, updated_at) VALUES ('ORG_S_bc676cd72445777a', '2021-10-12', '成立生物医药研究中心', '2026-06-15T12:00:00+00:00', '2026-06-15T12:00:00+00:00');
INSERT INTO org_history (org_id, change_date, change_description, created_at, updated_at) VALUES ('ORG_S_bc676cd72445777a', '2020-02-16', '完成股份制改革', '2026-06-15T12:00:00+00:00', '2026-06-15T12:00:00+00:00');
INSERT INTO org_history (org_id, change_date, change_description, created_at, updated_at) VALUES ('ORG_S_bc676cd72445777a', '2021-07-27', '获批国家重点实验室', '2026-06-15T12:00:00+00:00', '2026-06-15T12:00:00+00:00');
INSERT INTO org_award (org_id, description, name, reason, award_date, level, award_type, created_at, updated_at) VALUES ('ORG_S_bc676cd72445777a', '', '省部级一等奖', '在半导体取得突破', '2015-02-16', '省部级', '工程', '2026-06-15T12:00:00+00:00', '2026-06-15T12:00:00+00:00');
INSERT INTO org_output (org_id, name, form, author, publish_date, attachment, created_at, updated_at) VALUES ('ORG_S_bc676cd72445777a', '半导体系统', '软件著作权', '东方航宇研究所', '2018-07-09', '', '2026-06-15T12:00:00+00:00', '2026-06-15T12:00:00+00:00');
INSERT INTO org_output (org_id, name, form, author, publish_date, attachment, created_at, updated_at) VALUES ('ORG_S_bc676cd72445777a', '光电技术系统', '专利', '东方航宇研究所', '2022-11-25', '', '2026-06-15T12:00:00+00:00', '2026-06-15T12:00:00+00:00');
INSERT INTO org_output (org_id, name, form, author, publish_date, attachment, created_at, updated_at) VALUES ('ORG_S_bc676cd72445777a', '自动驾驶关键技术', '论文', '东方航宇研究所', '2020-08-27', '', '2026-06-15T12:00:00+00:00', '2026-06-15T12:00:00+00:00');
INSERT INTO org_output (org_id, name, form, author, publish_date, attachment, created_at, updated_at) VALUES ('ORG_S_bc676cd72445777a', '自动驾驶系统', '标准', '东方航宇研究所', '2024-08-28', '', '2026-06-15T12:00:00+00:00', '2026-06-15T12:00:00+00:00');
INSERT INTO org_team (org_id, top_talents, award_winners, team_size, talent_type, created_at, updated_at) VALUES ('ORG_S_bc676cd72445777a', '["冯雪松院士"]'::json, '["林超勇"]'::json, 500, '研发团队', '2026-06-15T12:00:00+00:00', '2026-06-15T12:00:00+00:00');
INSERT INTO org_facility (org_id, name, purpose, experiment_status, launch_date, construction_cost_wan_usd, created_at, updated_at) VALUES ('ORG_S_bc676cd72445777a', '自动驾驶实验平台', '开展半导体关键实验', '运行中', '2022-11-24', 2000, '2026-06-15T12:00:00+00:00', '2026-06-15T12:00:00+00:00');
INSERT INTO org_facility (org_id, name, purpose, experiment_status, launch_date, construction_cost_wan_usd, created_at, updated_at) VALUES ('ORG_S_bc676cd72445777a', '光电技术实验平台', '开展生物医药关键实验', '调试', '2018-04-03', 8000, '2026-06-15T12:00:00+00:00', '2026-06-15T12:00:00+00:00');
INSERT INTO entity_change_log (entity_id, entity_type, field, old_value, new_value, method, operator, source_doc_id, reason, changed_at) VALUES ('ORG_S_bc676cd72445777a', 'org', '*', NULL, '{"action": "create"}'::json, 'rule', NULL, 'mock_seed', NULL, '2026-06-15T12:00:00+00:00');
INSERT INTO org_profile (org_id, name_cn, name_en, name_other, country, founded_date, dissolved_date, operating_years, website, summary, org_types, nature, function, scale, tech_domains, predecessor_names, departments, strategic_plans, evaluation_report, new_key_projects, remark, confidence, completeness, created_at, updated_at) VALUES ('ORG_S_ebc59ee308723f17', '中聚变研究所', 'Org-055', '[]'::json, '中国', '1983-11-19', NULL, 43, 'www.org-055.example.com', '中聚变研究所是聚焦大模型、量子计算、新能源等领域的企业，致力于前沿技术研发与成果转化。', '["双一流高校", "中外合资", "上市公司"]'::json, '企业', '人才培养', 15000, '["大模型", "量子计算", "新能源", "储能"]'::json, '[]'::json, '中聚变研究所下设基础研究部、应用工程部、国际合作部', '["2021-2025五年发展规划", "2026-2030五年发展规划"]'::json, '中聚变研究所在储能领域处于国内领先水平。', '["仿生机械臂", "神经形态芯片", "可重复使用火箭"]'::json, '', 0.758, 0.826, '2026-06-15T12:00:00+00:00', '2026-06-15T12:00:00+00:00');
INSERT INTO org_history (org_id, change_date, change_description, created_at, updated_at) VALUES ('ORG_S_ebc59ee308723f17', '2016-01-28', '成立大模型研究中心', '2026-06-15T12:00:00+00:00', '2026-06-15T12:00:00+00:00');
INSERT INTO org_history (org_id, change_date, change_description, created_at, updated_at) VALUES ('ORG_S_ebc59ee308723f17', '2014-10-07', '完成股份制改革', '2026-06-15T12:00:00+00:00', '2026-06-15T12:00:00+00:00');
INSERT INTO org_history (org_id, change_date, change_description, created_at, updated_at) VALUES ('ORG_S_ebc59ee308723f17', '2015-03-09', '获批国家重点实验室', '2026-06-15T12:00:00+00:00', '2026-06-15T12:00:00+00:00');
INSERT INTO org_award (org_id, description, name, reason, award_date, level, award_type, created_at, updated_at) VALUES ('ORG_S_ebc59ee308723f17', '', '国家科技进步奖', '在新能源取得突破', '2018-07-03', '省部级', '科技', '2026-06-15T12:00:00+00:00', '2026-06-15T12:00:00+00:00');
INSERT INTO org_award (org_id, description, name, reason, award_date, level, award_type, created_at, updated_at) VALUES ('ORG_S_ebc59ee308723f17', '', '省部级一等奖', '在储能取得突破', '2016-04-04', '国家级', '创新', '2026-06-15T12:00:00+00:00', '2026-06-15T12:00:00+00:00');
INSERT INTO org_output (org_id, name, form, author, publish_date, attachment, created_at, updated_at) VALUES ('ORG_S_ebc59ee308723f17', '量子计算系统', '专利', '中聚变研究所', '2020-09-27', '', '2026-06-15T12:00:00+00:00', '2026-06-15T12:00:00+00:00');
INSERT INTO org_output (org_id, name, form, author, publish_date, attachment, created_at, updated_at) VALUES ('ORG_S_ebc59ee308723f17', '量子计算系统', '标准', '中聚变研究所', '2018-07-21', '', '2026-06-15T12:00:00+00:00', '2026-06-15T12:00:00+00:00');
INSERT INTO org_output (org_id, name, form, author, publish_date, attachment, created_at, updated_at) VALUES ('ORG_S_ebc59ee308723f17', '大模型关键技术', '论文', '中聚变研究所', '2023-09-06', '', '2026-06-15T12:00:00+00:00', '2026-06-15T12:00:00+00:00');
INSERT INTO org_output (org_id, name, form, author, publish_date, attachment, created_at, updated_at) VALUES ('ORG_S_ebc59ee308723f17', '储能系统', '标准', '中聚变研究所', '2020-05-01', '', '2026-06-15T12:00:00+00:00', '2026-06-15T12:00:00+00:00');
INSERT INTO org_team (org_id, top_talents, award_winners, team_size, talent_type, created_at, updated_at) VALUES ('ORG_S_ebc59ee308723f17', '["刘俊杰院士"]'::json, '["郑伟"]'::json, 200, '战略科学家团队', '2026-06-15T12:00:00+00:00', '2026-06-15T12:00:00+00:00');
INSERT INTO org_facility (org_id, name, purpose, experiment_status, launch_date, construction_cost_wan_usd, created_at, updated_at) VALUES ('ORG_S_ebc59ee308723f17', '大模型实验平台', '开展储能关键实验', '运行中', '2018-10-11', 2000, '2026-06-15T12:00:00+00:00', '2026-06-15T12:00:00+00:00');
INSERT INTO org_facility (org_id, name, purpose, experiment_status, launch_date, construction_cost_wan_usd, created_at, updated_at) VALUES ('ORG_S_ebc59ee308723f17', '大模型实验平台', '开展大模型关键实验', '运行中', '2021-12-22', 2000, '2026-06-15T12:00:00+00:00', '2026-06-15T12:00:00+00:00');
INSERT INTO entity_change_log (entity_id, entity_type, field, old_value, new_value, method, operator, source_doc_id, reason, changed_at) VALUES ('ORG_S_ebc59ee308723f17', 'org', '*', NULL, '{"action": "create"}'::json, 'rule', NULL, 'mock_seed', NULL, '2026-06-15T12:00:00+00:00');
INSERT INTO org_profile (org_id, name_cn, name_en, name_other, country, founded_date, dissolved_date, operating_years, website, summary, org_types, nature, function, scale, tech_domains, predecessor_names, departments, strategic_plans, evaluation_report, new_key_projects, remark, confidence, completeness, created_at, updated_at) VALUES ('ORG_S_41351d1206e55609', '国未来研究院', 'Org-056', '[]'::json, '日本', '1973-01-23', NULL, 53, 'www.org-056.example.com', '国未来研究院是聚焦半导体、先进算力、光电技术等领域的政府机构，致力于前沿技术研发与成果转化。', '["双一流高校", "民营企业", "重点实验室"]'::json, '政府机构', '基础研究', 1000, '["半导体", "先进算力", "光电技术"]'::json, '[]'::json, '国未来研究院下设基础研究部、应用工程部、国际合作部', '["2021-2025五年发展规划", "2026-2030五年发展规划"]'::json, '国未来研究院在先进算力领域处于国内领先水平。', '["钙钛矿太阳能电池"]'::json, '', 0.805, 0.682, '2026-06-15T12:00:00+00:00', '2026-06-15T12:00:00+00:00');
INSERT INTO org_history (org_id, change_date, change_description, created_at, updated_at) VALUES ('ORG_S_41351d1206e55609', '2011-06-07', '成立光电技术研究中心', '2026-06-15T12:00:00+00:00', '2026-06-15T12:00:00+00:00');
INSERT INTO org_history (org_id, change_date, change_description, created_at, updated_at) VALUES ('ORG_S_41351d1206e55609', '2022-10-09', '完成股份制改革', '2026-06-15T12:00:00+00:00', '2026-06-15T12:00:00+00:00');
INSERT INTO org_history (org_id, change_date, change_description, created_at, updated_at) VALUES ('ORG_S_41351d1206e55609', '2019-05-03', '获批国家重点实验室', '2026-06-15T12:00:00+00:00', '2026-06-15T12:00:00+00:00');
INSERT INTO org_award (org_id, description, name, reason, award_date, level, award_type, created_at, updated_at) VALUES ('ORG_S_41351d1206e55609', '', '行业金奖', '在半导体取得突破', '2024-06-09', '行业级', '工程', '2026-06-15T12:00:00+00:00', '2026-06-15T12:00:00+00:00');
INSERT INTO org_output (org_id, name, form, author, publish_date, attachment, created_at, updated_at) VALUES ('ORG_S_41351d1206e55609', '半导体关键技术', '软件著作权', '国未来研究院', '2024-05-02', '', '2026-06-15T12:00:00+00:00', '2026-06-15T12:00:00+00:00');
INSERT INTO org_output (org_id, name, form, author, publish_date, attachment, created_at, updated_at) VALUES ('ORG_S_41351d1206e55609', '光电技术标准', '论文', '国未来研究院', '2022-12-17', '', '2026-06-15T12:00:00+00:00', '2026-06-15T12:00:00+00:00');
INSERT INTO org_output (org_id, name, form, author, publish_date, attachment, created_at, updated_at) VALUES ('ORG_S_41351d1206e55609', '先进算力系统', '专利', '国未来研究院', '2018-04-04', '', '2026-06-15T12:00:00+00:00', '2026-06-15T12:00:00+00:00');
INSERT INTO org_output (org_id, name, form, author, publish_date, attachment, created_at, updated_at) VALUES ('ORG_S_41351d1206e55609', '半导体关键技术', '论文', '国未来研究院', '2022-04-25', '', '2026-06-15T12:00:00+00:00', '2026-06-15T12:00:00+00:00');
INSERT INTO org_team (org_id, top_talents, award_winners, team_size, talent_type, created_at, updated_at) VALUES ('ORG_S_41351d1206e55609', '["杨霞院士", "谢艳院士"]'::json, '["张昊超", "郭斌"]'::json, 500, '工程团队', '2026-06-15T12:00:00+00:00', '2026-06-15T12:00:00+00:00');
INSERT INTO org_facility (org_id, name, purpose, experiment_status, launch_date, construction_cost_wan_usd, created_at, updated_at) VALUES ('ORG_S_41351d1206e55609', '光电技术实验平台', '开展光电技术关键实验', '在建', '2023-03-10', 500, '2026-06-15T12:00:00+00:00', '2026-06-15T12:00:00+00:00');
INSERT INTO org_facility (org_id, name, purpose, experiment_status, launch_date, construction_cost_wan_usd, created_at, updated_at) VALUES ('ORG_S_41351d1206e55609', '半导体实验平台', '开展半导体关键实验', '调试', '2021-01-15', 500, '2026-06-15T12:00:00+00:00', '2026-06-15T12:00:00+00:00');
INSERT INTO entity_change_log (entity_id, entity_type, field, old_value, new_value, method, operator, source_doc_id, reason, changed_at) VALUES ('ORG_S_41351d1206e55609', 'org', '*', NULL, '{"action": "create"}'::json, 'rule', NULL, 'mock_seed', NULL, '2026-06-15T12:00:00+00:00');
INSERT INTO org_profile (org_id, name_cn, name_en, name_other, country, founded_date, dissolved_date, operating_years, website, summary, org_types, nature, function, scale, tech_domains, predecessor_names, departments, strategic_plans, evaluation_report, new_key_projects, remark, confidence, completeness, created_at, updated_at) VALUES ('ORG_S_36fac8c3e4b0de04', '东方智算实验室', 'Org-057', '[]'::json, '日本', '1971-03-09', NULL, 55, 'www.org-057.example.com', '东方智算实验室是聚焦新材料、人工智能、深海装备等领域的企业，致力于前沿技术研发与成果转化。', '["外资企业"]'::json, '企业', '技术开发', 3000, '["新材料", "人工智能", "深海装备", "半导体"]'::json, '[]'::json, '东方智算实验室下设基础研究部、应用工程部、国际合作部', '["2021-2025五年发展规划", "2026-2030五年发展规划"]'::json, '东方智算实验室在深海装备领域处于国内领先水平。', '["基因剪刀", "神经网络芯片"]'::json, '', 0.81, 0.773, '2026-06-15T12:00:00+00:00', '2026-06-15T12:00:00+00:00');
INSERT INTO org_history (org_id, change_date, change_description, created_at, updated_at) VALUES ('ORG_S_36fac8c3e4b0de04', '2017-01-22', '成立深海装备研究中心', '2026-06-15T12:00:00+00:00', '2026-06-15T12:00:00+00:00');
INSERT INTO org_history (org_id, change_date, change_description, created_at, updated_at) VALUES ('ORG_S_36fac8c3e4b0de04', '2022-03-15', '完成股份制改革', '2026-06-15T12:00:00+00:00', '2026-06-15T12:00:00+00:00');
INSERT INTO org_history (org_id, change_date, change_description, created_at, updated_at) VALUES ('ORG_S_36fac8c3e4b0de04', '2011-07-15', '获批国家重点实验室', '2026-06-15T12:00:00+00:00', '2026-06-15T12:00:00+00:00');
INSERT INTO org_award (org_id, description, name, reason, award_date, level, award_type, created_at, updated_at) VALUES ('ORG_S_36fac8c3e4b0de04', '', '行业金奖', '在新材料取得突破', '2017-03-21', '行业级', '科技', '2026-06-15T12:00:00+00:00', '2026-06-15T12:00:00+00:00');
INSERT INTO org_award (org_id, description, name, reason, award_date, level, award_type, created_at, updated_at) VALUES ('ORG_S_36fac8c3e4b0de04', '', '国家科技进步奖', '在半导体取得突破', '2015-07-23', '行业级', '科技', '2026-06-15T12:00:00+00:00', '2026-06-15T12:00:00+00:00');
INSERT INTO org_award (org_id, description, name, reason, award_date, level, award_type, created_at, updated_at) VALUES ('ORG_S_36fac8c3e4b0de04', '', '省部级一等奖', '在新材料取得突破', '2018-08-02', '行业级', '工程', '2026-06-15T12:00:00+00:00', '2026-06-15T12:00:00+00:00');
INSERT INTO org_output (org_id, name, form, author, publish_date, attachment, created_at, updated_at) VALUES ('ORG_S_36fac8c3e4b0de04', '人工智能关键技术', '专利', '东方智算实验室', '2022-12-28', '', '2026-06-15T12:00:00+00:00', '2026-06-15T12:00:00+00:00');
INSERT INTO org_output (org_id, name, form, author, publish_date, attachment, created_at, updated_at) VALUES ('ORG_S_36fac8c3e4b0de04', '半导体标准', '专利', '东方智算实验室', '2018-01-17', '', '2026-06-15T12:00:00+00:00', '2026-06-15T12:00:00+00:00');
INSERT INTO org_team (org_id, top_talents, award_winners, team_size, talent_type, created_at, updated_at) VALUES ('ORG_S_36fac8c3e4b0de04', '["张晓东院士", "罗磊俊杰院士"]'::json, '["曹刚宇航", "罗伟杰", "唐勇峰"]'::json, 1000, '战略科学家团队', '2026-06-15T12:00:00+00:00', '2026-06-15T12:00:00+00:00');
INSERT INTO org_facility (org_id, name, purpose, experiment_status, launch_date, construction_cost_wan_usd, created_at, updated_at) VALUES ('ORG_S_36fac8c3e4b0de04', '人工智能实验平台', '开展新材料关键实验', '运行中', '2019-07-23', 500, '2026-06-15T12:00:00+00:00', '2026-06-15T12:00:00+00:00');
INSERT INTO entity_change_log (entity_id, entity_type, field, old_value, new_value, method, operator, source_doc_id, reason, changed_at) VALUES ('ORG_S_36fac8c3e4b0de04', 'org', '*', NULL, '{"action": "create"}'::json, 'rule', NULL, 'mock_seed', NULL, '2026-06-15T12:00:00+00:00');
INSERT INTO org_profile (org_id, name_cn, name_en, name_other, country, founded_date, dissolved_date, operating_years, website, summary, org_types, nature, function, scale, tech_domains, predecessor_names, departments, strategic_plans, evaluation_report, new_key_projects, remark, confidence, completeness, created_at, updated_at) VALUES ('ORG_S_713e5d54db28cf93', '东方芯创股份', 'Org-058', '[]'::json, '俄罗斯', '1958-08-26', NULL, 68, 'www.org-058.example.com', '东方芯创股份是聚焦氢能、自动驾驶、光电技术等领域的高校，致力于前沿技术研发与成果转化。', '["中外合资", "国有企业"]'::json, '高校', '成果转化', 3000, '["氢能", "自动驾驶", "光电技术", "脑机接口"]'::json, '[]'::json, '东方芯创股份下设基础研究部、应用工程部、国际合作部', '["2021-2025五年发展规划", "2026-2030五年发展规划"]'::json, '东方芯创股份在自动驾驶领域处于国内领先水平。', '["毫米波雷达"]'::json, '', 0.841, 0.614, '2026-06-15T12:00:00+00:00', '2026-06-15T12:00:00+00:00');
INSERT INTO org_history (org_id, change_date, change_description, created_at, updated_at) VALUES ('ORG_S_713e5d54db28cf93', '2013-11-01', '成立氢能研究中心', '2026-06-15T12:00:00+00:00', '2026-06-15T12:00:00+00:00');
INSERT INTO org_history (org_id, change_date, change_description, created_at, updated_at) VALUES ('ORG_S_713e5d54db28cf93', '2010-12-09', '完成股份制改革', '2026-06-15T12:00:00+00:00', '2026-06-15T12:00:00+00:00');
INSERT INTO org_history (org_id, change_date, change_description, created_at, updated_at) VALUES ('ORG_S_713e5d54db28cf93', '2010-10-14', '获批国家重点实验室', '2026-06-15T12:00:00+00:00', '2026-06-15T12:00:00+00:00');
INSERT INTO org_award (org_id, description, name, reason, award_date, level, award_type, created_at, updated_at) VALUES ('ORG_S_713e5d54db28cf93', '', '国家科技进步奖', '在自动驾驶取得突破', '2021-01-13', '省部级', '科技', '2026-06-15T12:00:00+00:00', '2026-06-15T12:00:00+00:00');
INSERT INTO org_output (org_id, name, form, author, publish_date, attachment, created_at, updated_at) VALUES ('ORG_S_713e5d54db28cf93', '脑机接口标准', '专利', '东方芯创股份', '2024-06-02', '', '2026-06-15T12:00:00+00:00', '2026-06-15T12:00:00+00:00');
INSERT INTO org_output (org_id, name, form, author, publish_date, attachment, created_at, updated_at) VALUES ('ORG_S_713e5d54db28cf93', '光电技术系统', '论文', '东方芯创股份', '2018-07-26', '', '2026-06-15T12:00:00+00:00', '2026-06-15T12:00:00+00:00');
INSERT INTO org_output (org_id, name, form, author, publish_date, attachment, created_at, updated_at) VALUES ('ORG_S_713e5d54db28cf93', '自动驾驶标准', '软件著作权', '东方芯创股份', '2018-09-09', '', '2026-06-15T12:00:00+00:00', '2026-06-15T12:00:00+00:00');
INSERT INTO org_output (org_id, name, form, author, publish_date, attachment, created_at, updated_at) VALUES ('ORG_S_713e5d54db28cf93', '脑机接口标准', '论文', '东方芯创股份', '2021-01-18', '', '2026-06-15T12:00:00+00:00', '2026-06-15T12:00:00+00:00');
INSERT INTO org_team (org_id, top_talents, award_winners, team_size, talent_type, created_at, updated_at) VALUES ('ORG_S_713e5d54db28cf93', '["朱娟院士", "杨平院士"]'::json, '["吴娟洋", "许伟", "高文博"]'::json, 200, '战略科学家团队', '2026-06-15T12:00:00+00:00', '2026-06-15T12:00:00+00:00');
INSERT INTO org_facility (org_id, name, purpose, experiment_status, launch_date, construction_cost_wan_usd, created_at, updated_at) VALUES ('ORG_S_713e5d54db28cf93', '光电技术实验平台', '开展自动驾驶关键实验', '在建', '2024-01-20', 15000, '2026-06-15T12:00:00+00:00', '2026-06-15T12:00:00+00:00');
INSERT INTO org_facility (org_id, name, purpose, experiment_status, launch_date, construction_cost_wan_usd, created_at, updated_at) VALUES ('ORG_S_713e5d54db28cf93', '氢能实验平台', '开展氢能关键实验', '运行中', '2023-12-24', 8000, '2026-06-15T12:00:00+00:00', '2026-06-15T12:00:00+00:00');
INSERT INTO entity_change_log (entity_id, entity_type, field, old_value, new_value, method, operator, source_doc_id, reason, changed_at) VALUES ('ORG_S_713e5d54db28cf93', 'org', '*', NULL, '{"action": "create"}'::json, 'rule', NULL, 'mock_seed', NULL, '2026-06-15T12:00:00+00:00');
INSERT INTO org_profile (org_id, name_cn, name_en, name_other, country, founded_date, dissolved_date, operating_years, website, summary, org_types, nature, function, scale, tech_domains, predecessor_names, departments, strategic_plans, evaluation_report, new_key_projects, remark, confidence, completeness, created_at, updated_at) VALUES ('ORG_S_65aa5014fe8b30e2', '国航宇高科', 'Org-059', '[]'::json, '德国', '2017-08-26', NULL, 9, 'www.org-059.example.com', '国航宇高科是聚焦6G通信、自动驾驶、增材制造等领域的科研院所，致力于前沿技术研发与成果转化。', '["国家实验室", "中外合资"]'::json, '科研院所', '应用研究', 8000, '["6G通信", "自动驾驶", "增材制造", "量子计算", "5G通信"]'::json, '[]'::json, '国航宇高科下设基础研究部、应用工程部、国际合作部', '["2021-2025五年发展规划", "2026-2030五年发展规划"]'::json, '国航宇高科在5G通信领域处于国内领先水平。', '["氢燃料电池电堆", "类脑计算架构", "量子纠错码"]'::json, '', 0.768, 0.932, '2026-06-15T12:00:00+00:00', '2026-06-15T12:00:00+00:00');
INSERT INTO org_history (org_id, change_date, change_description, created_at, updated_at) VALUES ('ORG_S_65aa5014fe8b30e2', '2015-01-23', '成立6G通信研究中心', '2026-06-15T12:00:00+00:00', '2026-06-15T12:00:00+00:00');
INSERT INTO org_history (org_id, change_date, change_description, created_at, updated_at) VALUES ('ORG_S_65aa5014fe8b30e2', '2015-12-05', '完成股份制改革', '2026-06-15T12:00:00+00:00', '2026-06-15T12:00:00+00:00');
INSERT INTO org_history (org_id, change_date, change_description, created_at, updated_at) VALUES ('ORG_S_65aa5014fe8b30e2', '2023-06-16', '获批国家重点实验室', '2026-06-15T12:00:00+00:00', '2026-06-15T12:00:00+00:00');
INSERT INTO org_award (org_id, description, name, reason, award_date, level, award_type, created_at, updated_at) VALUES ('ORG_S_65aa5014fe8b30e2', '', '国家科技进步奖', '在量子计算取得突破', '2021-02-05', '省部级', '科技', '2026-06-15T12:00:00+00:00', '2026-06-15T12:00:00+00:00');
INSERT INTO org_output (org_id, name, form, author, publish_date, attachment, created_at, updated_at) VALUES ('ORG_S_65aa5014fe8b30e2', '增材制造标准', '标准', '国航宇高科', '2024-07-16', '', '2026-06-15T12:00:00+00:00', '2026-06-15T12:00:00+00:00');
INSERT INTO org_output (org_id, name, form, author, publish_date, attachment, created_at, updated_at) VALUES ('ORG_S_65aa5014fe8b30e2', '增材制造关键技术', '专利', '国航宇高科', '2019-02-11', '', '2026-06-15T12:00:00+00:00', '2026-06-15T12:00:00+00:00');
INSERT INTO org_team (org_id, top_talents, award_winners, team_size, talent_type, created_at, updated_at) VALUES ('ORG_S_65aa5014fe8b30e2', '["韩杰宁院士", "曹娟院士"]'::json, '["吴宁军", "李明", "冯桂英霞"]'::json, 200, '研发团队', '2026-06-15T12:00:00+00:00', '2026-06-15T12:00:00+00:00');
INSERT INTO org_facility (org_id, name, purpose, experiment_status, launch_date, construction_cost_wan_usd, created_at, updated_at) VALUES ('ORG_S_65aa5014fe8b30e2', '5G通信实验平台', '开展增材制造关键实验', '运行中', '2023-10-09', 8000, '2026-06-15T12:00:00+00:00', '2026-06-15T12:00:00+00:00');
INSERT INTO org_facility (org_id, name, purpose, experiment_status, launch_date, construction_cost_wan_usd, created_at, updated_at) VALUES ('ORG_S_65aa5014fe8b30e2', '增材制造实验平台', '开展量子计算关键实验', '运行中', '2022-12-10', 2000, '2026-06-15T12:00:00+00:00', '2026-06-15T12:00:00+00:00');
INSERT INTO entity_change_log (entity_id, entity_type, field, old_value, new_value, method, operator, source_doc_id, reason, changed_at) VALUES ('ORG_S_65aa5014fe8b30e2', 'org', '*', NULL, '{"action": "create"}'::json, 'rule', NULL, 'mock_seed', NULL, '2026-06-15T12:00:00+00:00');
INSERT INTO org_profile (org_id, name_cn, name_en, name_other, country, founded_date, dissolved_date, operating_years, website, summary, org_types, nature, function, scale, tech_domains, predecessor_names, departments, strategic_plans, evaluation_report, new_key_projects, remark, confidence, completeness, created_at, updated_at) VALUES ('ORG_S_2094fe6686540cdf', '华信息高科', 'Org-060', '[]'::json, '新加坡', '1965-03-08', NULL, 61, 'www.org-060.example.com', '华信息高科是聚焦6G通信、航空航天、量子计算等领域的政府机构，致力于前沿技术研发与成果转化。', '["国有企业", "民营企业", "重点实验室"]'::json, '政府机构', '成果转化', 1000, '["6G通信", "航空航天", "量子计算", "半导体"]'::json, '[]'::json, '华信息高科下设基础研究部、应用工程部、国际合作部', '["2021-2025五年发展规划", "2026-2030五年发展规划"]'::json, '华信息高科在6G通信领域处于国内领先水平。', '["金属3D打印"]'::json, '', 0.78, 0.663, '2026-06-15T12:00:00+00:00', '2026-06-15T12:00:00+00:00');
INSERT INTO org_history (org_id, change_date, change_description, created_at, updated_at) VALUES ('ORG_S_2094fe6686540cdf', '2016-09-14', '成立量子计算研究中心', '2026-06-15T12:00:00+00:00', '2026-06-15T12:00:00+00:00');
INSERT INTO org_history (org_id, change_date, change_description, created_at, updated_at) VALUES ('ORG_S_2094fe6686540cdf', '2012-07-14', '完成股份制改革', '2026-06-15T12:00:00+00:00', '2026-06-15T12:00:00+00:00');
INSERT INTO org_history (org_id, change_date, change_description, created_at, updated_at) VALUES ('ORG_S_2094fe6686540cdf', '2024-02-10', '获批国家重点实验室', '2026-06-15T12:00:00+00:00', '2026-06-15T12:00:00+00:00');
INSERT INTO org_award (org_id, description, name, reason, award_date, level, award_type, created_at, updated_at) VALUES ('ORG_S_2094fe6686540cdf', '', '行业金奖', '在半导体取得突破', '2016-05-06', '行业级', '科技', '2026-06-15T12:00:00+00:00', '2026-06-15T12:00:00+00:00');
INSERT INTO org_output (org_id, name, form, author, publish_date, attachment, created_at, updated_at) VALUES ('ORG_S_2094fe6686540cdf', '半导体系统', '软件著作权', '华信息高科', '2024-04-10', '', '2026-06-15T12:00:00+00:00', '2026-06-15T12:00:00+00:00');
INSERT INTO org_output (org_id, name, form, author, publish_date, attachment, created_at, updated_at) VALUES ('ORG_S_2094fe6686540cdf', '量子计算标准', '专利', '华信息高科', '2018-11-14', '', '2026-06-15T12:00:00+00:00', '2026-06-15T12:00:00+00:00');
INSERT INTO org_output (org_id, name, form, author, publish_date, attachment, created_at, updated_at) VALUES ('ORG_S_2094fe6686540cdf', '航空航天标准', '专利', '华信息高科', '2020-02-16', '', '2026-06-15T12:00:00+00:00', '2026-06-15T12:00:00+00:00');
INSERT INTO org_team (org_id, top_talents, award_winners, team_size, talent_type, created_at, updated_at) VALUES ('ORG_S_2094fe6686540cdf', '["高文博院士"]'::json, '["韩雪松宁"]'::json, 500, '战略科学家团队', '2026-06-15T12:00:00+00:00', '2026-06-15T12:00:00+00:00');
INSERT INTO org_facility (org_id, name, purpose, experiment_status, launch_date, construction_cost_wan_usd, created_at, updated_at) VALUES ('ORG_S_2094fe6686540cdf', '量子计算实验平台', '开展航空航天关键实验', '调试', '2018-11-11', 500, '2026-06-15T12:00:00+00:00', '2026-06-15T12:00:00+00:00');
INSERT INTO org_facility (org_id, name, purpose, experiment_status, launch_date, construction_cost_wan_usd, created_at, updated_at) VALUES ('ORG_S_2094fe6686540cdf', '量子计算实验平台', '开展半导体关键实验', '运行中', '2021-02-11', 500, '2026-06-15T12:00:00+00:00', '2026-06-15T12:00:00+00:00');
INSERT INTO entity_change_log (entity_id, entity_type, field, old_value, new_value, method, operator, source_doc_id, reason, changed_at) VALUES ('ORG_S_2094fe6686540cdf', 'org', '*', NULL, '{"action": "create"}'::json, 'rule', NULL, 'mock_seed', NULL, '2026-06-15T12:00:00+00:00');
INSERT INTO org_profile (org_id, name_cn, name_en, name_other, country, founded_date, dissolved_date, operating_years, website, summary, org_types, nature, function, scale, tech_domains, predecessor_names, departments, strategic_plans, evaluation_report, new_key_projects, remark, confidence, completeness, created_at, updated_at) VALUES ('ORG_S_4a26b69a8c5913c3', '国信息高科', 'Org-061', '[]'::json, '中国', '1978-02-13', NULL, 48, 'www.org-061.example.com', '国信息高科是聚焦新能源、脑机接口等领域的企业，致力于前沿技术研发与成果转化。', '["上市公司", "国有企业", "民营企业"]'::json, '企业', '成果转化', 15000, '["新能源", "脑机接口"]'::json, '[]'::json, '国信息高科下设基础研究部、应用工程部、国际合作部', '["2021-2025五年发展规划", "2026-2030五年发展规划"]'::json, '国信息高科在新能源领域处于国内领先水平。', '["可重复使用火箭", "卫星星座组网", "光量子计算"]'::json, '', 0.937, 0.78, '2026-06-15T12:00:00+00:00', '2026-06-15T12:00:00+00:00');
INSERT INTO org_history (org_id, change_date, change_description, created_at, updated_at) VALUES ('ORG_S_4a26b69a8c5913c3', '2021-06-09', '成立新能源研究中心', '2026-06-15T12:00:00+00:00', '2026-06-15T12:00:00+00:00');
INSERT INTO org_history (org_id, change_date, change_description, created_at, updated_at) VALUES ('ORG_S_4a26b69a8c5913c3', '2015-01-26', '完成股份制改革', '2026-06-15T12:00:00+00:00', '2026-06-15T12:00:00+00:00');
INSERT INTO org_history (org_id, change_date, change_description, created_at, updated_at) VALUES ('ORG_S_4a26b69a8c5913c3', '2023-12-14', '获批国家重点实验室', '2026-06-15T12:00:00+00:00', '2026-06-15T12:00:00+00:00');
INSERT INTO org_award (org_id, description, name, reason, award_date, level, award_type, created_at, updated_at) VALUES ('ORG_S_4a26b69a8c5913c3', '', '省部级一等奖', '在脑机接口取得突破', '2020-07-01', '国家级', '科技', '2026-06-15T12:00:00+00:00', '2026-06-15T12:00:00+00:00');
INSERT INTO org_output (org_id, name, form, author, publish_date, attachment, created_at, updated_at) VALUES ('ORG_S_4a26b69a8c5913c3', '脑机接口标准', '论文', '国信息高科', '2020-08-07', '', '2026-06-15T12:00:00+00:00', '2026-06-15T12:00:00+00:00');
INSERT INTO org_output (org_id, name, form, author, publish_date, attachment, created_at, updated_at) VALUES ('ORG_S_4a26b69a8c5913c3', '脑机接口系统', '软件著作权', '国信息高科', '2018-04-17', '', '2026-06-15T12:00:00+00:00', '2026-06-15T12:00:00+00:00');
INSERT INTO org_output (org_id, name, form, author, publish_date, attachment, created_at, updated_at) VALUES ('ORG_S_4a26b69a8c5913c3', '脑机接口标准', '论文', '国信息高科', '2022-06-12', '', '2026-06-15T12:00:00+00:00', '2026-06-15T12:00:00+00:00');
INSERT INTO org_team (org_id, top_talents, award_winners, team_size, talent_type, created_at, updated_at) VALUES ('ORG_S_4a26b69a8c5913c3', '["谢磊院士", "何宁杰院士"]'::json, '["李文博", "孙海燕超"]'::json, 1000, '工程团队', '2026-06-15T12:00:00+00:00', '2026-06-15T12:00:00+00:00');
INSERT INTO org_facility (org_id, name, purpose, experiment_status, launch_date, construction_cost_wan_usd, created_at, updated_at) VALUES ('ORG_S_4a26b69a8c5913c3', '脑机接口实验平台', '开展脑机接口关键实验', '在建', '2023-03-24', 8000, '2026-06-15T12:00:00+00:00', '2026-06-15T12:00:00+00:00');
INSERT INTO org_facility (org_id, name, purpose, experiment_status, launch_date, construction_cost_wan_usd, created_at, updated_at) VALUES ('ORG_S_4a26b69a8c5913c3', '脑机接口实验平台', '开展脑机接口关键实验', '在建', '2021-10-15', 8000, '2026-06-15T12:00:00+00:00', '2026-06-15T12:00:00+00:00');
INSERT INTO entity_change_log (entity_id, entity_type, field, old_value, new_value, method, operator, source_doc_id, reason, changed_at) VALUES ('ORG_S_4a26b69a8c5913c3', 'org', '*', NULL, '{"action": "create"}'::json, 'rule', NULL, 'mock_seed', NULL, '2026-06-15T12:00:00+00:00');
INSERT INTO org_profile (org_id, name_cn, name_en, name_other, country, founded_date, dissolved_date, operating_years, website, summary, org_types, nature, function, scale, tech_domains, predecessor_names, departments, strategic_plans, evaluation_report, new_key_projects, remark, confidence, completeness, created_at, updated_at) VALUES ('ORG_S_171f3ec6ebf67f35', '新生医实验室', 'Org-062', '[]'::json, '中国', '1981-12-03', NULL, 45, 'www.org-062.example.com', '新生医实验室是聚焦脑机接口、自动驾驶等领域的企业，致力于前沿技术研发与成果转化。', '["双一流高校"]'::json, '企业', '基础研究', 3000, '["脑机接口", "自动驾驶"]'::json, '[]'::json, '新生医实验室下设基础研究部、应用工程部、国际合作部', '["2021-2025五年发展规划", "2026-2030五年发展规划"]'::json, '新生医实验室在自动驾驶领域处于国内领先水平。', '["碳纳米管", "可重复使用火箭"]'::json, '', 0.777, 0.636, '2026-06-15T12:00:00+00:00', '2026-06-15T12:00:00+00:00');
INSERT INTO org_history (org_id, change_date, change_description, created_at, updated_at) VALUES ('ORG_S_171f3ec6ebf67f35', '2023-02-12', '成立自动驾驶研究中心', '2026-06-15T12:00:00+00:00', '2026-06-15T12:00:00+00:00');
INSERT INTO org_history (org_id, change_date, change_description, created_at, updated_at) VALUES ('ORG_S_171f3ec6ebf67f35', '2014-01-09', '完成股份制改革', '2026-06-15T12:00:00+00:00', '2026-06-15T12:00:00+00:00');
INSERT INTO org_history (org_id, change_date, change_description, created_at, updated_at) VALUES ('ORG_S_171f3ec6ebf67f35', '2012-12-23', '获批国家重点实验室', '2026-06-15T12:00:00+00:00', '2026-06-15T12:00:00+00:00');
INSERT INTO org_award (org_id, description, name, reason, award_date, level, award_type, created_at, updated_at) VALUES ('ORG_S_171f3ec6ebf67f35', '', '省部级一等奖', '在脑机接口取得突破', '2019-02-09', '国家级', '科技', '2026-06-15T12:00:00+00:00', '2026-06-15T12:00:00+00:00');
INSERT INTO org_output (org_id, name, form, author, publish_date, attachment, created_at, updated_at) VALUES ('ORG_S_171f3ec6ebf67f35', '自动驾驶系统', '论文', '新生医实验室', '2024-08-16', '', '2026-06-15T12:00:00+00:00', '2026-06-15T12:00:00+00:00');
INSERT INTO org_output (org_id, name, form, author, publish_date, attachment, created_at, updated_at) VALUES ('ORG_S_171f3ec6ebf67f35', '脑机接口系统', '软件著作权', '新生医实验室', '2020-07-19', '', '2026-06-15T12:00:00+00:00', '2026-06-15T12:00:00+00:00');
INSERT INTO org_team (org_id, top_talents, award_winners, team_size, talent_type, created_at, updated_at) VALUES ('ORG_S_171f3ec6ebf67f35', '["刘宁军院士", "郭海燕院士"]'::json, '["唐海燕", "李霞瑞"]'::json, 1000, '战略科学家团队', '2026-06-15T12:00:00+00:00', '2026-06-15T12:00:00+00:00');
INSERT INTO org_facility (org_id, name, purpose, experiment_status, launch_date, construction_cost_wan_usd, created_at, updated_at) VALUES ('ORG_S_171f3ec6ebf67f35', '脑机接口实验平台', '开展脑机接口关键实验', '运行中', '2020-06-09', 15000, '2026-06-15T12:00:00+00:00', '2026-06-15T12:00:00+00:00');
INSERT INTO org_facility (org_id, name, purpose, experiment_status, launch_date, construction_cost_wan_usd, created_at, updated_at) VALUES ('ORG_S_171f3ec6ebf67f35', '自动驾驶实验平台', '开展脑机接口关键实验', '在建', '2019-05-05', 500, '2026-06-15T12:00:00+00:00', '2026-06-15T12:00:00+00:00');
INSERT INTO entity_change_log (entity_id, entity_type, field, old_value, new_value, method, operator, source_doc_id, reason, changed_at) VALUES ('ORG_S_171f3ec6ebf67f35', 'org', '*', NULL, '{"action": "create"}'::json, 'rule', NULL, 'mock_seed', NULL, '2026-06-15T12:00:00+00:00');
INSERT INTO org_profile (org_id, name_cn, name_en, name_other, country, founded_date, dissolved_date, operating_years, website, summary, org_types, nature, function, scale, tech_domains, predecessor_names, departments, strategic_plans, evaluation_report, new_key_projects, remark, confidence, completeness, created_at, updated_at) VALUES ('ORG_S_9e4f782c44b2cfb9', '国先进研究所', 'Org-063', '[]'::json, '美国', '1999-05-28', NULL, 27, 'www.org-063.example.com', '国先进研究所是聚焦增材制造、航空航天、半导体等领域的政府机构，致力于前沿技术研发与成果转化。', '["国家实验室", "外资企业"]'::json, '政府机构', '基础研究', 8000, '["增材制造", "航空航天", "半导体", "大模型", "集成电路"]'::json, '[]'::json, '国先进研究所下设基础研究部、应用工程部、国际合作部', '["2021-2025五年发展规划", "2026-2030五年发展规划"]'::json, '国先进研究所在航空航天领域处于国内领先水平。', '["神经形态芯片", "碳化硅功率器件", "仿生机械臂"]'::json, '', 0.957, 0.572, '2026-06-15T12:00:00+00:00', '2026-06-15T12:00:00+00:00');
INSERT INTO org_history (org_id, change_date, change_description, created_at, updated_at) VALUES ('ORG_S_9e4f782c44b2cfb9', '2016-10-10', '成立集成电路研究中心', '2026-06-15T12:00:00+00:00', '2026-06-15T12:00:00+00:00');
INSERT INTO org_history (org_id, change_date, change_description, created_at, updated_at) VALUES ('ORG_S_9e4f782c44b2cfb9', '2015-12-26', '完成股份制改革', '2026-06-15T12:00:00+00:00', '2026-06-15T12:00:00+00:00');
INSERT INTO org_history (org_id, change_date, change_description, created_at, updated_at) VALUES ('ORG_S_9e4f782c44b2cfb9', '2017-12-11', '获批国家重点实验室', '2026-06-15T12:00:00+00:00', '2026-06-15T12:00:00+00:00');
INSERT INTO org_award (org_id, description, name, reason, award_date, level, award_type, created_at, updated_at) VALUES ('ORG_S_9e4f782c44b2cfb9', '', '行业金奖', '在增材制造取得突破', '2020-10-11', '省部级', '工程', '2026-06-15T12:00:00+00:00', '2026-06-15T12:00:00+00:00');
INSERT INTO org_output (org_id, name, form, author, publish_date, attachment, created_at, updated_at) VALUES ('ORG_S_9e4f782c44b2cfb9', '航空航天系统', '专利', '国先进研究所', '2022-10-22', '', '2026-06-15T12:00:00+00:00', '2026-06-15T12:00:00+00:00');
INSERT INTO org_output (org_id, name, form, author, publish_date, attachment, created_at, updated_at) VALUES ('ORG_S_9e4f782c44b2cfb9', '增材制造系统', '专利', '国先进研究所', '2022-02-18', '', '2026-06-15T12:00:00+00:00', '2026-06-15T12:00:00+00:00');
INSERT INTO org_output (org_id, name, form, author, publish_date, attachment, created_at, updated_at) VALUES ('ORG_S_9e4f782c44b2cfb9', '航空航天系统', '论文', '国先进研究所', '2022-01-15', '', '2026-06-15T12:00:00+00:00', '2026-06-15T12:00:00+00:00');
INSERT INTO org_output (org_id, name, form, author, publish_date, attachment, created_at, updated_at) VALUES ('ORG_S_9e4f782c44b2cfb9', '集成电路系统', '标准', '国先进研究所', '2023-05-15', '', '2026-06-15T12:00:00+00:00', '2026-06-15T12:00:00+00:00');
INSERT INTO org_team (org_id, top_talents, award_winners, team_size, talent_type, created_at, updated_at) VALUES ('ORG_S_9e4f782c44b2cfb9', '["朱宁院士", "马昊院士"]'::json, '["刘峰勇"]'::json, 200, '工程团队', '2026-06-15T12:00:00+00:00', '2026-06-15T12:00:00+00:00');
INSERT INTO org_facility (org_id, name, purpose, experiment_status, launch_date, construction_cost_wan_usd, created_at, updated_at) VALUES ('ORG_S_9e4f782c44b2cfb9', '增材制造实验平台', '开展增材制造关键实验', '调试', '2019-08-16', 2000, '2026-06-15T12:00:00+00:00', '2026-06-15T12:00:00+00:00');
INSERT INTO entity_change_log (entity_id, entity_type, field, old_value, new_value, method, operator, source_doc_id, reason, changed_at) VALUES ('ORG_S_9e4f782c44b2cfb9', 'org', '*', NULL, '{"action": "create"}'::json, 'rule', NULL, 'mock_seed', NULL, '2026-06-15T12:00:00+00:00');
INSERT INTO org_profile (org_id, name_cn, name_en, name_other, country, founded_date, dissolved_date, operating_years, website, summary, org_types, nature, function, scale, tech_domains, predecessor_names, departments, strategic_plans, evaluation_report, new_key_projects, remark, confidence, completeness, created_at, updated_at) VALUES ('ORG_S_0efbfb52d89e37f7', '远算力工程技术中心', 'Org-064', '[]'::json, '中国', '1953-07-10', NULL, 73, 'www.org-064.example.com', '远算力工程技术中心是聚焦基因编辑、先进算力、航空航天等领域的高校，致力于前沿技术研发与成果转化。', '["上市公司", "中外合资", "国家实验室"]'::json, '高校', '人才培养', 8000, '["基因编辑", "先进算力", "航空航天", "脑机接口", "集成电路"]'::json, '[]'::json, '远算力工程技术中心下设基础研究部、应用工程部、国际合作部', '["2021-2025五年发展规划", "2026-2030五年发展规划"]'::json, '远算力工程技术中心在先进算力领域处于国内领先水平。', '["神经形态芯片", "毫米波雷达"]'::json, '', 0.942, 0.787, '2026-06-15T12:00:00+00:00', '2026-06-15T12:00:00+00:00');
INSERT INTO org_history (org_id, change_date, change_description, created_at, updated_at) VALUES ('ORG_S_0efbfb52d89e37f7', '2024-12-07', '成立先进算力研究中心', '2026-06-15T12:00:00+00:00', '2026-06-15T12:00:00+00:00');
INSERT INTO org_history (org_id, change_date, change_description, created_at, updated_at) VALUES ('ORG_S_0efbfb52d89e37f7', '2020-06-21', '完成股份制改革', '2026-06-15T12:00:00+00:00', '2026-06-15T12:00:00+00:00');
INSERT INTO org_history (org_id, change_date, change_description, created_at, updated_at) VALUES ('ORG_S_0efbfb52d89e37f7', '2017-09-10', '获批国家重点实验室', '2026-06-15T12:00:00+00:00', '2026-06-15T12:00:00+00:00');
INSERT INTO org_award (org_id, description, name, reason, award_date, level, award_type, created_at, updated_at) VALUES ('ORG_S_0efbfb52d89e37f7', '', '行业金奖', '在脑机接口取得突破', '2022-09-10', '国家级', '工程', '2026-06-15T12:00:00+00:00', '2026-06-15T12:00:00+00:00');
INSERT INTO org_award (org_id, description, name, reason, award_date, level, award_type, created_at, updated_at) VALUES ('ORG_S_0efbfb52d89e37f7', '', '国家科技进步奖', '在航空航天取得突破', '2019-02-23', '国家级', '科技', '2026-06-15T12:00:00+00:00', '2026-06-15T12:00:00+00:00');
INSERT INTO org_award (org_id, description, name, reason, award_date, level, award_type, created_at, updated_at) VALUES ('ORG_S_0efbfb52d89e37f7', '', '国家科技进步奖', '在脑机接口取得突破', '2019-05-26', '国家级', '创新', '2026-06-15T12:00:00+00:00', '2026-06-15T12:00:00+00:00');
INSERT INTO org_output (org_id, name, form, author, publish_date, attachment, created_at, updated_at) VALUES ('ORG_S_0efbfb52d89e37f7', '基因编辑系统', '软件著作权', '远算力工程技术中心', '2020-08-17', '', '2026-06-15T12:00:00+00:00', '2026-06-15T12:00:00+00:00');
INSERT INTO org_output (org_id, name, form, author, publish_date, attachment, created_at, updated_at) VALUES ('ORG_S_0efbfb52d89e37f7', '先进算力标准', '软件著作权', '远算力工程技术中心', '2018-09-19', '', '2026-06-15T12:00:00+00:00', '2026-06-15T12:00:00+00:00');
INSERT INTO org_output (org_id, name, form, author, publish_date, attachment, created_at, updated_at) VALUES ('ORG_S_0efbfb52d89e37f7', '航空航天关键技术', '标准', '远算力工程技术中心', '2022-06-18', '', '2026-06-15T12:00:00+00:00', '2026-06-15T12:00:00+00:00');
INSERT INTO org_team (org_id, top_talents, award_winners, team_size, talent_type, created_at, updated_at) VALUES ('ORG_S_0efbfb52d89e37f7', '["马宁霞院士"]'::json, '["赵婷伟"]'::json, 200, '研发团队', '2026-06-15T12:00:00+00:00', '2026-06-15T12:00:00+00:00');
INSERT INTO org_facility (org_id, name, purpose, experiment_status, launch_date, construction_cost_wan_usd, created_at, updated_at) VALUES ('ORG_S_0efbfb52d89e37f7', '基因编辑实验平台', '开展基因编辑关键实验', '在建', '2022-11-22', 500, '2026-06-15T12:00:00+00:00', '2026-06-15T12:00:00+00:00');
INSERT INTO entity_change_log (entity_id, entity_type, field, old_value, new_value, method, operator, source_doc_id, reason, changed_at) VALUES ('ORG_S_0efbfb52d89e37f7', 'org', '*', NULL, '{"action": "create"}'::json, 'rule', NULL, 'mock_seed', NULL, '2026-06-15T12:00:00+00:00');
INSERT INTO org_profile (org_id, name_cn, name_en, name_other, country, founded_date, dissolved_date, operating_years, website, summary, org_types, nature, function, scale, tech_domains, predecessor_names, departments, strategic_plans, evaluation_report, new_key_projects, remark, confidence, completeness, created_at, updated_at) VALUES ('ORG_S_0485b5d90fcf6987', '航天基因集团', 'Org-065', '[]'::json, '德国', '1983-01-06', NULL, 43, 'www.org-065.example.com', '航天基因集团是聚焦自动驾驶、卫星互联网、大模型等领域的企业，致力于前沿技术研发与成果转化。', '["国家实验室", "国有企业", "双一流高校"]'::json, '企业', '应用研究', 500, '["自动驾驶", "卫星互联网", "大模型", "半导体", "深海装备"]'::json, '[]'::json, '航天基因集团下设基础研究部、应用工程部、国际合作部', '["2021-2025五年发展规划", "2026-2030五年发展规划"]'::json, '航天基因集团在卫星互联网领域处于国内领先水平。', '["太赫兹通信", "金属3D打印", "仿生机械臂"]'::json, '', 0.891, 0.677, '2026-06-15T12:00:00+00:00', '2026-06-15T12:00:00+00:00');
INSERT INTO org_history (org_id, change_date, change_description, created_at, updated_at) VALUES ('ORG_S_0485b5d90fcf6987', '2024-10-23', '成立半导体研究中心', '2026-06-15T12:00:00+00:00', '2026-06-15T12:00:00+00:00');
INSERT INTO org_history (org_id, change_date, change_description, created_at, updated_at) VALUES ('ORG_S_0485b5d90fcf6987', '2023-03-14', '完成股份制改革', '2026-06-15T12:00:00+00:00', '2026-06-15T12:00:00+00:00');
INSERT INTO org_history (org_id, change_date, change_description, created_at, updated_at) VALUES ('ORG_S_0485b5d90fcf6987', '2019-05-11', '获批国家重点实验室', '2026-06-15T12:00:00+00:00', '2026-06-15T12:00:00+00:00');
INSERT INTO org_award (org_id, description, name, reason, award_date, level, award_type, created_at, updated_at) VALUES ('ORG_S_0485b5d90fcf6987', '', '国家科技进步奖', '在大模型取得突破', '2019-08-03', '行业级', '创新', '2026-06-15T12:00:00+00:00', '2026-06-15T12:00:00+00:00');
INSERT INTO org_output (org_id, name, form, author, publish_date, attachment, created_at, updated_at) VALUES ('ORG_S_0485b5d90fcf6987', '深海装备关键技术', '软件著作权', '航天基因集团', '2023-10-10', '', '2026-06-15T12:00:00+00:00', '2026-06-15T12:00:00+00:00');
INSERT INTO org_output (org_id, name, form, author, publish_date, attachment, created_at, updated_at) VALUES ('ORG_S_0485b5d90fcf6987', '自动驾驶标准', '论文', '航天基因集团', '2018-06-14', '', '2026-06-15T12:00:00+00:00', '2026-06-15T12:00:00+00:00');
INSERT INTO org_output (org_id, name, form, author, publish_date, attachment, created_at, updated_at) VALUES ('ORG_S_0485b5d90fcf6987', '卫星互联网系统', '软件著作权', '航天基因集团', '2019-03-13', '', '2026-06-15T12:00:00+00:00', '2026-06-15T12:00:00+00:00');
INSERT INTO org_output (org_id, name, form, author, publish_date, attachment, created_at, updated_at) VALUES ('ORG_S_0485b5d90fcf6987', '卫星互联网系统', '标准', '航天基因集团', '2020-03-25', '', '2026-06-15T12:00:00+00:00', '2026-06-15T12:00:00+00:00');
INSERT INTO org_team (org_id, top_talents, award_winners, team_size, talent_type, created_at, updated_at) VALUES ('ORG_S_0485b5d90fcf6987', '["郭晓东海燕院士", "李强晓东院士"]'::json, '["唐杰伟", "杨宇航"]'::json, 200, '战略科学家团队', '2026-06-15T12:00:00+00:00', '2026-06-15T12:00:00+00:00');
INSERT INTO org_facility (org_id, name, purpose, experiment_status, launch_date, construction_cost_wan_usd, created_at, updated_at) VALUES ('ORG_S_0485b5d90fcf6987', '深海装备实验平台', '开展大模型关键实验', '调试', '2021-11-14', 8000, '2026-06-15T12:00:00+00:00', '2026-06-15T12:00:00+00:00');
INSERT INTO entity_change_log (entity_id, entity_type, field, old_value, new_value, method, operator, source_doc_id, reason, changed_at) VALUES ('ORG_S_0485b5d90fcf6987', 'org', '*', NULL, '{"action": "create"}'::json, 'rule', NULL, 'mock_seed', NULL, '2026-06-15T12:00:00+00:00');
INSERT INTO org_profile (org_id, name_cn, name_en, name_other, country, founded_date, dissolved_date, operating_years, website, summary, org_types, nature, function, scale, tech_domains, predecessor_names, departments, strategic_plans, evaluation_report, new_key_projects, remark, confidence, completeness, created_at, updated_at) VALUES ('ORG_S_315699d9064fe3d0', '航天芯创科技', 'Org-066', '[]'::json, '中国', '2007-02-08', NULL, 19, 'www.org-066.example.com', '航天芯创科技是聚焦深海装备、新材料、碳捕集等领域的政府机构，致力于前沿技术研发与成果转化。', '["上市公司", "双一流高校", "国家实验室"]'::json, '政府机构', '基础研究', 1000, '["深海装备", "新材料", "碳捕集", "网络安全"]'::json, '[]'::json, '航天芯创科技下设基础研究部、应用工程部、国际合作部', '["2021-2025五年发展规划", "2026-2030五年发展规划"]'::json, '航天芯创科技在网络安全领域处于国内领先水平。', '["光量子计算", "神经形态芯片", "量子纠错码"]'::json, '', 0.817, 0.718, '2026-06-15T12:00:00+00:00', '2026-06-15T12:00:00+00:00');
INSERT INTO org_history (org_id, change_date, change_description, created_at, updated_at) VALUES ('ORG_S_315699d9064fe3d0', '2018-01-24', '成立碳捕集研究中心', '2026-06-15T12:00:00+00:00', '2026-06-15T12:00:00+00:00');
INSERT INTO org_history (org_id, change_date, change_description, created_at, updated_at) VALUES ('ORG_S_315699d9064fe3d0', '2024-11-08', '完成股份制改革', '2026-06-15T12:00:00+00:00', '2026-06-15T12:00:00+00:00');
INSERT INTO org_history (org_id, change_date, change_description, created_at, updated_at) VALUES ('ORG_S_315699d9064fe3d0', '2015-11-24', '获批国家重点实验室', '2026-06-15T12:00:00+00:00', '2026-06-15T12:00:00+00:00');
INSERT INTO org_award (org_id, description, name, reason, award_date, level, award_type, created_at, updated_at) VALUES ('ORG_S_315699d9064fe3d0', '', '行业金奖', '在碳捕集取得突破', '2024-12-27', '国家级', '创新', '2026-06-15T12:00:00+00:00', '2026-06-15T12:00:00+00:00');
INSERT INTO org_award (org_id, description, name, reason, award_date, level, award_type, created_at, updated_at) VALUES ('ORG_S_315699d9064fe3d0', '', '国家科技进步奖', '在网络安全取得突破', '2022-10-07', '省部级', '科技', '2026-06-15T12:00:00+00:00', '2026-06-15T12:00:00+00:00');
INSERT INTO org_award (org_id, description, name, reason, award_date, level, award_type, created_at, updated_at) VALUES ('ORG_S_315699d9064fe3d0', '', '省部级一等奖', '在新材料取得突破', '2016-06-11', '行业级', '创新', '2026-06-15T12:00:00+00:00', '2026-06-15T12:00:00+00:00');
INSERT INTO org_output (org_id, name, form, author, publish_date, attachment, created_at, updated_at) VALUES ('ORG_S_315699d9064fe3d0', '网络安全关键技术', '标准', '航天芯创科技', '2023-07-14', '', '2026-06-15T12:00:00+00:00', '2026-06-15T12:00:00+00:00');
INSERT INTO org_output (org_id, name, form, author, publish_date, attachment, created_at, updated_at) VALUES ('ORG_S_315699d9064fe3d0', '网络安全关键技术', '论文', '航天芯创科技', '2023-09-02', '', '2026-06-15T12:00:00+00:00', '2026-06-15T12:00:00+00:00');
INSERT INTO org_output (org_id, name, form, author, publish_date, attachment, created_at, updated_at) VALUES ('ORG_S_315699d9064fe3d0', '碳捕集关键技术', '专利', '航天芯创科技', '2022-04-07', '', '2026-06-15T12:00:00+00:00', '2026-06-15T12:00:00+00:00');
INSERT INTO org_output (org_id, name, form, author, publish_date, attachment, created_at, updated_at) VALUES ('ORG_S_315699d9064fe3d0', '网络安全系统', '软件著作权', '航天芯创科技', '2019-03-28', '', '2026-06-15T12:00:00+00:00', '2026-06-15T12:00:00+00:00');
INSERT INTO org_team (org_id, top_talents, award_winners, team_size, talent_type, created_at, updated_at) VALUES ('ORG_S_315699d9064fe3d0', '["陈艳院士", "黄刚院士"]'::json, '["彭涛"]'::json, 200, '工程团队', '2026-06-15T12:00:00+00:00', '2026-06-15T12:00:00+00:00');
INSERT INTO org_facility (org_id, name, purpose, experiment_status, launch_date, construction_cost_wan_usd, created_at, updated_at) VALUES ('ORG_S_315699d9064fe3d0', '网络安全实验平台', '开展碳捕集关键实验', '调试', '2021-01-17', 8000, '2026-06-15T12:00:00+00:00', '2026-06-15T12:00:00+00:00');
INSERT INTO entity_change_log (entity_id, entity_type, field, old_value, new_value, method, operator, source_doc_id, reason, changed_at) VALUES ('ORG_S_315699d9064fe3d0', 'org', '*', NULL, '{"action": "create"}'::json, 'rule', NULL, 'mock_seed', NULL, '2026-06-15T12:00:00+00:00');
INSERT INTO org_profile (org_id, name_cn, name_en, name_other, country, founded_date, dissolved_date, operating_years, website, summary, org_types, nature, function, scale, tech_domains, predecessor_names, departments, strategic_plans, evaluation_report, new_key_projects, remark, confidence, completeness, created_at, updated_at) VALUES ('ORG_S_5bd2bf16685e6a66', '航天光电高科', 'Org-067', '[]'::json, '法国', '1995-07-13', NULL, 31, 'www.org-067.example.com', '航天光电高科是聚焦集成电路、基因编辑、光电技术等领域的高校，致力于前沿技术研发与成果转化。', '["民营企业"]'::json, '高校', '战略咨询', 200, '["集成电路", "基因编辑", "光电技术", "量子计算"]'::json, '[]'::json, '航天光电高科下设基础研究部、应用工程部、国际合作部', '["2021-2025五年发展规划", "2026-2030五年发展规划"]'::json, '航天光电高科在集成电路领域处于国内领先水平。', '["太赫兹通信", "固态电池", "金属3D打印"]'::json, '', 0.712, 0.67, '2026-06-15T12:00:00+00:00', '2026-06-15T12:00:00+00:00');
INSERT INTO org_history (org_id, change_date, change_description, created_at, updated_at) VALUES ('ORG_S_5bd2bf16685e6a66', '2023-01-10', '成立集成电路研究中心', '2026-06-15T12:00:00+00:00', '2026-06-15T12:00:00+00:00');
INSERT INTO org_history (org_id, change_date, change_description, created_at, updated_at) VALUES ('ORG_S_5bd2bf16685e6a66', '2014-04-03', '完成股份制改革', '2026-06-15T12:00:00+00:00', '2026-06-15T12:00:00+00:00');
INSERT INTO org_history (org_id, change_date, change_description, created_at, updated_at) VALUES ('ORG_S_5bd2bf16685e6a66', '2016-09-06', '获批国家重点实验室', '2026-06-15T12:00:00+00:00', '2026-06-15T12:00:00+00:00');
INSERT INTO org_award (org_id, description, name, reason, award_date, level, award_type, created_at, updated_at) VALUES ('ORG_S_5bd2bf16685e6a66', '', '省部级一等奖', '在集成电路取得突破', '2016-06-13', '国家级', '创新', '2026-06-15T12:00:00+00:00', '2026-06-15T12:00:00+00:00');
INSERT INTO org_award (org_id, description, name, reason, award_date, level, award_type, created_at, updated_at) VALUES ('ORG_S_5bd2bf16685e6a66', '', '省部级一等奖', '在量子计算取得突破', '2022-03-01', '行业级', '工程', '2026-06-15T12:00:00+00:00', '2026-06-15T12:00:00+00:00');
INSERT INTO org_output (org_id, name, form, author, publish_date, attachment, created_at, updated_at) VALUES ('ORG_S_5bd2bf16685e6a66', '基因编辑关键技术', '标准', '航天光电高科', '2020-10-06', '', '2026-06-15T12:00:00+00:00', '2026-06-15T12:00:00+00:00');
INSERT INTO org_output (org_id, name, form, author, publish_date, attachment, created_at, updated_at) VALUES ('ORG_S_5bd2bf16685e6a66', '基因编辑关键技术', '论文', '航天光电高科', '2020-03-20', '', '2026-06-15T12:00:00+00:00', '2026-06-15T12:00:00+00:00');
INSERT INTO org_output (org_id, name, form, author, publish_date, attachment, created_at, updated_at) VALUES ('ORG_S_5bd2bf16685e6a66', '量子计算关键技术', '软件著作权', '航天光电高科', '2020-04-27', '', '2026-06-15T12:00:00+00:00', '2026-06-15T12:00:00+00:00');
INSERT INTO org_team (org_id, top_talents, award_winners, team_size, talent_type, created_at, updated_at) VALUES ('ORG_S_5bd2bf16685e6a66', '["杨昊院士", "胡强娟院士"]'::json, '["胡磊宇航"]'::json, 200, '研发团队', '2026-06-15T12:00:00+00:00', '2026-06-15T12:00:00+00:00');
INSERT INTO org_facility (org_id, name, purpose, experiment_status, launch_date, construction_cost_wan_usd, created_at, updated_at) VALUES ('ORG_S_5bd2bf16685e6a66', '基因编辑实验平台', '开展基因编辑关键实验', '在建', '2019-08-17', 8000, '2026-06-15T12:00:00+00:00', '2026-06-15T12:00:00+00:00');
INSERT INTO org_facility (org_id, name, purpose, experiment_status, launch_date, construction_cost_wan_usd, created_at, updated_at) VALUES ('ORG_S_5bd2bf16685e6a66', '光电技术实验平台', '开展量子计算关键实验', '运行中', '2023-03-02', 15000, '2026-06-15T12:00:00+00:00', '2026-06-15T12:00:00+00:00');
INSERT INTO entity_change_log (entity_id, entity_type, field, old_value, new_value, method, operator, source_doc_id, reason, changed_at) VALUES ('ORG_S_5bd2bf16685e6a66', 'org', '*', NULL, '{"action": "create"}'::json, 'rule', NULL, 'mock_seed', NULL, '2026-06-15T12:00:00+00:00');
INSERT INTO org_profile (org_id, name_cn, name_en, name_other, country, founded_date, dissolved_date, operating_years, website, summary, org_types, nature, function, scale, tech_domains, predecessor_names, departments, strategic_plans, evaluation_report, new_key_projects, remark, confidence, completeness, created_at, updated_at) VALUES ('ORG_S_578240cb4da5a89b', '新氢动高科', 'Org-068', '[]'::json, '日本', '1954-02-11', NULL, 72, 'www.org-068.example.com', '新氢动高科是聚焦半导体、基因编辑、机器人等领域的高校，致力于前沿技术研发与成果转化。', '["上市公司", "民营企业"]'::json, '高校', '技术开发', 200, '["半导体", "基因编辑", "机器人", "碳捕集"]'::json, '[]'::json, '新氢动高科下设基础研究部、应用工程部、国际合作部', '["2021-2025五年发展规划", "2026-2030五年发展规划"]'::json, '新氢动高科在碳捕集领域处于国内领先水平。', '["碳化硅功率器件", "神经网络芯片"]'::json, '', 0.791, 0.941, '2026-06-15T12:00:00+00:00', '2026-06-15T12:00:00+00:00');
INSERT INTO org_history (org_id, change_date, change_description, created_at, updated_at) VALUES ('ORG_S_578240cb4da5a89b', '2018-10-24', '成立碳捕集研究中心', '2026-06-15T12:00:00+00:00', '2026-06-15T12:00:00+00:00');
INSERT INTO org_history (org_id, change_date, change_description, created_at, updated_at) VALUES ('ORG_S_578240cb4da5a89b', '2017-06-25', '完成股份制改革', '2026-06-15T12:00:00+00:00', '2026-06-15T12:00:00+00:00');
INSERT INTO org_history (org_id, change_date, change_description, created_at, updated_at) VALUES ('ORG_S_578240cb4da5a89b', '2013-10-16', '获批国家重点实验室', '2026-06-15T12:00:00+00:00', '2026-06-15T12:00:00+00:00');
INSERT INTO org_award (org_id, description, name, reason, award_date, level, award_type, created_at, updated_at) VALUES ('ORG_S_578240cb4da5a89b', '', '行业金奖', '在基因编辑取得突破', '2022-12-23', '省部级', '创新', '2026-06-15T12:00:00+00:00', '2026-06-15T12:00:00+00:00');
INSERT INTO org_award (org_id, description, name, reason, award_date, level, award_type, created_at, updated_at) VALUES ('ORG_S_578240cb4da5a89b', '', '省部级一等奖', '在机器人取得突破', '2021-07-11', '国家级', '创新', '2026-06-15T12:00:00+00:00', '2026-06-15T12:00:00+00:00');
INSERT INTO org_output (org_id, name, form, author, publish_date, attachment, created_at, updated_at) VALUES ('ORG_S_578240cb4da5a89b', '机器人标准', '标准', '新氢动高科', '2019-01-15', '', '2026-06-15T12:00:00+00:00', '2026-06-15T12:00:00+00:00');
INSERT INTO org_output (org_id, name, form, author, publish_date, attachment, created_at, updated_at) VALUES ('ORG_S_578240cb4da5a89b', '机器人标准', '专利', '新氢动高科', '2018-06-08', '', '2026-06-15T12:00:00+00:00', '2026-06-15T12:00:00+00:00');
INSERT INTO org_output (org_id, name, form, author, publish_date, attachment, created_at, updated_at) VALUES ('ORG_S_578240cb4da5a89b', '基因编辑关键技术', '专利', '新氢动高科', '2020-04-11', '', '2026-06-15T12:00:00+00:00', '2026-06-15T12:00:00+00:00');
INSERT INTO org_team (org_id, top_talents, award_winners, team_size, talent_type, created_at, updated_at) VALUES ('ORG_S_578240cb4da5a89b', '["杨宁院士"]'::json, '["许建华", "赵艳"]'::json, 1000, '战略科学家团队', '2026-06-15T12:00:00+00:00', '2026-06-15T12:00:00+00:00');
INSERT INTO org_facility (org_id, name, purpose, experiment_status, launch_date, construction_cost_wan_usd, created_at, updated_at) VALUES ('ORG_S_578240cb4da5a89b', '半导体实验平台', '开展碳捕集关键实验', '在建', '2018-04-15', 500, '2026-06-15T12:00:00+00:00', '2026-06-15T12:00:00+00:00');
INSERT INTO entity_change_log (entity_id, entity_type, field, old_value, new_value, method, operator, source_doc_id, reason, changed_at) VALUES ('ORG_S_578240cb4da5a89b', 'org', '*', NULL, '{"action": "create"}'::json, 'rule', NULL, 'mock_seed', NULL, '2026-06-15T12:00:00+00:00');
INSERT INTO org_profile (org_id, name_cn, name_en, name_other, country, founded_date, dissolved_date, operating_years, website, summary, org_types, nature, function, scale, tech_domains, predecessor_names, departments, strategic_plans, evaluation_report, new_key_projects, remark, confidence, completeness, created_at, updated_at) VALUES ('ORG_S_42524ba3fde0d550', '航天储能实验室', 'Org-069', '[]'::json, '俄罗斯', '1953-03-04', NULL, 73, 'www.org-069.example.com', '航天储能实验室是聚焦6G通信、先进算力、新能源等领域的事业单位，致力于前沿技术研发与成果转化。', '["重点实验室", "双一流高校", "上市公司"]'::json, '事业单位', '战略咨询', 8000, '["6G通信", "先进算力", "新能源"]'::json, '[]'::json, '航天储能实验室下设基础研究部、应用工程部、国际合作部', '["2021-2025五年发展规划", "2026-2030五年发展规划"]'::json, '航天储能实验室在6G通信领域处于国内领先水平。', '["碳化硅功率器件", "毫米波雷达"]'::json, '', 0.806, 0.784, '2026-06-15T12:00:00+00:00', '2026-06-15T12:00:00+00:00');
INSERT INTO org_history (org_id, change_date, change_description, created_at, updated_at) VALUES ('ORG_S_42524ba3fde0d550', '2020-10-15', '成立先进算力研究中心', '2026-06-15T12:00:00+00:00', '2026-06-15T12:00:00+00:00');
INSERT INTO org_history (org_id, change_date, change_description, created_at, updated_at) VALUES ('ORG_S_42524ba3fde0d550', '2012-02-20', '完成股份制改革', '2026-06-15T12:00:00+00:00', '2026-06-15T12:00:00+00:00');
INSERT INTO org_history (org_id, change_date, change_description, created_at, updated_at) VALUES ('ORG_S_42524ba3fde0d550', '2020-06-14', '获批国家重点实验室', '2026-06-15T12:00:00+00:00', '2026-06-15T12:00:00+00:00');
INSERT INTO org_award (org_id, description, name, reason, award_date, level, award_type, created_at, updated_at) VALUES ('ORG_S_42524ba3fde0d550', '', '省部级一等奖', '在6G通信取得突破', '2023-03-26', '国家级', '创新', '2026-06-15T12:00:00+00:00', '2026-06-15T12:00:00+00:00');
INSERT INTO org_award (org_id, description, name, reason, award_date, level, award_type, created_at, updated_at) VALUES ('ORG_S_42524ba3fde0d550', '', '省部级一等奖', '在6G通信取得突破', '2022-03-08', '行业级', '创新', '2026-06-15T12:00:00+00:00', '2026-06-15T12:00:00+00:00');
INSERT INTO org_award (org_id, description, name, reason, award_date, level, award_type, created_at, updated_at) VALUES ('ORG_S_42524ba3fde0d550', '', '行业金奖', '在先进算力取得突破', '2022-12-15', '行业级', '创新', '2026-06-15T12:00:00+00:00', '2026-06-15T12:00:00+00:00');
INSERT INTO org_output (org_id, name, form, author, publish_date, attachment, created_at, updated_at) VALUES ('ORG_S_42524ba3fde0d550', '新能源关键技术', '标准', '航天储能实验室', '2019-09-07', '', '2026-06-15T12:00:00+00:00', '2026-06-15T12:00:00+00:00');
INSERT INTO org_output (org_id, name, form, author, publish_date, attachment, created_at, updated_at) VALUES ('ORG_S_42524ba3fde0d550', '先进算力系统', '软件著作权', '航天储能实验室', '2023-11-25', '', '2026-06-15T12:00:00+00:00', '2026-06-15T12:00:00+00:00');
INSERT INTO org_output (org_id, name, form, author, publish_date, attachment, created_at, updated_at) VALUES ('ORG_S_42524ba3fde0d550', '先进算力系统', '软件著作权', '航天储能实验室', '2022-03-09', '', '2026-06-15T12:00:00+00:00', '2026-06-15T12:00:00+00:00');
INSERT INTO org_team (org_id, top_talents, award_winners, team_size, talent_type, created_at, updated_at) VALUES ('ORG_S_42524ba3fde0d550', '["邓洋院士", "胡宇航晓东院士"]'::json, '["彭瑞霞", "周海燕"]'::json, 200, '工程团队', '2026-06-15T12:00:00+00:00', '2026-06-15T12:00:00+00:00');
INSERT INTO org_facility (org_id, name, purpose, experiment_status, launch_date, construction_cost_wan_usd, created_at, updated_at) VALUES ('ORG_S_42524ba3fde0d550', '先进算力实验平台', '开展新能源关键实验', '运行中', '2020-09-16', 500, '2026-06-15T12:00:00+00:00', '2026-06-15T12:00:00+00:00');
INSERT INTO org_facility (org_id, name, purpose, experiment_status, launch_date, construction_cost_wan_usd, created_at, updated_at) VALUES ('ORG_S_42524ba3fde0d550', '新能源实验平台', '开展先进算力关键实验', '运行中', '2021-10-09', 8000, '2026-06-15T12:00:00+00:00', '2026-06-15T12:00:00+00:00');
INSERT INTO entity_change_log (entity_id, entity_type, field, old_value, new_value, method, operator, source_doc_id, reason, changed_at) VALUES ('ORG_S_42524ba3fde0d550', 'org', '*', NULL, '{"action": "create"}'::json, 'rule', NULL, 'mock_seed', NULL, '2026-06-15T12:00:00+00:00');
INSERT INTO org_profile (org_id, name_cn, name_en, name_other, country, founded_date, dissolved_date, operating_years, website, summary, org_types, nature, function, scale, tech_domains, predecessor_names, departments, strategic_plans, evaluation_report, new_key_projects, remark, confidence, completeness, created_at, updated_at) VALUES ('ORG_S_d6010e8d79d93910', '东方未来研究院', 'Org-070', '[]'::json, '日本', '1973-08-11', NULL, 53, 'www.org-070.example.com', '东方未来研究院是聚焦卫星互联网、无人机、生物医药等领域的高校，致力于前沿技术研发与成果转化。', '["国有企业", "民营企业", "重点实验室"]'::json, '高校', '基础研究', 15000, '["卫星互联网", "无人机", "生物医药", "增材制造", "网络安全"]'::json, '[]'::json, '东方未来研究院下设基础研究部、应用工程部、国际合作部', '["2021-2025五年发展规划", "2026-2030五年发展规划"]'::json, '东方未来研究院在卫星互联网领域处于国内领先水平。', '["太赫兹通信", "基因剪刀", "固态电池"]'::json, '', 0.83, 0.875, '2026-06-15T12:00:00+00:00', '2026-06-15T12:00:00+00:00');
INSERT INTO org_history (org_id, change_date, change_description, created_at, updated_at) VALUES ('ORG_S_d6010e8d79d93910', '2024-11-16', '成立增材制造研究中心', '2026-06-15T12:00:00+00:00', '2026-06-15T12:00:00+00:00');
INSERT INTO org_history (org_id, change_date, change_description, created_at, updated_at) VALUES ('ORG_S_d6010e8d79d93910', '2014-07-10', '完成股份制改革', '2026-06-15T12:00:00+00:00', '2026-06-15T12:00:00+00:00');
INSERT INTO org_history (org_id, change_date, change_description, created_at, updated_at) VALUES ('ORG_S_d6010e8d79d93910', '2020-09-25', '获批国家重点实验室', '2026-06-15T12:00:00+00:00', '2026-06-15T12:00:00+00:00');
INSERT INTO org_award (org_id, description, name, reason, award_date, level, award_type, created_at, updated_at) VALUES ('ORG_S_d6010e8d79d93910', '', '省部级一等奖', '在网络安全取得突破', '2020-09-01', '国家级', '工程', '2026-06-15T12:00:00+00:00', '2026-06-15T12:00:00+00:00');
INSERT INTO org_award (org_id, description, name, reason, award_date, level, award_type, created_at, updated_at) VALUES ('ORG_S_d6010e8d79d93910', '', '国家科技进步奖', '在增材制造取得突破', '2019-06-11', '国家级', '创新', '2026-06-15T12:00:00+00:00', '2026-06-15T12:00:00+00:00');
INSERT INTO org_output (org_id, name, form, author, publish_date, attachment, created_at, updated_at) VALUES ('ORG_S_d6010e8d79d93910', '卫星互联网系统', '论文', '东方未来研究院', '2020-10-14', '', '2026-06-15T12:00:00+00:00', '2026-06-15T12:00:00+00:00');
INSERT INTO org_output (org_id, name, form, author, publish_date, attachment, created_at, updated_at) VALUES ('ORG_S_d6010e8d79d93910', '生物医药关键技术', '标准', '东方未来研究院', '2019-12-16', '', '2026-06-15T12:00:00+00:00', '2026-06-15T12:00:00+00:00');
INSERT INTO org_team (org_id, top_talents, award_winners, team_size, talent_type, created_at, updated_at) VALUES ('ORG_S_d6010e8d79d93910', '["李洋院士", "刘宇航斌院士"]'::json, '["彭娟"]'::json, 1000, '战略科学家团队', '2026-06-15T12:00:00+00:00', '2026-06-15T12:00:00+00:00');
INSERT INTO org_facility (org_id, name, purpose, experiment_status, launch_date, construction_cost_wan_usd, created_at, updated_at) VALUES ('ORG_S_d6010e8d79d93910', '生物医药实验平台', '开展生物医药关键实验', '运行中', '2021-02-24', 2000, '2026-06-15T12:00:00+00:00', '2026-06-15T12:00:00+00:00');
INSERT INTO entity_change_log (entity_id, entity_type, field, old_value, new_value, method, operator, source_doc_id, reason, changed_at) VALUES ('ORG_S_d6010e8d79d93910', 'org', '*', NULL, '{"action": "create"}'::json, 'rule', NULL, 'mock_seed', NULL, '2026-06-15T12:00:00+00:00');
INSERT INTO org_profile (org_id, name_cn, name_en, name_other, country, founded_date, dissolved_date, operating_years, website, summary, org_types, nature, function, scale, tech_domains, predecessor_names, departments, strategic_plans, evaluation_report, new_key_projects, remark, confidence, completeness, created_at, updated_at) VALUES ('ORG_S_40f3b980fa84ef5d', '中光电实验室', 'Org-071', '[]'::json, '俄罗斯', '1969-09-15', NULL, 57, 'www.org-071.example.com', '中光电实验室是聚焦碳捕集、生物医药、人工智能等领域的科研院所，致力于前沿技术研发与成果转化。', '["中外合资", "重点实验室"]'::json, '科研院所', '技术开发', 8000, '["碳捕集", "生物医药", "人工智能", "氢能", "光电技术"]'::json, '[]'::json, '中光电实验室下设基础研究部、应用工程部、国际合作部', '["2021-2025五年发展规划", "2026-2030五年发展规划"]'::json, '中光电实验室在生物医药领域处于国内领先水平。', '["神经形态芯片", "光量子计算"]'::json, '', 0.81, 0.931, '2026-06-15T12:00:00+00:00', '2026-06-15T12:00:00+00:00');
INSERT INTO org_history (org_id, change_date, change_description, created_at, updated_at) VALUES ('ORG_S_40f3b980fa84ef5d', '2021-10-11', '成立碳捕集研究中心', '2026-06-15T12:00:00+00:00', '2026-06-15T12:00:00+00:00');
INSERT INTO org_history (org_id, change_date, change_description, created_at, updated_at) VALUES ('ORG_S_40f3b980fa84ef5d', '2010-01-20', '完成股份制改革', '2026-06-15T12:00:00+00:00', '2026-06-15T12:00:00+00:00');
INSERT INTO org_history (org_id, change_date, change_description, created_at, updated_at) VALUES ('ORG_S_40f3b980fa84ef5d', '2017-03-26', '获批国家重点实验室', '2026-06-15T12:00:00+00:00', '2026-06-15T12:00:00+00:00');
INSERT INTO org_award (org_id, description, name, reason, award_date, level, award_type, created_at, updated_at) VALUES ('ORG_S_40f3b980fa84ef5d', '', '省部级一等奖', '在氢能取得突破', '2019-09-28', '国家级', '创新', '2026-06-15T12:00:00+00:00', '2026-06-15T12:00:00+00:00');
INSERT INTO org_award (org_id, description, name, reason, award_date, level, award_type, created_at, updated_at) VALUES ('ORG_S_40f3b980fa84ef5d', '', '行业金奖', '在人工智能取得突破', '2024-02-19', '行业级', '创新', '2026-06-15T12:00:00+00:00', '2026-06-15T12:00:00+00:00');
INSERT INTO org_output (org_id, name, form, author, publish_date, attachment, created_at, updated_at) VALUES ('ORG_S_40f3b980fa84ef5d', '光电技术标准', '论文', '中光电实验室', '2019-08-09', '', '2026-06-15T12:00:00+00:00', '2026-06-15T12:00:00+00:00');
INSERT INTO org_output (org_id, name, form, author, publish_date, attachment, created_at, updated_at) VALUES ('ORG_S_40f3b980fa84ef5d', '光电技术关键技术', '软件著作权', '中光电实验室', '2022-12-28', '', '2026-06-15T12:00:00+00:00', '2026-06-15T12:00:00+00:00');
INSERT INTO org_output (org_id, name, form, author, publish_date, attachment, created_at, updated_at) VALUES ('ORG_S_40f3b980fa84ef5d', '碳捕集标准', '标准', '中光电实验室', '2018-07-06', '', '2026-06-15T12:00:00+00:00', '2026-06-15T12:00:00+00:00');
INSERT INTO org_output (org_id, name, form, author, publish_date, attachment, created_at, updated_at) VALUES ('ORG_S_40f3b980fa84ef5d', '人工智能关键技术', '论文', '中光电实验室', '2018-02-28', '', '2026-06-15T12:00:00+00:00', '2026-06-15T12:00:00+00:00');
INSERT INTO org_team (org_id, top_talents, award_winners, team_size, talent_type, created_at, updated_at) VALUES ('ORG_S_40f3b980fa84ef5d', '["谢斌昊院士", "刘娟宁院士"]'::json, '["陈艳杰"]'::json, 200, '战略科学家团队', '2026-06-15T12:00:00+00:00', '2026-06-15T12:00:00+00:00');
INSERT INTO org_facility (org_id, name, purpose, experiment_status, launch_date, construction_cost_wan_usd, created_at, updated_at) VALUES ('ORG_S_40f3b980fa84ef5d', '人工智能实验平台', '开展生物医药关键实验', '在建', '2020-06-22', 8000, '2026-06-15T12:00:00+00:00', '2026-06-15T12:00:00+00:00');
INSERT INTO org_facility (org_id, name, purpose, experiment_status, launch_date, construction_cost_wan_usd, created_at, updated_at) VALUES ('ORG_S_40f3b980fa84ef5d', '碳捕集实验平台', '开展生物医药关键实验', '调试', '2024-09-19', 500, '2026-06-15T12:00:00+00:00', '2026-06-15T12:00:00+00:00');
INSERT INTO entity_change_log (entity_id, entity_type, field, old_value, new_value, method, operator, source_doc_id, reason, changed_at) VALUES ('ORG_S_40f3b980fa84ef5d', 'org', '*', NULL, '{"action": "create"}'::json, 'rule', NULL, 'mock_seed', NULL, '2026-06-15T12:00:00+00:00');
INSERT INTO org_profile (org_id, name_cn, name_en, name_other, country, founded_date, dissolved_date, operating_years, website, summary, org_types, nature, function, scale, tech_domains, predecessor_names, departments, strategic_plans, evaluation_report, new_key_projects, remark, confidence, completeness, created_at, updated_at) VALUES ('ORG_S_55b4d81135e52e42', '国前沿科技', 'Org-072', '[]'::json, '英国', '1968-11-08', NULL, 58, 'www.org-072.example.com', '国前沿科技是聚焦人工智能、机器人、碳捕集等领域的科研院所，致力于前沿技术研发与成果转化。', '["外资企业", "重点实验室"]'::json, '科研院所', '应用研究', 500, '["人工智能", "机器人", "碳捕集", "航空航天"]'::json, '[]'::json, '国前沿科技下设基础研究部、应用工程部、国际合作部', '["2021-2025五年发展规划", "2026-2030五年发展规划"]'::json, '国前沿科技在人工智能领域处于国内领先水平。', '["神经形态芯片", "氢燃料电池电堆", "mRNA疫苗"]'::json, '', 0.861, 0.74, '2026-06-15T12:00:00+00:00', '2026-06-15T12:00:00+00:00');
INSERT INTO org_history (org_id, change_date, change_description, created_at, updated_at) VALUES ('ORG_S_55b4d81135e52e42', '2013-12-23', '成立碳捕集研究中心', '2026-06-15T12:00:00+00:00', '2026-06-15T12:00:00+00:00');
INSERT INTO org_history (org_id, change_date, change_description, created_at, updated_at) VALUES ('ORG_S_55b4d81135e52e42', '2020-09-07', '完成股份制改革', '2026-06-15T12:00:00+00:00', '2026-06-15T12:00:00+00:00');
INSERT INTO org_history (org_id, change_date, change_description, created_at, updated_at) VALUES ('ORG_S_55b4d81135e52e42', '2019-02-28', '获批国家重点实验室', '2026-06-15T12:00:00+00:00', '2026-06-15T12:00:00+00:00');
INSERT INTO org_award (org_id, description, name, reason, award_date, level, award_type, created_at, updated_at) VALUES ('ORG_S_55b4d81135e52e42', '', '省部级一等奖', '在机器人取得突破', '2017-05-27', '行业级', '创新', '2026-06-15T12:00:00+00:00', '2026-06-15T12:00:00+00:00');
INSERT INTO org_award (org_id, description, name, reason, award_date, level, award_type, created_at, updated_at) VALUES ('ORG_S_55b4d81135e52e42', '', '国家科技进步奖', '在碳捕集取得突破', '2022-05-03', '省部级', '创新', '2026-06-15T12:00:00+00:00', '2026-06-15T12:00:00+00:00');
INSERT INTO org_output (org_id, name, form, author, publish_date, attachment, created_at, updated_at) VALUES ('ORG_S_55b4d81135e52e42', '机器人标准', '论文', '国前沿科技', '2022-12-11', '', '2026-06-15T12:00:00+00:00', '2026-06-15T12:00:00+00:00');
INSERT INTO org_output (org_id, name, form, author, publish_date, attachment, created_at, updated_at) VALUES ('ORG_S_55b4d81135e52e42', '人工智能系统', '论文', '国前沿科技', '2024-11-24', '', '2026-06-15T12:00:00+00:00', '2026-06-15T12:00:00+00:00');
INSERT INTO org_output (org_id, name, form, author, publish_date, attachment, created_at, updated_at) VALUES ('ORG_S_55b4d81135e52e42', '碳捕集关键技术', '软件著作权', '国前沿科技', '2019-12-11', '', '2026-06-15T12:00:00+00:00', '2026-06-15T12:00:00+00:00');
INSERT INTO org_output (org_id, name, form, author, publish_date, attachment, created_at, updated_at) VALUES ('ORG_S_55b4d81135e52e42', '机器人系统', '标准', '国前沿科技', '2018-02-01', '', '2026-06-15T12:00:00+00:00', '2026-06-15T12:00:00+00:00');
INSERT INTO org_team (org_id, top_talents, award_winners, team_size, talent_type, created_at, updated_at) VALUES ('ORG_S_55b4d81135e52e42', '["冯勇雪松院士"]'::json, '["徐桂英", "郭斌"]'::json, 1000, '工程团队', '2026-06-15T12:00:00+00:00', '2026-06-15T12:00:00+00:00');
INSERT INTO org_facility (org_id, name, purpose, experiment_status, launch_date, construction_cost_wan_usd, created_at, updated_at) VALUES ('ORG_S_55b4d81135e52e42', '航空航天实验平台', '开展航空航天关键实验', '运行中', '2019-08-01', 15000, '2026-06-15T12:00:00+00:00', '2026-06-15T12:00:00+00:00');
INSERT INTO org_facility (org_id, name, purpose, experiment_status, launch_date, construction_cost_wan_usd, created_at, updated_at) VALUES ('ORG_S_55b4d81135e52e42', '机器人实验平台', '开展人工智能关键实验', '在建', '2024-04-03', 500, '2026-06-15T12:00:00+00:00', '2026-06-15T12:00:00+00:00');
INSERT INTO entity_change_log (entity_id, entity_type, field, old_value, new_value, method, operator, source_doc_id, reason, changed_at) VALUES ('ORG_S_55b4d81135e52e42', 'org', '*', NULL, '{"action": "create"}'::json, 'rule', NULL, 'mock_seed', NULL, '2026-06-15T12:00:00+00:00');
INSERT INTO org_profile (org_id, name_cn, name_en, name_other, country, founded_date, dissolved_date, operating_years, website, summary, org_types, nature, function, scale, tech_domains, predecessor_names, departments, strategic_plans, evaluation_report, new_key_projects, remark, confidence, completeness, created_at, updated_at) VALUES ('ORG_S_a6c6bf0b015a6072', '东方脑科学科技', 'Org-073', '[]'::json, '法国', '1966-10-22', NULL, 60, 'www.org-073.example.com', '东方脑科学科技是聚焦无人机、航空航天、新能源等领域的科研院所，致力于前沿技术研发与成果转化。', '["中外合资", "国有企业", "民营企业"]'::json, '科研院所', '战略咨询', 8000, '["无人机", "航空航天", "新能源", "6G通信"]'::json, '[]'::json, '东方脑科学科技下设基础研究部、应用工程部、国际合作部', '["2021-2025五年发展规划", "2026-2030五年发展规划"]'::json, '东方脑科学科技在航空航天领域处于国内领先水平。', '["太赫兹通信", "深海潜水器", "碳化硅功率器件"]'::json, '', 0.845, 0.879, '2026-06-15T12:00:00+00:00', '2026-06-15T12:00:00+00:00');
INSERT INTO org_history (org_id, change_date, change_description, created_at, updated_at) VALUES ('ORG_S_a6c6bf0b015a6072', '2018-07-25', '成立6G通信研究中心', '2026-06-15T12:00:00+00:00', '2026-06-15T12:00:00+00:00');
INSERT INTO org_history (org_id, change_date, change_description, created_at, updated_at) VALUES ('ORG_S_a6c6bf0b015a6072', '2014-08-28', '完成股份制改革', '2026-06-15T12:00:00+00:00', '2026-06-15T12:00:00+00:00');
INSERT INTO org_history (org_id, change_date, change_description, created_at, updated_at) VALUES ('ORG_S_a6c6bf0b015a6072', '2014-11-20', '获批国家重点实验室', '2026-06-15T12:00:00+00:00', '2026-06-15T12:00:00+00:00');
INSERT INTO org_award (org_id, description, name, reason, award_date, level, award_type, created_at, updated_at) VALUES ('ORG_S_a6c6bf0b015a6072', '', '行业金奖', '在新能源取得突破', '2020-02-01', '行业级', '科技', '2026-06-15T12:00:00+00:00', '2026-06-15T12:00:00+00:00');
INSERT INTO org_output (org_id, name, form, author, publish_date, attachment, created_at, updated_at) VALUES ('ORG_S_a6c6bf0b015a6072', '新能源标准', '标准', '东方脑科学科技', '2022-06-14', '', '2026-06-15T12:00:00+00:00', '2026-06-15T12:00:00+00:00');
INSERT INTO org_output (org_id, name, form, author, publish_date, attachment, created_at, updated_at) VALUES ('ORG_S_a6c6bf0b015a6072', '无人机关键技术', '软件著作权', '东方脑科学科技', '2021-11-08', '', '2026-06-15T12:00:00+00:00', '2026-06-15T12:00:00+00:00');
INSERT INTO org_team (org_id, top_talents, award_winners, team_size, talent_type, created_at, updated_at) VALUES ('ORG_S_a6c6bf0b015a6072', '["赵伟军院士", "张雪松俊杰院士"]'::json, '["陈军洋"]'::json, 500, '战略科学家团队', '2026-06-15T12:00:00+00:00', '2026-06-15T12:00:00+00:00');
INSERT INTO org_facility (org_id, name, purpose, experiment_status, launch_date, construction_cost_wan_usd, created_at, updated_at) VALUES ('ORG_S_a6c6bf0b015a6072', '无人机实验平台', '开展航空航天关键实验', '调试', '2024-03-15', 500, '2026-06-15T12:00:00+00:00', '2026-06-15T12:00:00+00:00');
INSERT INTO entity_change_log (entity_id, entity_type, field, old_value, new_value, method, operator, source_doc_id, reason, changed_at) VALUES ('ORG_S_a6c6bf0b015a6072', 'org', '*', NULL, '{"action": "create"}'::json, 'rule', NULL, 'mock_seed', NULL, '2026-06-15T12:00:00+00:00');
INSERT INTO org_profile (org_id, name_cn, name_en, name_other, country, founded_date, dissolved_date, operating_years, website, summary, org_types, nature, function, scale, tech_domains, predecessor_names, departments, strategic_plans, evaluation_report, new_key_projects, remark, confidence, completeness, created_at, updated_at) VALUES ('ORG_S_056807f17096be92', '航天脑科学高科', 'Org-074', '[]'::json, '韩国', '2009-02-21', NULL, 17, 'www.org-074.example.com', '航天脑科学高科是聚焦卫星互联网、量子计算、5G通信等领域的科研院所，致力于前沿技术研发与成果转化。', '["外资企业", "国有企业"]'::json, '科研院所', '人才培养', 8000, '["卫星互联网", "量子计算", "5G通信"]'::json, '[]'::json, '航天脑科学高科下设基础研究部、应用工程部、国际合作部', '["2021-2025五年发展规划", "2026-2030五年发展规划"]'::json, '航天脑科学高科在量子计算领域处于国内领先水平。', '["光量子计算"]'::json, '', 0.755, 0.85, '2026-06-15T12:00:00+00:00', '2026-06-15T12:00:00+00:00');
INSERT INTO org_history (org_id, change_date, change_description, created_at, updated_at) VALUES ('ORG_S_056807f17096be92', '2014-10-16', '成立5G通信研究中心', '2026-06-15T12:00:00+00:00', '2026-06-15T12:00:00+00:00');
INSERT INTO org_history (org_id, change_date, change_description, created_at, updated_at) VALUES ('ORG_S_056807f17096be92', '2020-05-01', '完成股份制改革', '2026-06-15T12:00:00+00:00', '2026-06-15T12:00:00+00:00');
INSERT INTO org_history (org_id, change_date, change_description, created_at, updated_at) VALUES ('ORG_S_056807f17096be92', '2012-01-14', '获批国家重点实验室', '2026-06-15T12:00:00+00:00', '2026-06-15T12:00:00+00:00');
INSERT INTO org_award (org_id, description, name, reason, award_date, level, award_type, created_at, updated_at) VALUES ('ORG_S_056807f17096be92', '', '国家科技进步奖', '在5G通信取得突破', '2020-05-10', '行业级', '创新', '2026-06-15T12:00:00+00:00', '2026-06-15T12:00:00+00:00');
INSERT INTO org_award (org_id, description, name, reason, award_date, level, award_type, created_at, updated_at) VALUES ('ORG_S_056807f17096be92', '', '行业金奖', '在5G通信取得突破', '2018-04-20', '省部级', '创新', '2026-06-15T12:00:00+00:00', '2026-06-15T12:00:00+00:00');
INSERT INTO org_output (org_id, name, form, author, publish_date, attachment, created_at, updated_at) VALUES ('ORG_S_056807f17096be92', '卫星互联网标准', '专利', '航天脑科学高科', '2018-10-19', '', '2026-06-15T12:00:00+00:00', '2026-06-15T12:00:00+00:00');
INSERT INTO org_output (org_id, name, form, author, publish_date, attachment, created_at, updated_at) VALUES ('ORG_S_056807f17096be92', '5G通信标准', '标准', '航天脑科学高科', '2022-12-28', '', '2026-06-15T12:00:00+00:00', '2026-06-15T12:00:00+00:00');
INSERT INTO org_output (org_id, name, form, author, publish_date, attachment, created_at, updated_at) VALUES ('ORG_S_056807f17096be92', '卫星互联网关键技术', '论文', '航天脑科学高科', '2024-04-17', '', '2026-06-15T12:00:00+00:00', '2026-06-15T12:00:00+00:00');
INSERT INTO org_team (org_id, top_talents, award_winners, team_size, talent_type, created_at, updated_at) VALUES ('ORG_S_056807f17096be92', '["杨桂英洋院士"]'::json, '["王志强磊", "赵霞", "许超"]'::json, 1000, '战略科学家团队', '2026-06-15T12:00:00+00:00', '2026-06-15T12:00:00+00:00');
INSERT INTO org_facility (org_id, name, purpose, experiment_status, launch_date, construction_cost_wan_usd, created_at, updated_at) VALUES ('ORG_S_056807f17096be92', '卫星互联网实验平台', '开展卫星互联网关键实验', '在建', '2019-07-15', 500, '2026-06-15T12:00:00+00:00', '2026-06-15T12:00:00+00:00');
INSERT INTO org_facility (org_id, name, purpose, experiment_status, launch_date, construction_cost_wan_usd, created_at, updated_at) VALUES ('ORG_S_056807f17096be92', '5G通信实验平台', '开展卫星互联网关键实验', '运行中', '2024-03-07', 8000, '2026-06-15T12:00:00+00:00', '2026-06-15T12:00:00+00:00');
INSERT INTO entity_change_log (entity_id, entity_type, field, old_value, new_value, method, operator, source_doc_id, reason, changed_at) VALUES ('ORG_S_056807f17096be92', 'org', '*', NULL, '{"action": "create"}'::json, 'rule', NULL, 'mock_seed', NULL, '2026-06-15T12:00:00+00:00');
INSERT INTO org_profile (org_id, name_cn, name_en, name_other, country, founded_date, dissolved_date, operating_years, website, summary, org_types, nature, function, scale, tech_domains, predecessor_names, departments, strategic_plans, evaluation_report, new_key_projects, remark, confidence, completeness, created_at, updated_at) VALUES ('ORG_S_dd0087ada9a16430', '北方航宇科技', 'Org-075', '[]'::json, '美国', '1962-07-04', NULL, 64, 'www.org-075.example.com', '北方航宇科技是聚焦人工智能、氢能等领域的科研院所，致力于前沿技术研发与成果转化。', '["外资企业", "双一流高校", "中外合资"]'::json, '科研院所', '技术开发', 500, '["人工智能", "氢能"]'::json, '[]'::json, '北方航宇科技下设基础研究部、应用工程部、国际合作部', '["2021-2025五年发展规划", "2026-2030五年发展规划"]'::json, '北方航宇科技在氢能领域处于国内领先水平。', '["自动驾驶域控制器", "类脑计算架构", "碳化硅功率器件"]'::json, '', 0.869, 0.873, '2026-06-15T12:00:00+00:00', '2026-06-15T12:00:00+00:00');
INSERT INTO org_history (org_id, change_date, change_description, created_at, updated_at) VALUES ('ORG_S_dd0087ada9a16430', '2021-07-22', '成立人工智能研究中心', '2026-06-15T12:00:00+00:00', '2026-06-15T12:00:00+00:00');
INSERT INTO org_history (org_id, change_date, change_description, created_at, updated_at) VALUES ('ORG_S_dd0087ada9a16430', '2010-05-01', '完成股份制改革', '2026-06-15T12:00:00+00:00', '2026-06-15T12:00:00+00:00');
INSERT INTO org_history (org_id, change_date, change_description, created_at, updated_at) VALUES ('ORG_S_dd0087ada9a16430', '2010-01-26', '获批国家重点实验室', '2026-06-15T12:00:00+00:00', '2026-06-15T12:00:00+00:00');
INSERT INTO org_award (org_id, description, name, reason, award_date, level, award_type, created_at, updated_at) VALUES ('ORG_S_dd0087ada9a16430', '', '国家科技进步奖', '在人工智能取得突破', '2024-06-10', '省部级', '创新', '2026-06-15T12:00:00+00:00', '2026-06-15T12:00:00+00:00');
INSERT INTO org_award (org_id, description, name, reason, award_date, level, award_type, created_at, updated_at) VALUES ('ORG_S_dd0087ada9a16430', '', '行业金奖', '在氢能取得突破', '2015-01-11', '国家级', '工程', '2026-06-15T12:00:00+00:00', '2026-06-15T12:00:00+00:00');
INSERT INTO org_output (org_id, name, form, author, publish_date, attachment, created_at, updated_at) VALUES ('ORG_S_dd0087ada9a16430', '人工智能标准', '专利', '北方航宇科技', '2019-10-04', '', '2026-06-15T12:00:00+00:00', '2026-06-15T12:00:00+00:00');
INSERT INTO org_output (org_id, name, form, author, publish_date, attachment, created_at, updated_at) VALUES ('ORG_S_dd0087ada9a16430', '氢能标准', '标准', '北方航宇科技', '2018-02-02', '', '2026-06-15T12:00:00+00:00', '2026-06-15T12:00:00+00:00');
INSERT INTO org_team (org_id, top_talents, award_winners, team_size, talent_type, created_at, updated_at) VALUES ('ORG_S_dd0087ada9a16430', '["高勇磊院士", "陈瑞明院士"]'::json, '["杨杰强"]'::json, 1000, '工程团队', '2026-06-15T12:00:00+00:00', '2026-06-15T12:00:00+00:00');
INSERT INTO org_facility (org_id, name, purpose, experiment_status, launch_date, construction_cost_wan_usd, created_at, updated_at) VALUES ('ORG_S_dd0087ada9a16430', '氢能实验平台', '开展人工智能关键实验', '运行中', '2020-02-12', 15000, '2026-06-15T12:00:00+00:00', '2026-06-15T12:00:00+00:00');
INSERT INTO org_facility (org_id, name, purpose, experiment_status, launch_date, construction_cost_wan_usd, created_at, updated_at) VALUES ('ORG_S_dd0087ada9a16430', '人工智能实验平台', '开展人工智能关键实验', '运行中', '2020-05-07', 8000, '2026-06-15T12:00:00+00:00', '2026-06-15T12:00:00+00:00');
INSERT INTO entity_change_log (entity_id, entity_type, field, old_value, new_value, method, operator, source_doc_id, reason, changed_at) VALUES ('ORG_S_dd0087ada9a16430', 'org', '*', NULL, '{"action": "create"}'::json, 'rule', NULL, 'mock_seed', NULL, '2026-06-15T12:00:00+00:00');
INSERT INTO org_profile (org_id, name_cn, name_en, name_other, country, founded_date, dissolved_date, operating_years, website, summary, org_types, nature, function, scale, tech_domains, predecessor_names, departments, strategic_plans, evaluation_report, new_key_projects, remark, confidence, completeness, created_at, updated_at) VALUES ('ORG_S_e575f2580998e6f5', '新芯创高科', 'Org-076', '[]'::json, '法国', '1965-03-01', NULL, 61, 'www.org-076.example.com', '新芯创高科是聚焦新材料、无人机、光电技术等领域的事业单位，致力于前沿技术研发与成果转化。', '["外资企业"]'::json, '事业单位', '成果转化', 8000, '["新材料", "无人机", "光电技术"]'::json, '[]'::json, '新芯创高科下设基础研究部、应用工程部、国际合作部', '["2021-2025五年发展规划", "2026-2030五年发展规划"]'::json, '新芯创高科在新材料领域处于国内领先水平。', '["mRNA疫苗"]'::json, '', 0.718, 0.788, '2026-06-15T12:00:00+00:00', '2026-06-15T12:00:00+00:00');
INSERT INTO org_history (org_id, change_date, change_description, created_at, updated_at) VALUES ('ORG_S_e575f2580998e6f5', '2023-09-01', '成立新材料研究中心', '2026-06-15T12:00:00+00:00', '2026-06-15T12:00:00+00:00');
INSERT INTO org_history (org_id, change_date, change_description, created_at, updated_at) VALUES ('ORG_S_e575f2580998e6f5', '2011-04-01', '完成股份制改革', '2026-06-15T12:00:00+00:00', '2026-06-15T12:00:00+00:00');
INSERT INTO org_history (org_id, change_date, change_description, created_at, updated_at) VALUES ('ORG_S_e575f2580998e6f5', '2013-08-13', '获批国家重点实验室', '2026-06-15T12:00:00+00:00', '2026-06-15T12:00:00+00:00');
INSERT INTO org_award (org_id, description, name, reason, award_date, level, award_type, created_at, updated_at) VALUES ('ORG_S_e575f2580998e6f5', '', '省部级一等奖', '在无人机取得突破', '2022-07-26', '国家级', '科技', '2026-06-15T12:00:00+00:00', '2026-06-15T12:00:00+00:00');
INSERT INTO org_output (org_id, name, form, author, publish_date, attachment, created_at, updated_at) VALUES ('ORG_S_e575f2580998e6f5', '光电技术系统', '专利', '新芯创高科', '2024-08-21', '', '2026-06-15T12:00:00+00:00', '2026-06-15T12:00:00+00:00');
INSERT INTO org_output (org_id, name, form, author, publish_date, attachment, created_at, updated_at) VALUES ('ORG_S_e575f2580998e6f5', '无人机关键技术', '论文', '新芯创高科', '2020-12-27', '', '2026-06-15T12:00:00+00:00', '2026-06-15T12:00:00+00:00');
INSERT INTO org_output (org_id, name, form, author, publish_date, attachment, created_at, updated_at) VALUES ('ORG_S_e575f2580998e6f5', '无人机系统', '专利', '新芯创高科', '2023-04-04', '', '2026-06-15T12:00:00+00:00', '2026-06-15T12:00:00+00:00');
INSERT INTO org_output (org_id, name, form, author, publish_date, attachment, created_at, updated_at) VALUES ('ORG_S_e575f2580998e6f5', '光电技术关键技术', '专利', '新芯创高科', '2024-02-25', '', '2026-06-15T12:00:00+00:00', '2026-06-15T12:00:00+00:00');
INSERT INTO org_team (org_id, top_talents, award_winners, team_size, talent_type, created_at, updated_at) VALUES ('ORG_S_e575f2580998e6f5', '["赵海燕院士", "孙涛院士"]'::json, '["何昊"]'::json, 1000, '研发团队', '2026-06-15T12:00:00+00:00', '2026-06-15T12:00:00+00:00');
INSERT INTO org_facility (org_id, name, purpose, experiment_status, launch_date, construction_cost_wan_usd, created_at, updated_at) VALUES ('ORG_S_e575f2580998e6f5', '新材料实验平台', '开展新材料关键实验', '调试', '2020-01-02', 500, '2026-06-15T12:00:00+00:00', '2026-06-15T12:00:00+00:00');
INSERT INTO entity_change_log (entity_id, entity_type, field, old_value, new_value, method, operator, source_doc_id, reason, changed_at) VALUES ('ORG_S_e575f2580998e6f5', 'org', '*', NULL, '{"action": "create"}'::json, 'rule', NULL, 'mock_seed', NULL, '2026-06-15T12:00:00+00:00');
INSERT INTO org_profile (org_id, name_cn, name_en, name_other, country, founded_date, dissolved_date, operating_years, website, summary, org_types, nature, function, scale, tech_domains, predecessor_names, departments, strategic_plans, evaluation_report, new_key_projects, remark, confidence, completeness, created_at, updated_at) VALUES ('ORG_S_aa439abc54dbf56e', '南方光电研究所', 'Org-077', '[]'::json, '以色列', '1982-02-21', NULL, 44, 'www.org-077.example.com', '南方光电研究所是聚焦机器人、氢能、光电技术等领域的企业，致力于前沿技术研发与成果转化。', '["民营企业", "国有企业", "上市公司"]'::json, '企业', '应用研究', 3000, '["机器人", "氢能", "光电技术", "基因编辑"]'::json, '[]'::json, '南方光电研究所下设基础研究部、应用工程部、国际合作部', '["2021-2025五年发展规划", "2026-2030五年发展规划"]'::json, '南方光电研究所在光电技术领域处于国内领先水平。', '["mRNA疫苗"]'::json, '', 0.86, 0.897, '2026-06-15T12:00:00+00:00', '2026-06-15T12:00:00+00:00');
INSERT INTO org_history (org_id, change_date, change_description, created_at, updated_at) VALUES ('ORG_S_aa439abc54dbf56e', '2013-05-18', '成立机器人研究中心', '2026-06-15T12:00:00+00:00', '2026-06-15T12:00:00+00:00');
INSERT INTO org_history (org_id, change_date, change_description, created_at, updated_at) VALUES ('ORG_S_aa439abc54dbf56e', '2018-09-08', '完成股份制改革', '2026-06-15T12:00:00+00:00', '2026-06-15T12:00:00+00:00');
INSERT INTO org_history (org_id, change_date, change_description, created_at, updated_at) VALUES ('ORG_S_aa439abc54dbf56e', '2016-09-06', '获批国家重点实验室', '2026-06-15T12:00:00+00:00', '2026-06-15T12:00:00+00:00');
INSERT INTO org_award (org_id, description, name, reason, award_date, level, award_type, created_at, updated_at) VALUES ('ORG_S_aa439abc54dbf56e', '', '省部级一等奖', '在氢能取得突破', '2018-05-02', '省部级', '工程', '2026-06-15T12:00:00+00:00', '2026-06-15T12:00:00+00:00');
INSERT INTO org_award (org_id, description, name, reason, award_date, level, award_type, created_at, updated_at) VALUES ('ORG_S_aa439abc54dbf56e', '', '行业金奖', '在基因编辑取得突破', '2019-10-08', '行业级', '创新', '2026-06-15T12:00:00+00:00', '2026-06-15T12:00:00+00:00');
INSERT INTO org_award (org_id, description, name, reason, award_date, level, award_type, created_at, updated_at) VALUES ('ORG_S_aa439abc54dbf56e', '', '国家科技进步奖', '在光电技术取得突破', '2020-05-22', '省部级', '创新', '2026-06-15T12:00:00+00:00', '2026-06-15T12:00:00+00:00');
INSERT INTO org_output (org_id, name, form, author, publish_date, attachment, created_at, updated_at) VALUES ('ORG_S_aa439abc54dbf56e', '基因编辑关键技术', '专利', '南方光电研究所', '2023-08-11', '', '2026-06-15T12:00:00+00:00', '2026-06-15T12:00:00+00:00');
INSERT INTO org_output (org_id, name, form, author, publish_date, attachment, created_at, updated_at) VALUES ('ORG_S_aa439abc54dbf56e', '光电技术关键技术', '专利', '南方光电研究所', '2021-12-23', '', '2026-06-15T12:00:00+00:00', '2026-06-15T12:00:00+00:00');
INSERT INTO org_output (org_id, name, form, author, publish_date, attachment, created_at, updated_at) VALUES ('ORG_S_aa439abc54dbf56e', '基因编辑关键技术', '软件著作权', '南方光电研究所', '2023-08-08', '', '2026-06-15T12:00:00+00:00', '2026-06-15T12:00:00+00:00');
INSERT INTO org_team (org_id, top_talents, award_winners, team_size, talent_type, created_at, updated_at) VALUES ('ORG_S_aa439abc54dbf56e', '["吴文博院士"]'::json, '["邓军宁"]'::json, 200, '研发团队', '2026-06-15T12:00:00+00:00', '2026-06-15T12:00:00+00:00');
INSERT INTO org_facility (org_id, name, purpose, experiment_status, launch_date, construction_cost_wan_usd, created_at, updated_at) VALUES ('ORG_S_aa439abc54dbf56e', '光电技术实验平台', '开展氢能关键实验', '在建', '2023-11-19', 8000, '2026-06-15T12:00:00+00:00', '2026-06-15T12:00:00+00:00');
INSERT INTO org_facility (org_id, name, purpose, experiment_status, launch_date, construction_cost_wan_usd, created_at, updated_at) VALUES ('ORG_S_aa439abc54dbf56e', '氢能实验平台', '开展光电技术关键实验', '运行中', '2024-06-17', 500, '2026-06-15T12:00:00+00:00', '2026-06-15T12:00:00+00:00');
INSERT INTO entity_change_log (entity_id, entity_type, field, old_value, new_value, method, operator, source_doc_id, reason, changed_at) VALUES ('ORG_S_aa439abc54dbf56e', 'org', '*', NULL, '{"action": "create"}'::json, 'rule', NULL, 'mock_seed', NULL, '2026-06-15T12:00:00+00:00');
INSERT INTO org_profile (org_id, name_cn, name_en, name_other, country, founded_date, dissolved_date, operating_years, website, summary, org_types, nature, function, scale, tech_domains, predecessor_names, departments, strategic_plans, evaluation_report, new_key_projects, remark, confidence, completeness, created_at, updated_at) VALUES ('ORG_S_a265c29f43acdce7', '国未来高科', 'Org-078', '[]'::json, '韩国', '1988-10-11', NULL, 38, 'www.org-078.example.com', '国未来高科是聚焦无人机、集成电路、自动驾驶等领域的高校，致力于前沿技术研发与成果转化。', '["上市公司", "中外合资", "重点实验室"]'::json, '高校', '战略咨询', 500, '["无人机", "集成电路", "自动驾驶", "新材料", "光电技术"]'::json, '[]'::json, '国未来高科下设基础研究部、应用工程部、国际合作部', '["2021-2025五年发展规划", "2026-2030五年发展规划"]'::json, '国未来高科在新材料领域处于国内领先水平。', '["碳化硅功率器件"]'::json, '', 0.915, 0.582, '2026-06-15T12:00:00+00:00', '2026-06-15T12:00:00+00:00');
INSERT INTO org_history (org_id, change_date, change_description, created_at, updated_at) VALUES ('ORG_S_a265c29f43acdce7', '2014-03-07', '成立新材料研究中心', '2026-06-15T12:00:00+00:00', '2026-06-15T12:00:00+00:00');
INSERT INTO org_history (org_id, change_date, change_description, created_at, updated_at) VALUES ('ORG_S_a265c29f43acdce7', '2011-05-03', '完成股份制改革', '2026-06-15T12:00:00+00:00', '2026-06-15T12:00:00+00:00');
INSERT INTO org_history (org_id, change_date, change_description, created_at, updated_at) VALUES ('ORG_S_a265c29f43acdce7', '2020-01-06', '获批国家重点实验室', '2026-06-15T12:00:00+00:00', '2026-06-15T12:00:00+00:00');
INSERT INTO org_award (org_id, description, name, reason, award_date, level, award_type, created_at, updated_at) VALUES ('ORG_S_a265c29f43acdce7', '', '行业金奖', '在光电技术取得突破', '2018-04-19', '国家级', '工程', '2026-06-15T12:00:00+00:00', '2026-06-15T12:00:00+00:00');
INSERT INTO org_output (org_id, name, form, author, publish_date, attachment, created_at, updated_at) VALUES ('ORG_S_a265c29f43acdce7', '光电技术系统', '专利', '国未来高科', '2021-08-02', '', '2026-06-15T12:00:00+00:00', '2026-06-15T12:00:00+00:00');
INSERT INTO org_output (org_id, name, form, author, publish_date, attachment, created_at, updated_at) VALUES ('ORG_S_a265c29f43acdce7', '光电技术关键技术', '标准', '国未来高科', '2020-11-14', '', '2026-06-15T12:00:00+00:00', '2026-06-15T12:00:00+00:00');
INSERT INTO org_team (org_id, top_talents, award_winners, team_size, talent_type, created_at, updated_at) VALUES ('ORG_S_a265c29f43acdce7', '["许明院士", "冯斌院士"]'::json, '["韩刚", "李海燕"]'::json, 200, '战略科学家团队', '2026-06-15T12:00:00+00:00', '2026-06-15T12:00:00+00:00');
INSERT INTO org_facility (org_id, name, purpose, experiment_status, launch_date, construction_cost_wan_usd, created_at, updated_at) VALUES ('ORG_S_a265c29f43acdce7', '新材料实验平台', '开展自动驾驶关键实验', '运行中', '2024-08-08', 2000, '2026-06-15T12:00:00+00:00', '2026-06-15T12:00:00+00:00');
INSERT INTO entity_change_log (entity_id, entity_type, field, old_value, new_value, method, operator, source_doc_id, reason, changed_at) VALUES ('ORG_S_a265c29f43acdce7', 'org', '*', NULL, '{"action": "create"}'::json, 'rule', NULL, 'mock_seed', NULL, '2026-06-15T12:00:00+00:00');
INSERT INTO org_profile (org_id, name_cn, name_en, name_other, country, founded_date, dissolved_date, operating_years, website, summary, org_types, nature, function, scale, tech_domains, predecessor_names, departments, strategic_plans, evaluation_report, new_key_projects, remark, confidence, completeness, created_at, updated_at) VALUES ('ORG_S_ab55f02037cbe3a7', '新生医研究所', 'Org-079', '[]'::json, '以色列', '1970-11-04', NULL, 56, 'www.org-079.example.com', '新生医研究所是聚焦脑机接口、大模型、量子计算等领域的企业，致力于前沿技术研发与成果转化。', '["外资企业", "重点实验室", "上市公司"]'::json, '企业', '战略咨询', 200, '["脑机接口", "大模型", "量子计算", "自动驾驶", "深海装备"]'::json, '[]'::json, '新生医研究所下设基础研究部、应用工程部、国际合作部', '["2021-2025五年发展规划", "2026-2030五年发展规划"]'::json, '新生医研究所在大模型领域处于国内领先水平。', '["氢燃料电池电堆", "仿生机械臂"]'::json, '', 0.908, 0.676, '2026-06-15T12:00:00+00:00', '2026-06-15T12:00:00+00:00');
INSERT INTO org_history (org_id, change_date, change_description, created_at, updated_at) VALUES ('ORG_S_ab55f02037cbe3a7', '2012-12-28', '成立大模型研究中心', '2026-06-15T12:00:00+00:00', '2026-06-15T12:00:00+00:00');
INSERT INTO org_history (org_id, change_date, change_description, created_at, updated_at) VALUES ('ORG_S_ab55f02037cbe3a7', '2011-01-09', '完成股份制改革', '2026-06-15T12:00:00+00:00', '2026-06-15T12:00:00+00:00');
INSERT INTO org_history (org_id, change_date, change_description, created_at, updated_at) VALUES ('ORG_S_ab55f02037cbe3a7', '2012-10-18', '获批国家重点实验室', '2026-06-15T12:00:00+00:00', '2026-06-15T12:00:00+00:00');
INSERT INTO org_award (org_id, description, name, reason, award_date, level, award_type, created_at, updated_at) VALUES ('ORG_S_ab55f02037cbe3a7', '', '国家科技进步奖', '在脑机接口取得突破', '2021-11-08', '行业级', '创新', '2026-06-15T12:00:00+00:00', '2026-06-15T12:00:00+00:00');
INSERT INTO org_award (org_id, description, name, reason, award_date, level, award_type, created_at, updated_at) VALUES ('ORG_S_ab55f02037cbe3a7', '', '国家科技进步奖', '在自动驾驶取得突破', '2016-07-09', '省部级', '科技', '2026-06-15T12:00:00+00:00', '2026-06-15T12:00:00+00:00');
INSERT INTO org_award (org_id, description, name, reason, award_date, level, award_type, created_at, updated_at) VALUES ('ORG_S_ab55f02037cbe3a7', '', '国家科技进步奖', '在大模型取得突破', '2024-06-26', '国家级', '科技', '2026-06-15T12:00:00+00:00', '2026-06-15T12:00:00+00:00');
INSERT INTO org_output (org_id, name, form, author, publish_date, attachment, created_at, updated_at) VALUES ('ORG_S_ab55f02037cbe3a7', '自动驾驶标准', '标准', '新生医研究所', '2023-10-28', '', '2026-06-15T12:00:00+00:00', '2026-06-15T12:00:00+00:00');
INSERT INTO org_output (org_id, name, form, author, publish_date, attachment, created_at, updated_at) VALUES ('ORG_S_ab55f02037cbe3a7', '量子计算标准', '论文', '新生医研究所', '2022-04-28', '', '2026-06-15T12:00:00+00:00', '2026-06-15T12:00:00+00:00');
INSERT INTO org_team (org_id, top_talents, award_winners, team_size, talent_type, created_at, updated_at) VALUES ('ORG_S_ab55f02037cbe3a7', '["李伟洋院士"]'::json, '["谢艳", "彭霞"]'::json, 1000, '战略科学家团队', '2026-06-15T12:00:00+00:00', '2026-06-15T12:00:00+00:00');
INSERT INTO org_facility (org_id, name, purpose, experiment_status, launch_date, construction_cost_wan_usd, created_at, updated_at) VALUES ('ORG_S_ab55f02037cbe3a7', '大模型实验平台', '开展深海装备关键实验', '在建', '2019-07-13', 2000, '2026-06-15T12:00:00+00:00', '2026-06-15T12:00:00+00:00');
INSERT INTO entity_change_log (entity_id, entity_type, field, old_value, new_value, method, operator, source_doc_id, reason, changed_at) VALUES ('ORG_S_ab55f02037cbe3a7', 'org', '*', NULL, '{"action": "create"}'::json, 'rule', NULL, 'mock_seed', NULL, '2026-06-15T12:00:00+00:00');
INSERT INTO org_profile (org_id, name_cn, name_en, name_other, country, founded_date, dissolved_date, operating_years, website, summary, org_types, nature, function, scale, tech_domains, predecessor_names, departments, strategic_plans, evaluation_report, new_key_projects, remark, confidence, completeness, created_at, updated_at) VALUES ('ORG_S_fa59fac4b13bac56', '北方量子研究所', 'Org-080', '[]'::json, '中国', '1983-06-10', NULL, 43, 'www.org-080.example.com', '北方量子研究所是聚焦储能、机器人等领域的政府机构，致力于前沿技术研发与成果转化。', '["外资企业", "上市公司"]'::json, '政府机构', '成果转化', 500, '["储能", "机器人"]'::json, '[]'::json, '北方量子研究所下设基础研究部、应用工程部、国际合作部', '["2021-2025五年发展规划", "2026-2030五年发展规划"]'::json, '北方量子研究所在机器人领域处于国内领先水平。', '["仿生机械臂", "钙钛矿太阳能电池"]'::json, '', 0.744, 0.668, '2026-06-15T12:00:00+00:00', '2026-06-15T12:00:00+00:00');
INSERT INTO org_history (org_id, change_date, change_description, created_at, updated_at) VALUES ('ORG_S_fa59fac4b13bac56', '2011-01-19', '成立机器人研究中心', '2026-06-15T12:00:00+00:00', '2026-06-15T12:00:00+00:00');
INSERT INTO org_history (org_id, change_date, change_description, created_at, updated_at) VALUES ('ORG_S_fa59fac4b13bac56', '2016-03-10', '完成股份制改革', '2026-06-15T12:00:00+00:00', '2026-06-15T12:00:00+00:00');
INSERT INTO org_history (org_id, change_date, change_description, created_at, updated_at) VALUES ('ORG_S_fa59fac4b13bac56', '2019-04-19', '获批国家重点实验室', '2026-06-15T12:00:00+00:00', '2026-06-15T12:00:00+00:00');
INSERT INTO org_award (org_id, description, name, reason, award_date, level, award_type, created_at, updated_at) VALUES ('ORG_S_fa59fac4b13bac56', '', '行业金奖', '在储能取得突破', '2019-11-12', '行业级', '创新', '2026-06-15T12:00:00+00:00', '2026-06-15T12:00:00+00:00');
INSERT INTO org_award (org_id, description, name, reason, award_date, level, award_type, created_at, updated_at) VALUES ('ORG_S_fa59fac4b13bac56', '', '行业金奖', '在储能取得突破', '2017-06-24', '国家级', '创新', '2026-06-15T12:00:00+00:00', '2026-06-15T12:00:00+00:00');
INSERT INTO org_award (org_id, description, name, reason, award_date, level, award_type, created_at, updated_at) VALUES ('ORG_S_fa59fac4b13bac56', '', '行业金奖', '在机器人取得突破', '2023-09-22', '行业级', '创新', '2026-06-15T12:00:00+00:00', '2026-06-15T12:00:00+00:00');
INSERT INTO org_output (org_id, name, form, author, publish_date, attachment, created_at, updated_at) VALUES ('ORG_S_fa59fac4b13bac56', '储能系统', '专利', '北方量子研究所', '2023-07-19', '', '2026-06-15T12:00:00+00:00', '2026-06-15T12:00:00+00:00');
INSERT INTO org_output (org_id, name, form, author, publish_date, attachment, created_at, updated_at) VALUES ('ORG_S_fa59fac4b13bac56', '储能系统', '专利', '北方量子研究所', '2024-11-25', '', '2026-06-15T12:00:00+00:00', '2026-06-15T12:00:00+00:00');
INSERT INTO org_output (org_id, name, form, author, publish_date, attachment, created_at, updated_at) VALUES ('ORG_S_fa59fac4b13bac56', '机器人标准', '论文', '北方量子研究所', '2018-07-21', '', '2026-06-15T12:00:00+00:00', '2026-06-15T12:00:00+00:00');
INSERT INTO org_output (org_id, name, form, author, publish_date, attachment, created_at, updated_at) VALUES ('ORG_S_fa59fac4b13bac56', '机器人系统', '软件著作权', '北方量子研究所', '2021-05-20', '', '2026-06-15T12:00:00+00:00', '2026-06-15T12:00:00+00:00');
INSERT INTO org_team (org_id, top_talents, award_winners, team_size, talent_type, created_at, updated_at) VALUES ('ORG_S_fa59fac4b13bac56', '["刘艳院士"]'::json, '["赵海燕", "韩桂英建华"]'::json, 500, '工程团队', '2026-06-15T12:00:00+00:00', '2026-06-15T12:00:00+00:00');
INSERT INTO org_facility (org_id, name, purpose, experiment_status, launch_date, construction_cost_wan_usd, created_at, updated_at) VALUES ('ORG_S_fa59fac4b13bac56', '机器人实验平台', '开展机器人关键实验', '调试', '2024-05-25', 8000, '2026-06-15T12:00:00+00:00', '2026-06-15T12:00:00+00:00');
INSERT INTO org_facility (org_id, name, purpose, experiment_status, launch_date, construction_cost_wan_usd, created_at, updated_at) VALUES ('ORG_S_fa59fac4b13bac56', '储能实验平台', '开展机器人关键实验', '在建', '2020-03-15', 8000, '2026-06-15T12:00:00+00:00', '2026-06-15T12:00:00+00:00');
INSERT INTO entity_change_log (entity_id, entity_type, field, old_value, new_value, method, operator, source_doc_id, reason, changed_at) VALUES ('ORG_S_fa59fac4b13bac56', 'org', '*', NULL, '{"action": "create"}'::json, 'rule', NULL, 'mock_seed', NULL, '2026-06-15T12:00:00+00:00');
INSERT INTO org_profile (org_id, name_cn, name_en, name_other, country, founded_date, dissolved_date, operating_years, website, summary, org_types, nature, function, scale, tech_domains, predecessor_names, departments, strategic_plans, evaluation_report, new_key_projects, remark, confidence, completeness, created_at, updated_at) VALUES ('ORG_S_f7d218d327d1d384', '航天新材集团', 'Org-081', '[]'::json, '法国', '1960-04-14', NULL, 66, 'www.org-081.example.com', '航天新材集团是聚焦集成电路、深海装备等领域的企业，致力于前沿技术研发与成果转化。', '["中外合资", "重点实验室", "外资企业"]'::json, '企业', '人才培养', 200, '["集成电路", "深海装备"]'::json, '[]'::json, '航天新材集团下设基础研究部、应用工程部、国际合作部', '["2021-2025五年发展规划", "2026-2030五年发展规划"]'::json, '航天新材集团在集成电路领域处于国内领先水平。', '["太赫兹通信", "自动驾驶域控制器", "仿生机械臂"]'::json, '', 0.814, 0.844, '2026-06-15T12:00:00+00:00', '2026-06-15T12:00:00+00:00');
INSERT INTO org_history (org_id, change_date, change_description, created_at, updated_at) VALUES ('ORG_S_f7d218d327d1d384', '2014-12-06', '成立集成电路研究中心', '2026-06-15T12:00:00+00:00', '2026-06-15T12:00:00+00:00');
INSERT INTO org_history (org_id, change_date, change_description, created_at, updated_at) VALUES ('ORG_S_f7d218d327d1d384', '2020-12-06', '完成股份制改革', '2026-06-15T12:00:00+00:00', '2026-06-15T12:00:00+00:00');
INSERT INTO org_history (org_id, change_date, change_description, created_at, updated_at) VALUES ('ORG_S_f7d218d327d1d384', '2017-03-27', '获批国家重点实验室', '2026-06-15T12:00:00+00:00', '2026-06-15T12:00:00+00:00');
INSERT INTO org_award (org_id, description, name, reason, award_date, level, award_type, created_at, updated_at) VALUES ('ORG_S_f7d218d327d1d384', '', '国家科技进步奖', '在集成电路取得突破', '2021-04-21', '省部级', '科技', '2026-06-15T12:00:00+00:00', '2026-06-15T12:00:00+00:00');
INSERT INTO org_output (org_id, name, form, author, publish_date, attachment, created_at, updated_at) VALUES ('ORG_S_f7d218d327d1d384', '集成电路系统', '软件著作权', '航天新材集团', '2023-02-13', '', '2026-06-15T12:00:00+00:00', '2026-06-15T12:00:00+00:00');
INSERT INTO org_output (org_id, name, form, author, publish_date, attachment, created_at, updated_at) VALUES ('ORG_S_f7d218d327d1d384', '深海装备系统', '软件著作权', '航天新材集团', '2022-02-22', '', '2026-06-15T12:00:00+00:00', '2026-06-15T12:00:00+00:00');
INSERT INTO org_team (org_id, top_talents, award_winners, team_size, talent_type, created_at, updated_at) VALUES ('ORG_S_f7d218d327d1d384', '["徐雪松院士", "唐霞晓东院士"]'::json, '["杨婷峰", "朱志强"]'::json, 1000, '研发团队', '2026-06-15T12:00:00+00:00', '2026-06-15T12:00:00+00:00');
INSERT INTO org_facility (org_id, name, purpose, experiment_status, launch_date, construction_cost_wan_usd, created_at, updated_at) VALUES ('ORG_S_f7d218d327d1d384', '深海装备实验平台', '开展深海装备关键实验', '调试', '2024-11-23', 2000, '2026-06-15T12:00:00+00:00', '2026-06-15T12:00:00+00:00');
INSERT INTO entity_change_log (entity_id, entity_type, field, old_value, new_value, method, operator, source_doc_id, reason, changed_at) VALUES ('ORG_S_f7d218d327d1d384', 'org', '*', NULL, '{"action": "create"}'::json, 'rule', NULL, 'mock_seed', NULL, '2026-06-15T12:00:00+00:00');
INSERT INTO org_profile (org_id, name_cn, name_en, name_other, country, founded_date, dissolved_date, operating_years, website, summary, org_types, nature, function, scale, tech_domains, predecessor_names, departments, strategic_plans, evaluation_report, new_key_projects, remark, confidence, completeness, created_at, updated_at) VALUES ('ORG_S_cd46168113afc453', '中先进研究院', 'Org-082', '[]'::json, '以色列', '1953-05-10', NULL, 73, 'www.org-082.example.com', '中先进研究院是聚焦机器人、网络安全、无人机等领域的高校，致力于前沿技术研发与成果转化。', '["上市公司", "中外合资"]'::json, '高校', '应用研究', 1000, '["机器人", "网络安全", "无人机"]'::json, '[]'::json, '中先进研究院下设基础研究部、应用工程部、国际合作部', '["2021-2025五年发展规划", "2026-2030五年发展规划"]'::json, '中先进研究院在网络安全领域处于国内领先水平。', '["mRNA疫苗", "基因剪刀"]'::json, '', 0.853, 0.663, '2026-06-15T12:00:00+00:00', '2026-06-15T12:00:00+00:00');
INSERT INTO org_history (org_id, change_date, change_description, created_at, updated_at) VALUES ('ORG_S_cd46168113afc453', '2016-06-14', '成立无人机研究中心', '2026-06-15T12:00:00+00:00', '2026-06-15T12:00:00+00:00');
INSERT INTO org_history (org_id, change_date, change_description, created_at, updated_at) VALUES ('ORG_S_cd46168113afc453', '2023-12-09', '完成股份制改革', '2026-06-15T12:00:00+00:00', '2026-06-15T12:00:00+00:00');
INSERT INTO org_history (org_id, change_date, change_description, created_at, updated_at) VALUES ('ORG_S_cd46168113afc453', '2013-08-22', '获批国家重点实验室', '2026-06-15T12:00:00+00:00', '2026-06-15T12:00:00+00:00');
INSERT INTO org_award (org_id, description, name, reason, award_date, level, award_type, created_at, updated_at) VALUES ('ORG_S_cd46168113afc453', '', '行业金奖', '在网络安全取得突破', '2015-11-01', '国家级', '工程', '2026-06-15T12:00:00+00:00', '2026-06-15T12:00:00+00:00');
INSERT INTO org_award (org_id, description, name, reason, award_date, level, award_type, created_at, updated_at) VALUES ('ORG_S_cd46168113afc453', '', '国家科技进步奖', '在机器人取得突破', '2015-05-25', '国家级', '科技', '2026-06-15T12:00:00+00:00', '2026-06-15T12:00:00+00:00');
INSERT INTO org_output (org_id, name, form, author, publish_date, attachment, created_at, updated_at) VALUES ('ORG_S_cd46168113afc453', '无人机系统', '专利', '中先进研究院', '2022-05-28', '', '2026-06-15T12:00:00+00:00', '2026-06-15T12:00:00+00:00');
INSERT INTO org_output (org_id, name, form, author, publish_date, attachment, created_at, updated_at) VALUES ('ORG_S_cd46168113afc453', '无人机系统', '论文', '中先进研究院', '2018-11-20', '', '2026-06-15T12:00:00+00:00', '2026-06-15T12:00:00+00:00');
INSERT INTO org_team (org_id, top_talents, award_winners, team_size, talent_type, created_at, updated_at) VALUES ('ORG_S_cd46168113afc453', '["宋伟院士", "吴晓东伟院士"]'::json, '["冯瑞"]'::json, 500, '研发团队', '2026-06-15T12:00:00+00:00', '2026-06-15T12:00:00+00:00');
INSERT INTO org_facility (org_id, name, purpose, experiment_status, launch_date, construction_cost_wan_usd, created_at, updated_at) VALUES ('ORG_S_cd46168113afc453', '无人机实验平台', '开展机器人关键实验', '运行中', '2020-08-24', 15000, '2026-06-15T12:00:00+00:00', '2026-06-15T12:00:00+00:00');
INSERT INTO org_facility (org_id, name, purpose, experiment_status, launch_date, construction_cost_wan_usd, created_at, updated_at) VALUES ('ORG_S_cd46168113afc453', '无人机实验平台', '开展网络安全关键实验', '在建', '2020-06-01', 2000, '2026-06-15T12:00:00+00:00', '2026-06-15T12:00:00+00:00');
INSERT INTO entity_change_log (entity_id, entity_type, field, old_value, new_value, method, operator, source_doc_id, reason, changed_at) VALUES ('ORG_S_cd46168113afc453', 'org', '*', NULL, '{"action": "create"}'::json, 'rule', NULL, 'mock_seed', NULL, '2026-06-15T12:00:00+00:00');
INSERT INTO org_profile (org_id, name_cn, name_en, name_other, country, founded_date, dissolved_date, operating_years, website, summary, org_types, nature, function, scale, tech_domains, predecessor_names, departments, strategic_plans, evaluation_report, new_key_projects, remark, confidence, completeness, created_at, updated_at) VALUES ('ORG_S_b3991e0c38e47303', '东方脑科学实验室', 'Org-083', '[]'::json, '美国', '1998-01-22', NULL, 28, 'www.org-083.example.com', '东方脑科学实验室是聚焦大模型、新能源、自动驾驶等领域的政府机构，致力于前沿技术研发与成果转化。', '["国有企业"]'::json, '政府机构', '技术开发', 3000, '["大模型", "新能源", "自动驾驶"]'::json, '[]'::json, '东方脑科学实验室下设基础研究部、应用工程部、国际合作部', '["2021-2025五年发展规划", "2026-2030五年发展规划"]'::json, '东方脑科学实验室在新能源领域处于国内领先水平。', '["神经形态芯片", "金属3D打印", "类脑计算架构"]'::json, '', 0.772, 0.854, '2026-06-15T12:00:00+00:00', '2026-06-15T12:00:00+00:00');
INSERT INTO org_history (org_id, change_date, change_description, created_at, updated_at) VALUES ('ORG_S_b3991e0c38e47303', '2011-03-24', '成立大模型研究中心', '2026-06-15T12:00:00+00:00', '2026-06-15T12:00:00+00:00');
INSERT INTO org_history (org_id, change_date, change_description, created_at, updated_at) VALUES ('ORG_S_b3991e0c38e47303', '2017-10-12', '完成股份制改革', '2026-06-15T12:00:00+00:00', '2026-06-15T12:00:00+00:00');
INSERT INTO org_history (org_id, change_date, change_description, created_at, updated_at) VALUES ('ORG_S_b3991e0c38e47303', '2021-12-08', '获批国家重点实验室', '2026-06-15T12:00:00+00:00', '2026-06-15T12:00:00+00:00');
INSERT INTO org_award (org_id, description, name, reason, award_date, level, award_type, created_at, updated_at) VALUES ('ORG_S_b3991e0c38e47303', '', '行业金奖', '在大模型取得突破', '2023-07-06', '国家级', '科技', '2026-06-15T12:00:00+00:00', '2026-06-15T12:00:00+00:00');
INSERT INTO org_output (org_id, name, form, author, publish_date, attachment, created_at, updated_at) VALUES ('ORG_S_b3991e0c38e47303', '新能源系统', '标准', '东方脑科学实验室', '2020-04-25', '', '2026-06-15T12:00:00+00:00', '2026-06-15T12:00:00+00:00');
INSERT INTO org_output (org_id, name, form, author, publish_date, attachment, created_at, updated_at) VALUES ('ORG_S_b3991e0c38e47303', '自动驾驶系统', '软件著作权', '东方脑科学实验室', '2024-09-25', '', '2026-06-15T12:00:00+00:00', '2026-06-15T12:00:00+00:00');
INSERT INTO org_output (org_id, name, form, author, publish_date, attachment, created_at, updated_at) VALUES ('ORG_S_b3991e0c38e47303', '大模型系统', '标准', '东方脑科学实验室', '2022-05-23', '', '2026-06-15T12:00:00+00:00', '2026-06-15T12:00:00+00:00');
INSERT INTO org_team (org_id, top_talents, award_winners, team_size, talent_type, created_at, updated_at) VALUES ('ORG_S_b3991e0c38e47303', '["彭晓东院士"]'::json, '["宋涛", "谢斌平"]'::json, 200, '战略科学家团队', '2026-06-15T12:00:00+00:00', '2026-06-15T12:00:00+00:00');
INSERT INTO org_facility (org_id, name, purpose, experiment_status, launch_date, construction_cost_wan_usd, created_at, updated_at) VALUES ('ORG_S_b3991e0c38e47303', '新能源实验平台', '开展自动驾驶关键实验', '运行中', '2018-02-17', 2000, '2026-06-15T12:00:00+00:00', '2026-06-15T12:00:00+00:00');
INSERT INTO entity_change_log (entity_id, entity_type, field, old_value, new_value, method, operator, source_doc_id, reason, changed_at) VALUES ('ORG_S_b3991e0c38e47303', 'org', '*', NULL, '{"action": "create"}'::json, 'rule', NULL, 'mock_seed', NULL, '2026-06-15T12:00:00+00:00');
INSERT INTO org_profile (org_id, name_cn, name_en, name_other, country, founded_date, dissolved_date, operating_years, website, summary, org_types, nature, function, scale, tech_domains, predecessor_names, departments, strategic_plans, evaluation_report, new_key_projects, remark, confidence, completeness, created_at, updated_at) VALUES ('ORG_S_7e09c5468cfb12bb', '中科深海研究所', 'Org-084', '[]'::json, '新加坡', '1972-05-19', NULL, 54, 'www.org-084.example.com', '中科深海研究所是聚焦氢能、碳捕集、新材料等领域的科研院所，致力于前沿技术研发与成果转化。', '["双一流高校"]'::json, '科研院所', '人才培养', 500, '["氢能", "碳捕集", "新材料"]'::json, '[]'::json, '中科深海研究所下设基础研究部、应用工程部、国际合作部', '["2021-2025五年发展规划", "2026-2030五年发展规划"]'::json, '中科深海研究所在碳捕集领域处于国内领先水平。', '["碳纳米管"]'::json, '', 0.861, 0.852, '2026-06-15T12:00:00+00:00', '2026-06-15T12:00:00+00:00');
INSERT INTO org_history (org_id, change_date, change_description, created_at, updated_at) VALUES ('ORG_S_7e09c5468cfb12bb', '2017-07-26', '成立碳捕集研究中心', '2026-06-15T12:00:00+00:00', '2026-06-15T12:00:00+00:00');
INSERT INTO org_history (org_id, change_date, change_description, created_at, updated_at) VALUES ('ORG_S_7e09c5468cfb12bb', '2018-03-24', '完成股份制改革', '2026-06-15T12:00:00+00:00', '2026-06-15T12:00:00+00:00');
INSERT INTO org_history (org_id, change_date, change_description, created_at, updated_at) VALUES ('ORG_S_7e09c5468cfb12bb', '2021-12-16', '获批国家重点实验室', '2026-06-15T12:00:00+00:00', '2026-06-15T12:00:00+00:00');
INSERT INTO org_award (org_id, description, name, reason, award_date, level, award_type, created_at, updated_at) VALUES ('ORG_S_7e09c5468cfb12bb', '', '国家科技进步奖', '在新材料取得突破', '2024-01-28', '行业级', '科技', '2026-06-15T12:00:00+00:00', '2026-06-15T12:00:00+00:00');
INSERT INTO org_award (org_id, description, name, reason, award_date, level, award_type, created_at, updated_at) VALUES ('ORG_S_7e09c5468cfb12bb', '', '省部级一等奖', '在碳捕集取得突破', '2021-11-26', '省部级', '工程', '2026-06-15T12:00:00+00:00', '2026-06-15T12:00:00+00:00');
INSERT INTO org_output (org_id, name, form, author, publish_date, attachment, created_at, updated_at) VALUES ('ORG_S_7e09c5468cfb12bb', '新材料标准', '论文', '中科深海研究所', '2022-08-25', '', '2026-06-15T12:00:00+00:00', '2026-06-15T12:00:00+00:00');
INSERT INTO org_output (org_id, name, form, author, publish_date, attachment, created_at, updated_at) VALUES ('ORG_S_7e09c5468cfb12bb', '氢能关键技术', '论文', '中科深海研究所', '2024-01-04', '', '2026-06-15T12:00:00+00:00', '2026-06-15T12:00:00+00:00');
INSERT INTO org_team (org_id, top_talents, award_winners, team_size, talent_type, created_at, updated_at) VALUES ('ORG_S_7e09c5468cfb12bb', '["杨晓东院士"]'::json, '["陈婷", "周俊杰宁", "高海燕"]'::json, 200, '战略科学家团队', '2026-06-15T12:00:00+00:00', '2026-06-15T12:00:00+00:00');
INSERT INTO org_facility (org_id, name, purpose, experiment_status, launch_date, construction_cost_wan_usd, created_at, updated_at) VALUES ('ORG_S_7e09c5468cfb12bb', '氢能实验平台', '开展碳捕集关键实验', '调试', '2021-10-03', 2000, '2026-06-15T12:00:00+00:00', '2026-06-15T12:00:00+00:00');
INSERT INTO org_facility (org_id, name, purpose, experiment_status, launch_date, construction_cost_wan_usd, created_at, updated_at) VALUES ('ORG_S_7e09c5468cfb12bb', '新材料实验平台', '开展新材料关键实验', '运行中', '2021-03-17', 500, '2026-06-15T12:00:00+00:00', '2026-06-15T12:00:00+00:00');
INSERT INTO entity_change_log (entity_id, entity_type, field, old_value, new_value, method, operator, source_doc_id, reason, changed_at) VALUES ('ORG_S_7e09c5468cfb12bb', 'org', '*', NULL, '{"action": "create"}'::json, 'rule', NULL, 'mock_seed', NULL, '2026-06-15T12:00:00+00:00');
INSERT INTO org_profile (org_id, name_cn, name_en, name_other, country, founded_date, dissolved_date, operating_years, website, summary, org_types, nature, function, scale, tech_domains, predecessor_names, departments, strategic_plans, evaluation_report, new_key_projects, remark, confidence, completeness, created_at, updated_at) VALUES ('ORG_S_89bca99943109fe1', '华光电集团', 'Org-085', '[]'::json, '新加坡', '1999-08-02', NULL, 27, 'www.org-085.example.com', '华光电集团是聚焦新材料、生物医药、碳捕集等领域的政府机构，致力于前沿技术研发与成果转化。', '["中外合资", "重点实验室", "国有企业"]'::json, '政府机构', '技术开发', 3000, '["新材料", "生物医药", "碳捕集"]'::json, '[]'::json, '华光电集团下设基础研究部、应用工程部、国际合作部', '["2021-2025五年发展规划", "2026-2030五年发展规划"]'::json, '华光电集团在生物医药领域处于国内领先水平。', '["金属3D打印"]'::json, '', 0.846, 0.819, '2026-06-15T12:00:00+00:00', '2026-06-15T12:00:00+00:00');
INSERT INTO org_history (org_id, change_date, change_description, created_at, updated_at) VALUES ('ORG_S_89bca99943109fe1', '2014-10-15', '成立生物医药研究中心', '2026-06-15T12:00:00+00:00', '2026-06-15T12:00:00+00:00');
INSERT INTO org_history (org_id, change_date, change_description, created_at, updated_at) VALUES ('ORG_S_89bca99943109fe1', '2012-06-25', '完成股份制改革', '2026-06-15T12:00:00+00:00', '2026-06-15T12:00:00+00:00');
INSERT INTO org_history (org_id, change_date, change_description, created_at, updated_at) VALUES ('ORG_S_89bca99943109fe1', '2015-04-21', '获批国家重点实验室', '2026-06-15T12:00:00+00:00', '2026-06-15T12:00:00+00:00');
INSERT INTO org_award (org_id, description, name, reason, award_date, level, award_type, created_at, updated_at) VALUES ('ORG_S_89bca99943109fe1', '', '行业金奖', '在碳捕集取得突破', '2023-05-06', '行业级', '创新', '2026-06-15T12:00:00+00:00', '2026-06-15T12:00:00+00:00');
INSERT INTO org_award (org_id, description, name, reason, award_date, level, award_type, created_at, updated_at) VALUES ('ORG_S_89bca99943109fe1', '', '国家科技进步奖', '在生物医药取得突破', '2022-03-15', '国家级', '科技', '2026-06-15T12:00:00+00:00', '2026-06-15T12:00:00+00:00');
INSERT INTO org_output (org_id, name, form, author, publish_date, attachment, created_at, updated_at) VALUES ('ORG_S_89bca99943109fe1', '碳捕集系统', '标准', '华光电集团', '2022-09-18', '', '2026-06-15T12:00:00+00:00', '2026-06-15T12:00:00+00:00');
INSERT INTO org_output (org_id, name, form, author, publish_date, attachment, created_at, updated_at) VALUES ('ORG_S_89bca99943109fe1', '新材料标准', '软件著作权', '华光电集团', '2024-12-10', '', '2026-06-15T12:00:00+00:00', '2026-06-15T12:00:00+00:00');
INSERT INTO org_output (org_id, name, form, author, publish_date, attachment, created_at, updated_at) VALUES ('ORG_S_89bca99943109fe1', '生物医药标准', '软件著作权', '华光电集团', '2023-08-12', '', '2026-06-15T12:00:00+00:00', '2026-06-15T12:00:00+00:00');
INSERT INTO org_output (org_id, name, form, author, publish_date, attachment, created_at, updated_at) VALUES ('ORG_S_89bca99943109fe1', '生物医药系统', '专利', '华光电集团', '2019-06-08', '', '2026-06-15T12:00:00+00:00', '2026-06-15T12:00:00+00:00');
INSERT INTO org_team (org_id, top_talents, award_winners, team_size, talent_type, created_at, updated_at) VALUES ('ORG_S_89bca99943109fe1', '["朱平院士"]'::json, '["胡涛", "郭海燕斌"]'::json, 200, '战略科学家团队', '2026-06-15T12:00:00+00:00', '2026-06-15T12:00:00+00:00');
INSERT INTO org_facility (org_id, name, purpose, experiment_status, launch_date, construction_cost_wan_usd, created_at, updated_at) VALUES ('ORG_S_89bca99943109fe1', '生物医药实验平台', '开展新材料关键实验', '调试', '2024-07-03', 2000, '2026-06-15T12:00:00+00:00', '2026-06-15T12:00:00+00:00');
INSERT INTO org_facility (org_id, name, purpose, experiment_status, launch_date, construction_cost_wan_usd, created_at, updated_at) VALUES ('ORG_S_89bca99943109fe1', '新材料实验平台', '开展碳捕集关键实验', '调试', '2018-12-22', 8000, '2026-06-15T12:00:00+00:00', '2026-06-15T12:00:00+00:00');
INSERT INTO entity_change_log (entity_id, entity_type, field, old_value, new_value, method, operator, source_doc_id, reason, changed_at) VALUES ('ORG_S_89bca99943109fe1', 'org', '*', NULL, '{"action": "create"}'::json, 'rule', NULL, 'mock_seed', NULL, '2026-06-15T12:00:00+00:00');
INSERT INTO org_profile (org_id, name_cn, name_en, name_other, country, founded_date, dissolved_date, operating_years, website, summary, org_types, nature, function, scale, tech_domains, predecessor_names, departments, strategic_plans, evaluation_report, new_key_projects, remark, confidence, completeness, created_at, updated_at) VALUES ('ORG_S_0e34c3a88f180be8', '远储能研究院', 'Org-086', '[]'::json, '德国', '1985-01-18', NULL, 41, 'www.org-086.example.com', '远储能研究院是聚焦基因编辑、储能、量子计算等领域的企业，致力于前沿技术研发与成果转化。', '["国有企业", "重点实验室"]'::json, '企业', '基础研究', 15000, '["基因编辑", "储能", "量子计算", "6G通信", "增材制造"]'::json, '[]'::json, '远储能研究院下设基础研究部、应用工程部、国际合作部', '["2021-2025五年发展规划", "2026-2030五年发展规划"]'::json, '远储能研究院在基因编辑领域处于国内领先水平。', '["金属3D打印"]'::json, '', 0.708, 0.755, '2026-06-15T12:00:00+00:00', '2026-06-15T12:00:00+00:00');
INSERT INTO org_history (org_id, change_date, change_description, created_at, updated_at) VALUES ('ORG_S_0e34c3a88f180be8', '2019-01-27', '成立基因编辑研究中心', '2026-06-15T12:00:00+00:00', '2026-06-15T12:00:00+00:00');
INSERT INTO org_history (org_id, change_date, change_description, created_at, updated_at) VALUES ('ORG_S_0e34c3a88f180be8', '2014-01-26', '完成股份制改革', '2026-06-15T12:00:00+00:00', '2026-06-15T12:00:00+00:00');
INSERT INTO org_history (org_id, change_date, change_description, created_at, updated_at) VALUES ('ORG_S_0e34c3a88f180be8', '2010-08-07', '获批国家重点实验室', '2026-06-15T12:00:00+00:00', '2026-06-15T12:00:00+00:00');
INSERT INTO org_award (org_id, description, name, reason, award_date, level, award_type, created_at, updated_at) VALUES ('ORG_S_0e34c3a88f180be8', '', '行业金奖', '在储能取得突破', '2019-05-18', '国家级', '工程', '2026-06-15T12:00:00+00:00', '2026-06-15T12:00:00+00:00');
INSERT INTO org_award (org_id, description, name, reason, award_date, level, award_type, created_at, updated_at) VALUES ('ORG_S_0e34c3a88f180be8', '', '省部级一等奖', '在基因编辑取得突破', '2017-12-23', '国家级', '工程', '2026-06-15T12:00:00+00:00', '2026-06-15T12:00:00+00:00');
INSERT INTO org_award (org_id, description, name, reason, award_date, level, award_type, created_at, updated_at) VALUES ('ORG_S_0e34c3a88f180be8', '', '国家科技进步奖', '在增材制造取得突破', '2018-12-26', '行业级', '创新', '2026-06-15T12:00:00+00:00', '2026-06-15T12:00:00+00:00');
INSERT INTO org_output (org_id, name, form, author, publish_date, attachment, created_at, updated_at) VALUES ('ORG_S_0e34c3a88f180be8', '基因编辑关键技术', '专利', '远储能研究院', '2018-04-23', '', '2026-06-15T12:00:00+00:00', '2026-06-15T12:00:00+00:00');
INSERT INTO org_output (org_id, name, form, author, publish_date, attachment, created_at, updated_at) VALUES ('ORG_S_0e34c3a88f180be8', '基因编辑标准', '软件著作权', '远储能研究院', '2020-02-06', '', '2026-06-15T12:00:00+00:00', '2026-06-15T12:00:00+00:00');
INSERT INTO org_output (org_id, name, form, author, publish_date, attachment, created_at, updated_at) VALUES ('ORG_S_0e34c3a88f180be8', '基因编辑关键技术', '专利', '远储能研究院', '2022-05-26', '', '2026-06-15T12:00:00+00:00', '2026-06-15T12:00:00+00:00');
INSERT INTO org_output (org_id, name, form, author, publish_date, attachment, created_at, updated_at) VALUES ('ORG_S_0e34c3a88f180be8', '基因编辑标准', '专利', '远储能研究院', '2024-04-16', '', '2026-06-15T12:00:00+00:00', '2026-06-15T12:00:00+00:00');
INSERT INTO org_team (org_id, top_talents, award_winners, team_size, talent_type, created_at, updated_at) VALUES ('ORG_S_0e34c3a88f180be8', '["胡艳院士"]'::json, '["胡强晓东"]'::json, 500, '工程团队', '2026-06-15T12:00:00+00:00', '2026-06-15T12:00:00+00:00');
INSERT INTO org_facility (org_id, name, purpose, experiment_status, launch_date, construction_cost_wan_usd, created_at, updated_at) VALUES ('ORG_S_0e34c3a88f180be8', '增材制造实验平台', '开展量子计算关键实验', '在建', '2020-01-08', 8000, '2026-06-15T12:00:00+00:00', '2026-06-15T12:00:00+00:00');
INSERT INTO org_facility (org_id, name, purpose, experiment_status, launch_date, construction_cost_wan_usd, created_at, updated_at) VALUES ('ORG_S_0e34c3a88f180be8', '量子计算实验平台', '开展量子计算关键实验', '运行中', '2020-05-26', 2000, '2026-06-15T12:00:00+00:00', '2026-06-15T12:00:00+00:00');
INSERT INTO entity_change_log (entity_id, entity_type, field, old_value, new_value, method, operator, source_doc_id, reason, changed_at) VALUES ('ORG_S_0e34c3a88f180be8', 'org', '*', NULL, '{"action": "create"}'::json, 'rule', NULL, 'mock_seed', NULL, '2026-06-15T12:00:00+00:00');
INSERT INTO org_profile (org_id, name_cn, name_en, name_other, country, founded_date, dissolved_date, operating_years, website, summary, org_types, nature, function, scale, tech_domains, predecessor_names, departments, strategic_plans, evaluation_report, new_key_projects, remark, confidence, completeness, created_at, updated_at) VALUES ('ORG_S_1f73ce91179680bc', '华基因工程技术中心', 'Org-087', '[]'::json, '以色列', '1969-09-15', NULL, 57, 'www.org-087.example.com', '华基因工程技术中心是聚焦量子计算、自动驾驶等领域的科研院所，致力于前沿技术研发与成果转化。', '["中外合资", "外资企业"]'::json, '科研院所', '成果转化', 500, '["量子计算", "自动驾驶"]'::json, '[]'::json, '华基因工程技术中心下设基础研究部、应用工程部、国际合作部', '["2021-2025五年发展规划", "2026-2030五年发展规划"]'::json, '华基因工程技术中心在自动驾驶领域处于国内领先水平。', '["仿生机械臂"]'::json, '', 0.767, 0.721, '2026-06-15T12:00:00+00:00', '2026-06-15T12:00:00+00:00');
INSERT INTO org_history (org_id, change_date, change_description, created_at, updated_at) VALUES ('ORG_S_1f73ce91179680bc', '2015-06-02', '成立量子计算研究中心', '2026-06-15T12:00:00+00:00', '2026-06-15T12:00:00+00:00');
INSERT INTO org_history (org_id, change_date, change_description, created_at, updated_at) VALUES ('ORG_S_1f73ce91179680bc', '2018-12-23', '完成股份制改革', '2026-06-15T12:00:00+00:00', '2026-06-15T12:00:00+00:00');
INSERT INTO org_history (org_id, change_date, change_description, created_at, updated_at) VALUES ('ORG_S_1f73ce91179680bc', '2013-01-11', '获批国家重点实验室', '2026-06-15T12:00:00+00:00', '2026-06-15T12:00:00+00:00');
INSERT INTO org_award (org_id, description, name, reason, award_date, level, award_type, created_at, updated_at) VALUES ('ORG_S_1f73ce91179680bc', '', '省部级一等奖', '在自动驾驶取得突破', '2017-02-26', '国家级', '工程', '2026-06-15T12:00:00+00:00', '2026-06-15T12:00:00+00:00');
INSERT INTO org_award (org_id, description, name, reason, award_date, level, award_type, created_at, updated_at) VALUES ('ORG_S_1f73ce91179680bc', '', '省部级一等奖', '在自动驾驶取得突破', '2022-07-09', '国家级', '创新', '2026-06-15T12:00:00+00:00', '2026-06-15T12:00:00+00:00');
INSERT INTO org_output (org_id, name, form, author, publish_date, attachment, created_at, updated_at) VALUES ('ORG_S_1f73ce91179680bc', '量子计算关键技术', '论文', '华基因工程技术中心', '2018-02-05', '', '2026-06-15T12:00:00+00:00', '2026-06-15T12:00:00+00:00');
INSERT INTO org_output (org_id, name, form, author, publish_date, attachment, created_at, updated_at) VALUES ('ORG_S_1f73ce91179680bc', '自动驾驶关键技术', '专利', '华基因工程技术中心', '2020-07-21', '', '2026-06-15T12:00:00+00:00', '2026-06-15T12:00:00+00:00');
INSERT INTO org_team (org_id, top_talents, award_winners, team_size, talent_type, created_at, updated_at) VALUES ('ORG_S_1f73ce91179680bc', '["冯洋院士", "李军昊院士"]'::json, '["徐文博", "彭明"]'::json, 1000, '战略科学家团队', '2026-06-15T12:00:00+00:00', '2026-06-15T12:00:00+00:00');
INSERT INTO org_facility (org_id, name, purpose, experiment_status, launch_date, construction_cost_wan_usd, created_at, updated_at) VALUES ('ORG_S_1f73ce91179680bc', '量子计算实验平台', '开展量子计算关键实验', '在建', '2020-12-13', 8000, '2026-06-15T12:00:00+00:00', '2026-06-15T12:00:00+00:00');
INSERT INTO org_facility (org_id, name, purpose, experiment_status, launch_date, construction_cost_wan_usd, created_at, updated_at) VALUES ('ORG_S_1f73ce91179680bc', '量子计算实验平台', '开展自动驾驶关键实验', '调试', '2022-07-12', 8000, '2026-06-15T12:00:00+00:00', '2026-06-15T12:00:00+00:00');
INSERT INTO entity_change_log (entity_id, entity_type, field, old_value, new_value, method, operator, source_doc_id, reason, changed_at) VALUES ('ORG_S_1f73ce91179680bc', 'org', '*', NULL, '{"action": "create"}'::json, 'rule', NULL, 'mock_seed', NULL, '2026-06-15T12:00:00+00:00');
INSERT INTO org_profile (org_id, name_cn, name_en, name_other, country, founded_date, dissolved_date, operating_years, website, summary, org_types, nature, function, scale, tech_domains, predecessor_names, departments, strategic_plans, evaluation_report, new_key_projects, remark, confidence, completeness, created_at, updated_at) VALUES ('ORG_S_d7e46d958dc68372', '南方量子科技', 'Org-088', '[]'::json, '美国', '1999-02-22', NULL, 27, 'www.org-088.example.com', '南方量子科技是聚焦增材制造、6G通信等领域的企业，致力于前沿技术研发与成果转化。', '["双一流高校", "国家实验室"]'::json, '企业', '基础研究', 200, '["增材制造", "6G通信"]'::json, '[]'::json, '南方量子科技下设基础研究部、应用工程部、国际合作部', '["2021-2025五年发展规划", "2026-2030五年发展规划"]'::json, '南方量子科技在6G通信领域处于国内领先水平。', '["钙钛矿太阳能电池"]'::json, '', 0.899, 0.645, '2026-06-15T12:00:00+00:00', '2026-06-15T12:00:00+00:00');
INSERT INTO org_history (org_id, change_date, change_description, created_at, updated_at) VALUES ('ORG_S_d7e46d958dc68372', '2011-12-11', '成立增材制造研究中心', '2026-06-15T12:00:00+00:00', '2026-06-15T12:00:00+00:00');
INSERT INTO org_history (org_id, change_date, change_description, created_at, updated_at) VALUES ('ORG_S_d7e46d958dc68372', '2023-03-03', '完成股份制改革', '2026-06-15T12:00:00+00:00', '2026-06-15T12:00:00+00:00');
INSERT INTO org_history (org_id, change_date, change_description, created_at, updated_at) VALUES ('ORG_S_d7e46d958dc68372', '2011-07-01', '获批国家重点实验室', '2026-06-15T12:00:00+00:00', '2026-06-15T12:00:00+00:00');
INSERT INTO org_award (org_id, description, name, reason, award_date, level, award_type, created_at, updated_at) VALUES ('ORG_S_d7e46d958dc68372', '', '省部级一等奖', '在6G通信取得突破', '2023-07-25', '国家级', '创新', '2026-06-15T12:00:00+00:00', '2026-06-15T12:00:00+00:00');
INSERT INTO org_award (org_id, description, name, reason, award_date, level, award_type, created_at, updated_at) VALUES ('ORG_S_d7e46d958dc68372', '', '国家科技进步奖', '在6G通信取得突破', '2021-05-05', '国家级', '创新', '2026-06-15T12:00:00+00:00', '2026-06-15T12:00:00+00:00');
INSERT INTO org_output (org_id, name, form, author, publish_date, attachment, created_at, updated_at) VALUES ('ORG_S_d7e46d958dc68372', '6G通信系统', '软件著作权', '南方量子科技', '2023-11-04', '', '2026-06-15T12:00:00+00:00', '2026-06-15T12:00:00+00:00');
INSERT INTO org_output (org_id, name, form, author, publish_date, attachment, created_at, updated_at) VALUES ('ORG_S_d7e46d958dc68372', '增材制造系统', '论文', '南方量子科技', '2019-12-21', '', '2026-06-15T12:00:00+00:00', '2026-06-15T12:00:00+00:00');
INSERT INTO org_team (org_id, top_talents, award_winners, team_size, talent_type, created_at, updated_at) VALUES ('ORG_S_d7e46d958dc68372', '["吴明院士", "梁晓东院士"]'::json, '["许磊明", "谢宁", "黄明"]'::json, 1000, '战略科学家团队', '2026-06-15T12:00:00+00:00', '2026-06-15T12:00:00+00:00');
INSERT INTO org_facility (org_id, name, purpose, experiment_status, launch_date, construction_cost_wan_usd, created_at, updated_at) VALUES ('ORG_S_d7e46d958dc68372', '6G通信实验平台', '开展6G通信关键实验', '在建', '2018-03-24', 8000, '2026-06-15T12:00:00+00:00', '2026-06-15T12:00:00+00:00');
INSERT INTO entity_change_log (entity_id, entity_type, field, old_value, new_value, method, operator, source_doc_id, reason, changed_at) VALUES ('ORG_S_d7e46d958dc68372', 'org', '*', NULL, '{"action": "create"}'::json, 'rule', NULL, 'mock_seed', NULL, '2026-06-15T12:00:00+00:00');
INSERT INTO org_profile (org_id, name_cn, name_en, name_other, country, founded_date, dissolved_date, operating_years, website, summary, org_types, nature, function, scale, tech_domains, predecessor_names, departments, strategic_plans, evaluation_report, new_key_projects, remark, confidence, completeness, created_at, updated_at) VALUES ('ORG_S_93fa5663487d6fcc', '北方脑科学实验室', 'Org-089', '[]'::json, '日本', '1958-04-24', NULL, 68, 'www.org-089.example.com', '北方脑科学实验室是聚焦半导体、脑机接口、5G通信等领域的政府机构，致力于前沿技术研发与成果转化。', '["重点实验室", "民营企业"]'::json, '政府机构', '基础研究', 500, '["半导体", "脑机接口", "5G通信", "集成电路", "航空航天"]'::json, '[]'::json, '北方脑科学实验室下设基础研究部、应用工程部、国际合作部', '["2021-2025五年发展规划", "2026-2030五年发展规划"]'::json, '北方脑科学实验室在5G通信领域处于国内领先水平。', '["量子纠错码", "金属3D打印"]'::json, '', 0.756, 0.855, '2026-06-15T12:00:00+00:00', '2026-06-15T12:00:00+00:00');
INSERT INTO org_history (org_id, change_date, change_description, created_at, updated_at) VALUES ('ORG_S_93fa5663487d6fcc', '2010-09-22', '成立5G通信研究中心', '2026-06-15T12:00:00+00:00', '2026-06-15T12:00:00+00:00');
INSERT INTO org_history (org_id, change_date, change_description, created_at, updated_at) VALUES ('ORG_S_93fa5663487d6fcc', '2010-07-09', '完成股份制改革', '2026-06-15T12:00:00+00:00', '2026-06-15T12:00:00+00:00');
INSERT INTO org_history (org_id, change_date, change_description, created_at, updated_at) VALUES ('ORG_S_93fa5663487d6fcc', '2017-02-09', '获批国家重点实验室', '2026-06-15T12:00:00+00:00', '2026-06-15T12:00:00+00:00');
INSERT INTO org_award (org_id, description, name, reason, award_date, level, award_type, created_at, updated_at) VALUES ('ORG_S_93fa5663487d6fcc', '', '行业金奖', '在脑机接口取得突破', '2017-03-18', '省部级', '工程', '2026-06-15T12:00:00+00:00', '2026-06-15T12:00:00+00:00');
INSERT INTO org_award (org_id, description, name, reason, award_date, level, award_type, created_at, updated_at) VALUES ('ORG_S_93fa5663487d6fcc', '', '行业金奖', '在半导体取得突破', '2024-07-27', '行业级', '创新', '2026-06-15T12:00:00+00:00', '2026-06-15T12:00:00+00:00');
INSERT INTO org_output (org_id, name, form, author, publish_date, attachment, created_at, updated_at) VALUES ('ORG_S_93fa5663487d6fcc', '脑机接口标准', '软件著作权', '北方脑科学实验室', '2021-10-25', '', '2026-06-15T12:00:00+00:00', '2026-06-15T12:00:00+00:00');
INSERT INTO org_output (org_id, name, form, author, publish_date, attachment, created_at, updated_at) VALUES ('ORG_S_93fa5663487d6fcc', '脑机接口系统', '软件著作权', '北方脑科学实验室', '2021-05-27', '', '2026-06-15T12:00:00+00:00', '2026-06-15T12:00:00+00:00');
INSERT INTO org_team (org_id, top_talents, award_winners, team_size, talent_type, created_at, updated_at) VALUES ('ORG_S_93fa5663487d6fcc', '["冯海燕伟院士", "黄超俊杰院士"]'::json, '["韩桂英", "胡峰"]'::json, 500, '研发团队', '2026-06-15T12:00:00+00:00', '2026-06-15T12:00:00+00:00');
INSERT INTO org_facility (org_id, name, purpose, experiment_status, launch_date, construction_cost_wan_usd, created_at, updated_at) VALUES ('ORG_S_93fa5663487d6fcc', '半导体实验平台', '开展航空航天关键实验', '调试', '2020-11-15', 8000, '2026-06-15T12:00:00+00:00', '2026-06-15T12:00:00+00:00');
INSERT INTO entity_change_log (entity_id, entity_type, field, old_value, new_value, method, operator, source_doc_id, reason, changed_at) VALUES ('ORG_S_93fa5663487d6fcc', 'org', '*', NULL, '{"action": "create"}'::json, 'rule', NULL, 'mock_seed', NULL, '2026-06-15T12:00:00+00:00');
INSERT INTO org_profile (org_id, name_cn, name_en, name_other, country, founded_date, dissolved_date, operating_years, website, summary, org_types, nature, function, scale, tech_domains, predecessor_names, departments, strategic_plans, evaluation_report, new_key_projects, remark, confidence, completeness, created_at, updated_at) VALUES ('ORG_S_70a844c58e3dc407', '航天算力研究院', 'Org-090', '[]'::json, '英国', '1960-12-28', NULL, 66, 'www.org-090.example.com', '航天算力研究院是聚焦卫星互联网、基因编辑等领域的科研院所，致力于前沿技术研发与成果转化。', '["民营企业", "外资企业", "双一流高校"]'::json, '科研院所', '技术开发', 200, '["卫星互联网", "基因编辑"]'::json, '[]'::json, '航天算力研究院下设基础研究部、应用工程部、国际合作部', '["2021-2025五年发展规划", "2026-2030五年发展规划"]'::json, '航天算力研究院在基因编辑领域处于国内领先水平。', '["可重复使用火箭"]'::json, '', 0.847, 0.932, '2026-06-15T12:00:00+00:00', '2026-06-15T12:00:00+00:00');
INSERT INTO org_history (org_id, change_date, change_description, created_at, updated_at) VALUES ('ORG_S_70a844c58e3dc407', '2010-05-28', '成立卫星互联网研究中心', '2026-06-15T12:00:00+00:00', '2026-06-15T12:00:00+00:00');
INSERT INTO org_history (org_id, change_date, change_description, created_at, updated_at) VALUES ('ORG_S_70a844c58e3dc407', '2021-03-09', '完成股份制改革', '2026-06-15T12:00:00+00:00', '2026-06-15T12:00:00+00:00');
INSERT INTO org_history (org_id, change_date, change_description, created_at, updated_at) VALUES ('ORG_S_70a844c58e3dc407', '2020-09-22', '获批国家重点实验室', '2026-06-15T12:00:00+00:00', '2026-06-15T12:00:00+00:00');
INSERT INTO org_award (org_id, description, name, reason, award_date, level, award_type, created_at, updated_at) VALUES ('ORG_S_70a844c58e3dc407', '', '行业金奖', '在卫星互联网取得突破', '2015-12-11', '行业级', '工程', '2026-06-15T12:00:00+00:00', '2026-06-15T12:00:00+00:00');
INSERT INTO org_award (org_id, description, name, reason, award_date, level, award_type, created_at, updated_at) VALUES ('ORG_S_70a844c58e3dc407', '', '省部级一等奖', '在基因编辑取得突破', '2015-01-13', '行业级', '工程', '2026-06-15T12:00:00+00:00', '2026-06-15T12:00:00+00:00');
INSERT INTO org_award (org_id, description, name, reason, award_date, level, award_type, created_at, updated_at) VALUES ('ORG_S_70a844c58e3dc407', '', '国家科技进步奖', '在卫星互联网取得突破', '2022-11-15', '行业级', '科技', '2026-06-15T12:00:00+00:00', '2026-06-15T12:00:00+00:00');
INSERT INTO org_output (org_id, name, form, author, publish_date, attachment, created_at, updated_at) VALUES ('ORG_S_70a844c58e3dc407', '基因编辑关键技术', '专利', '航天算力研究院', '2020-11-11', '', '2026-06-15T12:00:00+00:00', '2026-06-15T12:00:00+00:00');
INSERT INTO org_output (org_id, name, form, author, publish_date, attachment, created_at, updated_at) VALUES ('ORG_S_70a844c58e3dc407', '卫星互联网标准', '专利', '航天算力研究院', '2020-07-05', '', '2026-06-15T12:00:00+00:00', '2026-06-15T12:00:00+00:00');
INSERT INTO org_output (org_id, name, form, author, publish_date, attachment, created_at, updated_at) VALUES ('ORG_S_70a844c58e3dc407', '卫星互联网标准', '论文', '航天算力研究院', '2021-02-25', '', '2026-06-15T12:00:00+00:00', '2026-06-15T12:00:00+00:00');
INSERT INTO org_team (org_id, top_talents, award_winners, team_size, talent_type, created_at, updated_at) VALUES ('ORG_S_70a844c58e3dc407', '["郭娟院士", "郭斌院士"]'::json, '["周霞超", "吴杰"]'::json, 1000, '研发团队', '2026-06-15T12:00:00+00:00', '2026-06-15T12:00:00+00:00');
INSERT INTO org_facility (org_id, name, purpose, experiment_status, launch_date, construction_cost_wan_usd, created_at, updated_at) VALUES ('ORG_S_70a844c58e3dc407', '基因编辑实验平台', '开展基因编辑关键实验', '在建', '2024-09-02', 8000, '2026-06-15T12:00:00+00:00', '2026-06-15T12:00:00+00:00');
INSERT INTO entity_change_log (entity_id, entity_type, field, old_value, new_value, method, operator, source_doc_id, reason, changed_at) VALUES ('ORG_S_70a844c58e3dc407', 'org', '*', NULL, '{"action": "create"}'::json, 'rule', NULL, 'mock_seed', NULL, '2026-06-15T12:00:00+00:00');
INSERT INTO org_profile (org_id, name_cn, name_en, name_other, country, founded_date, dissolved_date, operating_years, website, summary, org_types, nature, function, scale, tech_domains, predecessor_names, departments, strategic_plans, evaluation_report, new_key_projects, remark, confidence, completeness, created_at, updated_at) VALUES ('ORG_S_a74a77812616869e', '中科天网研究所', 'Org-091', '[]'::json, '日本', '1989-11-16', NULL, 37, 'www.org-091.example.com', '中科天网研究所是聚焦半导体、网络安全、深海装备等领域的科研院所，致力于前沿技术研发与成果转化。', '["重点实验室", "上市公司", "民营企业"]'::json, '科研院所', '技术开发', 3000, '["半导体", "网络安全", "深海装备", "新材料"]'::json, '[]'::json, '中科天网研究所下设基础研究部、应用工程部、国际合作部', '["2021-2025五年发展规划", "2026-2030五年发展规划"]'::json, '中科天网研究所在新材料领域处于国内领先水平。', '["毫米波雷达"]'::json, '', 0.915, 0.917, '2026-06-15T12:00:00+00:00', '2026-06-15T12:00:00+00:00');
INSERT INTO org_history (org_id, change_date, change_description, created_at, updated_at) VALUES ('ORG_S_a74a77812616869e', '2013-02-23', '成立半导体研究中心', '2026-06-15T12:00:00+00:00', '2026-06-15T12:00:00+00:00');
INSERT INTO org_history (org_id, change_date, change_description, created_at, updated_at) VALUES ('ORG_S_a74a77812616869e', '2022-12-01', '完成股份制改革', '2026-06-15T12:00:00+00:00', '2026-06-15T12:00:00+00:00');
INSERT INTO org_history (org_id, change_date, change_description, created_at, updated_at) VALUES ('ORG_S_a74a77812616869e', '2015-04-04', '获批国家重点实验室', '2026-06-15T12:00:00+00:00', '2026-06-15T12:00:00+00:00');
INSERT INTO org_award (org_id, description, name, reason, award_date, level, award_type, created_at, updated_at) VALUES ('ORG_S_a74a77812616869e', '', '国家科技进步奖', '在深海装备取得突破', '2015-09-04', '国家级', '工程', '2026-06-15T12:00:00+00:00', '2026-06-15T12:00:00+00:00');
INSERT INTO org_output (org_id, name, form, author, publish_date, attachment, created_at, updated_at) VALUES ('ORG_S_a74a77812616869e', '新材料标准', '专利', '中科天网研究所', '2023-09-21', '', '2026-06-15T12:00:00+00:00', '2026-06-15T12:00:00+00:00');
INSERT INTO org_output (org_id, name, form, author, publish_date, attachment, created_at, updated_at) VALUES ('ORG_S_a74a77812616869e', '深海装备标准', '专利', '中科天网研究所', '2018-02-27', '', '2026-06-15T12:00:00+00:00', '2026-06-15T12:00:00+00:00');
INSERT INTO org_team (org_id, top_talents, award_winners, team_size, talent_type, created_at, updated_at) VALUES ('ORG_S_a74a77812616869e', '["林俊杰院士", "孙俊杰娟院士"]'::json, '["罗瑞"]'::json, 1000, '工程团队', '2026-06-15T12:00:00+00:00', '2026-06-15T12:00:00+00:00');
INSERT INTO org_facility (org_id, name, purpose, experiment_status, launch_date, construction_cost_wan_usd, created_at, updated_at) VALUES ('ORG_S_a74a77812616869e', '深海装备实验平台', '开展深海装备关键实验', '调试', '2023-11-21', 15000, '2026-06-15T12:00:00+00:00', '2026-06-15T12:00:00+00:00');
INSERT INTO entity_change_log (entity_id, entity_type, field, old_value, new_value, method, operator, source_doc_id, reason, changed_at) VALUES ('ORG_S_a74a77812616869e', 'org', '*', NULL, '{"action": "create"}'::json, 'rule', NULL, 'mock_seed', NULL, '2026-06-15T12:00:00+00:00');
INSERT INTO org_profile (org_id, name_cn, name_en, name_other, country, founded_date, dissolved_date, operating_years, website, summary, org_types, nature, function, scale, tech_domains, predecessor_names, departments, strategic_plans, evaluation_report, new_key_projects, remark, confidence, completeness, created_at, updated_at) VALUES ('ORG_S_3733b48a76f4d025', '远生医工程技术中心', 'Org-092', '[]'::json, '英国', '1968-01-17', NULL, 58, 'www.org-092.example.com', '远生医工程技术中心是聚焦新材料、量子计算、氢能等领域的事业单位，致力于前沿技术研发与成果转化。', '["外资企业", "上市公司"]'::json, '事业单位', '技术开发', 500, '["新材料", "量子计算", "氢能"]'::json, '[]'::json, '远生医工程技术中心下设基础研究部、应用工程部、国际合作部', '["2021-2025五年发展规划", "2026-2030五年发展规划"]'::json, '远生医工程技术中心在量子计算领域处于国内领先水平。', '["仿生机械臂"]'::json, '', 0.897, 0.605, '2026-06-15T12:00:00+00:00', '2026-06-15T12:00:00+00:00');
INSERT INTO org_history (org_id, change_date, change_description, created_at, updated_at) VALUES ('ORG_S_3733b48a76f4d025', '2019-10-08', '成立量子计算研究中心', '2026-06-15T12:00:00+00:00', '2026-06-15T12:00:00+00:00');
INSERT INTO org_history (org_id, change_date, change_description, created_at, updated_at) VALUES ('ORG_S_3733b48a76f4d025', '2020-06-14', '完成股份制改革', '2026-06-15T12:00:00+00:00', '2026-06-15T12:00:00+00:00');
INSERT INTO org_history (org_id, change_date, change_description, created_at, updated_at) VALUES ('ORG_S_3733b48a76f4d025', '2011-04-24', '获批国家重点实验室', '2026-06-15T12:00:00+00:00', '2026-06-15T12:00:00+00:00');
INSERT INTO org_award (org_id, description, name, reason, award_date, level, award_type, created_at, updated_at) VALUES ('ORG_S_3733b48a76f4d025', '', '行业金奖', '在氢能取得突破', '2021-09-09', '省部级', '创新', '2026-06-15T12:00:00+00:00', '2026-06-15T12:00:00+00:00');
INSERT INTO org_award (org_id, description, name, reason, award_date, level, award_type, created_at, updated_at) VALUES ('ORG_S_3733b48a76f4d025', '', '行业金奖', '在氢能取得突破', '2017-04-11', '国家级', '创新', '2026-06-15T12:00:00+00:00', '2026-06-15T12:00:00+00:00');
INSERT INTO org_output (org_id, name, form, author, publish_date, attachment, created_at, updated_at) VALUES ('ORG_S_3733b48a76f4d025', '氢能系统', '论文', '远生医工程技术中心', '2018-11-27', '', '2026-06-15T12:00:00+00:00', '2026-06-15T12:00:00+00:00');
INSERT INTO org_output (org_id, name, form, author, publish_date, attachment, created_at, updated_at) VALUES ('ORG_S_3733b48a76f4d025', '量子计算标准', '专利', '远生医工程技术中心', '2018-03-19', '', '2026-06-15T12:00:00+00:00', '2026-06-15T12:00:00+00:00');
INSERT INTO org_team (org_id, top_talents, award_winners, team_size, talent_type, created_at, updated_at) VALUES ('ORG_S_3733b48a76f4d025', '["孙婷明院士", "郑洋院士"]'::json, '["吴超明", "冯桂英磊", "林明"]'::json, 500, '研发团队', '2026-06-15T12:00:00+00:00', '2026-06-15T12:00:00+00:00');
INSERT INTO org_facility (org_id, name, purpose, experiment_status, launch_date, construction_cost_wan_usd, created_at, updated_at) VALUES ('ORG_S_3733b48a76f4d025', '氢能实验平台', '开展量子计算关键实验', '运行中', '2019-06-16', 8000, '2026-06-15T12:00:00+00:00', '2026-06-15T12:00:00+00:00');
INSERT INTO org_facility (org_id, name, purpose, experiment_status, launch_date, construction_cost_wan_usd, created_at, updated_at) VALUES ('ORG_S_3733b48a76f4d025', '量子计算实验平台', '开展量子计算关键实验', '调试', '2024-04-13', 2000, '2026-06-15T12:00:00+00:00', '2026-06-15T12:00:00+00:00');
INSERT INTO entity_change_log (entity_id, entity_type, field, old_value, new_value, method, operator, source_doc_id, reason, changed_at) VALUES ('ORG_S_3733b48a76f4d025', 'org', '*', NULL, '{"action": "create"}'::json, 'rule', NULL, 'mock_seed', NULL, '2026-06-15T12:00:00+00:00');
INSERT INTO org_profile (org_id, name_cn, name_en, name_other, country, founded_date, dissolved_date, operating_years, website, summary, org_types, nature, function, scale, tech_domains, predecessor_names, departments, strategic_plans, evaluation_report, new_key_projects, remark, confidence, completeness, created_at, updated_at) VALUES ('ORG_S_7ea20edb1d252b41', '北方光电研究院', 'Org-093', '[]'::json, '以色列', '1969-08-26', NULL, 57, 'www.org-093.example.com', '北方光电研究院是聚焦半导体、氢能等领域的政府机构，致力于前沿技术研发与成果转化。', '["国有企业"]'::json, '政府机构', '战略咨询', 3000, '["半导体", "氢能"]'::json, '[]'::json, '北方光电研究院下设基础研究部、应用工程部、国际合作部', '["2021-2025五年发展规划", "2026-2030五年发展规划"]'::json, '北方光电研究院在氢能领域处于国内领先水平。', '["碳纳米管"]'::json, '', 0.714, 0.662, '2026-06-15T12:00:00+00:00', '2026-06-15T12:00:00+00:00');
INSERT INTO org_history (org_id, change_date, change_description, created_at, updated_at) VALUES ('ORG_S_7ea20edb1d252b41', '2013-06-07', '成立半导体研究中心', '2026-06-15T12:00:00+00:00', '2026-06-15T12:00:00+00:00');
INSERT INTO org_history (org_id, change_date, change_description, created_at, updated_at) VALUES ('ORG_S_7ea20edb1d252b41', '2021-11-27', '完成股份制改革', '2026-06-15T12:00:00+00:00', '2026-06-15T12:00:00+00:00');
INSERT INTO org_history (org_id, change_date, change_description, created_at, updated_at) VALUES ('ORG_S_7ea20edb1d252b41', '2022-06-09', '获批国家重点实验室', '2026-06-15T12:00:00+00:00', '2026-06-15T12:00:00+00:00');
INSERT INTO org_award (org_id, description, name, reason, award_date, level, award_type, created_at, updated_at) VALUES ('ORG_S_7ea20edb1d252b41', '', '行业金奖', '在半导体取得突破', '2020-10-03', '行业级', '创新', '2026-06-15T12:00:00+00:00', '2026-06-15T12:00:00+00:00');
INSERT INTO org_award (org_id, description, name, reason, award_date, level, award_type, created_at, updated_at) VALUES ('ORG_S_7ea20edb1d252b41', '', '行业金奖', '在氢能取得突破', '2015-10-21', '行业级', '工程', '2026-06-15T12:00:00+00:00', '2026-06-15T12:00:00+00:00');
INSERT INTO org_award (org_id, description, name, reason, award_date, level, award_type, created_at, updated_at) VALUES ('ORG_S_7ea20edb1d252b41', '', '国家科技进步奖', '在半导体取得突破', '2024-04-11', '行业级', '创新', '2026-06-15T12:00:00+00:00', '2026-06-15T12:00:00+00:00');
INSERT INTO org_output (org_id, name, form, author, publish_date, attachment, created_at, updated_at) VALUES ('ORG_S_7ea20edb1d252b41', '氢能标准', '论文', '北方光电研究院', '2019-03-09', '', '2026-06-15T12:00:00+00:00', '2026-06-15T12:00:00+00:00');
INSERT INTO org_output (org_id, name, form, author, publish_date, attachment, created_at, updated_at) VALUES ('ORG_S_7ea20edb1d252b41', '半导体标准', '标准', '北方光电研究院', '2021-07-18', '', '2026-06-15T12:00:00+00:00', '2026-06-15T12:00:00+00:00');
INSERT INTO org_output (org_id, name, form, author, publish_date, attachment, created_at, updated_at) VALUES ('ORG_S_7ea20edb1d252b41', '半导体关键技术', '软件著作权', '北方光电研究院', '2019-12-16', '', '2026-06-15T12:00:00+00:00', '2026-06-15T12:00:00+00:00');
INSERT INTO org_output (org_id, name, form, author, publish_date, attachment, created_at, updated_at) VALUES ('ORG_S_7ea20edb1d252b41', '氢能标准', '标准', '北方光电研究院', '2019-04-24', '', '2026-06-15T12:00:00+00:00', '2026-06-15T12:00:00+00:00');
INSERT INTO org_team (org_id, top_talents, award_winners, team_size, talent_type, created_at, updated_at) VALUES ('ORG_S_7ea20edb1d252b41', '["周强洋院士"]'::json, '["孙宁"]'::json, 200, '工程团队', '2026-06-15T12:00:00+00:00', '2026-06-15T12:00:00+00:00');
INSERT INTO org_facility (org_id, name, purpose, experiment_status, launch_date, construction_cost_wan_usd, created_at, updated_at) VALUES ('ORG_S_7ea20edb1d252b41', '半导体实验平台', '开展氢能关键实验', '在建', '2022-05-28', 8000, '2026-06-15T12:00:00+00:00', '2026-06-15T12:00:00+00:00');
INSERT INTO entity_change_log (entity_id, entity_type, field, old_value, new_value, method, operator, source_doc_id, reason, changed_at) VALUES ('ORG_S_7ea20edb1d252b41', 'org', '*', NULL, '{"action": "create"}'::json, 'rule', NULL, 'mock_seed', NULL, '2026-06-15T12:00:00+00:00');
INSERT INTO org_profile (org_id, name_cn, name_en, name_other, country, founded_date, dissolved_date, operating_years, website, summary, org_types, nature, function, scale, tech_domains, predecessor_names, departments, strategic_plans, evaluation_report, new_key_projects, remark, confidence, completeness, created_at, updated_at) VALUES ('ORG_S_b1456d1dff2146bb', '华氢动研究院', 'Org-094', '[]'::json, '德国', '1984-10-09', NULL, 42, 'www.org-094.example.com', '华氢动研究院是聚焦人工智能、先进算力、量子计算等领域的科研院所，致力于前沿技术研发与成果转化。', '["上市公司", "双一流高校"]'::json, '科研院所', '战略咨询', 3000, '["人工智能", "先进算力", "量子计算"]'::json, '[]'::json, '华氢动研究院下设基础研究部、应用工程部、国际合作部', '["2021-2025五年发展规划", "2026-2030五年发展规划"]'::json, '华氢动研究院在量子计算领域处于国内领先水平。', '["可重复使用火箭", "固态电池"]'::json, '', 0.934, 0.897, '2026-06-15T12:00:00+00:00', '2026-06-15T12:00:00+00:00');
INSERT INTO org_history (org_id, change_date, change_description, created_at, updated_at) VALUES ('ORG_S_b1456d1dff2146bb', '2018-07-22', '成立人工智能研究中心', '2026-06-15T12:00:00+00:00', '2026-06-15T12:00:00+00:00');
INSERT INTO org_history (org_id, change_date, change_description, created_at, updated_at) VALUES ('ORG_S_b1456d1dff2146bb', '2013-07-03', '完成股份制改革', '2026-06-15T12:00:00+00:00', '2026-06-15T12:00:00+00:00');
INSERT INTO org_history (org_id, change_date, change_description, created_at, updated_at) VALUES ('ORG_S_b1456d1dff2146bb', '2018-12-24', '获批国家重点实验室', '2026-06-15T12:00:00+00:00', '2026-06-15T12:00:00+00:00');
INSERT INTO org_award (org_id, description, name, reason, award_date, level, award_type, created_at, updated_at) VALUES ('ORG_S_b1456d1dff2146bb', '', '国家科技进步奖', '在先进算力取得突破', '2023-04-15', '行业级', '创新', '2026-06-15T12:00:00+00:00', '2026-06-15T12:00:00+00:00');
INSERT INTO org_award (org_id, description, name, reason, award_date, level, award_type, created_at, updated_at) VALUES ('ORG_S_b1456d1dff2146bb', '', '省部级一等奖', '在人工智能取得突破', '2022-03-15', '国家级', '创新', '2026-06-15T12:00:00+00:00', '2026-06-15T12:00:00+00:00');
INSERT INTO org_award (org_id, description, name, reason, award_date, level, award_type, created_at, updated_at) VALUES ('ORG_S_b1456d1dff2146bb', '', '国家科技进步奖', '在人工智能取得突破', '2019-06-09', '省部级', '科技', '2026-06-15T12:00:00+00:00', '2026-06-15T12:00:00+00:00');
INSERT INTO org_output (org_id, name, form, author, publish_date, attachment, created_at, updated_at) VALUES ('ORG_S_b1456d1dff2146bb', '人工智能标准', '软件著作权', '华氢动研究院', '2018-04-16', '', '2026-06-15T12:00:00+00:00', '2026-06-15T12:00:00+00:00');
INSERT INTO org_output (org_id, name, form, author, publish_date, attachment, created_at, updated_at) VALUES ('ORG_S_b1456d1dff2146bb', '先进算力系统', '专利', '华氢动研究院', '2021-04-03', '', '2026-06-15T12:00:00+00:00', '2026-06-15T12:00:00+00:00');
INSERT INTO org_output (org_id, name, form, author, publish_date, attachment, created_at, updated_at) VALUES ('ORG_S_b1456d1dff2146bb', '量子计算关键技术', '论文', '华氢动研究院', '2019-07-12', '', '2026-06-15T12:00:00+00:00', '2026-06-15T12:00:00+00:00');
INSERT INTO org_team (org_id, top_talents, award_winners, team_size, talent_type, created_at, updated_at) VALUES ('ORG_S_b1456d1dff2146bb', '["宋俊杰院士"]'::json, '["徐宇航婷"]'::json, 1000, '战略科学家团队', '2026-06-15T12:00:00+00:00', '2026-06-15T12:00:00+00:00');
INSERT INTO org_facility (org_id, name, purpose, experiment_status, launch_date, construction_cost_wan_usd, created_at, updated_at) VALUES ('ORG_S_b1456d1dff2146bb', '量子计算实验平台', '开展人工智能关键实验', '调试', '2024-07-09', 2000, '2026-06-15T12:00:00+00:00', '2026-06-15T12:00:00+00:00');
INSERT INTO org_facility (org_id, name, purpose, experiment_status, launch_date, construction_cost_wan_usd, created_at, updated_at) VALUES ('ORG_S_b1456d1dff2146bb', '人工智能实验平台', '开展人工智能关键实验', '在建', '2018-12-07', 2000, '2026-06-15T12:00:00+00:00', '2026-06-15T12:00:00+00:00');
INSERT INTO entity_change_log (entity_id, entity_type, field, old_value, new_value, method, operator, source_doc_id, reason, changed_at) VALUES ('ORG_S_b1456d1dff2146bb', 'org', '*', NULL, '{"action": "create"}'::json, 'rule', NULL, 'mock_seed', NULL, '2026-06-15T12:00:00+00:00');
INSERT INTO org_profile (org_id, name_cn, name_en, name_other, country, founded_date, dissolved_date, operating_years, website, summary, org_types, nature, function, scale, tech_domains, predecessor_names, departments, strategic_plans, evaluation_report, new_key_projects, remark, confidence, completeness, created_at, updated_at) VALUES ('ORG_S_eaa3861b7c9a08aa', '北方未来高科', 'Org-095', '[]'::json, '美国', '1958-08-04', NULL, 68, 'www.org-095.example.com', '北方未来高科是聚焦人工智能、碳捕集、氢能等领域的事业单位，致力于前沿技术研发与成果转化。', '["国有企业", "外资企业"]'::json, '事业单位', '技术开发', 8000, '["人工智能", "碳捕集", "氢能", "航空航天", "先进算力"]'::json, '[]'::json, '北方未来高科下设基础研究部、应用工程部、国际合作部', '["2021-2025五年发展规划", "2026-2030五年发展规划"]'::json, '北方未来高科在人工智能领域处于国内领先水平。', '["毫米波雷达"]'::json, '', 0.718, 0.873, '2026-06-15T12:00:00+00:00', '2026-06-15T12:00:00+00:00');
INSERT INTO org_history (org_id, change_date, change_description, created_at, updated_at) VALUES ('ORG_S_eaa3861b7c9a08aa', '2023-04-12', '成立碳捕集研究中心', '2026-06-15T12:00:00+00:00', '2026-06-15T12:00:00+00:00');
INSERT INTO org_history (org_id, change_date, change_description, created_at, updated_at) VALUES ('ORG_S_eaa3861b7c9a08aa', '2013-03-15', '完成股份制改革', '2026-06-15T12:00:00+00:00', '2026-06-15T12:00:00+00:00');
INSERT INTO org_history (org_id, change_date, change_description, created_at, updated_at) VALUES ('ORG_S_eaa3861b7c9a08aa', '2015-01-18', '获批国家重点实验室', '2026-06-15T12:00:00+00:00', '2026-06-15T12:00:00+00:00');
INSERT INTO org_award (org_id, description, name, reason, award_date, level, award_type, created_at, updated_at) VALUES ('ORG_S_eaa3861b7c9a08aa', '', '省部级一等奖', '在先进算力取得突破', '2016-10-19', '省部级', '创新', '2026-06-15T12:00:00+00:00', '2026-06-15T12:00:00+00:00');
INSERT INTO org_award (org_id, description, name, reason, award_date, level, award_type, created_at, updated_at) VALUES ('ORG_S_eaa3861b7c9a08aa', '', '国家科技进步奖', '在碳捕集取得突破', '2015-04-04', '国家级', '科技', '2026-06-15T12:00:00+00:00', '2026-06-15T12:00:00+00:00');
INSERT INTO org_output (org_id, name, form, author, publish_date, attachment, created_at, updated_at) VALUES ('ORG_S_eaa3861b7c9a08aa', '先进算力系统', '标准', '北方未来高科', '2020-01-28', '', '2026-06-15T12:00:00+00:00', '2026-06-15T12:00:00+00:00');
INSERT INTO org_output (org_id, name, form, author, publish_date, attachment, created_at, updated_at) VALUES ('ORG_S_eaa3861b7c9a08aa', '航空航天系统', '软件著作权', '北方未来高科', '2021-06-02', '', '2026-06-15T12:00:00+00:00', '2026-06-15T12:00:00+00:00');
INSERT INTO org_output (org_id, name, form, author, publish_date, attachment, created_at, updated_at) VALUES ('ORG_S_eaa3861b7c9a08aa', '人工智能系统', '论文', '北方未来高科', '2023-04-16', '', '2026-06-15T12:00:00+00:00', '2026-06-15T12:00:00+00:00');
INSERT INTO org_team (org_id, top_talents, award_winners, team_size, talent_type, created_at, updated_at) VALUES ('ORG_S_eaa3861b7c9a08aa', '["郑海燕院士"]'::json, '["彭刚杰", "韩勇伟"]'::json, 1000, '研发团队', '2026-06-15T12:00:00+00:00', '2026-06-15T12:00:00+00:00');
INSERT INTO org_facility (org_id, name, purpose, experiment_status, launch_date, construction_cost_wan_usd, created_at, updated_at) VALUES ('ORG_S_eaa3861b7c9a08aa', '先进算力实验平台', '开展航空航天关键实验', '调试', '2020-07-15', 500, '2026-06-15T12:00:00+00:00', '2026-06-15T12:00:00+00:00');
INSERT INTO org_facility (org_id, name, purpose, experiment_status, launch_date, construction_cost_wan_usd, created_at, updated_at) VALUES ('ORG_S_eaa3861b7c9a08aa', '航空航天实验平台', '开展人工智能关键实验', '运行中', '2020-08-08', 2000, '2026-06-15T12:00:00+00:00', '2026-06-15T12:00:00+00:00');
INSERT INTO entity_change_log (entity_id, entity_type, field, old_value, new_value, method, operator, source_doc_id, reason, changed_at) VALUES ('ORG_S_eaa3861b7c9a08aa', 'org', '*', NULL, '{"action": "create"}'::json, 'rule', NULL, 'mock_seed', NULL, '2026-06-15T12:00:00+00:00');
INSERT INTO org_profile (org_id, name_cn, name_en, name_other, country, founded_date, dissolved_date, operating_years, website, summary, org_types, nature, function, scale, tech_domains, predecessor_names, departments, strategic_plans, evaluation_report, new_key_projects, remark, confidence, completeness, created_at, updated_at) VALUES ('ORG_S_db373b040fcbcca4', '航天储能实验室', 'Org-096', '[]'::json, '德国', '2000-04-28', NULL, 26, 'www.org-096.example.com', '航天储能实验室是聚焦新能源、深海装备、6G通信等领域的企业，致力于前沿技术研发与成果转化。', '["民营企业", "国有企业"]'::json, '企业', '基础研究', 8000, '["新能源", "深海装备", "6G通信", "量子计算", "储能"]'::json, '[]'::json, '航天储能实验室下设基础研究部、应用工程部、国际合作部', '["2021-2025五年发展规划", "2026-2030五年发展规划"]'::json, '航天储能实验室在量子计算领域处于国内领先水平。', '["太赫兹通信"]'::json, '', 0.88, 0.865, '2026-06-15T12:00:00+00:00', '2026-06-15T12:00:00+00:00');
INSERT INTO org_history (org_id, change_date, change_description, created_at, updated_at) VALUES ('ORG_S_db373b040fcbcca4', '2016-12-03', '成立量子计算研究中心', '2026-06-15T12:00:00+00:00', '2026-06-15T12:00:00+00:00');
INSERT INTO org_history (org_id, change_date, change_description, created_at, updated_at) VALUES ('ORG_S_db373b040fcbcca4', '2021-10-21', '完成股份制改革', '2026-06-15T12:00:00+00:00', '2026-06-15T12:00:00+00:00');
INSERT INTO org_history (org_id, change_date, change_description, created_at, updated_at) VALUES ('ORG_S_db373b040fcbcca4', '2020-03-04', '获批国家重点实验室', '2026-06-15T12:00:00+00:00', '2026-06-15T12:00:00+00:00');
INSERT INTO org_award (org_id, description, name, reason, award_date, level, award_type, created_at, updated_at) VALUES ('ORG_S_db373b040fcbcca4', '', '省部级一等奖', '在储能取得突破', '2021-02-06', '国家级', '科技', '2026-06-15T12:00:00+00:00', '2026-06-15T12:00:00+00:00');
INSERT INTO org_output (org_id, name, form, author, publish_date, attachment, created_at, updated_at) VALUES ('ORG_S_db373b040fcbcca4', '储能关键技术', '标准', '航天储能实验室', '2022-11-22', '', '2026-06-15T12:00:00+00:00', '2026-06-15T12:00:00+00:00');
INSERT INTO org_output (org_id, name, form, author, publish_date, attachment, created_at, updated_at) VALUES ('ORG_S_db373b040fcbcca4', '深海装备关键技术', '软件著作权', '航天储能实验室', '2020-05-07', '', '2026-06-15T12:00:00+00:00', '2026-06-15T12:00:00+00:00');
INSERT INTO org_team (org_id, top_talents, award_winners, team_size, talent_type, created_at, updated_at) VALUES ('ORG_S_db373b040fcbcca4', '["罗瑞雪松院士"]'::json, '["许艳", "林建华", "谢昊超"]'::json, 1000, '研发团队', '2026-06-15T12:00:00+00:00', '2026-06-15T12:00:00+00:00');
INSERT INTO org_facility (org_id, name, purpose, experiment_status, launch_date, construction_cost_wan_usd, created_at, updated_at) VALUES ('ORG_S_db373b040fcbcca4', '新能源实验平台', '开展新能源关键实验', '在建', '2020-09-19', 8000, '2026-06-15T12:00:00+00:00', '2026-06-15T12:00:00+00:00');
INSERT INTO entity_change_log (entity_id, entity_type, field, old_value, new_value, method, operator, source_doc_id, reason, changed_at) VALUES ('ORG_S_db373b040fcbcca4', 'org', '*', NULL, '{"action": "create"}'::json, 'rule', NULL, 'mock_seed', NULL, '2026-06-15T12:00:00+00:00');
INSERT INTO org_profile (org_id, name_cn, name_en, name_other, country, founded_date, dissolved_date, operating_years, website, summary, org_types, nature, function, scale, tech_domains, predecessor_names, departments, strategic_plans, evaluation_report, new_key_projects, remark, confidence, completeness, created_at, updated_at) VALUES ('ORG_S_0851125397b5ef25', '中科脑科学集团', 'Org-097', '[]'::json, '德国', '1967-05-27', NULL, 59, 'www.org-097.example.com', '中科脑科学集团是聚焦人工智能、自动驾驶、基因编辑等领域的科研院所，致力于前沿技术研发与成果转化。', '["外资企业"]'::json, '科研院所', '技术开发', 500, '["人工智能", "自动驾驶", "基因编辑", "5G通信"]'::json, '[]'::json, '中科脑科学集团下设基础研究部、应用工程部、国际合作部', '["2021-2025五年发展规划", "2026-2030五年发展规划"]'::json, '中科脑科学集团在人工智能领域处于国内领先水平。', '["固态电池", "类脑计算架构"]'::json, '', 0.828, 0.557, '2026-06-15T12:00:00+00:00', '2026-06-15T12:00:00+00:00');
INSERT INTO org_history (org_id, change_date, change_description, created_at, updated_at) VALUES ('ORG_S_0851125397b5ef25', '2013-12-26', '成立基因编辑研究中心', '2026-06-15T12:00:00+00:00', '2026-06-15T12:00:00+00:00');
INSERT INTO org_history (org_id, change_date, change_description, created_at, updated_at) VALUES ('ORG_S_0851125397b5ef25', '2014-04-08', '完成股份制改革', '2026-06-15T12:00:00+00:00', '2026-06-15T12:00:00+00:00');
INSERT INTO org_history (org_id, change_date, change_description, created_at, updated_at) VALUES ('ORG_S_0851125397b5ef25', '2012-11-28', '获批国家重点实验室', '2026-06-15T12:00:00+00:00', '2026-06-15T12:00:00+00:00');
INSERT INTO org_award (org_id, description, name, reason, award_date, level, award_type, created_at, updated_at) VALUES ('ORG_S_0851125397b5ef25', '', '行业金奖', '在基因编辑取得突破', '2024-02-02', '行业级', '工程', '2026-06-15T12:00:00+00:00', '2026-06-15T12:00:00+00:00');
INSERT INTO org_award (org_id, description, name, reason, award_date, level, award_type, created_at, updated_at) VALUES ('ORG_S_0851125397b5ef25', '', '行业金奖', '在自动驾驶取得突破', '2023-09-26', '行业级', '创新', '2026-06-15T12:00:00+00:00', '2026-06-15T12:00:00+00:00');
INSERT INTO org_award (org_id, description, name, reason, award_date, level, award_type, created_at, updated_at) VALUES ('ORG_S_0851125397b5ef25', '', '行业金奖', '在自动驾驶取得突破', '2022-06-16', '省部级', '科技', '2026-06-15T12:00:00+00:00', '2026-06-15T12:00:00+00:00');
INSERT INTO org_output (org_id, name, form, author, publish_date, attachment, created_at, updated_at) VALUES ('ORG_S_0851125397b5ef25', '5G通信系统', '论文', '中科脑科学集团', '2023-09-09', '', '2026-06-15T12:00:00+00:00', '2026-06-15T12:00:00+00:00');
INSERT INTO org_output (org_id, name, form, author, publish_date, attachment, created_at, updated_at) VALUES ('ORG_S_0851125397b5ef25', '人工智能关键技术', '论文', '中科脑科学集团', '2018-10-04', '', '2026-06-15T12:00:00+00:00', '2026-06-15T12:00:00+00:00');
INSERT INTO org_team (org_id, top_talents, award_winners, team_size, talent_type, created_at, updated_at) VALUES ('ORG_S_0851125397b5ef25', '["王桂英伟院士", "陈宇航院士"]'::json, '["罗强", "郑艳瑞"]'::json, 200, '工程团队', '2026-06-15T12:00:00+00:00', '2026-06-15T12:00:00+00:00');
INSERT INTO org_facility (org_id, name, purpose, experiment_status, launch_date, construction_cost_wan_usd, created_at, updated_at) VALUES ('ORG_S_0851125397b5ef25', '基因编辑实验平台', '开展自动驾驶关键实验', '运行中', '2024-10-16', 15000, '2026-06-15T12:00:00+00:00', '2026-06-15T12:00:00+00:00');
INSERT INTO entity_change_log (entity_id, entity_type, field, old_value, new_value, method, operator, source_doc_id, reason, changed_at) VALUES ('ORG_S_0851125397b5ef25', 'org', '*', NULL, '{"action": "create"}'::json, 'rule', NULL, 'mock_seed', NULL, '2026-06-15T12:00:00+00:00');
INSERT INTO org_profile (org_id, name_cn, name_en, name_other, country, founded_date, dissolved_date, operating_years, website, summary, org_types, nature, function, scale, tech_domains, predecessor_names, departments, strategic_plans, evaluation_report, new_key_projects, remark, confidence, completeness, created_at, updated_at) VALUES ('ORG_S_4abc0d1b31f546c7', '东方聚变实验室', 'Org-098', '[]'::json, '俄罗斯', '1953-04-02', NULL, 73, 'www.org-098.example.com', '东方聚变实验室是聚焦生物医药、增材制造、人工智能等领域的企业，致力于前沿技术研发与成果转化。', '["上市公司", "双一流高校", "国有企业"]'::json, '企业', '人才培养', 500, '["生物医药", "增材制造", "人工智能"]'::json, '[]'::json, '东方聚变实验室下设基础研究部、应用工程部、国际合作部', '["2021-2025五年发展规划", "2026-2030五年发展规划"]'::json, '东方聚变实验室在增材制造领域处于国内领先水平。', '["类脑计算架构"]'::json, '', 0.964, 0.873, '2026-06-15T12:00:00+00:00', '2026-06-15T12:00:00+00:00');
INSERT INTO org_history (org_id, change_date, change_description, created_at, updated_at) VALUES ('ORG_S_4abc0d1b31f546c7', '2021-09-15', '成立增材制造研究中心', '2026-06-15T12:00:00+00:00', '2026-06-15T12:00:00+00:00');
INSERT INTO org_history (org_id, change_date, change_description, created_at, updated_at) VALUES ('ORG_S_4abc0d1b31f546c7', '2023-01-09', '完成股份制改革', '2026-06-15T12:00:00+00:00', '2026-06-15T12:00:00+00:00');
INSERT INTO org_history (org_id, change_date, change_description, created_at, updated_at) VALUES ('ORG_S_4abc0d1b31f546c7', '2011-05-17', '获批国家重点实验室', '2026-06-15T12:00:00+00:00', '2026-06-15T12:00:00+00:00');
INSERT INTO org_award (org_id, description, name, reason, award_date, level, award_type, created_at, updated_at) VALUES ('ORG_S_4abc0d1b31f546c7', '', '国家科技进步奖', '在生物医药取得突破', '2015-11-19', '省部级', '创新', '2026-06-15T12:00:00+00:00', '2026-06-15T12:00:00+00:00');
INSERT INTO org_award (org_id, description, name, reason, award_date, level, award_type, created_at, updated_at) VALUES ('ORG_S_4abc0d1b31f546c7', '', '国家科技进步奖', '在生物医药取得突破', '2022-03-04', '省部级', '工程', '2026-06-15T12:00:00+00:00', '2026-06-15T12:00:00+00:00');
INSERT INTO org_output (org_id, name, form, author, publish_date, attachment, created_at, updated_at) VALUES ('ORG_S_4abc0d1b31f546c7', '生物医药标准', '论文', '东方聚变实验室', '2023-12-23', '', '2026-06-15T12:00:00+00:00', '2026-06-15T12:00:00+00:00');
INSERT INTO org_output (org_id, name, form, author, publish_date, attachment, created_at, updated_at) VALUES ('ORG_S_4abc0d1b31f546c7', '人工智能系统', '标准', '东方聚变实验室', '2021-03-22', '', '2026-06-15T12:00:00+00:00', '2026-06-15T12:00:00+00:00');
INSERT INTO org_team (org_id, top_talents, award_winners, team_size, talent_type, created_at, updated_at) VALUES ('ORG_S_4abc0d1b31f546c7', '["周强斌院士"]'::json, '["胡超", "谢志强"]'::json, 1000, '工程团队', '2026-06-15T12:00:00+00:00', '2026-06-15T12:00:00+00:00');
INSERT INTO org_facility (org_id, name, purpose, experiment_status, launch_date, construction_cost_wan_usd, created_at, updated_at) VALUES ('ORG_S_4abc0d1b31f546c7', '人工智能实验平台', '开展增材制造关键实验', '在建', '2021-01-18', 2000, '2026-06-15T12:00:00+00:00', '2026-06-15T12:00:00+00:00');
INSERT INTO entity_change_log (entity_id, entity_type, field, old_value, new_value, method, operator, source_doc_id, reason, changed_at) VALUES ('ORG_S_4abc0d1b31f546c7', 'org', '*', NULL, '{"action": "create"}'::json, 'rule', NULL, 'mock_seed', NULL, '2026-06-15T12:00:00+00:00');
INSERT INTO org_profile (org_id, name_cn, name_en, name_other, country, founded_date, dissolved_date, operating_years, website, summary, org_types, nature, function, scale, tech_domains, predecessor_names, departments, strategic_plans, evaluation_report, new_key_projects, remark, confidence, completeness, created_at, updated_at) VALUES ('ORG_S_0b0edb00cf7c2b98', '国生医科技', 'Org-099', '[]'::json, '以色列', '2015-05-23', NULL, 11, 'www.org-099.example.com', '国生医科技是聚焦量子计算、深海装备、先进算力等领域的企业，致力于前沿技术研发与成果转化。', '["国有企业", "民营企业", "国家实验室"]'::json, '企业', '技术开发', 500, '["量子计算", "深海装备", "先进算力", "6G通信"]'::json, '[]'::json, '国生医科技下设基础研究部、应用工程部、国际合作部', '["2021-2025五年发展规划", "2026-2030五年发展规划"]'::json, '国生医科技在深海装备领域处于国内领先水平。', '["氢燃料电池电堆", "固态电池", "光量子计算"]'::json, '', 0.954, 0.855, '2026-06-15T12:00:00+00:00', '2026-06-15T12:00:00+00:00');
INSERT INTO org_history (org_id, change_date, change_description, created_at, updated_at) VALUES ('ORG_S_0b0edb00cf7c2b98', '2024-07-18', '成立深海装备研究中心', '2026-06-15T12:00:00+00:00', '2026-06-15T12:00:00+00:00');
INSERT INTO org_history (org_id, change_date, change_description, created_at, updated_at) VALUES ('ORG_S_0b0edb00cf7c2b98', '2016-11-07', '完成股份制改革', '2026-06-15T12:00:00+00:00', '2026-06-15T12:00:00+00:00');
INSERT INTO org_history (org_id, change_date, change_description, created_at, updated_at) VALUES ('ORG_S_0b0edb00cf7c2b98', '2010-06-12', '获批国家重点实验室', '2026-06-15T12:00:00+00:00', '2026-06-15T12:00:00+00:00');
INSERT INTO org_award (org_id, description, name, reason, award_date, level, award_type, created_at, updated_at) VALUES ('ORG_S_0b0edb00cf7c2b98', '', '行业金奖', '在量子计算取得突破', '2016-11-24', '行业级', '工程', '2026-06-15T12:00:00+00:00', '2026-06-15T12:00:00+00:00');
INSERT INTO org_award (org_id, description, name, reason, award_date, level, award_type, created_at, updated_at) VALUES ('ORG_S_0b0edb00cf7c2b98', '', '行业金奖', '在量子计算取得突破', '2016-10-19', '省部级', '工程', '2026-06-15T12:00:00+00:00', '2026-06-15T12:00:00+00:00');
INSERT INTO org_output (org_id, name, form, author, publish_date, attachment, created_at, updated_at) VALUES ('ORG_S_0b0edb00cf7c2b98', '深海装备标准', '专利', '国生医科技', '2020-03-26', '', '2026-06-15T12:00:00+00:00', '2026-06-15T12:00:00+00:00');
INSERT INTO org_output (org_id, name, form, author, publish_date, attachment, created_at, updated_at) VALUES ('ORG_S_0b0edb00cf7c2b98', '量子计算标准', '标准', '国生医科技', '2018-08-13', '', '2026-06-15T12:00:00+00:00', '2026-06-15T12:00:00+00:00');
INSERT INTO org_output (org_id, name, form, author, publish_date, attachment, created_at, updated_at) VALUES ('ORG_S_0b0edb00cf7c2b98', '深海装备标准', '专利', '国生医科技', '2018-11-27', '', '2026-06-15T12:00:00+00:00', '2026-06-15T12:00:00+00:00');
INSERT INTO org_output (org_id, name, form, author, publish_date, attachment, created_at, updated_at) VALUES ('ORG_S_0b0edb00cf7c2b98', '深海装备关键技术', '软件著作权', '国生医科技', '2022-08-09', '', '2026-06-15T12:00:00+00:00', '2026-06-15T12:00:00+00:00');
INSERT INTO org_team (org_id, top_talents, award_winners, team_size, talent_type, created_at, updated_at) VALUES ('ORG_S_0b0edb00cf7c2b98', '["韩娟院士"]'::json, '["冯娟斌"]'::json, 500, '工程团队', '2026-06-15T12:00:00+00:00', '2026-06-15T12:00:00+00:00');
INSERT INTO org_facility (org_id, name, purpose, experiment_status, launch_date, construction_cost_wan_usd, created_at, updated_at) VALUES ('ORG_S_0b0edb00cf7c2b98', '先进算力实验平台', '开展先进算力关键实验', '在建', '2024-09-13', 500, '2026-06-15T12:00:00+00:00', '2026-06-15T12:00:00+00:00');
INSERT INTO entity_change_log (entity_id, entity_type, field, old_value, new_value, method, operator, source_doc_id, reason, changed_at) VALUES ('ORG_S_0b0edb00cf7c2b98', 'org', '*', NULL, '{"action": "create"}'::json, 'rule', NULL, 'mock_seed', NULL, '2026-06-15T12:00:00+00:00');

-- ── 人员 ──
INSERT INTO person_profile (person_id, name_cn, name_en, gender, avatar, nationality, summary, birth_date, age, birthplace, ethnicity, current_residence, current_org, current_enterprise, current_military_unit, current_position, highest_degree, person_category, professional_domains, professional_skills, social_media, personality_traits, hobbies, management_philosophy, remark, confidence, completeness, created_at, updated_at) VALUES ('PERSON_S_ec766750e15a483d', '杨刚', 'Expert_Iywftm', '男', '[]'::json, '中国', '杨刚，青年人才，主要从事新能源、半导体研究，现任华基因工程技术中心研究员。', '1985-10-08', 41, '武汉', '汉族', '杭州', '华基因工程技术中心', NULL, NULL, '["总工程师"]'::json, '博士', '专家', '["新能源", "半导体"]'::json, '["系统架构", "实验验证", "工程化"]'::json, '', '["务实", "坚韧", "严谨"]'::json, '["音乐", "旅行"]'::json, '["产学研结合", "以问题为导向"]'::json, '[]'::json, 0.869, 0.779, '2026-06-15T12:00:00+00:00', '2026-06-15T12:00:00+00:00');
INSERT INTO person_education (person_id, start_date, degree_date, degree, school, major, created_at, updated_at) VALUES ('PERSON_S_ec766750e15a483d', '2004-12-11', '2002-03-02', '学士', '上海交通大学', '大模型', '2026-06-15T12:00:00+00:00', '2026-06-15T12:00:00+00:00');
INSERT INTO person_career (person_id, start_date, end_date, org, enterprise, military_unit, position, created_at, updated_at) VALUES ('PERSON_S_ec766750e15a483d', '2008-03-27', NULL, '华基因工程技术中心', NULL, NULL, '总工程师', '2026-06-15T12:00:00+00:00', '2026-06-15T12:00:00+00:00');
INSERT INTO person_award (person_id, description, created_at, updated_at) VALUES ('PERSON_S_ec766750e15a483d', '2017年获学会优秀论文', '2026-06-15T12:00:00+00:00', '2026-06-15T12:00:00+00:00');
INSERT INTO person_academic_output (person_id, name, form, publish_date, rank, tech_domain, collaborators, citations, is_representative, created_at, updated_at) VALUES ('PERSON_S_ec766750e15a483d', '关于新能源的综述', '期刊论文', '2024-07-16', '通讯作者', '半导体', '["郑涛"]'::json, 494, TRUE, '2026-06-15T12:00:00+00:00', '2026-06-15T12:00:00+00:00');
INSERT INTO person_academic_output (person_id, name, form, publish_date, rank, tech_domain, collaborators, citations, is_representative, created_at, updated_at) VALUES ('PERSON_S_ec766750e15a483d', '关于半导体的研究', '会议论文', '2021-01-28', '通讯作者', '新能源', '["谢晓东磊", "孙洋", "刘伟"]'::json, 37, TRUE, '2026-06-15T12:00:00+00:00', '2026-06-15T12:00:00+00:00');
INSERT INTO person_academic_output (person_id, name, form, publish_date, rank, tech_domain, collaborators, citations, is_representative, created_at, updated_at) VALUES ('PERSON_S_ec766750e15a483d', '关于半导体的方法', '专利', '2022-05-10', '通讯作者', '新能源', '["郭霞"]'::json, 658, TRUE, '2026-06-15T12:00:00+00:00', '2026-06-15T12:00:00+00:00');
INSERT INTO person_academic_output (person_id, name, form, publish_date, rank, tech_domain, collaborators, citations, is_representative, created_at, updated_at) VALUES ('PERSON_S_ec766750e15a483d', '关于新能源的研究', '专著', '2018-01-10', '通讯作者', '半导体', '["郑建华杰", "朱建华明", "吴勇雪松"]'::json, 342, TRUE, '2026-06-15T12:00:00+00:00', '2026-06-15T12:00:00+00:00');
INSERT INTO person_focus (person_id, focus_type, content, consistency_with_policy, potential_impact, created_at, updated_at) VALUES ('PERSON_S_ec766750e15a483d', 'tech', '["半导体前沿方向"]'::json, '符合国家科技创新规划', '["推动产业升级", "形成自主知识产权"]'::json, '2026-06-15T12:00:00+00:00', '2026-06-15T12:00:00+00:00');
INSERT INTO entity_change_log (entity_id, entity_type, field, old_value, new_value, method, operator, source_doc_id, reason, changed_at) VALUES ('PERSON_S_ec766750e15a483d', 'person', '*', NULL, '{"action": "create"}'::json, 'rule', NULL, 'mock_seed', NULL, '2026-06-15T12:00:00+00:00');
INSERT INTO person_profile (person_id, name_cn, name_en, gender, avatar, nationality, summary, birth_date, age, birthplace, ethnicity, current_residence, current_org, current_enterprise, current_military_unit, current_position, highest_degree, person_category, professional_domains, professional_skills, social_media, personality_traits, hobbies, management_philosophy, remark, confidence, completeness, created_at, updated_at) VALUES ('PERSON_S_e0eb5058e7be02f5', '冯艳涛', 'Expert_Xoocwp', '女', '[]'::json, '中国', '冯艳涛，青年人才，主要从事5G通信、大模型研究，现任南方前沿高科研究员。', '1958-04-26', 68, '西安', '汉族', '杭州', '南方前沿高科', NULL, NULL, '["研究员"]'::json, '学士', '骨干', '["5G通信", "大模型", "机器人"]'::json, '["系统架构", "数据分析", "工程化"]'::json, '', '["坚韧", "严谨"]'::json, '["音乐"]'::json, '["产学研结合", "以问题为导向"]'::json, '[]'::json, 0.962, 0.929, '2026-06-15T12:00:00+00:00', '2026-06-15T12:00:00+00:00');
INSERT INTO person_education (person_id, start_date, degree_date, degree, school, major, created_at, updated_at) VALUES ('PERSON_S_e0eb5058e7be02f5', '1996-10-24', '2004-06-17', '博士', '中国科学技术大学', '5G通信', '2026-06-15T12:00:00+00:00', '2026-06-15T12:00:00+00:00');
INSERT INTO person_career (person_id, start_date, end_date, org, enterprise, military_unit, position, created_at, updated_at) VALUES ('PERSON_S_e0eb5058e7be02f5', '2011-06-27', NULL, '南方前沿高科', NULL, NULL, '总工程师', '2026-06-15T12:00:00+00:00', '2026-06-15T12:00:00+00:00');
INSERT INTO person_award (person_id, description, created_at, updated_at) VALUES ('PERSON_S_e0eb5058e7be02f5', '2015年获国家自然科学奖', '2026-06-15T12:00:00+00:00', '2026-06-15T12:00:00+00:00');
INSERT INTO person_academic_output (person_id, name, form, publish_date, rank, tech_domain, collaborators, citations, is_representative, created_at, updated_at) VALUES ('PERSON_S_e0eb5058e7be02f5', '关于5G通信的方法', '专利', '2024-06-24', '共同作者', '大模型', '["李昊", "马平"]'::json, 199, TRUE, '2026-06-15T12:00:00+00:00', '2026-06-15T12:00:00+00:00');
INSERT INTO person_academic_output (person_id, name, form, publish_date, rank, tech_domain, collaborators, citations, is_representative, created_at, updated_at) VALUES ('PERSON_S_e0eb5058e7be02f5', '关于大模型的研究', '期刊论文', '2024-07-13', '通讯作者', '5G通信', '["郑晓东斌", "张涛"]'::json, 248, TRUE, '2026-06-15T12:00:00+00:00', '2026-06-15T12:00:00+00:00');
INSERT INTO person_academic_output (person_id, name, form, publish_date, rank, tech_domain, collaborators, citations, is_representative, created_at, updated_at) VALUES ('PERSON_S_e0eb5058e7be02f5', '关于机器人的方法', '会议论文', '2021-11-03', '通讯作者', '大模型', '["张峰雪松"]'::json, 111, TRUE, '2026-06-15T12:00:00+00:00', '2026-06-15T12:00:00+00:00');
INSERT INTO person_focus (person_id, focus_type, content, consistency_with_policy, potential_impact, created_at, updated_at) VALUES ('PERSON_S_e0eb5058e7be02f5', 'tech', '["机器人前沿方向"]'::json, '符合国家科技创新规划', '["推动产业升级", "形成自主知识产权"]'::json, '2026-06-15T12:00:00+00:00', '2026-06-15T12:00:00+00:00');
INSERT INTO entity_change_log (entity_id, entity_type, field, old_value, new_value, method, operator, source_doc_id, reason, changed_at) VALUES ('PERSON_S_e0eb5058e7be02f5', 'person', '*', NULL, '{"action": "create"}'::json, 'rule', NULL, 'mock_seed', NULL, '2026-06-15T12:00:00+00:00');
INSERT INTO person_profile (person_id, name_cn, name_en, gender, avatar, nationality, summary, birth_date, age, birthplace, ethnicity, current_residence, current_org, current_enterprise, current_military_unit, current_position, highest_degree, person_category, professional_domains, professional_skills, social_media, personality_traits, hobbies, management_philosophy, remark, confidence, completeness, created_at, updated_at) VALUES ('PERSON_S_24d84ffc7b944cae', '黄俊杰军', 'Expert_Ymhbep', '男', '[]'::json, '中国', '黄俊杰军，领军人才，主要从事5G通信、先进算力研究，现任北方量子研究所首席科学家。', '1962-04-27', 64, '武汉', '汉族', '杭州', '北方量子研究所', NULL, NULL, '["研究员"]'::json, '博士', '青年人才', '["5G通信", "先进算力", "增材制造"]'::json, '["工程化", "项目管理", "系统架构"]'::json, '', '["务实", "严谨"]'::json, '["运动", "阅读"]'::json, '["产学研结合", "以问题为导向"]'::json, '[]'::json, 0.797, 0.948, '2026-06-15T12:00:00+00:00', '2026-06-15T12:00:00+00:00');
INSERT INTO person_education (person_id, start_date, degree_date, degree, school, major, created_at, updated_at) VALUES ('PERSON_S_24d84ffc7b944cae', '1996-08-25', '2008-12-27', '学士', '哈尔滨工业大学', '半导体', '2026-06-15T12:00:00+00:00', '2026-06-15T12:00:00+00:00');
INSERT INTO person_career (person_id, start_date, end_date, org, enterprise, military_unit, position, created_at, updated_at) VALUES ('PERSON_S_24d84ffc7b944cae', '2020-05-01', NULL, '北方量子研究所', NULL, NULL, '总工程师', '2026-06-15T12:00:00+00:00', '2026-06-15T12:00:00+00:00');
INSERT INTO person_award (person_id, description, created_at, updated_at) VALUES ('PERSON_S_24d84ffc7b944cae', '2020年获省部级奖励', '2026-06-15T12:00:00+00:00', '2026-06-15T12:00:00+00:00');
INSERT INTO person_academic_output (person_id, name, form, publish_date, rank, tech_domain, collaborators, citations, is_representative, created_at, updated_at) VALUES ('PERSON_S_24d84ffc7b944cae', '关于先进算力的方法', '会议论文', '2022-01-14', '共同作者', '先进算力', '["孙志强"]'::json, 185, TRUE, '2026-06-15T12:00:00+00:00', '2026-06-15T12:00:00+00:00');
INSERT INTO person_academic_output (person_id, name, form, publish_date, rank, tech_domain, collaborators, citations, is_representative, created_at, updated_at) VALUES ('PERSON_S_24d84ffc7b944cae', '关于增材制造的研究', '期刊论文', '2019-08-01', '共同作者', '5G通信', '["黄磊", "林志强俊杰", "宋宇航峰"]'::json, 625, TRUE, '2026-06-15T12:00:00+00:00', '2026-06-15T12:00:00+00:00');
INSERT INTO person_academic_output (person_id, name, form, publish_date, rank, tech_domain, collaborators, citations, is_representative, created_at, updated_at) VALUES ('PERSON_S_24d84ffc7b944cae', '关于增材制造的研究', '专著', '2023-08-02', '第一作者', '先进算力', '["许婷", "邓强霞", "曹昊"]'::json, 320, TRUE, '2026-06-15T12:00:00+00:00', '2026-06-15T12:00:00+00:00');
INSERT INTO person_focus (person_id, focus_type, content, consistency_with_policy, potential_impact, created_at, updated_at) VALUES ('PERSON_S_24d84ffc7b944cae', 'tech', '["5G通信前沿方向"]'::json, '符合国家科技创新规划', '["推动产业升级", "形成自主知识产权"]'::json, '2026-06-15T12:00:00+00:00', '2026-06-15T12:00:00+00:00');
INSERT INTO entity_change_log (entity_id, entity_type, field, old_value, new_value, method, operator, source_doc_id, reason, changed_at) VALUES ('PERSON_S_24d84ffc7b944cae', 'person', '*', NULL, '{"action": "create"}'::json, 'rule', NULL, 'mock_seed', NULL, '2026-06-15T12:00:00+00:00');
INSERT INTO person_profile (person_id, name_cn, name_en, gender, avatar, nationality, summary, birth_date, age, birthplace, ethnicity, current_residence, current_org, current_enterprise, current_military_unit, current_position, highest_degree, person_category, professional_domains, professional_skills, social_media, personality_traits, hobbies, management_philosophy, remark, confidence, completeness, created_at, updated_at) VALUES ('PERSON_S_5004865417668ca9', '何洋雪松', 'Expert_Actveo', '女', '[]'::json, '中国', '何洋雪松，领军人才，主要从事大模型、生物医药研究，现任中基因工程技术中心研究员。', '1980-05-11', 46, '南京', '汉族', '深圳', '中基因工程技术中心', NULL, NULL, '["副教授"]'::json, '硕士', '领军人才', '["大模型", "生物医药"]'::json, '["数据分析", "工程化", "系统架构", "实验验证"]'::json, '', '["坚韧", "严谨"]'::json, '["音乐"]'::json, '["产学研结合", "以问题为导向"]'::json, '[]'::json, 0.704, 0.682, '2026-06-15T12:00:00+00:00', '2026-06-15T12:00:00+00:00');
INSERT INTO person_education (person_id, start_date, degree_date, degree, school, major, created_at, updated_at) VALUES ('PERSON_S_5004865417668ca9', '2007-12-28', '2000-04-03', '博士', '北京大学', '集成电路', '2026-06-15T12:00:00+00:00', '2026-06-15T12:00:00+00:00');
INSERT INTO person_career (person_id, start_date, end_date, org, enterprise, military_unit, position, created_at, updated_at) VALUES ('PERSON_S_5004865417668ca9', '2014-09-11', NULL, '中基因工程技术中心', NULL, NULL, '研究员', '2026-06-15T12:00:00+00:00', '2026-06-15T12:00:00+00:00');
INSERT INTO person_award (person_id, description, created_at, updated_at) VALUES ('PERSON_S_5004865417668ca9', '2017年获省部级奖励', '2026-06-15T12:00:00+00:00', '2026-06-15T12:00:00+00:00');
INSERT INTO person_academic_output (person_id, name, form, publish_date, rank, tech_domain, collaborators, citations, is_representative, created_at, updated_at) VALUES ('PERSON_S_5004865417668ca9', '关于大模型的综述', '专利', '2019-01-08', '第一作者', '生物医药', '["刘昊", "宋杰"]'::json, 327, TRUE, '2026-06-15T12:00:00+00:00', '2026-06-15T12:00:00+00:00');
INSERT INTO person_academic_output (person_id, name, form, publish_date, rank, tech_domain, collaborators, citations, is_representative, created_at, updated_at) VALUES ('PERSON_S_5004865417668ca9', '关于生物医药的方法', '专利', '2023-05-16', '共同作者', '大模型', '["吴昊海燕", "王斌俊杰"]'::json, 130, TRUE, '2026-06-15T12:00:00+00:00', '2026-06-15T12:00:00+00:00');
INSERT INTO person_academic_output (person_id, name, form, publish_date, rank, tech_domain, collaborators, citations, is_representative, created_at, updated_at) VALUES ('PERSON_S_5004865417668ca9', '关于生物医药的研究', '会议论文', '2018-05-08', '通讯作者', '生物医药', '["杨娟", "林磊", "彭俊杰"]'::json, 277, TRUE, '2026-06-15T12:00:00+00:00', '2026-06-15T12:00:00+00:00');
INSERT INTO person_focus (person_id, focus_type, content, consistency_with_policy, potential_impact, created_at, updated_at) VALUES ('PERSON_S_5004865417668ca9', 'tech', '["大模型前沿方向"]'::json, '符合国家科技创新规划', '["推动产业升级", "形成自主知识产权"]'::json, '2026-06-15T12:00:00+00:00', '2026-06-15T12:00:00+00:00');
INSERT INTO entity_change_log (entity_id, entity_type, field, old_value, new_value, method, operator, source_doc_id, reason, changed_at) VALUES ('PERSON_S_5004865417668ca9', 'person', '*', NULL, '{"action": "create"}'::json, 'rule', NULL, 'mock_seed', NULL, '2026-06-15T12:00:00+00:00');
INSERT INTO person_profile (person_id, name_cn, name_en, gender, avatar, nationality, summary, birth_date, age, birthplace, ethnicity, current_residence, current_org, current_enterprise, current_military_unit, current_position, highest_degree, person_category, professional_domains, professional_skills, social_media, personality_traits, hobbies, management_philosophy, remark, confidence, completeness, created_at, updated_at) VALUES ('PERSON_S_f46c350982391842', '马文博', 'Expert_Svswmg', '女', '[]'::json, '中国', '马文博，专家，主要从事基因编辑、大模型研究，现任中科微纳股份研究员。', '1989-10-21', 37, '成都', '汉族', '北京', '中科微纳股份', NULL, NULL, '["教授"]'::json, '博士', '骨干', '["基因编辑", "大模型"]'::json, '["算法设计", "项目管理", "工程化", "数据分析"]'::json, '', '["坚韧"]'::json, '["运动", "阅读"]'::json, '["产学研结合", "以问题为导向"]'::json, '[]'::json, 0.978, 0.869, '2026-06-15T12:00:00+00:00', '2026-06-15T12:00:00+00:00');
INSERT INTO person_education (person_id, start_date, degree_date, degree, school, major, created_at, updated_at) VALUES ('PERSON_S_f46c350982391842', '1993-12-17', '2002-03-07', '硕士', '哈尔滨工业大学', '量子计算', '2026-06-15T12:00:00+00:00', '2026-06-15T12:00:00+00:00');
INSERT INTO person_career (person_id, start_date, end_date, org, enterprise, military_unit, position, created_at, updated_at) VALUES ('PERSON_S_f46c350982391842', '2007-08-05', NULL, '中科微纳股份', NULL, NULL, '副教授', '2026-06-15T12:00:00+00:00', '2026-06-15T12:00:00+00:00');
INSERT INTO person_award (person_id, description, created_at, updated_at) VALUES ('PERSON_S_f46c350982391842', '2022年获学会优秀论文', '2026-06-15T12:00:00+00:00', '2026-06-15T12:00:00+00:00');
INSERT INTO person_academic_output (person_id, name, form, publish_date, rank, tech_domain, collaborators, citations, is_representative, created_at, updated_at) VALUES ('PERSON_S_f46c350982391842', '关于大模型的研究', '专利', '2019-04-22', '共同作者', '基因编辑', '["邓宇航建华", "郑海燕", "林婷"]'::json, 389, TRUE, '2026-06-15T12:00:00+00:00', '2026-06-15T12:00:00+00:00');
INSERT INTO person_academic_output (person_id, name, form, publish_date, rank, tech_domain, collaborators, citations, is_representative, created_at, updated_at) VALUES ('PERSON_S_f46c350982391842', '关于基因编辑的方法', '会议论文', '2022-03-22', '通讯作者', '基因编辑', '["赵桂英磊", "高强", "谢桂英"]'::json, 362, TRUE, '2026-06-15T12:00:00+00:00', '2026-06-15T12:00:00+00:00');
INSERT INTO person_academic_output (person_id, name, form, publish_date, rank, tech_domain, collaborators, citations, is_representative, created_at, updated_at) VALUES ('PERSON_S_f46c350982391842', '关于基因编辑的方法', '专利', '2022-07-07', '第一作者', '大模型', '["王婷昊", "孙志强", "张刚"]'::json, 359, TRUE, '2026-06-15T12:00:00+00:00', '2026-06-15T12:00:00+00:00');
INSERT INTO person_focus (person_id, focus_type, content, consistency_with_policy, potential_impact, created_at, updated_at) VALUES ('PERSON_S_f46c350982391842', 'tech', '["大模型前沿方向"]'::json, '符合国家科技创新规划', '["推动产业升级", "形成自主知识产权"]'::json, '2026-06-15T12:00:00+00:00', '2026-06-15T12:00:00+00:00');
INSERT INTO entity_change_log (entity_id, entity_type, field, old_value, new_value, method, operator, source_doc_id, reason, changed_at) VALUES ('PERSON_S_f46c350982391842', 'person', '*', NULL, '{"action": "create"}'::json, 'rule', NULL, 'mock_seed', NULL, '2026-06-15T12:00:00+00:00');
INSERT INTO person_profile (person_id, name_cn, name_en, gender, avatar, nationality, summary, birth_date, age, birthplace, ethnicity, current_residence, current_org, current_enterprise, current_military_unit, current_position, highest_degree, person_category, professional_domains, professional_skills, social_media, personality_traits, hobbies, management_philosophy, remark, confidence, completeness, created_at, updated_at) VALUES ('PERSON_S_2dabd1fcd39a5ba2', '马雪松', 'Expert_Aqfzha', '男', '[]'::json, '中国', '马雪松，青年人才，主要从事网络安全研究，现任东方未来研究院高级工程师。', '1983-05-28', 43, '西安', '汉族', '深圳', '东方未来研究院', NULL, NULL, '["副教授"]'::json, '硕士', '专家', '["网络安全"]'::json, '["数据分析", "系统架构", "项目管理"]'::json, '', '["坚韧", "严谨"]'::json, '["阅读"]'::json, '["产学研结合", "以问题为导向"]'::json, '[]'::json, 0.941, 0.631, '2026-06-15T12:00:00+00:00', '2026-06-15T12:00:00+00:00');
INSERT INTO person_education (person_id, start_date, degree_date, degree, school, major, created_at, updated_at) VALUES ('PERSON_S_2dabd1fcd39a5ba2', '2001-10-11', '1999-07-07', '学士', '浙江大学', '半导体', '2026-06-15T12:00:00+00:00', '2026-06-15T12:00:00+00:00');
INSERT INTO person_career (person_id, start_date, end_date, org, enterprise, military_unit, position, created_at, updated_at) VALUES ('PERSON_S_2dabd1fcd39a5ba2', '2011-07-07', NULL, '东方未来研究院', NULL, NULL, '总工程师', '2026-06-15T12:00:00+00:00', '2026-06-15T12:00:00+00:00');
INSERT INTO person_award (person_id, description, created_at, updated_at) VALUES ('PERSON_S_2dabd1fcd39a5ba2', '2023年获学会优秀论文', '2026-06-15T12:00:00+00:00', '2026-06-15T12:00:00+00:00');
INSERT INTO person_academic_output (person_id, name, form, publish_date, rank, tech_domain, collaborators, citations, is_representative, created_at, updated_at) VALUES ('PERSON_S_2dabd1fcd39a5ba2', '关于网络安全的综述', '专利', '2019-01-24', '共同作者', '网络安全', '["邓霞"]'::json, 599, TRUE, '2026-06-15T12:00:00+00:00', '2026-06-15T12:00:00+00:00');
INSERT INTO person_academic_output (person_id, name, form, publish_date, rank, tech_domain, collaborators, citations, is_representative, created_at, updated_at) VALUES ('PERSON_S_2dabd1fcd39a5ba2', '关于网络安全的综述', '专利', '2022-10-27', '共同作者', '网络安全', '["刘文博建华", "杨婷", "张洋"]'::json, 118, TRUE, '2026-06-15T12:00:00+00:00', '2026-06-15T12:00:00+00:00');
INSERT INTO person_focus (person_id, focus_type, content, consistency_with_policy, potential_impact, created_at, updated_at) VALUES ('PERSON_S_2dabd1fcd39a5ba2', 'tech', '["网络安全前沿方向"]'::json, '符合国家科技创新规划', '["推动产业升级", "形成自主知识产权"]'::json, '2026-06-15T12:00:00+00:00', '2026-06-15T12:00:00+00:00');
INSERT INTO entity_change_log (entity_id, entity_type, field, old_value, new_value, method, operator, source_doc_id, reason, changed_at) VALUES ('PERSON_S_2dabd1fcd39a5ba2', 'person', '*', NULL, '{"action": "create"}'::json, 'rule', NULL, 'mock_seed', NULL, '2026-06-15T12:00:00+00:00');
INSERT INTO person_profile (person_id, name_cn, name_en, gender, avatar, nationality, summary, birth_date, age, birthplace, ethnicity, current_residence, current_org, current_enterprise, current_military_unit, current_position, highest_degree, person_category, professional_domains, professional_skills, social_media, personality_traits, hobbies, management_philosophy, remark, confidence, completeness, created_at, updated_at) VALUES ('PERSON_S_0bb05d9b3cdde5e5', '吴海燕宇航', 'Expert_Abjbdz', '女', '[]'::json, '中国', '吴海燕宇航，骨干，主要从事碳捕集、增材制造研究，现任东方脑科学科技总工程师。', '1965-11-19', 61, '成都', '汉族', '北京', '东方脑科学科技', NULL, NULL, '["副院长"]'::json, '硕士', '骨干', '["碳捕集", "增材制造", "生物医药", "航空航天"]'::json, '["系统架构", "算法设计", "实验验证"]'::json, '', '["严谨", "协作"]'::json, '["阅读"]'::json, '["产学研结合", "以问题为导向"]'::json, '[]'::json, 0.872, 0.853, '2026-06-15T12:00:00+00:00', '2026-06-15T12:00:00+00:00');
INSERT INTO person_education (person_id, start_date, degree_date, degree, school, major, created_at, updated_at) VALUES ('PERSON_S_0bb05d9b3cdde5e5', '1998-06-18', '2001-09-17', '学士', '北京大学', '碳捕集', '2026-06-15T12:00:00+00:00', '2026-06-15T12:00:00+00:00');
INSERT INTO person_career (person_id, start_date, end_date, org, enterprise, military_unit, position, created_at, updated_at) VALUES ('PERSON_S_0bb05d9b3cdde5e5', '2019-03-20', NULL, '东方脑科学科技', NULL, NULL, '总工程师', '2026-06-15T12:00:00+00:00', '2026-06-15T12:00:00+00:00');
INSERT INTO person_award (person_id, description, created_at, updated_at) VALUES ('PERSON_S_0bb05d9b3cdde5e5', '2016年获学会优秀论文', '2026-06-15T12:00:00+00:00', '2026-06-15T12:00:00+00:00');
INSERT INTO person_academic_output (person_id, name, form, publish_date, rank, tech_domain, collaborators, citations, is_representative, created_at, updated_at) VALUES ('PERSON_S_0bb05d9b3cdde5e5', '关于碳捕集的综述', '期刊论文', '2024-04-02', '第一作者', '生物医药', '["高勇雪松", "郭峰", "张明平"]'::json, 414, TRUE, '2026-06-15T12:00:00+00:00', '2026-06-15T12:00:00+00:00');
INSERT INTO person_academic_output (person_id, name, form, publish_date, rank, tech_domain, collaborators, citations, is_representative, created_at, updated_at) VALUES ('PERSON_S_0bb05d9b3cdde5e5', '关于航空航天的研究', '期刊论文', '2021-01-02', '通讯作者', '生物医药', '["赵超宇航", "宋建华军"]'::json, 218, TRUE, '2026-06-15T12:00:00+00:00', '2026-06-15T12:00:00+00:00');
INSERT INTO person_academic_output (person_id, name, form, publish_date, rank, tech_domain, collaborators, citations, is_representative, created_at, updated_at) VALUES ('PERSON_S_0bb05d9b3cdde5e5', '关于碳捕集的综述', '会议论文', '2022-04-14', '第一作者', '碳捕集', '["郑海燕平", "邓娟"]'::json, 305, TRUE, '2026-06-15T12:00:00+00:00', '2026-06-15T12:00:00+00:00');
INSERT INTO person_focus (person_id, focus_type, content, consistency_with_policy, potential_impact, created_at, updated_at) VALUES ('PERSON_S_0bb05d9b3cdde5e5', 'tech', '["航空航天前沿方向"]'::json, '符合国家科技创新规划', '["推动产业升级", "形成自主知识产权"]'::json, '2026-06-15T12:00:00+00:00', '2026-06-15T12:00:00+00:00');
INSERT INTO entity_change_log (entity_id, entity_type, field, old_value, new_value, method, operator, source_doc_id, reason, changed_at) VALUES ('PERSON_S_0bb05d9b3cdde5e5', 'person', '*', NULL, '{"action": "create"}'::json, 'rule', NULL, 'mock_seed', NULL, '2026-06-15T12:00:00+00:00');
INSERT INTO person_profile (person_id, name_cn, name_en, gender, avatar, nationality, summary, birth_date, age, birthplace, ethnicity, current_residence, current_org, current_enterprise, current_military_unit, current_position, highest_degree, person_category, professional_domains, professional_skills, social_media, personality_traits, hobbies, management_philosophy, remark, confidence, completeness, created_at, updated_at) VALUES ('PERSON_S_76cd7e63709d0cc2', '吴明', 'Expert_Uzmffn', '女', '[]'::json, '中国', '吴明，领军人才，主要从事大模型、半导体研究，现任华聚变高科高级工程师。', '1965-10-22', 61, '南京', '汉族', '深圳', '华聚变高科', NULL, NULL, '["副教授"]'::json, '博士', '院士', '["大模型", "半导体"]'::json, '["实验验证", "项目管理", "工程化"]'::json, '', '["务实", "严谨"]'::json, '["音乐"]'::json, '["产学研结合", "以问题为导向"]'::json, '[]'::json, 0.727, 0.792, '2026-06-15T12:00:00+00:00', '2026-06-15T12:00:00+00:00');
INSERT INTO person_education (person_id, start_date, degree_date, degree, school, major, created_at, updated_at) VALUES ('PERSON_S_76cd7e63709d0cc2', '2004-05-10', '2012-08-08', '硕士', '北京大学', '集成电路', '2026-06-15T12:00:00+00:00', '2026-06-15T12:00:00+00:00');
INSERT INTO person_career (person_id, start_date, end_date, org, enterprise, military_unit, position, created_at, updated_at) VALUES ('PERSON_S_76cd7e63709d0cc2', '2013-08-12', NULL, '华聚变高科', NULL, NULL, '副教授', '2026-06-15T12:00:00+00:00', '2026-06-15T12:00:00+00:00');
INSERT INTO person_award (person_id, description, created_at, updated_at) VALUES ('PERSON_S_76cd7e63709d0cc2', '2022年获省部级奖励', '2026-06-15T12:00:00+00:00', '2026-06-15T12:00:00+00:00');
INSERT INTO person_academic_output (person_id, name, form, publish_date, rank, tech_domain, collaborators, citations, is_representative, created_at, updated_at) VALUES ('PERSON_S_76cd7e63709d0cc2', '关于半导体的综述', '专著', '2018-06-08', '共同作者', '半导体', '["谢志强强", "黄杰海燕", "胡超"]'::json, 526, TRUE, '2026-06-15T12:00:00+00:00', '2026-06-15T12:00:00+00:00');
INSERT INTO person_academic_output (person_id, name, form, publish_date, rank, tech_domain, collaborators, citations, is_representative, created_at, updated_at) VALUES ('PERSON_S_76cd7e63709d0cc2', '关于大模型的方法', '专利', '2024-03-22', '共同作者', '半导体', '["王涛", "黄艳"]'::json, 176, TRUE, '2026-06-15T12:00:00+00:00', '2026-06-15T12:00:00+00:00');
INSERT INTO person_academic_output (person_id, name, form, publish_date, rank, tech_domain, collaborators, citations, is_representative, created_at, updated_at) VALUES ('PERSON_S_76cd7e63709d0cc2', '关于大模型的研究', '专著', '2021-04-15', '通讯作者', '半导体', '["曹海燕", "彭婷", "胡洋宁"]'::json, 762, TRUE, '2026-06-15T12:00:00+00:00', '2026-06-15T12:00:00+00:00');
INSERT INTO person_focus (person_id, focus_type, content, consistency_with_policy, potential_impact, created_at, updated_at) VALUES ('PERSON_S_76cd7e63709d0cc2', 'tech', '["半导体前沿方向"]'::json, '符合国家科技创新规划', '["推动产业升级", "形成自主知识产权"]'::json, '2026-06-15T12:00:00+00:00', '2026-06-15T12:00:00+00:00');
INSERT INTO entity_change_log (entity_id, entity_type, field, old_value, new_value, method, operator, source_doc_id, reason, changed_at) VALUES ('PERSON_S_76cd7e63709d0cc2', 'person', '*', NULL, '{"action": "create"}'::json, 'rule', NULL, 'mock_seed', NULL, '2026-06-15T12:00:00+00:00');
INSERT INTO person_profile (person_id, name_cn, name_en, gender, avatar, nationality, summary, birth_date, age, birthplace, ethnicity, current_residence, current_org, current_enterprise, current_military_unit, current_position, highest_degree, person_category, professional_domains, professional_skills, social_media, personality_traits, hobbies, management_philosophy, remark, confidence, completeness, created_at, updated_at) VALUES ('PERSON_S_6b5e7074349af8f8', '郭娟雪松', 'Expert_Svxpff', '女', '[]'::json, '中国', '郭娟雪松，骨干，主要从事卫星互联网研究，现任南方航宇研究院副教授。', '1961-06-02', 65, '上海', '汉族', '深圳', '南方航宇研究院', NULL, NULL, '["副教授"]'::json, '博士', '院士', '["卫星互联网"]'::json, '["算法设计", "工程化", "数据分析"]'::json, '', '["严谨", "协作"]'::json, '["旅行", "音乐"]'::json, '["产学研结合", "以问题为导向"]'::json, '[]'::json, 0.796, 0.937, '2026-06-15T12:00:00+00:00', '2026-06-15T12:00:00+00:00');
INSERT INTO person_education (person_id, start_date, degree_date, degree, school, major, created_at, updated_at) VALUES ('PERSON_S_6b5e7074349af8f8', '1997-09-10', '2012-05-23', '学士', '北京大学', '量子计算', '2026-06-15T12:00:00+00:00', '2026-06-15T12:00:00+00:00');
INSERT INTO person_career (person_id, start_date, end_date, org, enterprise, military_unit, position, created_at, updated_at) VALUES ('PERSON_S_6b5e7074349af8f8', '2006-03-07', NULL, '南方航宇研究院', NULL, NULL, '主任', '2026-06-15T12:00:00+00:00', '2026-06-15T12:00:00+00:00');
INSERT INTO person_award (person_id, description, created_at, updated_at) VALUES ('PERSON_S_6b5e7074349af8f8', '2024年获省部级奖励', '2026-06-15T12:00:00+00:00', '2026-06-15T12:00:00+00:00');
INSERT INTO person_academic_output (person_id, name, form, publish_date, rank, tech_domain, collaborators, citations, is_representative, created_at, updated_at) VALUES ('PERSON_S_6b5e7074349af8f8', '关于卫星互联网的综述', '会议论文', '2024-02-20', '共同作者', '卫星互联网', '["许宁平", "孙俊杰", "唐志强伟"]'::json, 541, TRUE, '2026-06-15T12:00:00+00:00', '2026-06-15T12:00:00+00:00');
INSERT INTO person_academic_output (person_id, name, form, publish_date, rank, tech_domain, collaborators, citations, is_representative, created_at, updated_at) VALUES ('PERSON_S_6b5e7074349af8f8', '关于卫星互联网的方法', '期刊论文', '2018-06-21', '共同作者', '卫星互联网', '["杨平俊杰", "陈峰"]'::json, 771, TRUE, '2026-06-15T12:00:00+00:00', '2026-06-15T12:00:00+00:00');
INSERT INTO person_focus (person_id, focus_type, content, consistency_with_policy, potential_impact, created_at, updated_at) VALUES ('PERSON_S_6b5e7074349af8f8', 'tech', '["卫星互联网前沿方向"]'::json, '符合国家科技创新规划', '["推动产业升级", "形成自主知识产权"]'::json, '2026-06-15T12:00:00+00:00', '2026-06-15T12:00:00+00:00');
INSERT INTO entity_change_log (entity_id, entity_type, field, old_value, new_value, method, operator, source_doc_id, reason, changed_at) VALUES ('PERSON_S_6b5e7074349af8f8', 'person', '*', NULL, '{"action": "create"}'::json, 'rule', NULL, 'mock_seed', NULL, '2026-06-15T12:00:00+00:00');
INSERT INTO person_profile (person_id, name_cn, name_en, gender, avatar, nationality, summary, birth_date, age, birthplace, ethnicity, current_residence, current_org, current_enterprise, current_military_unit, current_position, highest_degree, person_category, professional_domains, professional_skills, social_media, personality_traits, hobbies, management_philosophy, remark, confidence, completeness, created_at, updated_at) VALUES ('PERSON_S_aadd50a0941f4c49', '宋磊', 'Expert_Kgsbps', '女', '[]'::json, '中国', '宋磊，专家，主要从事量子计算、半导体研究，现任南方量子科技研究员。', '1971-10-20', 55, '南京', '汉族', '北京', '南方量子科技', '南方量子科技', NULL, '["主任"]'::json, '博士', '专家', '["量子计算", "半导体", "脑机接口", "航空航天"]'::json, '["系统架构", "算法设计", "工程化"]'::json, '', '["务实"]'::json, '["旅行"]'::json, '["产学研结合", "以问题为导向"]'::json, '[]'::json, 0.792, 0.739, '2026-06-15T12:00:00+00:00', '2026-06-15T12:00:00+00:00');
INSERT INTO person_education (person_id, start_date, degree_date, degree, school, major, created_at, updated_at) VALUES ('PERSON_S_aadd50a0941f4c49', '2003-01-17', '2001-07-15', '硕士', '清华大学', '量子计算', '2026-06-15T12:00:00+00:00', '2026-06-15T12:00:00+00:00');
INSERT INTO person_career (person_id, start_date, end_date, org, enterprise, military_unit, position, created_at, updated_at) VALUES ('PERSON_S_aadd50a0941f4c49', '2016-06-23', NULL, '南方量子科技', '南方量子科技', NULL, '教授', '2026-06-15T12:00:00+00:00', '2026-06-15T12:00:00+00:00');
INSERT INTO person_award (person_id, description, created_at, updated_at) VALUES ('PERSON_S_aadd50a0941f4c49', '2022年获国家自然科学奖', '2026-06-15T12:00:00+00:00', '2026-06-15T12:00:00+00:00');
INSERT INTO person_academic_output (person_id, name, form, publish_date, rank, tech_domain, collaborators, citations, is_representative, created_at, updated_at) VALUES ('PERSON_S_aadd50a0941f4c49', '关于脑机接口的综述', '期刊论文', '2019-05-06', '共同作者', '半导体', '["唐磊勇"]'::json, 645, TRUE, '2026-06-15T12:00:00+00:00', '2026-06-15T12:00:00+00:00');
INSERT INTO person_academic_output (person_id, name, form, publish_date, rank, tech_domain, collaborators, citations, is_representative, created_at, updated_at) VALUES ('PERSON_S_aadd50a0941f4c49', '关于脑机接口的研究', '专利', '2021-01-25', '第一作者', '半导体', '["高刚"]'::json, 631, TRUE, '2026-06-15T12:00:00+00:00', '2026-06-15T12:00:00+00:00');
INSERT INTO person_academic_output (person_id, name, form, publish_date, rank, tech_domain, collaborators, citations, is_representative, created_at, updated_at) VALUES ('PERSON_S_aadd50a0941f4c49', '关于脑机接口的研究', '期刊论文', '2020-05-24', '共同作者', '脑机接口', '["徐涛"]'::json, 156, TRUE, '2026-06-15T12:00:00+00:00', '2026-06-15T12:00:00+00:00');
INSERT INTO person_academic_output (person_id, name, form, publish_date, rank, tech_domain, collaborators, citations, is_representative, created_at, updated_at) VALUES ('PERSON_S_aadd50a0941f4c49', '关于量子计算的综述', '专利', '2021-09-17', '通讯作者', '脑机接口', '["曹晓东超", "徐超", "郑明"]'::json, 277, TRUE, '2026-06-15T12:00:00+00:00', '2026-06-15T12:00:00+00:00');
INSERT INTO person_focus (person_id, focus_type, content, consistency_with_policy, potential_impact, created_at, updated_at) VALUES ('PERSON_S_aadd50a0941f4c49', 'tech', '["脑机接口前沿方向"]'::json, '符合国家科技创新规划', '["推动产业升级", "形成自主知识产权"]'::json, '2026-06-15T12:00:00+00:00', '2026-06-15T12:00:00+00:00');
INSERT INTO entity_change_log (entity_id, entity_type, field, old_value, new_value, method, operator, source_doc_id, reason, changed_at) VALUES ('PERSON_S_aadd50a0941f4c49', 'person', '*', NULL, '{"action": "create"}'::json, 'rule', NULL, 'mock_seed', NULL, '2026-06-15T12:00:00+00:00');
INSERT INTO person_profile (person_id, name_cn, name_en, gender, avatar, nationality, summary, birth_date, age, birthplace, ethnicity, current_residence, current_org, current_enterprise, current_military_unit, current_position, highest_degree, person_category, professional_domains, professional_skills, social_media, personality_traits, hobbies, management_philosophy, remark, confidence, completeness, created_at, updated_at) VALUES ('PERSON_S_5371e0c219dd389f', '朱晓东', 'Expert_Mjbdtc', '男', '[]'::json, '中国', '朱晓东，领军人才，主要从事储能研究，现任南方前沿高科主任。', '1972-04-24', 54, '南京', '汉族', '深圳', '南方前沿高科', NULL, NULL, '["主任"]'::json, '博士', '领军人才', '["储能"]'::json, '["算法设计", "数据分析", "工程化"]'::json, '', '["协作", "创新", "务实"]'::json, '["运动"]'::json, '["产学研结合", "以问题为导向"]'::json, '[]'::json, 0.832, 0.844, '2026-06-15T12:00:00+00:00', '2026-06-15T12:00:00+00:00');
INSERT INTO person_education (person_id, start_date, degree_date, degree, school, major, created_at, updated_at) VALUES ('PERSON_S_5371e0c219dd389f', '2010-06-12', '2006-03-10', '学士', '清华大学', '储能', '2026-06-15T12:00:00+00:00', '2026-06-15T12:00:00+00:00');
INSERT INTO person_career (person_id, start_date, end_date, org, enterprise, military_unit, position, created_at, updated_at) VALUES ('PERSON_S_5371e0c219dd389f', '2014-07-05', NULL, '南方前沿高科', NULL, NULL, '副院长', '2026-06-15T12:00:00+00:00', '2026-06-15T12:00:00+00:00');
INSERT INTO person_award (person_id, description, created_at, updated_at) VALUES ('PERSON_S_5371e0c219dd389f', '2019年获国家自然科学奖', '2026-06-15T12:00:00+00:00', '2026-06-15T12:00:00+00:00');
INSERT INTO person_academic_output (person_id, name, form, publish_date, rank, tech_domain, collaborators, citations, is_representative, created_at, updated_at) VALUES ('PERSON_S_5371e0c219dd389f', '关于储能的综述', '专著', '2018-09-18', '共同作者', '储能', '["许磊婷"]'::json, 597, TRUE, '2026-06-15T12:00:00+00:00', '2026-06-15T12:00:00+00:00');
INSERT INTO person_academic_output (person_id, name, form, publish_date, rank, tech_domain, collaborators, citations, is_representative, created_at, updated_at) VALUES ('PERSON_S_5371e0c219dd389f', '关于储能的研究', '期刊论文', '2022-06-26', '共同作者', '储能', '["许杰宇航"]'::json, 35, TRUE, '2026-06-15T12:00:00+00:00', '2026-06-15T12:00:00+00:00');
INSERT INTO person_focus (person_id, focus_type, content, consistency_with_policy, potential_impact, created_at, updated_at) VALUES ('PERSON_S_5371e0c219dd389f', 'tech', '["储能前沿方向"]'::json, '符合国家科技创新规划', '["推动产业升级", "形成自主知识产权"]'::json, '2026-06-15T12:00:00+00:00', '2026-06-15T12:00:00+00:00');
INSERT INTO entity_change_log (entity_id, entity_type, field, old_value, new_value, method, operator, source_doc_id, reason, changed_at) VALUES ('PERSON_S_5371e0c219dd389f', 'person', '*', NULL, '{"action": "create"}'::json, 'rule', NULL, 'mock_seed', NULL, '2026-06-15T12:00:00+00:00');
INSERT INTO person_profile (person_id, name_cn, name_en, gender, avatar, nationality, summary, birth_date, age, birthplace, ethnicity, current_residence, current_org, current_enterprise, current_military_unit, current_position, highest_degree, person_category, professional_domains, professional_skills, social_media, personality_traits, hobbies, management_philosophy, remark, confidence, completeness, created_at, updated_at) VALUES ('PERSON_S_47cbd1cb4188c7ef', '李瑞志强', 'Expert_Pzrjnq', '女', '[]'::json, '中国', '李瑞志强，院士，主要从事人工智能、新能源研究，现任国生医科技主任。', '1975-01-04', 51, '成都', '汉族', '深圳', '国生医科技', '国生医科技', NULL, '["高级工程师"]'::json, '学士', '青年人才', '["人工智能", "新能源", "量子计算"]'::json, '["系统架构", "数据分析"]'::json, '', '["创新", "务实"]'::json, '["音乐", "旅行"]'::json, '["产学研结合", "以问题为导向"]'::json, '[]'::json, 0.934, 0.654, '2026-06-15T12:00:00+00:00', '2026-06-15T12:00:00+00:00');
INSERT INTO person_education (person_id, start_date, degree_date, degree, school, major, created_at, updated_at) VALUES ('PERSON_S_47cbd1cb4188c7ef', '2000-09-07', '2000-10-22', '博士', '上海交通大学', '半导体', '2026-06-15T12:00:00+00:00', '2026-06-15T12:00:00+00:00');
INSERT INTO person_career (person_id, start_date, end_date, org, enterprise, military_unit, position, created_at, updated_at) VALUES ('PERSON_S_47cbd1cb4188c7ef', '2020-06-11', NULL, '国生医科技', '国生医科技', NULL, '副教授', '2026-06-15T12:00:00+00:00', '2026-06-15T12:00:00+00:00');
INSERT INTO person_award (person_id, description, created_at, updated_at) VALUES ('PERSON_S_47cbd1cb4188c7ef', '2015年获省部级奖励', '2026-06-15T12:00:00+00:00', '2026-06-15T12:00:00+00:00');
INSERT INTO person_academic_output (person_id, name, form, publish_date, rank, tech_domain, collaborators, citations, is_representative, created_at, updated_at) VALUES ('PERSON_S_47cbd1cb4188c7ef', '关于量子计算的综述', '专著', '2022-09-07', '共同作者', '新能源', '["杨涛伟", "许娟杰", "唐超涛"]'::json, 557, TRUE, '2026-06-15T12:00:00+00:00', '2026-06-15T12:00:00+00:00');
INSERT INTO person_academic_output (person_id, name, form, publish_date, rank, tech_domain, collaborators, citations, is_representative, created_at, updated_at) VALUES ('PERSON_S_47cbd1cb4188c7ef', '关于人工智能的研究', '期刊论文', '2024-05-24', '共同作者', '量子计算', '["黄桂英", "许刚超", "赵军"]'::json, 649, TRUE, '2026-06-15T12:00:00+00:00', '2026-06-15T12:00:00+00:00');
INSERT INTO person_academic_output (person_id, name, form, publish_date, rank, tech_domain, collaborators, citations, is_representative, created_at, updated_at) VALUES ('PERSON_S_47cbd1cb4188c7ef', '关于新能源的综述', '专著', '2022-01-24', '共同作者', '新能源', '["杨雪松", "林艳", "马俊杰娟"]'::json, 710, TRUE, '2026-06-15T12:00:00+00:00', '2026-06-15T12:00:00+00:00');
INSERT INTO person_focus (person_id, focus_type, content, consistency_with_policy, potential_impact, created_at, updated_at) VALUES ('PERSON_S_47cbd1cb4188c7ef', 'tech', '["人工智能前沿方向"]'::json, '符合国家科技创新规划', '["推动产业升级", "形成自主知识产权"]'::json, '2026-06-15T12:00:00+00:00', '2026-06-15T12:00:00+00:00');
INSERT INTO entity_change_log (entity_id, entity_type, field, old_value, new_value, method, operator, source_doc_id, reason, changed_at) VALUES ('PERSON_S_47cbd1cb4188c7ef', 'person', '*', NULL, '{"action": "create"}'::json, 'rule', NULL, 'mock_seed', NULL, '2026-06-15T12:00:00+00:00');
INSERT INTO person_profile (person_id, name_cn, name_en, gender, avatar, nationality, summary, birth_date, age, birthplace, ethnicity, current_residence, current_org, current_enterprise, current_military_unit, current_position, highest_degree, person_category, professional_domains, professional_skills, social_media, personality_traits, hobbies, management_philosophy, remark, confidence, completeness, created_at, updated_at) VALUES ('PERSON_S_540f35df27f5c6d0', '朱勇', 'Expert_Rpuvde', '男', '[]'::json, '中国', '朱勇，领军人才，主要从事先进算力、储能研究，现任新新材科技高级工程师。', '1960-11-04', 66, '北京', '汉族', '深圳', '新新材科技', '新新材科技', NULL, '["研究员"]'::json, '硕士', '院士', '["先进算力", "储能", "深海装备", "生物医药"]'::json, '["工程化", "数据分析"]'::json, '', '["务实"]'::json, '["阅读", "音乐"]'::json, '["产学研结合", "以问题为导向"]'::json, '[]'::json, 0.801, 0.832, '2026-06-15T12:00:00+00:00', '2026-06-15T12:00:00+00:00');
INSERT INTO person_education (person_id, start_date, degree_date, degree, school, major, created_at, updated_at) VALUES ('PERSON_S_540f35df27f5c6d0', '1998-04-08', '2002-08-23', '博士', '哈尔滨工业大学', '量子计算', '2026-06-15T12:00:00+00:00', '2026-06-15T12:00:00+00:00');
INSERT INTO person_career (person_id, start_date, end_date, org, enterprise, military_unit, position, created_at, updated_at) VALUES ('PERSON_S_540f35df27f5c6d0', '2016-08-15', NULL, '新新材科技', '新新材科技', NULL, '教授', '2026-06-15T12:00:00+00:00', '2026-06-15T12:00:00+00:00');
INSERT INTO person_award (person_id, description, created_at, updated_at) VALUES ('PERSON_S_540f35df27f5c6d0', '2019年获国家自然科学奖', '2026-06-15T12:00:00+00:00', '2026-06-15T12:00:00+00:00');
INSERT INTO person_academic_output (person_id, name, form, publish_date, rank, tech_domain, collaborators, citations, is_representative, created_at, updated_at) VALUES ('PERSON_S_540f35df27f5c6d0', '关于深海装备的研究', '会议论文', '2021-08-12', '通讯作者', '生物医药', '["何杰文博"]'::json, 411, TRUE, '2026-06-15T12:00:00+00:00', '2026-06-15T12:00:00+00:00');
INSERT INTO person_academic_output (person_id, name, form, publish_date, rank, tech_domain, collaborators, citations, is_representative, created_at, updated_at) VALUES ('PERSON_S_540f35df27f5c6d0', '关于先进算力的研究', '会议论文', '2023-01-08', '共同作者', '生物医药', '["赵杰", "张俊杰超"]'::json, 509, TRUE, '2026-06-15T12:00:00+00:00', '2026-06-15T12:00:00+00:00');
INSERT INTO person_academic_output (person_id, name, form, publish_date, rank, tech_domain, collaborators, citations, is_representative, created_at, updated_at) VALUES ('PERSON_S_540f35df27f5c6d0', '关于先进算力的方法', '专著', '2021-11-02', '共同作者', '深海装备', '["马强桂英", "朱晓东", "赵杰刚"]'::json, 743, TRUE, '2026-06-15T12:00:00+00:00', '2026-06-15T12:00:00+00:00');
INSERT INTO person_focus (person_id, focus_type, content, consistency_with_policy, potential_impact, created_at, updated_at) VALUES ('PERSON_S_540f35df27f5c6d0', 'tech', '["深海装备前沿方向"]'::json, '符合国家科技创新规划', '["推动产业升级", "形成自主知识产权"]'::json, '2026-06-15T12:00:00+00:00', '2026-06-15T12:00:00+00:00');
INSERT INTO entity_change_log (entity_id, entity_type, field, old_value, new_value, method, operator, source_doc_id, reason, changed_at) VALUES ('PERSON_S_540f35df27f5c6d0', 'person', '*', NULL, '{"action": "create"}'::json, 'rule', NULL, 'mock_seed', NULL, '2026-06-15T12:00:00+00:00');
INSERT INTO person_profile (person_id, name_cn, name_en, gender, avatar, nationality, summary, birth_date, age, birthplace, ethnicity, current_residence, current_org, current_enterprise, current_military_unit, current_position, highest_degree, person_category, professional_domains, professional_skills, social_media, personality_traits, hobbies, management_philosophy, remark, confidence, completeness, created_at, updated_at) VALUES ('PERSON_S_2855d44cbdf29003', '杨磊明', 'Expert_Wujeia', '男', '[]'::json, '中国', '杨磊明，院士，主要从事6G通信、集成电路研究，现任华信息研究所高级工程师。', '1981-06-06', 45, '武汉', '汉族', '上海', '华信息研究所', NULL, NULL, '["教授"]'::json, '学士', '骨干', '["6G通信", "集成电路", "机器人"]'::json, '["系统架构", "算法设计"]'::json, '', '["务实", "严谨", "坚韧"]'::json, '["阅读", "运动"]'::json, '["产学研结合", "以问题为导向"]'::json, '[]'::json, 0.743, 0.835, '2026-06-15T12:00:00+00:00', '2026-06-15T12:00:00+00:00');
INSERT INTO person_education (person_id, start_date, degree_date, degree, school, major, created_at, updated_at) VALUES ('PERSON_S_2855d44cbdf29003', '1995-02-13', '2018-12-06', '博士', '北京大学', '半导体', '2026-06-15T12:00:00+00:00', '2026-06-15T12:00:00+00:00');
INSERT INTO person_career (person_id, start_date, end_date, org, enterprise, military_unit, position, created_at, updated_at) VALUES ('PERSON_S_2855d44cbdf29003', '2014-01-13', NULL, '华信息研究所', NULL, NULL, '首席科学家', '2026-06-15T12:00:00+00:00', '2026-06-15T12:00:00+00:00');
INSERT INTO person_award (person_id, description, created_at, updated_at) VALUES ('PERSON_S_2855d44cbdf29003', '2018年获学会优秀论文', '2026-06-15T12:00:00+00:00', '2026-06-15T12:00:00+00:00');
INSERT INTO person_academic_output (person_id, name, form, publish_date, rank, tech_domain, collaborators, citations, is_representative, created_at, updated_at) VALUES ('PERSON_S_2855d44cbdf29003', '关于集成电路的综述', '专利', '2023-05-25', '第一作者', '集成电路', '["孙瑞", "赵超", "胡洋军"]'::json, 103, TRUE, '2026-06-15T12:00:00+00:00', '2026-06-15T12:00:00+00:00');
INSERT INTO person_academic_output (person_id, name, form, publish_date, rank, tech_domain, collaborators, citations, is_representative, created_at, updated_at) VALUES ('PERSON_S_2855d44cbdf29003', '关于集成电路的方法', '期刊论文', '2019-04-08', '第一作者', '机器人', '["刘艳"]'::json, 553, TRUE, '2026-06-15T12:00:00+00:00', '2026-06-15T12:00:00+00:00');
INSERT INTO person_focus (person_id, focus_type, content, consistency_with_policy, potential_impact, created_at, updated_at) VALUES ('PERSON_S_2855d44cbdf29003', 'tech', '["机器人前沿方向"]'::json, '符合国家科技创新规划', '["推动产业升级", "形成自主知识产权"]'::json, '2026-06-15T12:00:00+00:00', '2026-06-15T12:00:00+00:00');
INSERT INTO entity_change_log (entity_id, entity_type, field, old_value, new_value, method, operator, source_doc_id, reason, changed_at) VALUES ('PERSON_S_2855d44cbdf29003', 'person', '*', NULL, '{"action": "create"}'::json, 'rule', NULL, 'mock_seed', NULL, '2026-06-15T12:00:00+00:00');
INSERT INTO person_profile (person_id, name_cn, name_en, gender, avatar, nationality, summary, birth_date, age, birthplace, ethnicity, current_residence, current_org, current_enterprise, current_military_unit, current_position, highest_degree, person_category, professional_domains, professional_skills, social_media, personality_traits, hobbies, management_philosophy, remark, confidence, completeness, created_at, updated_at) VALUES ('PERSON_S_0e8183970b9c674f', '宋艳军', 'Expert_Vjisbg', '男', '[]'::json, '中国', '宋艳军，骨干，主要从事脑机接口、无人机研究，现任东方聚变实验室研究员。', '1986-11-07', 40, '武汉', '汉族', '深圳', '东方聚变实验室', '东方聚变实验室', NULL, '["副院长"]'::json, '博士', '领军人才', '["脑机接口", "无人机", "新材料"]'::json, '["项目管理", "实验验证"]'::json, '', '["严谨", "务实", "协作"]'::json, '["运动"]'::json, '["产学研结合", "以问题为导向"]'::json, '[]'::json, 0.955, 0.844, '2026-06-15T12:00:00+00:00', '2026-06-15T12:00:00+00:00');
INSERT INTO person_education (person_id, start_date, degree_date, degree, school, major, created_at, updated_at) VALUES ('PERSON_S_0e8183970b9c674f', '2007-06-05', '2006-07-11', '博士', '浙江大学', '半导体', '2026-06-15T12:00:00+00:00', '2026-06-15T12:00:00+00:00');
INSERT INTO person_career (person_id, start_date, end_date, org, enterprise, military_unit, position, created_at, updated_at) VALUES ('PERSON_S_0e8183970b9c674f', '2013-08-23', NULL, '东方聚变实验室', '东方聚变实验室', NULL, '主任', '2026-06-15T12:00:00+00:00', '2026-06-15T12:00:00+00:00');
INSERT INTO person_award (person_id, description, created_at, updated_at) VALUES ('PERSON_S_0e8183970b9c674f', '2016年获学会优秀论文', '2026-06-15T12:00:00+00:00', '2026-06-15T12:00:00+00:00');
INSERT INTO person_academic_output (person_id, name, form, publish_date, rank, tech_domain, collaborators, citations, is_representative, created_at, updated_at) VALUES ('PERSON_S_0e8183970b9c674f', '关于脑机接口的方法', '会议论文', '2020-09-23', '第一作者', '脑机接口', '["邓明", "何昊", "郭刚"]'::json, 248, TRUE, '2026-06-15T12:00:00+00:00', '2026-06-15T12:00:00+00:00');
INSERT INTO person_academic_output (person_id, name, form, publish_date, rank, tech_domain, collaborators, citations, is_representative, created_at, updated_at) VALUES ('PERSON_S_0e8183970b9c674f', '关于新材料的研究', '专利', '2020-02-23', '通讯作者', '脑机接口', '["杨瑞峰"]'::json, 273, TRUE, '2026-06-15T12:00:00+00:00', '2026-06-15T12:00:00+00:00');
INSERT INTO person_focus (person_id, focus_type, content, consistency_with_policy, potential_impact, created_at, updated_at) VALUES ('PERSON_S_0e8183970b9c674f', 'tech', '["无人机前沿方向"]'::json, '符合国家科技创新规划', '["推动产业升级", "形成自主知识产权"]'::json, '2026-06-15T12:00:00+00:00', '2026-06-15T12:00:00+00:00');
INSERT INTO entity_change_log (entity_id, entity_type, field, old_value, new_value, method, operator, source_doc_id, reason, changed_at) VALUES ('PERSON_S_0e8183970b9c674f', 'person', '*', NULL, '{"action": "create"}'::json, 'rule', NULL, 'mock_seed', NULL, '2026-06-15T12:00:00+00:00');
INSERT INTO person_profile (person_id, name_cn, name_en, gender, avatar, nationality, summary, birth_date, age, birthplace, ethnicity, current_residence, current_org, current_enterprise, current_military_unit, current_position, highest_degree, person_category, professional_domains, professional_skills, social_media, personality_traits, hobbies, management_philosophy, remark, confidence, completeness, created_at, updated_at) VALUES ('PERSON_S_d4d845e41cadf613', '郑勇艳', 'Expert_Dcvjio', '男', '[]'::json, '中国', '郑勇艳，专家，主要从事人工智能研究，现任航天储能研究院总工程师。', '1995-01-06', 31, '西安', '汉族', '深圳', '航天储能研究院', NULL, NULL, '["主任"]'::json, '硕士', '领军人才', '["人工智能"]'::json, '["算法设计", "系统架构", "数据分析", "实验验证"]'::json, '', '["创新", "协作", "务实"]'::json, '["运动", "阅读"]'::json, '["产学研结合", "以问题为导向"]'::json, '[]'::json, 0.778, 0.781, '2026-06-15T12:00:00+00:00', '2026-06-15T12:00:00+00:00');
INSERT INTO person_education (person_id, start_date, degree_date, degree, school, major, created_at, updated_at) VALUES ('PERSON_S_d4d845e41cadf613', '2006-11-13', '2005-03-18', '学士', '清华大学', '量子计算', '2026-06-15T12:00:00+00:00', '2026-06-15T12:00:00+00:00');
INSERT INTO person_career (person_id, start_date, end_date, org, enterprise, military_unit, position, created_at, updated_at) VALUES ('PERSON_S_d4d845e41cadf613', '2014-10-08', NULL, '航天储能研究院', NULL, NULL, '副教授', '2026-06-15T12:00:00+00:00', '2026-06-15T12:00:00+00:00');
INSERT INTO person_award (person_id, description, created_at, updated_at) VALUES ('PERSON_S_d4d845e41cadf613', '2018年获学会优秀论文', '2026-06-15T12:00:00+00:00', '2026-06-15T12:00:00+00:00');
INSERT INTO person_academic_output (person_id, name, form, publish_date, rank, tech_domain, collaborators, citations, is_representative, created_at, updated_at) VALUES ('PERSON_S_d4d845e41cadf613', '关于人工智能的综述', '专著', '2019-11-07', '第一作者', '人工智能', '["黄文博", "朱海燕"]'::json, 762, TRUE, '2026-06-15T12:00:00+00:00', '2026-06-15T12:00:00+00:00');
INSERT INTO person_academic_output (person_id, name, form, publish_date, rank, tech_domain, collaborators, citations, is_representative, created_at, updated_at) VALUES ('PERSON_S_d4d845e41cadf613', '关于人工智能的研究', '专著', '2020-03-21', '第一作者', '人工智能', '["宋文博明"]'::json, 672, TRUE, '2026-06-15T12:00:00+00:00', '2026-06-15T12:00:00+00:00');
INSERT INTO person_academic_output (person_id, name, form, publish_date, rank, tech_domain, collaborators, citations, is_representative, created_at, updated_at) VALUES ('PERSON_S_d4d845e41cadf613', '关于人工智能的综述', '期刊论文', '2023-08-28', '第一作者', '人工智能', '["杨勇", "王斌桂英", "胡宁文博"]'::json, 555, TRUE, '2026-06-15T12:00:00+00:00', '2026-06-15T12:00:00+00:00');
INSERT INTO person_academic_output (person_id, name, form, publish_date, rank, tech_domain, collaborators, citations, is_representative, created_at, updated_at) VALUES ('PERSON_S_d4d845e41cadf613', '关于人工智能的综述', '期刊论文', '2024-07-20', '共同作者', '人工智能', '["梁俊杰昊", "吴刚"]'::json, 71, TRUE, '2026-06-15T12:00:00+00:00', '2026-06-15T12:00:00+00:00');
INSERT INTO person_focus (person_id, focus_type, content, consistency_with_policy, potential_impact, created_at, updated_at) VALUES ('PERSON_S_d4d845e41cadf613', 'tech', '["人工智能前沿方向"]'::json, '符合国家科技创新规划', '["推动产业升级", "形成自主知识产权"]'::json, '2026-06-15T12:00:00+00:00', '2026-06-15T12:00:00+00:00');
INSERT INTO entity_change_log (entity_id, entity_type, field, old_value, new_value, method, operator, source_doc_id, reason, changed_at) VALUES ('PERSON_S_d4d845e41cadf613', 'person', '*', NULL, '{"action": "create"}'::json, 'rule', NULL, 'mock_seed', NULL, '2026-06-15T12:00:00+00:00');
INSERT INTO person_profile (person_id, name_cn, name_en, gender, avatar, nationality, summary, birth_date, age, birthplace, ethnicity, current_residence, current_org, current_enterprise, current_military_unit, current_position, highest_degree, person_category, professional_domains, professional_skills, social_media, personality_traits, hobbies, management_philosophy, remark, confidence, completeness, created_at, updated_at) VALUES ('PERSON_S_ac4f5ee74453f0c9', '彭宇航', 'Expert_Adrxuk', '女', '[]'::json, '中国', '彭宇航，领军人才，主要从事新材料、量子计算研究，现任远储能集团高级工程师。', '1964-06-17', 62, '上海', '汉族', '上海', '远储能集团', NULL, NULL, '["总工程师"]'::json, '学士', '院士', '["新材料", "量子计算", "大模型"]'::json, '["数据分析", "算法设计", "实验验证", "项目管理"]'::json, '', '["严谨", "协作"]'::json, '["阅读", "运动"]'::json, '["产学研结合", "以问题为导向"]'::json, '[]'::json, 0.744, 0.936, '2026-06-15T12:00:00+00:00', '2026-06-15T12:00:00+00:00');
INSERT INTO person_education (person_id, start_date, degree_date, degree, school, major, created_at, updated_at) VALUES ('PERSON_S_ac4f5ee74453f0c9', '1994-05-25', '2005-11-24', '博士', '北京大学', '半导体', '2026-06-15T12:00:00+00:00', '2026-06-15T12:00:00+00:00');
INSERT INTO person_career (person_id, start_date, end_date, org, enterprise, military_unit, position, created_at, updated_at) VALUES ('PERSON_S_ac4f5ee74453f0c9', '2017-04-19', NULL, '远储能集团', NULL, NULL, '教授', '2026-06-15T12:00:00+00:00', '2026-06-15T12:00:00+00:00');
INSERT INTO person_award (person_id, description, created_at, updated_at) VALUES ('PERSON_S_ac4f5ee74453f0c9', '2020年获学会优秀论文', '2026-06-15T12:00:00+00:00', '2026-06-15T12:00:00+00:00');
INSERT INTO person_academic_output (person_id, name, form, publish_date, rank, tech_domain, collaborators, citations, is_representative, created_at, updated_at) VALUES ('PERSON_S_ac4f5ee74453f0c9', '关于大模型的方法', '专著', '2020-12-25', '通讯作者', '量子计算', '["宋俊杰", "杨强军", "张勇"]'::json, 196, TRUE, '2026-06-15T12:00:00+00:00', '2026-06-15T12:00:00+00:00');
INSERT INTO person_academic_output (person_id, name, form, publish_date, rank, tech_domain, collaborators, citations, is_representative, created_at, updated_at) VALUES ('PERSON_S_ac4f5ee74453f0c9', '关于大模型的方法', '专著', '2020-02-09', '通讯作者', '新材料', '["黄婷", "何艳军", "胡涛"]'::json, 494, TRUE, '2026-06-15T12:00:00+00:00', '2026-06-15T12:00:00+00:00');
INSERT INTO person_focus (person_id, focus_type, content, consistency_with_policy, potential_impact, created_at, updated_at) VALUES ('PERSON_S_ac4f5ee74453f0c9', 'tech', '["量子计算前沿方向"]'::json, '符合国家科技创新规划', '["推动产业升级", "形成自主知识产权"]'::json, '2026-06-15T12:00:00+00:00', '2026-06-15T12:00:00+00:00');
INSERT INTO entity_change_log (entity_id, entity_type, field, old_value, new_value, method, operator, source_doc_id, reason, changed_at) VALUES ('PERSON_S_ac4f5ee74453f0c9', 'person', '*', NULL, '{"action": "create"}'::json, 'rule', NULL, 'mock_seed', NULL, '2026-06-15T12:00:00+00:00');
INSERT INTO person_profile (person_id, name_cn, name_en, gender, avatar, nationality, summary, birth_date, age, birthplace, ethnicity, current_residence, current_org, current_enterprise, current_military_unit, current_position, highest_degree, person_category, professional_domains, professional_skills, social_media, personality_traits, hobbies, management_philosophy, remark, confidence, completeness, created_at, updated_at) VALUES ('PERSON_S_a0387a61005faadd', '赵婷建华', 'Expert_Bnufzd', '女', '[]'::json, '中国', '赵婷建华，院士，主要从事集成电路研究，现任东方天网科技高级工程师。', '1991-08-15', 35, '北京', '汉族', '杭州', '东方天网科技', '东方天网科技', NULL, '["高级工程师"]'::json, '学士', '专家', '["集成电路"]'::json, '["实验验证", "算法设计", "项目管理"]'::json, '', '["严谨", "坚韧"]'::json, '["运动"]'::json, '["产学研结合", "以问题为导向"]'::json, '[]'::json, 0.736, 0.853, '2026-06-15T12:00:00+00:00', '2026-06-15T12:00:00+00:00');
INSERT INTO person_education (person_id, start_date, degree_date, degree, school, major, created_at, updated_at) VALUES ('PERSON_S_a0387a61005faadd', '1999-08-04', '2009-06-19', '学士', '哈尔滨工业大学', '大模型', '2026-06-15T12:00:00+00:00', '2026-06-15T12:00:00+00:00');
INSERT INTO person_career (person_id, start_date, end_date, org, enterprise, military_unit, position, created_at, updated_at) VALUES ('PERSON_S_a0387a61005faadd', '2009-09-02', NULL, '东方天网科技', '东方天网科技', NULL, '高级工程师', '2026-06-15T12:00:00+00:00', '2026-06-15T12:00:00+00:00');
INSERT INTO person_award (person_id, description, created_at, updated_at) VALUES ('PERSON_S_a0387a61005faadd', '2015年获省部级奖励', '2026-06-15T12:00:00+00:00', '2026-06-15T12:00:00+00:00');
INSERT INTO person_academic_output (person_id, name, form, publish_date, rank, tech_domain, collaborators, citations, is_representative, created_at, updated_at) VALUES ('PERSON_S_a0387a61005faadd', '关于集成电路的研究', '专利', '2021-06-26', '第一作者', '集成电路', '["赵文博俊杰"]'::json, 314, TRUE, '2026-06-15T12:00:00+00:00', '2026-06-15T12:00:00+00:00');
INSERT INTO person_academic_output (person_id, name, form, publish_date, rank, tech_domain, collaborators, citations, is_representative, created_at, updated_at) VALUES ('PERSON_S_a0387a61005faadd', '关于集成电路的研究', '期刊论文', '2024-09-18', '共同作者', '集成电路', '["朱建华文博"]'::json, 539, TRUE, '2026-06-15T12:00:00+00:00', '2026-06-15T12:00:00+00:00');
INSERT INTO person_academic_output (person_id, name, form, publish_date, rank, tech_domain, collaborators, citations, is_representative, created_at, updated_at) VALUES ('PERSON_S_a0387a61005faadd', '关于集成电路的综述', '会议论文', '2024-10-23', '通讯作者', '集成电路', '["许伟昊", "李俊杰", "郭志强勇"]'::json, 711, TRUE, '2026-06-15T12:00:00+00:00', '2026-06-15T12:00:00+00:00');
INSERT INTO person_focus (person_id, focus_type, content, consistency_with_policy, potential_impact, created_at, updated_at) VALUES ('PERSON_S_a0387a61005faadd', 'tech', '["集成电路前沿方向"]'::json, '符合国家科技创新规划', '["推动产业升级", "形成自主知识产权"]'::json, '2026-06-15T12:00:00+00:00', '2026-06-15T12:00:00+00:00');
INSERT INTO entity_change_log (entity_id, entity_type, field, old_value, new_value, method, operator, source_doc_id, reason, changed_at) VALUES ('PERSON_S_a0387a61005faadd', 'person', '*', NULL, '{"action": "create"}'::json, 'rule', NULL, 'mock_seed', NULL, '2026-06-15T12:00:00+00:00');
INSERT INTO person_profile (person_id, name_cn, name_en, gender, avatar, nationality, summary, birth_date, age, birthplace, ethnicity, current_residence, current_org, current_enterprise, current_military_unit, current_position, highest_degree, person_category, professional_domains, professional_skills, social_media, personality_traits, hobbies, management_philosophy, remark, confidence, completeness, created_at, updated_at) VALUES ('PERSON_S_65c23a72154455cb', '曹伟娟', 'Expert_Ecarfu', '女', '[]'::json, '中国', '曹伟娟，专家，主要从事量子计算、卫星互联网研究，现任航天储能实验室首席科学家。', '1980-09-06', 46, '成都', '汉族', '深圳', '航天储能实验室', '航天储能实验室', NULL, '["首席科学家"]'::json, '博士', '领军人才', '["量子计算", "卫星互联网", "储能", "5G通信"]'::json, '["数据分析", "项目管理", "系统架构"]'::json, '', '["协作", "严谨"]'::json, '["旅行", "运动"]'::json, '["产学研结合", "以问题为导向"]'::json, '[]'::json, 0.831, 0.554, '2026-06-15T12:00:00+00:00', '2026-06-15T12:00:00+00:00');
INSERT INTO person_education (person_id, start_date, degree_date, degree, school, major, created_at, updated_at) VALUES ('PERSON_S_65c23a72154455cb', '2006-07-09', '2007-02-11', '学士', '上海交通大学', '半导体', '2026-06-15T12:00:00+00:00', '2026-06-15T12:00:00+00:00');
INSERT INTO person_career (person_id, start_date, end_date, org, enterprise, military_unit, position, created_at, updated_at) VALUES ('PERSON_S_65c23a72154455cb', '2009-07-02', NULL, '航天储能实验室', '航天储能实验室', NULL, '主任', '2026-06-15T12:00:00+00:00', '2026-06-15T12:00:00+00:00');
INSERT INTO person_award (person_id, description, created_at, updated_at) VALUES ('PERSON_S_65c23a72154455cb', '2024年获省部级奖励', '2026-06-15T12:00:00+00:00', '2026-06-15T12:00:00+00:00');
INSERT INTO person_academic_output (person_id, name, form, publish_date, rank, tech_domain, collaborators, citations, is_representative, created_at, updated_at) VALUES ('PERSON_S_65c23a72154455cb', '关于储能的综述', '期刊论文', '2018-06-08', '通讯作者', '储能', '["朱峰", "杨建华婷"]'::json, 405, TRUE, '2026-06-15T12:00:00+00:00', '2026-06-15T12:00:00+00:00');
INSERT INTO person_academic_output (person_id, name, form, publish_date, rank, tech_domain, collaborators, citations, is_representative, created_at, updated_at) VALUES ('PERSON_S_65c23a72154455cb', '关于卫星互联网的方法', '专利', '2024-06-19', '共同作者', '5G通信', '["彭刚", "林磊俊杰", "徐峰婷"]'::json, 409, TRUE, '2026-06-15T12:00:00+00:00', '2026-06-15T12:00:00+00:00');
INSERT INTO person_focus (person_id, focus_type, content, consistency_with_policy, potential_impact, created_at, updated_at) VALUES ('PERSON_S_65c23a72154455cb', 'tech', '["卫星互联网前沿方向"]'::json, '符合国家科技创新规划', '["推动产业升级", "形成自主知识产权"]'::json, '2026-06-15T12:00:00+00:00', '2026-06-15T12:00:00+00:00');
INSERT INTO entity_change_log (entity_id, entity_type, field, old_value, new_value, method, operator, source_doc_id, reason, changed_at) VALUES ('PERSON_S_65c23a72154455cb', 'person', '*', NULL, '{"action": "create"}'::json, 'rule', NULL, 'mock_seed', NULL, '2026-06-15T12:00:00+00:00');
INSERT INTO person_profile (person_id, name_cn, name_en, gender, avatar, nationality, summary, birth_date, age, birthplace, ethnicity, current_residence, current_org, current_enterprise, current_military_unit, current_position, highest_degree, person_category, professional_domains, professional_skills, social_media, personality_traits, hobbies, management_philosophy, remark, confidence, completeness, created_at, updated_at) VALUES ('PERSON_S_de0e1fe919fe3db7', '彭雪松', 'Expert_Qgieem', '女', '[]'::json, '中国', '彭雪松，领军人才，主要从事量子计算、大模型研究，现任华信息研究所首席科学家。', '1989-04-10', 37, '南京', '汉族', '深圳', '华信息研究所', NULL, NULL, '["高级工程师"]'::json, '学士', '青年人才', '["量子计算", "大模型"]'::json, '["实验验证", "项目管理"]'::json, '', '["坚韧"]'::json, '["旅行"]'::json, '["产学研结合", "以问题为导向"]'::json, '[]'::json, 0.816, 0.731, '2026-06-15T12:00:00+00:00', '2026-06-15T12:00:00+00:00');
INSERT INTO person_education (person_id, start_date, degree_date, degree, school, major, created_at, updated_at) VALUES ('PERSON_S_de0e1fe919fe3db7', '2000-05-26', '2003-08-15', '硕士', '中国科学技术大学', '集成电路', '2026-06-15T12:00:00+00:00', '2026-06-15T12:00:00+00:00');
INSERT INTO person_career (person_id, start_date, end_date, org, enterprise, military_unit, position, created_at, updated_at) VALUES ('PERSON_S_de0e1fe919fe3db7', '2017-05-24', NULL, '华信息研究所', NULL, NULL, '总工程师', '2026-06-15T12:00:00+00:00', '2026-06-15T12:00:00+00:00');
INSERT INTO person_award (person_id, description, created_at, updated_at) VALUES ('PERSON_S_de0e1fe919fe3db7', '2024年获学会优秀论文', '2026-06-15T12:00:00+00:00', '2026-06-15T12:00:00+00:00');
INSERT INTO person_academic_output (person_id, name, form, publish_date, rank, tech_domain, collaborators, citations, is_representative, created_at, updated_at) VALUES ('PERSON_S_de0e1fe919fe3db7', '关于量子计算的方法', '会议论文', '2024-08-05', '通讯作者', '大模型', '["张宇航伟", "郑建华海燕"]'::json, 637, TRUE, '2026-06-15T12:00:00+00:00', '2026-06-15T12:00:00+00:00');
INSERT INTO person_academic_output (person_id, name, form, publish_date, rank, tech_domain, collaborators, citations, is_representative, created_at, updated_at) VALUES ('PERSON_S_de0e1fe919fe3db7', '关于量子计算的研究', '期刊论文', '2021-03-21', '第一作者', '大模型', '["朱宁"]'::json, 778, TRUE, '2026-06-15T12:00:00+00:00', '2026-06-15T12:00:00+00:00');
INSERT INTO person_focus (person_id, focus_type, content, consistency_with_policy, potential_impact, created_at, updated_at) VALUES ('PERSON_S_de0e1fe919fe3db7', 'tech', '["量子计算前沿方向"]'::json, '符合国家科技创新规划', '["推动产业升级", "形成自主知识产权"]'::json, '2026-06-15T12:00:00+00:00', '2026-06-15T12:00:00+00:00');
INSERT INTO entity_change_log (entity_id, entity_type, field, old_value, new_value, method, operator, source_doc_id, reason, changed_at) VALUES ('PERSON_S_de0e1fe919fe3db7', 'person', '*', NULL, '{"action": "create"}'::json, 'rule', NULL, 'mock_seed', NULL, '2026-06-15T12:00:00+00:00');
INSERT INTO person_profile (person_id, name_cn, name_en, gender, avatar, nationality, summary, birth_date, age, birthplace, ethnicity, current_residence, current_org, current_enterprise, current_military_unit, current_position, highest_degree, person_category, professional_domains, professional_skills, social_media, personality_traits, hobbies, management_philosophy, remark, confidence, completeness, created_at, updated_at) VALUES ('PERSON_S_0bcd8147e66fe433', '唐刚', 'Expert_Tpuupr', '女', '[]'::json, '中国', '唐刚，领军人才，主要从事集成电路、生物医药研究，现任南方航宇研究院高级工程师。', '1992-11-21', 34, '南京', '汉族', '北京', '南方航宇研究院', NULL, NULL, '["总工程师"]'::json, '学士', '领军人才', '["集成电路", "生物医药", "5G通信", "深海装备"]'::json, '["系统架构", "项目管理", "实验验证", "数据分析"]'::json, '', '["协作"]'::json, '["运动", "音乐"]'::json, '["产学研结合", "以问题为导向"]'::json, '[]'::json, 0.811, 0.925, '2026-06-15T12:00:00+00:00', '2026-06-15T12:00:00+00:00');
INSERT INTO person_education (person_id, start_date, degree_date, degree, school, major, created_at, updated_at) VALUES ('PERSON_S_0bcd8147e66fe433', '1996-09-06', '2004-08-21', '学士', '清华大学', '大模型', '2026-06-15T12:00:00+00:00', '2026-06-15T12:00:00+00:00');
INSERT INTO person_career (person_id, start_date, end_date, org, enterprise, military_unit, position, created_at, updated_at) VALUES ('PERSON_S_0bcd8147e66fe433', '2009-10-18', NULL, '南方航宇研究院', NULL, NULL, '副院长', '2026-06-15T12:00:00+00:00', '2026-06-15T12:00:00+00:00');
INSERT INTO person_award (person_id, description, created_at, updated_at) VALUES ('PERSON_S_0bcd8147e66fe433', '2021年获国家自然科学奖', '2026-06-15T12:00:00+00:00', '2026-06-15T12:00:00+00:00');
INSERT INTO person_academic_output (person_id, name, form, publish_date, rank, tech_domain, collaborators, citations, is_representative, created_at, updated_at) VALUES ('PERSON_S_0bcd8147e66fe433', '关于集成电路的综述', '会议论文', '2023-08-13', '通讯作者', '深海装备', '["胡刚军", "徐刚文博", "罗勇"]'::json, 763, TRUE, '2026-06-15T12:00:00+00:00', '2026-06-15T12:00:00+00:00');
INSERT INTO person_academic_output (person_id, name, form, publish_date, rank, tech_domain, collaborators, citations, is_representative, created_at, updated_at) VALUES ('PERSON_S_0bcd8147e66fe433', '关于集成电路的研究', '专著', '2020-10-19', '第一作者', '集成电路', '["邓霞", "赵桂英", "邓瑞"]'::json, 604, TRUE, '2026-06-15T12:00:00+00:00', '2026-06-15T12:00:00+00:00');
INSERT INTO person_focus (person_id, focus_type, content, consistency_with_policy, potential_impact, created_at, updated_at) VALUES ('PERSON_S_0bcd8147e66fe433', 'tech', '["生物医药前沿方向"]'::json, '符合国家科技创新规划', '["推动产业升级", "形成自主知识产权"]'::json, '2026-06-15T12:00:00+00:00', '2026-06-15T12:00:00+00:00');
INSERT INTO entity_change_log (entity_id, entity_type, field, old_value, new_value, method, operator, source_doc_id, reason, changed_at) VALUES ('PERSON_S_0bcd8147e66fe433', 'person', '*', NULL, '{"action": "create"}'::json, 'rule', NULL, 'mock_seed', NULL, '2026-06-15T12:00:00+00:00');
INSERT INTO person_profile (person_id, name_cn, name_en, gender, avatar, nationality, summary, birth_date, age, birthplace, ethnicity, current_residence, current_org, current_enterprise, current_military_unit, current_position, highest_degree, person_category, professional_domains, professional_skills, social_media, personality_traits, hobbies, management_philosophy, remark, confidence, completeness, created_at, updated_at) VALUES ('PERSON_S_ff0497919aa312ad', '罗瑞文博', 'Expert_Hbbowy', '女', '[]'::json, '中国', '罗瑞文博，院士，主要从事脑机接口、碳捕集研究，现任国未来高科首席科学家。', '1967-11-01', 59, '武汉', '汉族', '杭州', '国未来高科', NULL, NULL, '["教授"]'::json, '博士', '专家', '["脑机接口", "碳捕集", "先进算力"]'::json, '["项目管理", "数据分析", "实验验证"]'::json, '', '["务实", "协作", "坚韧"]'::json, '["音乐"]'::json, '["产学研结合", "以问题为导向"]'::json, '[]'::json, 0.881, 0.916, '2026-06-15T12:00:00+00:00', '2026-06-15T12:00:00+00:00');
INSERT INTO person_education (person_id, start_date, degree_date, degree, school, major, created_at, updated_at) VALUES ('PERSON_S_ff0497919aa312ad', '2000-01-14', '2000-10-15', '博士', '浙江大学', '脑机接口', '2026-06-15T12:00:00+00:00', '2026-06-15T12:00:00+00:00');
INSERT INTO person_career (person_id, start_date, end_date, org, enterprise, military_unit, position, created_at, updated_at) VALUES ('PERSON_S_ff0497919aa312ad', '2013-12-27', NULL, '国未来高科', NULL, NULL, '高级工程师', '2026-06-15T12:00:00+00:00', '2026-06-15T12:00:00+00:00');
INSERT INTO person_award (person_id, description, created_at, updated_at) VALUES ('PERSON_S_ff0497919aa312ad', '2021年获国家自然科学奖', '2026-06-15T12:00:00+00:00', '2026-06-15T12:00:00+00:00');
INSERT INTO person_academic_output (person_id, name, form, publish_date, rank, tech_domain, collaborators, citations, is_representative, created_at, updated_at) VALUES ('PERSON_S_ff0497919aa312ad', '关于先进算力的综述', '期刊论文', '2020-05-19', '通讯作者', '脑机接口', '["彭海燕", "何明", "朱艳军"]'::json, 248, TRUE, '2026-06-15T12:00:00+00:00', '2026-06-15T12:00:00+00:00');
INSERT INTO person_academic_output (person_id, name, form, publish_date, rank, tech_domain, collaborators, citations, is_representative, created_at, updated_at) VALUES ('PERSON_S_ff0497919aa312ad', '关于脑机接口的方法', '专著', '2022-07-14', '通讯作者', '先进算力', '["周平"]'::json, 588, TRUE, '2026-06-15T12:00:00+00:00', '2026-06-15T12:00:00+00:00');
INSERT INTO person_focus (person_id, focus_type, content, consistency_with_policy, potential_impact, created_at, updated_at) VALUES ('PERSON_S_ff0497919aa312ad', 'tech', '["先进算力前沿方向"]'::json, '符合国家科技创新规划', '["推动产业升级", "形成自主知识产权"]'::json, '2026-06-15T12:00:00+00:00', '2026-06-15T12:00:00+00:00');
INSERT INTO entity_change_log (entity_id, entity_type, field, old_value, new_value, method, operator, source_doc_id, reason, changed_at) VALUES ('PERSON_S_ff0497919aa312ad', 'person', '*', NULL, '{"action": "create"}'::json, 'rule', NULL, 'mock_seed', NULL, '2026-06-15T12:00:00+00:00');
INSERT INTO person_profile (person_id, name_cn, name_en, gender, avatar, nationality, summary, birth_date, age, birthplace, ethnicity, current_residence, current_org, current_enterprise, current_military_unit, current_position, highest_degree, person_category, professional_domains, professional_skills, social_media, personality_traits, hobbies, management_philosophy, remark, confidence, completeness, created_at, updated_at) VALUES ('PERSON_S_9b85aff83fd85a8a', '林瑞', 'Expert_Vbjmnh', '女', '[]'::json, '中国', '林瑞，专家，主要从事脑机接口、光电技术研究，现任东方天网科技首席科学家。', '1985-11-15', 41, '哈尔滨', '汉族', '上海', '东方天网科技', '东方天网科技', NULL, '["高级工程师"]'::json, '硕士', '专家', '["脑机接口", "光电技术"]'::json, '["实验验证", "算法设计", "系统架构"]'::json, '', '["协作", "严谨"]'::json, '["阅读"]'::json, '["产学研结合", "以问题为导向"]'::json, '[]'::json, 0.833, 0.943, '2026-06-15T12:00:00+00:00', '2026-06-15T12:00:00+00:00');
INSERT INTO person_education (person_id, start_date, degree_date, degree, school, major, created_at, updated_at) VALUES ('PERSON_S_9b85aff83fd85a8a', '2000-05-12', '2001-09-23', '硕士', '上海交通大学', '人工智能', '2026-06-15T12:00:00+00:00', '2026-06-15T12:00:00+00:00');
INSERT INTO person_career (person_id, start_date, end_date, org, enterprise, military_unit, position, created_at, updated_at) VALUES ('PERSON_S_9b85aff83fd85a8a', '2017-06-22', NULL, '东方天网科技', '东方天网科技', NULL, '教授', '2026-06-15T12:00:00+00:00', '2026-06-15T12:00:00+00:00');
INSERT INTO person_award (person_id, description, created_at, updated_at) VALUES ('PERSON_S_9b85aff83fd85a8a', '2021年获学会优秀论文', '2026-06-15T12:00:00+00:00', '2026-06-15T12:00:00+00:00');
INSERT INTO person_academic_output (person_id, name, form, publish_date, rank, tech_domain, collaborators, citations, is_representative, created_at, updated_at) VALUES ('PERSON_S_9b85aff83fd85a8a', '关于光电技术的综述', '会议论文', '2023-01-09', '共同作者', '脑机接口', '["朱洋婷", "曹海燕瑞"]'::json, 610, TRUE, '2026-06-15T12:00:00+00:00', '2026-06-15T12:00:00+00:00');
INSERT INTO person_academic_output (person_id, name, form, publish_date, rank, tech_domain, collaborators, citations, is_representative, created_at, updated_at) VALUES ('PERSON_S_9b85aff83fd85a8a', '关于脑机接口的研究', '会议论文', '2019-04-20', '通讯作者', '脑机接口', '["邓桂英志强", "刘桂英"]'::json, 32, TRUE, '2026-06-15T12:00:00+00:00', '2026-06-15T12:00:00+00:00');
INSERT INTO person_academic_output (person_id, name, form, publish_date, rank, tech_domain, collaborators, citations, is_representative, created_at, updated_at) VALUES ('PERSON_S_9b85aff83fd85a8a', '关于脑机接口的方法', '期刊论文', '2021-12-06', '第一作者', '脑机接口', '["孙建华", "高艳斌", "彭刚"]'::json, 755, TRUE, '2026-06-15T12:00:00+00:00', '2026-06-15T12:00:00+00:00');
INSERT INTO person_academic_output (person_id, name, form, publish_date, rank, tech_domain, collaborators, citations, is_representative, created_at, updated_at) VALUES ('PERSON_S_9b85aff83fd85a8a', '关于脑机接口的综述', '会议论文', '2018-08-04', '通讯作者', '脑机接口', '["邓军"]'::json, 138, TRUE, '2026-06-15T12:00:00+00:00', '2026-06-15T12:00:00+00:00');
INSERT INTO person_focus (person_id, focus_type, content, consistency_with_policy, potential_impact, created_at, updated_at) VALUES ('PERSON_S_9b85aff83fd85a8a', 'tech', '["光电技术前沿方向"]'::json, '符合国家科技创新规划', '["推动产业升级", "形成自主知识产权"]'::json, '2026-06-15T12:00:00+00:00', '2026-06-15T12:00:00+00:00');
INSERT INTO entity_change_log (entity_id, entity_type, field, old_value, new_value, method, operator, source_doc_id, reason, changed_at) VALUES ('PERSON_S_9b85aff83fd85a8a', 'person', '*', NULL, '{"action": "create"}'::json, 'rule', NULL, 'mock_seed', NULL, '2026-06-15T12:00:00+00:00');
INSERT INTO person_profile (person_id, name_cn, name_en, gender, avatar, nationality, summary, birth_date, age, birthplace, ethnicity, current_residence, current_org, current_enterprise, current_military_unit, current_position, highest_degree, person_category, professional_domains, professional_skills, social_media, personality_traits, hobbies, management_philosophy, remark, confidence, completeness, created_at, updated_at) VALUES ('PERSON_S_f5fc837846608b0a', '朱晓东', 'Expert_Qaowmp', '男', '[]'::json, '中国', '朱晓东，青年人才，主要从事碳捕集、集成电路研究，现任东方生医科技副教授。', '1987-04-09', 39, '北京', '汉族', '杭州', '东方生医科技', NULL, NULL, '["教授"]'::json, '学士', '专家', '["碳捕集", "集成电路"]'::json, '["数据分析", "项目管理"]'::json, '', '["创新", "严谨"]'::json, '["运动"]'::json, '["产学研结合", "以问题为导向"]'::json, '[]'::json, 0.711, 0.781, '2026-06-15T12:00:00+00:00', '2026-06-15T12:00:00+00:00');
INSERT INTO person_education (person_id, start_date, degree_date, degree, school, major, created_at, updated_at) VALUES ('PERSON_S_f5fc837846608b0a', '2002-08-02', '2002-12-18', '博士', '哈尔滨工业大学', '碳捕集', '2026-06-15T12:00:00+00:00', '2026-06-15T12:00:00+00:00');
INSERT INTO person_career (person_id, start_date, end_date, org, enterprise, military_unit, position, created_at, updated_at) VALUES ('PERSON_S_f5fc837846608b0a', '2006-03-25', NULL, '东方生医科技', NULL, NULL, '教授', '2026-06-15T12:00:00+00:00', '2026-06-15T12:00:00+00:00');
INSERT INTO person_award (person_id, description, created_at, updated_at) VALUES ('PERSON_S_f5fc837846608b0a', '2015年获学会优秀论文', '2026-06-15T12:00:00+00:00', '2026-06-15T12:00:00+00:00');
INSERT INTO person_academic_output (person_id, name, form, publish_date, rank, tech_domain, collaborators, citations, is_representative, created_at, updated_at) VALUES ('PERSON_S_f5fc837846608b0a', '关于集成电路的综述', '期刊论文', '2018-03-14', '通讯作者', '集成电路', '["林宇航", "朱宁晓东"]'::json, 274, TRUE, '2026-06-15T12:00:00+00:00', '2026-06-15T12:00:00+00:00');
INSERT INTO person_academic_output (person_id, name, form, publish_date, rank, tech_domain, collaborators, citations, is_representative, created_at, updated_at) VALUES ('PERSON_S_f5fc837846608b0a', '关于集成电路的研究', '会议论文', '2024-11-15', '第一作者', '碳捕集', '["林婷志强", "韩俊杰", "孙志强昊"]'::json, 210, TRUE, '2026-06-15T12:00:00+00:00', '2026-06-15T12:00:00+00:00');
INSERT INTO person_academic_output (person_id, name, form, publish_date, rank, tech_domain, collaborators, citations, is_representative, created_at, updated_at) VALUES ('PERSON_S_f5fc837846608b0a', '关于集成电路的研究', '专著', '2021-03-13', '通讯作者', '集成电路', '["张志强娟", "王雪松"]'::json, 716, TRUE, '2026-06-15T12:00:00+00:00', '2026-06-15T12:00:00+00:00');
INSERT INTO person_focus (person_id, focus_type, content, consistency_with_policy, potential_impact, created_at, updated_at) VALUES ('PERSON_S_f5fc837846608b0a', 'tech', '["碳捕集前沿方向"]'::json, '符合国家科技创新规划', '["推动产业升级", "形成自主知识产权"]'::json, '2026-06-15T12:00:00+00:00', '2026-06-15T12:00:00+00:00');
INSERT INTO entity_change_log (entity_id, entity_type, field, old_value, new_value, method, operator, source_doc_id, reason, changed_at) VALUES ('PERSON_S_f5fc837846608b0a', 'person', '*', NULL, '{"action": "create"}'::json, 'rule', NULL, 'mock_seed', NULL, '2026-06-15T12:00:00+00:00');
INSERT INTO person_profile (person_id, name_cn, name_en, gender, avatar, nationality, summary, birth_date, age, birthplace, ethnicity, current_residence, current_org, current_enterprise, current_military_unit, current_position, highest_degree, person_category, professional_domains, professional_skills, social_media, personality_traits, hobbies, management_philosophy, remark, confidence, completeness, created_at, updated_at) VALUES ('PERSON_S_fbfc9cc02f51fb0f', '王娟', 'Expert_Qbyrwf', '男', '[]'::json, '中国', '王娟，青年人才，主要从事新能源研究，现任中先进研究院副院长。', '1960-02-06', 66, '武汉', '汉族', '北京', '中先进研究院', NULL, NULL, '["副教授"]'::json, '硕士', '骨干', '["新能源"]'::json, '["算法设计", "系统架构", "项目管理"]'::json, '', '["坚韧"]'::json, '["音乐", "旅行"]'::json, '["产学研结合", "以问题为导向"]'::json, '[]'::json, 0.708, 0.597, '2026-06-15T12:00:00+00:00', '2026-06-15T12:00:00+00:00');
INSERT INTO person_education (person_id, start_date, degree_date, degree, school, major, created_at, updated_at) VALUES ('PERSON_S_fbfc9cc02f51fb0f', '1997-04-15', '2005-10-12', '学士', '哈尔滨工业大学', '新能源', '2026-06-15T12:00:00+00:00', '2026-06-15T12:00:00+00:00');
INSERT INTO person_career (person_id, start_date, end_date, org, enterprise, military_unit, position, created_at, updated_at) VALUES ('PERSON_S_fbfc9cc02f51fb0f', '2009-06-09', NULL, '中先进研究院', NULL, NULL, '主任', '2026-06-15T12:00:00+00:00', '2026-06-15T12:00:00+00:00');
INSERT INTO person_award (person_id, description, created_at, updated_at) VALUES ('PERSON_S_fbfc9cc02f51fb0f', '2015年获省部级奖励', '2026-06-15T12:00:00+00:00', '2026-06-15T12:00:00+00:00');
INSERT INTO person_academic_output (person_id, name, form, publish_date, rank, tech_domain, collaborators, citations, is_representative, created_at, updated_at) VALUES ('PERSON_S_fbfc9cc02f51fb0f', '关于新能源的研究', '专利', '2024-09-18', '共同作者', '新能源', '["谢伟", "陈峰"]'::json, 660, TRUE, '2026-06-15T12:00:00+00:00', '2026-06-15T12:00:00+00:00');
INSERT INTO person_academic_output (person_id, name, form, publish_date, rank, tech_domain, collaborators, citations, is_representative, created_at, updated_at) VALUES ('PERSON_S_fbfc9cc02f51fb0f', '关于新能源的方法', '专著', '2023-06-21', '通讯作者', '新能源', '["邓雪松建华", "林峰"]'::json, 736, TRUE, '2026-06-15T12:00:00+00:00', '2026-06-15T12:00:00+00:00');
INSERT INTO person_academic_output (person_id, name, form, publish_date, rank, tech_domain, collaborators, citations, is_representative, created_at, updated_at) VALUES ('PERSON_S_fbfc9cc02f51fb0f', '关于新能源的综述', '专利', '2021-10-10', '第一作者', '新能源', '["梁斌", "王强艳", "孙建华涛"]'::json, 96, TRUE, '2026-06-15T12:00:00+00:00', '2026-06-15T12:00:00+00:00');
INSERT INTO person_focus (person_id, focus_type, content, consistency_with_policy, potential_impact, created_at, updated_at) VALUES ('PERSON_S_fbfc9cc02f51fb0f', 'tech', '["新能源前沿方向"]'::json, '符合国家科技创新规划', '["推动产业升级", "形成自主知识产权"]'::json, '2026-06-15T12:00:00+00:00', '2026-06-15T12:00:00+00:00');
INSERT INTO entity_change_log (entity_id, entity_type, field, old_value, new_value, method, operator, source_doc_id, reason, changed_at) VALUES ('PERSON_S_fbfc9cc02f51fb0f', 'person', '*', NULL, '{"action": "create"}'::json, 'rule', NULL, 'mock_seed', NULL, '2026-06-15T12:00:00+00:00');
INSERT INTO person_profile (person_id, name_cn, name_en, gender, avatar, nationality, summary, birth_date, age, birthplace, ethnicity, current_residence, current_org, current_enterprise, current_military_unit, current_position, highest_degree, person_category, professional_domains, professional_skills, social_media, personality_traits, hobbies, management_philosophy, remark, confidence, completeness, created_at, updated_at) VALUES ('PERSON_S_a01725f84b3af6f5', '韩建华', 'Expert_Fkjvio', '女', '[]'::json, '中国', '韩建华，青年人才，主要从事脑机接口研究，现任中科聚变集团高级工程师。', '1965-07-21', 61, '成都', '汉族', '上海', '中科聚变集团', NULL, NULL, '["副院长"]'::json, '学士', '青年人才', '["脑机接口"]'::json, '["实验验证", "数据分析"]'::json, '', '["协作", "创新"]'::json, '["音乐", "运动"]'::json, '["产学研结合", "以问题为导向"]'::json, '[]'::json, 0.765, 0.656, '2026-06-15T12:00:00+00:00', '2026-06-15T12:00:00+00:00');
INSERT INTO person_education (person_id, start_date, degree_date, degree, school, major, created_at, updated_at) VALUES ('PERSON_S_a01725f84b3af6f5', '2007-10-19', '2006-02-17', '硕士', '清华大学', '人工智能', '2026-06-15T12:00:00+00:00', '2026-06-15T12:00:00+00:00');
INSERT INTO person_career (person_id, start_date, end_date, org, enterprise, military_unit, position, created_at, updated_at) VALUES ('PERSON_S_a01725f84b3af6f5', '2010-10-11', NULL, '中科聚变集团', NULL, NULL, '教授', '2026-06-15T12:00:00+00:00', '2026-06-15T12:00:00+00:00');
INSERT INTO person_award (person_id, description, created_at, updated_at) VALUES ('PERSON_S_a01725f84b3af6f5', '2020年获省部级奖励', '2026-06-15T12:00:00+00:00', '2026-06-15T12:00:00+00:00');
INSERT INTO person_academic_output (person_id, name, form, publish_date, rank, tech_domain, collaborators, citations, is_representative, created_at, updated_at) VALUES ('PERSON_S_a01725f84b3af6f5', '关于脑机接口的综述', '专利', '2023-06-06', '第一作者', '脑机接口', '["胡超", "郑晓东涛"]'::json, 579, TRUE, '2026-06-15T12:00:00+00:00', '2026-06-15T12:00:00+00:00');
INSERT INTO person_academic_output (person_id, name, form, publish_date, rank, tech_domain, collaborators, citations, is_representative, created_at, updated_at) VALUES ('PERSON_S_a01725f84b3af6f5', '关于脑机接口的研究', '期刊论文', '2019-09-28', '通讯作者', '脑机接口', '["冯伟", "罗明宁", "马艳磊"]'::json, 316, TRUE, '2026-06-15T12:00:00+00:00', '2026-06-15T12:00:00+00:00');
INSERT INTO person_academic_output (person_id, name, form, publish_date, rank, tech_domain, collaborators, citations, is_representative, created_at, updated_at) VALUES ('PERSON_S_a01725f84b3af6f5', '关于脑机接口的研究', '会议论文', '2020-01-05', '第一作者', '脑机接口', '["徐建华海燕", "高洋婷", "陈昊超"]'::json, 447, TRUE, '2026-06-15T12:00:00+00:00', '2026-06-15T12:00:00+00:00');
INSERT INTO person_academic_output (person_id, name, form, publish_date, rank, tech_domain, collaborators, citations, is_representative, created_at, updated_at) VALUES ('PERSON_S_a01725f84b3af6f5', '关于脑机接口的方法', '期刊论文', '2018-05-26', '通讯作者', '脑机接口', '["冯艳", "彭雪松"]'::json, 118, TRUE, '2026-06-15T12:00:00+00:00', '2026-06-15T12:00:00+00:00');
INSERT INTO person_focus (person_id, focus_type, content, consistency_with_policy, potential_impact, created_at, updated_at) VALUES ('PERSON_S_a01725f84b3af6f5', 'tech', '["脑机接口前沿方向"]'::json, '符合国家科技创新规划', '["推动产业升级", "形成自主知识产权"]'::json, '2026-06-15T12:00:00+00:00', '2026-06-15T12:00:00+00:00');
INSERT INTO entity_change_log (entity_id, entity_type, field, old_value, new_value, method, operator, source_doc_id, reason, changed_at) VALUES ('PERSON_S_a01725f84b3af6f5', 'person', '*', NULL, '{"action": "create"}'::json, 'rule', NULL, 'mock_seed', NULL, '2026-06-15T12:00:00+00:00');
INSERT INTO person_profile (person_id, name_cn, name_en, gender, avatar, nationality, summary, birth_date, age, birthplace, ethnicity, current_residence, current_org, current_enterprise, current_military_unit, current_position, highest_degree, person_category, professional_domains, professional_skills, social_media, personality_traits, hobbies, management_philosophy, remark, confidence, completeness, created_at, updated_at) VALUES ('PERSON_S_2b6a220797e9d843', '黄勇', 'Expert_Osplie', '女', '[]'::json, '中国', '黄勇，院士，主要从事碳捕集、5G通信研究，现任航天氢动集团高级工程师。', '1960-06-18', 66, '西安', '汉族', '杭州', '航天氢动集团', NULL, NULL, '["总工程师"]'::json, '硕士', '专家', '["碳捕集", "5G通信", "深海装备"]'::json, '["实验验证", "项目管理"]'::json, '', '["坚韧"]'::json, '["音乐", "运动"]'::json, '["产学研结合", "以问题为导向"]'::json, '[]'::json, 0.891, 0.611, '2026-06-15T12:00:00+00:00', '2026-06-15T12:00:00+00:00');
INSERT INTO person_education (person_id, start_date, degree_date, degree, school, major, created_at, updated_at) VALUES ('PERSON_S_2b6a220797e9d843', '2004-12-21', '1999-06-26', '学士', '清华大学', '集成电路', '2026-06-15T12:00:00+00:00', '2026-06-15T12:00:00+00:00');
INSERT INTO person_career (person_id, start_date, end_date, org, enterprise, military_unit, position, created_at, updated_at) VALUES ('PERSON_S_2b6a220797e9d843', '2016-04-06', NULL, '航天氢动集团', NULL, NULL, '研究员', '2026-06-15T12:00:00+00:00', '2026-06-15T12:00:00+00:00');
INSERT INTO person_award (person_id, description, created_at, updated_at) VALUES ('PERSON_S_2b6a220797e9d843', '2016年获学会优秀论文', '2026-06-15T12:00:00+00:00', '2026-06-15T12:00:00+00:00');
INSERT INTO person_academic_output (person_id, name, form, publish_date, rank, tech_domain, collaborators, citations, is_representative, created_at, updated_at) VALUES ('PERSON_S_2b6a220797e9d843', '关于5G通信的方法', '期刊论文', '2019-02-13', '共同作者', '深海装备', '["唐明瑞", "韩洋", "张超"]'::json, 796, TRUE, '2026-06-15T12:00:00+00:00', '2026-06-15T12:00:00+00:00');
INSERT INTO person_academic_output (person_id, name, form, publish_date, rank, tech_domain, collaborators, citations, is_representative, created_at, updated_at) VALUES ('PERSON_S_2b6a220797e9d843', '关于5G通信的综述', '专著', '2020-05-19', '通讯作者', '5G通信', '["梁晓东", "刘霞", "宋娟"]'::json, 373, TRUE, '2026-06-15T12:00:00+00:00', '2026-06-15T12:00:00+00:00');
INSERT INTO person_focus (person_id, focus_type, content, consistency_with_policy, potential_impact, created_at, updated_at) VALUES ('PERSON_S_2b6a220797e9d843', 'tech', '["深海装备前沿方向"]'::json, '符合国家科技创新规划', '["推动产业升级", "形成自主知识产权"]'::json, '2026-06-15T12:00:00+00:00', '2026-06-15T12:00:00+00:00');
INSERT INTO entity_change_log (entity_id, entity_type, field, old_value, new_value, method, operator, source_doc_id, reason, changed_at) VALUES ('PERSON_S_2b6a220797e9d843', 'person', '*', NULL, '{"action": "create"}'::json, 'rule', NULL, 'mock_seed', NULL, '2026-06-15T12:00:00+00:00');
INSERT INTO person_profile (person_id, name_cn, name_en, gender, avatar, nationality, summary, birth_date, age, birthplace, ethnicity, current_residence, current_org, current_enterprise, current_military_unit, current_position, highest_degree, person_category, professional_domains, professional_skills, social_media, personality_traits, hobbies, management_philosophy, remark, confidence, completeness, created_at, updated_at) VALUES ('PERSON_S_38b4534cd54daf86', '黄娟', 'Expert_Pwxwtt', '女', '[]'::json, '中国', '黄娟，青年人才，主要从事机器人、新材料研究，现任东方脑科学实验室教授。', '1962-09-07', 64, '成都', '汉族', '北京', '东方脑科学实验室', NULL, NULL, '["主任"]'::json, '博士', '领军人才', '["机器人", "新材料"]'::json, '["算法设计", "项目管理"]'::json, '', '["协作"]'::json, '["音乐"]'::json, '["产学研结合", "以问题为导向"]'::json, '[]'::json, 0.737, 0.588, '2026-06-15T12:00:00+00:00', '2026-06-15T12:00:00+00:00');
INSERT INTO person_education (person_id, start_date, degree_date, degree, school, major, created_at, updated_at) VALUES ('PERSON_S_38b4534cd54daf86', '2004-07-12', '2012-06-13', '硕士', '中国科学技术大学', '集成电路', '2026-06-15T12:00:00+00:00', '2026-06-15T12:00:00+00:00');
INSERT INTO person_career (person_id, start_date, end_date, org, enterprise, military_unit, position, created_at, updated_at) VALUES ('PERSON_S_38b4534cd54daf86', '2009-07-07', NULL, '东方脑科学实验室', NULL, NULL, '总工程师', '2026-06-15T12:00:00+00:00', '2026-06-15T12:00:00+00:00');
INSERT INTO person_award (person_id, description, created_at, updated_at) VALUES ('PERSON_S_38b4534cd54daf86', '2022年获省部级奖励', '2026-06-15T12:00:00+00:00', '2026-06-15T12:00:00+00:00');
INSERT INTO person_academic_output (person_id, name, form, publish_date, rank, tech_domain, collaborators, citations, is_representative, created_at, updated_at) VALUES ('PERSON_S_38b4534cd54daf86', '关于机器人的方法', '专著', '2019-02-24', '共同作者', '新材料', '["刘娟", "赵强"]'::json, 253, TRUE, '2026-06-15T12:00:00+00:00', '2026-06-15T12:00:00+00:00');
INSERT INTO person_academic_output (person_id, name, form, publish_date, rank, tech_domain, collaborators, citations, is_representative, created_at, updated_at) VALUES ('PERSON_S_38b4534cd54daf86', '关于新材料的方法', '会议论文', '2019-12-01', '第一作者', '新材料', '["宋宁", "黄磊"]'::json, 112, TRUE, '2026-06-15T12:00:00+00:00', '2026-06-15T12:00:00+00:00');
INSERT INTO person_academic_output (person_id, name, form, publish_date, rank, tech_domain, collaborators, citations, is_representative, created_at, updated_at) VALUES ('PERSON_S_38b4534cd54daf86', '关于机器人的方法', '专利', '2022-10-08', '第一作者', '机器人', '["杨俊杰", "韩明", "黄强晓东"]'::json, 205, TRUE, '2026-06-15T12:00:00+00:00', '2026-06-15T12:00:00+00:00');
INSERT INTO person_focus (person_id, focus_type, content, consistency_with_policy, potential_impact, created_at, updated_at) VALUES ('PERSON_S_38b4534cd54daf86', 'tech', '["新材料前沿方向"]'::json, '符合国家科技创新规划', '["推动产业升级", "形成自主知识产权"]'::json, '2026-06-15T12:00:00+00:00', '2026-06-15T12:00:00+00:00');
INSERT INTO entity_change_log (entity_id, entity_type, field, old_value, new_value, method, operator, source_doc_id, reason, changed_at) VALUES ('PERSON_S_38b4534cd54daf86', 'person', '*', NULL, '{"action": "create"}'::json, 'rule', NULL, 'mock_seed', NULL, '2026-06-15T12:00:00+00:00');
INSERT INTO person_profile (person_id, name_cn, name_en, gender, avatar, nationality, summary, birth_date, age, birthplace, ethnicity, current_residence, current_org, current_enterprise, current_military_unit, current_position, highest_degree, person_category, professional_domains, professional_skills, social_media, personality_traits, hobbies, management_philosophy, remark, confidence, completeness, created_at, updated_at) VALUES ('PERSON_S_d414ddb033f38e7a', '吴俊杰', 'Expert_Btjgjq', '男', '[]'::json, '中国', '吴俊杰，领军人才，主要从事人工智能、先进算力研究，现任新生医实验室研究员。', '1995-01-01', 31, '上海', '汉族', '杭州', '新生医实验室', '新生医实验室', NULL, '["教授"]'::json, '硕士', '专家', '["人工智能", "先进算力", "基因编辑"]'::json, '["系统架构", "数据分析"]'::json, '', '["务实", "坚韧", "创新"]'::json, '["音乐", "阅读"]'::json, '["产学研结合", "以问题为导向"]'::json, '[]'::json, 0.877, 0.597, '2026-06-15T12:00:00+00:00', '2026-06-15T12:00:00+00:00');
INSERT INTO person_education (person_id, start_date, degree_date, degree, school, major, created_at, updated_at) VALUES ('PERSON_S_d414ddb033f38e7a', '1998-05-13', '2000-12-15', '学士', '中国科学技术大学', '人工智能', '2026-06-15T12:00:00+00:00', '2026-06-15T12:00:00+00:00');
INSERT INTO person_career (person_id, start_date, end_date, org, enterprise, military_unit, position, created_at, updated_at) VALUES ('PERSON_S_d414ddb033f38e7a', '2019-04-21', NULL, '新生医实验室', '新生医实验室', NULL, '高级工程师', '2026-06-15T12:00:00+00:00', '2026-06-15T12:00:00+00:00');
INSERT INTO person_award (person_id, description, created_at, updated_at) VALUES ('PERSON_S_d414ddb033f38e7a', '2021年获学会优秀论文', '2026-06-15T12:00:00+00:00', '2026-06-15T12:00:00+00:00');
INSERT INTO person_academic_output (person_id, name, form, publish_date, rank, tech_domain, collaborators, citations, is_representative, created_at, updated_at) VALUES ('PERSON_S_d414ddb033f38e7a', '关于先进算力的方法', '期刊论文', '2021-07-12', '第一作者', '基因编辑', '["许宁涛", "高宇航文博", "赵建华斌"]'::json, 267, TRUE, '2026-06-15T12:00:00+00:00', '2026-06-15T12:00:00+00:00');
INSERT INTO person_academic_output (person_id, name, form, publish_date, rank, tech_domain, collaborators, citations, is_representative, created_at, updated_at) VALUES ('PERSON_S_d414ddb033f38e7a', '关于人工智能的方法', '专利', '2021-03-07', '第一作者', '基因编辑', '["林雪松洋", "谢宇航宁"]'::json, 374, TRUE, '2026-06-15T12:00:00+00:00', '2026-06-15T12:00:00+00:00');
INSERT INTO person_academic_output (person_id, name, form, publish_date, rank, tech_domain, collaborators, citations, is_representative, created_at, updated_at) VALUES ('PERSON_S_d414ddb033f38e7a', '关于人工智能的综述', '会议论文', '2021-04-06', '通讯作者', '人工智能', '["徐建华桂英"]'::json, 174, TRUE, '2026-06-15T12:00:00+00:00', '2026-06-15T12:00:00+00:00');
INSERT INTO person_academic_output (person_id, name, form, publish_date, rank, tech_domain, collaborators, citations, is_representative, created_at, updated_at) VALUES ('PERSON_S_d414ddb033f38e7a', '关于基因编辑的综述', '专利', '2020-06-22', '共同作者', '人工智能', '["李昊杰"]'::json, 74, TRUE, '2026-06-15T12:00:00+00:00', '2026-06-15T12:00:00+00:00');
INSERT INTO person_focus (person_id, focus_type, content, consistency_with_policy, potential_impact, created_at, updated_at) VALUES ('PERSON_S_d414ddb033f38e7a', 'tech', '["先进算力前沿方向"]'::json, '符合国家科技创新规划', '["推动产业升级", "形成自主知识产权"]'::json, '2026-06-15T12:00:00+00:00', '2026-06-15T12:00:00+00:00');
INSERT INTO entity_change_log (entity_id, entity_type, field, old_value, new_value, method, operator, source_doc_id, reason, changed_at) VALUES ('PERSON_S_d414ddb033f38e7a', 'person', '*', NULL, '{"action": "create"}'::json, 'rule', NULL, 'mock_seed', NULL, '2026-06-15T12:00:00+00:00');
INSERT INTO person_profile (person_id, name_cn, name_en, gender, avatar, nationality, summary, birth_date, age, birthplace, ethnicity, current_residence, current_org, current_enterprise, current_military_unit, current_position, highest_degree, person_category, professional_domains, professional_skills, social_media, personality_traits, hobbies, management_philosophy, remark, confidence, completeness, created_at, updated_at) VALUES ('PERSON_S_ada6df4732bf4519', '林峰', 'Expert_Zcsnsc', '女', '[]'::json, '中国', '林峰，青年人才，主要从事光电技术、航空航天研究，现任南方前沿高科副院长。', '1965-03-09', 61, '北京', '汉族', '上海', '南方前沿高科', NULL, NULL, '["高级工程师"]'::json, '学士', '专家', '["光电技术", "航空航天"]'::json, '["系统架构", "算法设计"]'::json, '', '["创新", "协作", "务实"]'::json, '["音乐", "旅行"]'::json, '["产学研结合", "以问题为导向"]'::json, '[]'::json, 0.767, 0.931, '2026-06-15T12:00:00+00:00', '2026-06-15T12:00:00+00:00');
INSERT INTO person_education (person_id, start_date, degree_date, degree, school, major, created_at, updated_at) VALUES ('PERSON_S_ada6df4732bf4519', '2006-10-17', '2006-04-17', '学士', '上海交通大学', '人工智能', '2026-06-15T12:00:00+00:00', '2026-06-15T12:00:00+00:00');
INSERT INTO person_career (person_id, start_date, end_date, org, enterprise, military_unit, position, created_at, updated_at) VALUES ('PERSON_S_ada6df4732bf4519', '2010-07-02', NULL, '南方前沿高科', NULL, NULL, '副教授', '2026-06-15T12:00:00+00:00', '2026-06-15T12:00:00+00:00');
INSERT INTO person_award (person_id, description, created_at, updated_at) VALUES ('PERSON_S_ada6df4732bf4519', '2023年获学会优秀论文', '2026-06-15T12:00:00+00:00', '2026-06-15T12:00:00+00:00');
INSERT INTO person_academic_output (person_id, name, form, publish_date, rank, tech_domain, collaborators, citations, is_representative, created_at, updated_at) VALUES ('PERSON_S_ada6df4732bf4519', '关于航空航天的研究', '专著', '2024-09-11', '共同作者', '光电技术', '["梁洋峰", "朱桂英艳", "陈俊杰"]'::json, 171, TRUE, '2026-06-15T12:00:00+00:00', '2026-06-15T12:00:00+00:00');
INSERT INTO person_academic_output (person_id, name, form, publish_date, rank, tech_domain, collaborators, citations, is_representative, created_at, updated_at) VALUES ('PERSON_S_ada6df4732bf4519', '关于航空航天的综述', '专利', '2021-06-01', '通讯作者', '光电技术', '["许海燕昊", "曹强"]'::json, 645, TRUE, '2026-06-15T12:00:00+00:00', '2026-06-15T12:00:00+00:00');
INSERT INTO person_academic_output (person_id, name, form, publish_date, rank, tech_domain, collaborators, citations, is_representative, created_at, updated_at) VALUES ('PERSON_S_ada6df4732bf4519', '关于光电技术的方法', '期刊论文', '2020-10-13', '通讯作者', '航空航天', '["林志强霞", "罗霞", "王霞"]'::json, 333, TRUE, '2026-06-15T12:00:00+00:00', '2026-06-15T12:00:00+00:00');
INSERT INTO person_academic_output (person_id, name, form, publish_date, rank, tech_domain, collaborators, citations, is_representative, created_at, updated_at) VALUES ('PERSON_S_ada6df4732bf4519', '关于光电技术的综述', '期刊论文', '2018-11-04', '第一作者', '航空航天', '["谢晓东", "刘勇", "张磊桂英"]'::json, 441, TRUE, '2026-06-15T12:00:00+00:00', '2026-06-15T12:00:00+00:00');
INSERT INTO person_focus (person_id, focus_type, content, consistency_with_policy, potential_impact, created_at, updated_at) VALUES ('PERSON_S_ada6df4732bf4519', 'tech', '["光电技术前沿方向"]'::json, '符合国家科技创新规划', '["推动产业升级", "形成自主知识产权"]'::json, '2026-06-15T12:00:00+00:00', '2026-06-15T12:00:00+00:00');
INSERT INTO entity_change_log (entity_id, entity_type, field, old_value, new_value, method, operator, source_doc_id, reason, changed_at) VALUES ('PERSON_S_ada6df4732bf4519', 'person', '*', NULL, '{"action": "create"}'::json, 'rule', NULL, 'mock_seed', NULL, '2026-06-15T12:00:00+00:00');
INSERT INTO person_profile (person_id, name_cn, name_en, gender, avatar, nationality, summary, birth_date, age, birthplace, ethnicity, current_residence, current_org, current_enterprise, current_military_unit, current_position, highest_degree, person_category, professional_domains, professional_skills, social_media, personality_traits, hobbies, management_philosophy, remark, confidence, completeness, created_at, updated_at) VALUES ('PERSON_S_3547ab001f72ff72', '李昊强', 'Expert_Tousli', '女', '[]'::json, '中国', '李昊强，院士，主要从事储能、网络安全研究，现任华生医实验室主任。', '1985-06-23', 41, '哈尔滨', '汉族', '上海', '华生医实验室', NULL, NULL, '["首席科学家"]'::json, '学士', '专家', '["储能", "网络安全"]'::json, '["工程化", "数据分析", "项目管理"]'::json, '', '["坚韧", "协作"]'::json, '["运动"]'::json, '["产学研结合", "以问题为导向"]'::json, '[]'::json, 0.789, 0.745, '2026-06-15T12:00:00+00:00', '2026-06-15T12:00:00+00:00');
INSERT INTO person_education (person_id, start_date, degree_date, degree, school, major, created_at, updated_at) VALUES ('PERSON_S_3547ab001f72ff72', '1998-09-28', '2004-06-09', '博士', '上海交通大学', '半导体', '2026-06-15T12:00:00+00:00', '2026-06-15T12:00:00+00:00');
INSERT INTO person_career (person_id, start_date, end_date, org, enterprise, military_unit, position, created_at, updated_at) VALUES ('PERSON_S_3547ab001f72ff72', '2019-07-21', NULL, '华生医实验室', NULL, NULL, '副院长', '2026-06-15T12:00:00+00:00', '2026-06-15T12:00:00+00:00');
INSERT INTO person_award (person_id, description, created_at, updated_at) VALUES ('PERSON_S_3547ab001f72ff72', '2023年获省部级奖励', '2026-06-15T12:00:00+00:00', '2026-06-15T12:00:00+00:00');
INSERT INTO person_academic_output (person_id, name, form, publish_date, rank, tech_domain, collaborators, citations, is_representative, created_at, updated_at) VALUES ('PERSON_S_3547ab001f72ff72', '关于储能的研究', '专著', '2019-12-02', '通讯作者', '储能', '["何海燕", "周军"]'::json, 21, TRUE, '2026-06-15T12:00:00+00:00', '2026-06-15T12:00:00+00:00');
INSERT INTO person_academic_output (person_id, name, form, publish_date, rank, tech_domain, collaborators, citations, is_representative, created_at, updated_at) VALUES ('PERSON_S_3547ab001f72ff72', '关于储能的研究', '期刊论文', '2018-11-04', '共同作者', '网络安全', '["周明", "马峰超", "邓桂英"]'::json, 697, TRUE, '2026-06-15T12:00:00+00:00', '2026-06-15T12:00:00+00:00');
INSERT INTO person_focus (person_id, focus_type, content, consistency_with_policy, potential_impact, created_at, updated_at) VALUES ('PERSON_S_3547ab001f72ff72', 'tech', '["网络安全前沿方向"]'::json, '符合国家科技创新规划', '["推动产业升级", "形成自主知识产权"]'::json, '2026-06-15T12:00:00+00:00', '2026-06-15T12:00:00+00:00');
INSERT INTO entity_change_log (entity_id, entity_type, field, old_value, new_value, method, operator, source_doc_id, reason, changed_at) VALUES ('PERSON_S_3547ab001f72ff72', 'person', '*', NULL, '{"action": "create"}'::json, 'rule', NULL, 'mock_seed', NULL, '2026-06-15T12:00:00+00:00');
INSERT INTO person_profile (person_id, name_cn, name_en, gender, avatar, nationality, summary, birth_date, age, birthplace, ethnicity, current_residence, current_org, current_enterprise, current_military_unit, current_position, highest_degree, person_category, professional_domains, professional_skills, social_media, personality_traits, hobbies, management_philosophy, remark, confidence, completeness, created_at, updated_at) VALUES ('PERSON_S_663cef9ee8741a49', '韩艳强', 'Expert_Gdgofq', '女', '[]'::json, '中国', '韩艳强，青年人才，主要从事深海装备、增材制造研究，现任新氢动高科主任。', '1994-05-01', 32, '南京', '汉族', '深圳', '新氢动高科', NULL, NULL, '["教授"]'::json, '硕士', '专家', '["深海装备", "增材制造", "新能源"]'::json, '["数据分析", "算法设计"]'::json, '', '["务实"]'::json, '["运动", "音乐"]'::json, '["产学研结合", "以问题为导向"]'::json, '[]'::json, 0.955, 0.824, '2026-06-15T12:00:00+00:00', '2026-06-15T12:00:00+00:00');
INSERT INTO person_education (person_id, start_date, degree_date, degree, school, major, created_at, updated_at) VALUES ('PERSON_S_663cef9ee8741a49', '2003-06-04', '2013-09-23', '学士', '上海交通大学', '人工智能', '2026-06-15T12:00:00+00:00', '2026-06-15T12:00:00+00:00');
INSERT INTO person_career (person_id, start_date, end_date, org, enterprise, military_unit, position, created_at, updated_at) VALUES ('PERSON_S_663cef9ee8741a49', '2016-12-14', NULL, '新氢动高科', NULL, NULL, '研究员', '2026-06-15T12:00:00+00:00', '2026-06-15T12:00:00+00:00');
INSERT INTO person_award (person_id, description, created_at, updated_at) VALUES ('PERSON_S_663cef9ee8741a49', '2017年获学会优秀论文', '2026-06-15T12:00:00+00:00', '2026-06-15T12:00:00+00:00');
INSERT INTO person_academic_output (person_id, name, form, publish_date, rank, tech_domain, collaborators, citations, is_representative, created_at, updated_at) VALUES ('PERSON_S_663cef9ee8741a49', '关于新能源的综述', '期刊论文', '2024-07-14', '第一作者', '新能源', '["宋雪松俊杰", "高杰", "彭文博"]'::json, 466, TRUE, '2026-06-15T12:00:00+00:00', '2026-06-15T12:00:00+00:00');
INSERT INTO person_academic_output (person_id, name, form, publish_date, rank, tech_domain, collaborators, citations, is_representative, created_at, updated_at) VALUES ('PERSON_S_663cef9ee8741a49', '关于深海装备的方法', '专著', '2022-06-05', '第一作者', '新能源', '["何艳"]'::json, 706, TRUE, '2026-06-15T12:00:00+00:00', '2026-06-15T12:00:00+00:00');
INSERT INTO person_academic_output (person_id, name, form, publish_date, rank, tech_domain, collaborators, citations, is_representative, created_at, updated_at) VALUES ('PERSON_S_663cef9ee8741a49', '关于增材制造的研究', '专利', '2024-12-06', '第一作者', '深海装备', '["孙平桂英"]'::json, 625, TRUE, '2026-06-15T12:00:00+00:00', '2026-06-15T12:00:00+00:00');
INSERT INTO person_academic_output (person_id, name, form, publish_date, rank, tech_domain, collaborators, citations, is_representative, created_at, updated_at) VALUES ('PERSON_S_663cef9ee8741a49', '关于新能源的综述', '专著', '2018-12-19', '通讯作者', '增材制造', '["谢俊杰志强", "张涛平"]'::json, 456, TRUE, '2026-06-15T12:00:00+00:00', '2026-06-15T12:00:00+00:00');
INSERT INTO person_focus (person_id, focus_type, content, consistency_with_policy, potential_impact, created_at, updated_at) VALUES ('PERSON_S_663cef9ee8741a49', 'tech', '["增材制造前沿方向"]'::json, '符合国家科技创新规划', '["推动产业升级", "形成自主知识产权"]'::json, '2026-06-15T12:00:00+00:00', '2026-06-15T12:00:00+00:00');
INSERT INTO entity_change_log (entity_id, entity_type, field, old_value, new_value, method, operator, source_doc_id, reason, changed_at) VALUES ('PERSON_S_663cef9ee8741a49', 'person', '*', NULL, '{"action": "create"}'::json, 'rule', NULL, 'mock_seed', NULL, '2026-06-15T12:00:00+00:00');
INSERT INTO person_profile (person_id, name_cn, name_en, gender, avatar, nationality, summary, birth_date, age, birthplace, ethnicity, current_residence, current_org, current_enterprise, current_military_unit, current_position, highest_degree, person_category, professional_domains, professional_skills, social_media, personality_traits, hobbies, management_philosophy, remark, confidence, completeness, created_at, updated_at) VALUES ('PERSON_S_9e80df9b1c2b3790', '张磊', 'Expert_Vexwpt', '女', '[]'::json, '中国', '张磊，骨干，主要从事增材制造研究，现任新新材科技副教授。', '1993-05-01', 33, '哈尔滨', '汉族', '深圳', '新新材科技', '新新材科技', NULL, '["副教授"]'::json, '学士', '领军人才', '["增材制造"]'::json, '["工程化", "系统架构", "算法设计"]'::json, '', '["务实", "协作", "坚韧"]'::json, '["运动"]'::json, '["产学研结合", "以问题为导向"]'::json, '[]'::json, 0.712, 0.69, '2026-06-15T12:00:00+00:00', '2026-06-15T12:00:00+00:00');
INSERT INTO person_education (person_id, start_date, degree_date, degree, school, major, created_at, updated_at) VALUES ('PERSON_S_9e80df9b1c2b3790', '1999-08-19', '2008-05-24', '学士', '清华大学', '增材制造', '2026-06-15T12:00:00+00:00', '2026-06-15T12:00:00+00:00');
INSERT INTO person_career (person_id, start_date, end_date, org, enterprise, military_unit, position, created_at, updated_at) VALUES ('PERSON_S_9e80df9b1c2b3790', '2006-09-23', NULL, '新新材科技', '新新材科技', NULL, '主任', '2026-06-15T12:00:00+00:00', '2026-06-15T12:00:00+00:00');
INSERT INTO person_award (person_id, description, created_at, updated_at) VALUES ('PERSON_S_9e80df9b1c2b3790', '2018年获省部级奖励', '2026-06-15T12:00:00+00:00', '2026-06-15T12:00:00+00:00');
INSERT INTO person_academic_output (person_id, name, form, publish_date, rank, tech_domain, collaborators, citations, is_representative, created_at, updated_at) VALUES ('PERSON_S_9e80df9b1c2b3790', '关于增材制造的研究', '期刊论文', '2022-08-18', '通讯作者', '增材制造', '["邓峰涛", "徐海燕", "罗建华"]'::json, 656, TRUE, '2026-06-15T12:00:00+00:00', '2026-06-15T12:00:00+00:00');
INSERT INTO person_academic_output (person_id, name, form, publish_date, rank, tech_domain, collaborators, citations, is_representative, created_at, updated_at) VALUES ('PERSON_S_9e80df9b1c2b3790', '关于增材制造的方法', '专著', '2024-12-13', '第一作者', '增材制造', '["彭刚军", "徐文博宁"]'::json, 360, TRUE, '2026-06-15T12:00:00+00:00', '2026-06-15T12:00:00+00:00');
INSERT INTO person_academic_output (person_id, name, form, publish_date, rank, tech_domain, collaborators, citations, is_representative, created_at, updated_at) VALUES ('PERSON_S_9e80df9b1c2b3790', '关于增材制造的方法', '专著', '2023-10-20', '共同作者', '增材制造', '["彭志强", "李瑞", "胡平艳"]'::json, 259, TRUE, '2026-06-15T12:00:00+00:00', '2026-06-15T12:00:00+00:00');
INSERT INTO person_focus (person_id, focus_type, content, consistency_with_policy, potential_impact, created_at, updated_at) VALUES ('PERSON_S_9e80df9b1c2b3790', 'tech', '["增材制造前沿方向"]'::json, '符合国家科技创新规划', '["推动产业升级", "形成自主知识产权"]'::json, '2026-06-15T12:00:00+00:00', '2026-06-15T12:00:00+00:00');
INSERT INTO entity_change_log (entity_id, entity_type, field, old_value, new_value, method, operator, source_doc_id, reason, changed_at) VALUES ('PERSON_S_9e80df9b1c2b3790', 'person', '*', NULL, '{"action": "create"}'::json, 'rule', NULL, 'mock_seed', NULL, '2026-06-15T12:00:00+00:00');
INSERT INTO person_profile (person_id, name_cn, name_en, gender, avatar, nationality, summary, birth_date, age, birthplace, ethnicity, current_residence, current_org, current_enterprise, current_military_unit, current_position, highest_degree, person_category, professional_domains, professional_skills, social_media, personality_traits, hobbies, management_philosophy, remark, confidence, completeness, created_at, updated_at) VALUES ('PERSON_S_4521d77dc9c8f624', '郭婷刚', 'Expert_Etzajs', '男', '[]'::json, '中国', '郭婷刚，骨干，主要从事量子计算研究，现任北方光电研究院总工程师。', '1988-01-01', 38, '哈尔滨', '汉族', '上海', '北方光电研究院', NULL, NULL, '["副院长"]'::json, '博士', '院士', '["量子计算"]'::json, '["工程化", "项目管理", "实验验证", "算法设计"]'::json, '', '["务实", "协作"]'::json, '["旅行"]'::json, '["产学研结合", "以问题为导向"]'::json, '[]'::json, 0.971, 0.884, '2026-06-15T12:00:00+00:00', '2026-06-15T12:00:00+00:00');
INSERT INTO person_education (person_id, start_date, degree_date, degree, school, major, created_at, updated_at) VALUES ('PERSON_S_4521d77dc9c8f624', '2000-03-26', '2007-05-13', '硕士', '中国科学技术大学', '量子计算', '2026-06-15T12:00:00+00:00', '2026-06-15T12:00:00+00:00');
INSERT INTO person_career (person_id, start_date, end_date, org, enterprise, military_unit, position, created_at, updated_at) VALUES ('PERSON_S_4521d77dc9c8f624', '2010-03-25', NULL, '北方光电研究院', NULL, NULL, '副院长', '2026-06-15T12:00:00+00:00', '2026-06-15T12:00:00+00:00');
INSERT INTO person_award (person_id, description, created_at, updated_at) VALUES ('PERSON_S_4521d77dc9c8f624', '2020年获省部级奖励', '2026-06-15T12:00:00+00:00', '2026-06-15T12:00:00+00:00');
INSERT INTO person_academic_output (person_id, name, form, publish_date, rank, tech_domain, collaborators, citations, is_representative, created_at, updated_at) VALUES ('PERSON_S_4521d77dc9c8f624', '关于量子计算的研究', '专著', '2019-06-10', '通讯作者', '量子计算', '["徐洋", "孙宁勇", "唐强"]'::json, 234, TRUE, '2026-06-15T12:00:00+00:00', '2026-06-15T12:00:00+00:00');
INSERT INTO person_academic_output (person_id, name, form, publish_date, rank, tech_domain, collaborators, citations, is_representative, created_at, updated_at) VALUES ('PERSON_S_4521d77dc9c8f624', '关于量子计算的方法', '会议论文', '2018-01-09', '第一作者', '量子计算', '["林超瑞", "吴宇航"]'::json, 88, TRUE, '2026-06-15T12:00:00+00:00', '2026-06-15T12:00:00+00:00');
INSERT INTO person_focus (person_id, focus_type, content, consistency_with_policy, potential_impact, created_at, updated_at) VALUES ('PERSON_S_4521d77dc9c8f624', 'tech', '["量子计算前沿方向"]'::json, '符合国家科技创新规划', '["推动产业升级", "形成自主知识产权"]'::json, '2026-06-15T12:00:00+00:00', '2026-06-15T12:00:00+00:00');
INSERT INTO entity_change_log (entity_id, entity_type, field, old_value, new_value, method, operator, source_doc_id, reason, changed_at) VALUES ('PERSON_S_4521d77dc9c8f624', 'person', '*', NULL, '{"action": "create"}'::json, 'rule', NULL, 'mock_seed', NULL, '2026-06-15T12:00:00+00:00');
INSERT INTO person_profile (person_id, name_cn, name_en, gender, avatar, nationality, summary, birth_date, age, birthplace, ethnicity, current_residence, current_org, current_enterprise, current_military_unit, current_position, highest_degree, person_category, professional_domains, professional_skills, social_media, personality_traits, hobbies, management_philosophy, remark, confidence, completeness, created_at, updated_at) VALUES ('PERSON_S_9e66fa65a8ecbc26', '梁建华', 'Expert_Shzlhf', '男', '[]'::json, '中国', '梁建华，院士，主要从事增材制造、基因编辑研究，现任东方脑科学科技主任。', '1992-01-09', 34, '西安', '汉族', '上海', '东方脑科学科技', NULL, NULL, '["副院长"]'::json, '博士', '专家', '["增材制造", "基因编辑", "大模型", "光电技术"]'::json, '["系统架构", "项目管理", "实验验证", "算法设计"]'::json, '', '["坚韧", "协作", "务实"]'::json, '["旅行"]'::json, '["产学研结合", "以问题为导向"]'::json, '[]'::json, 0.944, 0.932, '2026-06-15T12:00:00+00:00', '2026-06-15T12:00:00+00:00');
INSERT INTO person_education (person_id, start_date, degree_date, degree, school, major, created_at, updated_at) VALUES ('PERSON_S_9e66fa65a8ecbc26', '2004-12-27', '2005-10-05', '学士', '清华大学', '集成电路', '2026-06-15T12:00:00+00:00', '2026-06-15T12:00:00+00:00');
INSERT INTO person_career (person_id, start_date, end_date, org, enterprise, military_unit, position, created_at, updated_at) VALUES ('PERSON_S_9e66fa65a8ecbc26', '2018-06-01', NULL, '东方脑科学科技', NULL, NULL, '总工程师', '2026-06-15T12:00:00+00:00', '2026-06-15T12:00:00+00:00');
INSERT INTO person_award (person_id, description, created_at, updated_at) VALUES ('PERSON_S_9e66fa65a8ecbc26', '2018年获国家自然科学奖', '2026-06-15T12:00:00+00:00', '2026-06-15T12:00:00+00:00');
INSERT INTO person_academic_output (person_id, name, form, publish_date, rank, tech_domain, collaborators, citations, is_representative, created_at, updated_at) VALUES ('PERSON_S_9e66fa65a8ecbc26', '关于光电技术的研究', '会议论文', '2022-08-10', '共同作者', '基因编辑', '["周艳", "梁海燕昊"]'::json, 84, TRUE, '2026-06-15T12:00:00+00:00', '2026-06-15T12:00:00+00:00');
INSERT INTO person_academic_output (person_id, name, form, publish_date, rank, tech_domain, collaborators, citations, is_representative, created_at, updated_at) VALUES ('PERSON_S_9e66fa65a8ecbc26', '关于增材制造的研究', '期刊论文', '2024-05-13', '共同作者', '大模型', '["罗伟勇", "林昊平"]'::json, 611, TRUE, '2026-06-15T12:00:00+00:00', '2026-06-15T12:00:00+00:00');
INSERT INTO person_academic_output (person_id, name, form, publish_date, rank, tech_domain, collaborators, citations, is_representative, created_at, updated_at) VALUES ('PERSON_S_9e66fa65a8ecbc26', '关于大模型的综述', '专利', '2022-04-12', '通讯作者', '增材制造', '["宋超瑞"]'::json, 718, TRUE, '2026-06-15T12:00:00+00:00', '2026-06-15T12:00:00+00:00');
INSERT INTO person_focus (person_id, focus_type, content, consistency_with_policy, potential_impact, created_at, updated_at) VALUES ('PERSON_S_9e66fa65a8ecbc26', 'tech', '["光电技术前沿方向"]'::json, '符合国家科技创新规划', '["推动产业升级", "形成自主知识产权"]'::json, '2026-06-15T12:00:00+00:00', '2026-06-15T12:00:00+00:00');
INSERT INTO entity_change_log (entity_id, entity_type, field, old_value, new_value, method, operator, source_doc_id, reason, changed_at) VALUES ('PERSON_S_9e66fa65a8ecbc26', 'person', '*', NULL, '{"action": "create"}'::json, 'rule', NULL, 'mock_seed', NULL, '2026-06-15T12:00:00+00:00');
INSERT INTO person_profile (person_id, name_cn, name_en, gender, avatar, nationality, summary, birth_date, age, birthplace, ethnicity, current_residence, current_org, current_enterprise, current_military_unit, current_position, highest_degree, person_category, professional_domains, professional_skills, social_media, personality_traits, hobbies, management_philosophy, remark, confidence, completeness, created_at, updated_at) VALUES ('PERSON_S_d097f5d68465ec6f', '韩文博娟', 'Expert_Ccjeil', '女', '[]'::json, '中国', '韩文博娟，青年人才，主要从事深海装备研究，现任南方光电研究所副院长。', '1970-01-11', 56, '西安', '汉族', '上海', '南方光电研究所', '南方光电研究所', NULL, '["高级工程师"]'::json, '学士', '专家', '["深海装备"]'::json, '["数据分析", "实验验证", "系统架构", "算法设计"]'::json, '', '["创新", "严谨", "务实"]'::json, '["运动"]'::json, '["产学研结合", "以问题为导向"]'::json, '[]'::json, 0.9, 0.674, '2026-06-15T12:00:00+00:00', '2026-06-15T12:00:00+00:00');
INSERT INTO person_education (person_id, start_date, degree_date, degree, school, major, created_at, updated_at) VALUES ('PERSON_S_d097f5d68465ec6f', '2010-03-01', '2008-09-06', '学士', '浙江大学', '深海装备', '2026-06-15T12:00:00+00:00', '2026-06-15T12:00:00+00:00');
INSERT INTO person_career (person_id, start_date, end_date, org, enterprise, military_unit, position, created_at, updated_at) VALUES ('PERSON_S_d097f5d68465ec6f', '2012-07-10', NULL, '南方光电研究所', '南方光电研究所', NULL, '主任', '2026-06-15T12:00:00+00:00', '2026-06-15T12:00:00+00:00');
INSERT INTO person_award (person_id, description, created_at, updated_at) VALUES ('PERSON_S_d097f5d68465ec6f', '2017年获学会优秀论文', '2026-06-15T12:00:00+00:00', '2026-06-15T12:00:00+00:00');
INSERT INTO person_academic_output (person_id, name, form, publish_date, rank, tech_domain, collaborators, citations, is_representative, created_at, updated_at) VALUES ('PERSON_S_d097f5d68465ec6f', '关于深海装备的综述', '会议论文', '2019-07-14', '第一作者', '深海装备', '["马伟艳", "何涛"]'::json, 11, TRUE, '2026-06-15T12:00:00+00:00', '2026-06-15T12:00:00+00:00');
INSERT INTO person_academic_output (person_id, name, form, publish_date, rank, tech_domain, collaborators, citations, is_representative, created_at, updated_at) VALUES ('PERSON_S_d097f5d68465ec6f', '关于深海装备的方法', '期刊论文', '2024-11-02', '通讯作者', '深海装备', '["周艳明", "吴涛雪松", "陈文博刚"]'::json, 307, TRUE, '2026-06-15T12:00:00+00:00', '2026-06-15T12:00:00+00:00');
INSERT INTO person_academic_output (person_id, name, form, publish_date, rank, tech_domain, collaborators, citations, is_representative, created_at, updated_at) VALUES ('PERSON_S_d097f5d68465ec6f', '关于深海装备的研究', '期刊论文', '2024-07-05', '通讯作者', '深海装备', '["孙雪松", "唐磊"]'::json, 454, TRUE, '2026-06-15T12:00:00+00:00', '2026-06-15T12:00:00+00:00');
INSERT INTO person_focus (person_id, focus_type, content, consistency_with_policy, potential_impact, created_at, updated_at) VALUES ('PERSON_S_d097f5d68465ec6f', 'tech', '["深海装备前沿方向"]'::json, '符合国家科技创新规划', '["推动产业升级", "形成自主知识产权"]'::json, '2026-06-15T12:00:00+00:00', '2026-06-15T12:00:00+00:00');
INSERT INTO entity_change_log (entity_id, entity_type, field, old_value, new_value, method, operator, source_doc_id, reason, changed_at) VALUES ('PERSON_S_d097f5d68465ec6f', 'person', '*', NULL, '{"action": "create"}'::json, 'rule', NULL, 'mock_seed', NULL, '2026-06-15T12:00:00+00:00');
INSERT INTO person_profile (person_id, name_cn, name_en, gender, avatar, nationality, summary, birth_date, age, birthplace, ethnicity, current_residence, current_org, current_enterprise, current_military_unit, current_position, highest_degree, person_category, professional_domains, professional_skills, social_media, personality_traits, hobbies, management_philosophy, remark, confidence, completeness, created_at, updated_at) VALUES ('PERSON_S_90dec34f6adf3fca', '朱斌杰', 'Expert_Jgalgj', '男', '[]'::json, '中国', '朱斌杰，青年人才，主要从事碳捕集、自动驾驶研究，现任南方前沿集团总工程师。', '1958-04-14', 68, '武汉', '汉族', '上海', '南方前沿集团', NULL, NULL, '["首席科学家"]'::json, '硕士', '领军人才', '["碳捕集", "自动驾驶", "网络安全"]'::json, '["工程化", "算法设计", "系统架构"]'::json, '', '["严谨"]'::json, '["旅行"]'::json, '["产学研结合", "以问题为导向"]'::json, '[]'::json, 0.898, 0.781, '2026-06-15T12:00:00+00:00', '2026-06-15T12:00:00+00:00');
INSERT INTO person_education (person_id, start_date, degree_date, degree, school, major, created_at, updated_at) VALUES ('PERSON_S_90dec34f6adf3fca', '2001-11-07', '2018-08-18', '学士', '北京大学', '大模型', '2026-06-15T12:00:00+00:00', '2026-06-15T12:00:00+00:00');
INSERT INTO person_career (person_id, start_date, end_date, org, enterprise, military_unit, position, created_at, updated_at) VALUES ('PERSON_S_90dec34f6adf3fca', '2005-09-19', NULL, '南方前沿集团', NULL, NULL, '高级工程师', '2026-06-15T12:00:00+00:00', '2026-06-15T12:00:00+00:00');
INSERT INTO person_award (person_id, description, created_at, updated_at) VALUES ('PERSON_S_90dec34f6adf3fca', '2017年获省部级奖励', '2026-06-15T12:00:00+00:00', '2026-06-15T12:00:00+00:00');
INSERT INTO person_academic_output (person_id, name, form, publish_date, rank, tech_domain, collaborators, citations, is_representative, created_at, updated_at) VALUES ('PERSON_S_90dec34f6adf3fca', '关于碳捕集的方法', '专著', '2019-10-24', '通讯作者', '碳捕集', '["宋宇航勇", "李宇航勇", "胡刚海燕"]'::json, 73, TRUE, '2026-06-15T12:00:00+00:00', '2026-06-15T12:00:00+00:00');
INSERT INTO person_academic_output (person_id, name, form, publish_date, rank, tech_domain, collaborators, citations, is_representative, created_at, updated_at) VALUES ('PERSON_S_90dec34f6adf3fca', '关于网络安全的方法', '会议论文', '2024-09-20', '共同作者', '网络安全', '["何建华斌"]'::json, 203, TRUE, '2026-06-15T12:00:00+00:00', '2026-06-15T12:00:00+00:00');
INSERT INTO person_focus (person_id, focus_type, content, consistency_with_policy, potential_impact, created_at, updated_at) VALUES ('PERSON_S_90dec34f6adf3fca', 'tech', '["碳捕集前沿方向"]'::json, '符合国家科技创新规划', '["推动产业升级", "形成自主知识产权"]'::json, '2026-06-15T12:00:00+00:00', '2026-06-15T12:00:00+00:00');
INSERT INTO entity_change_log (entity_id, entity_type, field, old_value, new_value, method, operator, source_doc_id, reason, changed_at) VALUES ('PERSON_S_90dec34f6adf3fca', 'person', '*', NULL, '{"action": "create"}'::json, 'rule', NULL, 'mock_seed', NULL, '2026-06-15T12:00:00+00:00');
INSERT INTO person_profile (person_id, name_cn, name_en, gender, avatar, nationality, summary, birth_date, age, birthplace, ethnicity, current_residence, current_org, current_enterprise, current_military_unit, current_position, highest_degree, person_category, professional_domains, professional_skills, social_media, personality_traits, hobbies, management_philosophy, remark, confidence, completeness, created_at, updated_at) VALUES ('PERSON_S_655e3a6749218bb0', '谢斌', 'Expert_Fekhyf', '男', '[]'::json, '中国', '谢斌，院士，主要从事先进算力、碳捕集研究，现任中聚变集团副院长。', '1983-08-14', 43, '北京', '汉族', '上海', '中聚变集团', NULL, NULL, '["高级工程师"]'::json, '博士', '青年人才', '["先进算力", "碳捕集", "自动驾驶", "5G通信"]'::json, '["项目管理", "算法设计"]'::json, '', '["创新", "务实", "严谨"]'::json, '["旅行", "运动"]'::json, '["产学研结合", "以问题为导向"]'::json, '[]'::json, 0.865, 0.641, '2026-06-15T12:00:00+00:00', '2026-06-15T12:00:00+00:00');
INSERT INTO person_education (person_id, start_date, degree_date, degree, school, major, created_at, updated_at) VALUES ('PERSON_S_655e3a6749218bb0', '1995-02-06', '2006-12-13', '学士', '清华大学', '大模型', '2026-06-15T12:00:00+00:00', '2026-06-15T12:00:00+00:00');
INSERT INTO person_career (person_id, start_date, end_date, org, enterprise, military_unit, position, created_at, updated_at) VALUES ('PERSON_S_655e3a6749218bb0', '2016-07-09', NULL, '中聚变集团', NULL, NULL, '副院长', '2026-06-15T12:00:00+00:00', '2026-06-15T12:00:00+00:00');
INSERT INTO person_award (person_id, description, created_at, updated_at) VALUES ('PERSON_S_655e3a6749218bb0', '2021年获国家自然科学奖', '2026-06-15T12:00:00+00:00', '2026-06-15T12:00:00+00:00');
INSERT INTO person_academic_output (person_id, name, form, publish_date, rank, tech_domain, collaborators, citations, is_representative, created_at, updated_at) VALUES ('PERSON_S_655e3a6749218bb0', '关于先进算力的研究', '专利', '2020-11-28', '第一作者', '碳捕集', '["杨宁刚", "周志强婷"]'::json, 726, TRUE, '2026-06-15T12:00:00+00:00', '2026-06-15T12:00:00+00:00');
INSERT INTO person_academic_output (person_id, name, form, publish_date, rank, tech_domain, collaborators, citations, is_representative, created_at, updated_at) VALUES ('PERSON_S_655e3a6749218bb0', '关于自动驾驶的研究', '专利', '2022-12-14', '共同作者', '先进算力', '["张艳勇"]'::json, 430, TRUE, '2026-06-15T12:00:00+00:00', '2026-06-15T12:00:00+00:00');
INSERT INTO person_focus (person_id, focus_type, content, consistency_with_policy, potential_impact, created_at, updated_at) VALUES ('PERSON_S_655e3a6749218bb0', 'tech', '["5G通信前沿方向"]'::json, '符合国家科技创新规划', '["推动产业升级", "形成自主知识产权"]'::json, '2026-06-15T12:00:00+00:00', '2026-06-15T12:00:00+00:00');
INSERT INTO entity_change_log (entity_id, entity_type, field, old_value, new_value, method, operator, source_doc_id, reason, changed_at) VALUES ('PERSON_S_655e3a6749218bb0', 'person', '*', NULL, '{"action": "create"}'::json, 'rule', NULL, 'mock_seed', NULL, '2026-06-15T12:00:00+00:00');
INSERT INTO person_profile (person_id, name_cn, name_en, gender, avatar, nationality, summary, birth_date, age, birthplace, ethnicity, current_residence, current_org, current_enterprise, current_military_unit, current_position, highest_degree, person_category, professional_domains, professional_skills, social_media, personality_traits, hobbies, management_philosophy, remark, confidence, completeness, created_at, updated_at) VALUES ('PERSON_S_fb2649a006928ece', '王婷磊', 'Expert_Bjeggi', '男', '[]'::json, '中国', '王婷磊，青年人才，主要从事网络安全、碳捕集研究，现任华信息研究所总工程师。', '1985-05-26', 41, '武汉', '汉族', '杭州', '华信息研究所', NULL, NULL, '["主任"]'::json, '硕士', '骨干', '["网络安全", "碳捕集"]'::json, '["算法设计", "数据分析", "项目管理"]'::json, '', '["坚韧", "创新", "严谨"]'::json, '["旅行", "阅读"]'::json, '["产学研结合", "以问题为导向"]'::json, '[]'::json, 0.906, 0.714, '2026-06-15T12:00:00+00:00', '2026-06-15T12:00:00+00:00');
INSERT INTO person_education (person_id, start_date, degree_date, degree, school, major, created_at, updated_at) VALUES ('PERSON_S_fb2649a006928ece', '2007-09-05', '2017-06-25', '学士', '中国科学技术大学', '网络安全', '2026-06-15T12:00:00+00:00', '2026-06-15T12:00:00+00:00');
INSERT INTO person_career (person_id, start_date, end_date, org, enterprise, military_unit, position, created_at, updated_at) VALUES ('PERSON_S_fb2649a006928ece', '2018-06-05', NULL, '华信息研究所', NULL, NULL, '高级工程师', '2026-06-15T12:00:00+00:00', '2026-06-15T12:00:00+00:00');
INSERT INTO person_award (person_id, description, created_at, updated_at) VALUES ('PERSON_S_fb2649a006928ece', '2015年获省部级奖励', '2026-06-15T12:00:00+00:00', '2026-06-15T12:00:00+00:00');
INSERT INTO person_academic_output (person_id, name, form, publish_date, rank, tech_domain, collaborators, citations, is_representative, created_at, updated_at) VALUES ('PERSON_S_fb2649a006928ece', '关于碳捕集的方法', '期刊论文', '2024-12-27', '通讯作者', '网络安全', '["张艳", "朱军"]'::json, 350, TRUE, '2026-06-15T12:00:00+00:00', '2026-06-15T12:00:00+00:00');
INSERT INTO person_academic_output (person_id, name, form, publish_date, rank, tech_domain, collaborators, citations, is_representative, created_at, updated_at) VALUES ('PERSON_S_fb2649a006928ece', '关于碳捕集的方法', '专著', '2020-08-21', '通讯作者', '网络安全', '["周昊斌"]'::json, 545, TRUE, '2026-06-15T12:00:00+00:00', '2026-06-15T12:00:00+00:00');
INSERT INTO person_academic_output (person_id, name, form, publish_date, rank, tech_domain, collaborators, citations, is_representative, created_at, updated_at) VALUES ('PERSON_S_fb2649a006928ece', '关于碳捕集的研究', '期刊论文', '2018-04-08', '共同作者', '碳捕集', '["张平", "高宁"]'::json, 83, TRUE, '2026-06-15T12:00:00+00:00', '2026-06-15T12:00:00+00:00');
INSERT INTO person_focus (person_id, focus_type, content, consistency_with_policy, potential_impact, created_at, updated_at) VALUES ('PERSON_S_fb2649a006928ece', 'tech', '["碳捕集前沿方向"]'::json, '符合国家科技创新规划', '["推动产业升级", "形成自主知识产权"]'::json, '2026-06-15T12:00:00+00:00', '2026-06-15T12:00:00+00:00');
INSERT INTO entity_change_log (entity_id, entity_type, field, old_value, new_value, method, operator, source_doc_id, reason, changed_at) VALUES ('PERSON_S_fb2649a006928ece', 'person', '*', NULL, '{"action": "create"}'::json, 'rule', NULL, 'mock_seed', NULL, '2026-06-15T12:00:00+00:00');
INSERT INTO person_profile (person_id, name_cn, name_en, gender, avatar, nationality, summary, birth_date, age, birthplace, ethnicity, current_residence, current_org, current_enterprise, current_military_unit, current_position, highest_degree, person_category, professional_domains, professional_skills, social_media, personality_traits, hobbies, management_philosophy, remark, confidence, completeness, created_at, updated_at) VALUES ('PERSON_S_ebb03a06fc2e9ab9', '曹磊洋', 'Expert_Qtsfua', '女', '[]'::json, '中国', '曹磊洋，领军人才，主要从事新能源、增材制造研究，现任新智算高科首席科学家。', '1959-10-09', 67, '成都', '汉族', '深圳', '新智算高科', '新智算高科', NULL, '["副院长"]'::json, '博士', '领军人才', '["新能源", "增材制造", "6G通信", "光电技术"]'::json, '["项目管理", "系统架构"]'::json, '', '["协作", "坚韧"]'::json, '["音乐", "阅读"]'::json, '["产学研结合", "以问题为导向"]'::json, '[]'::json, 0.766, 0.574, '2026-06-15T12:00:00+00:00', '2026-06-15T12:00:00+00:00');
INSERT INTO person_education (person_id, start_date, degree_date, degree, school, major, created_at, updated_at) VALUES ('PERSON_S_ebb03a06fc2e9ab9', '1997-05-10', '2009-09-02', '博士', '北京大学', '人工智能', '2026-06-15T12:00:00+00:00', '2026-06-15T12:00:00+00:00');
INSERT INTO person_career (person_id, start_date, end_date, org, enterprise, military_unit, position, created_at, updated_at) VALUES ('PERSON_S_ebb03a06fc2e9ab9', '2006-10-11', NULL, '新智算高科', '新智算高科', NULL, '教授', '2026-06-15T12:00:00+00:00', '2026-06-15T12:00:00+00:00');
INSERT INTO person_award (person_id, description, created_at, updated_at) VALUES ('PERSON_S_ebb03a06fc2e9ab9', '2020年获省部级奖励', '2026-06-15T12:00:00+00:00', '2026-06-15T12:00:00+00:00');
INSERT INTO person_academic_output (person_id, name, form, publish_date, rank, tech_domain, collaborators, citations, is_representative, created_at, updated_at) VALUES ('PERSON_S_ebb03a06fc2e9ab9', '关于新能源的研究', '专利', '2018-10-14', '共同作者', '光电技术', '["徐晓东"]'::json, 382, TRUE, '2026-06-15T12:00:00+00:00', '2026-06-15T12:00:00+00:00');
INSERT INTO person_academic_output (person_id, name, form, publish_date, rank, tech_domain, collaborators, citations, is_representative, created_at, updated_at) VALUES ('PERSON_S_ebb03a06fc2e9ab9', '关于新能源的综述', '专利', '2018-01-04', '共同作者', '光电技术', '["黄雪松明", "徐艳"]'::json, 84, TRUE, '2026-06-15T12:00:00+00:00', '2026-06-15T12:00:00+00:00');
INSERT INTO person_focus (person_id, focus_type, content, consistency_with_policy, potential_impact, created_at, updated_at) VALUES ('PERSON_S_ebb03a06fc2e9ab9', 'tech', '["增材制造前沿方向"]'::json, '符合国家科技创新规划', '["推动产业升级", "形成自主知识产权"]'::json, '2026-06-15T12:00:00+00:00', '2026-06-15T12:00:00+00:00');
INSERT INTO entity_change_log (entity_id, entity_type, field, old_value, new_value, method, operator, source_doc_id, reason, changed_at) VALUES ('PERSON_S_ebb03a06fc2e9ab9', 'person', '*', NULL, '{"action": "create"}'::json, 'rule', NULL, 'mock_seed', NULL, '2026-06-15T12:00:00+00:00');
INSERT INTO person_profile (person_id, name_cn, name_en, gender, avatar, nationality, summary, birth_date, age, birthplace, ethnicity, current_residence, current_org, current_enterprise, current_military_unit, current_position, highest_degree, person_category, professional_domains, professional_skills, social_media, personality_traits, hobbies, management_philosophy, remark, confidence, completeness, created_at, updated_at) VALUES ('PERSON_S_88d78dc6c51105f0', '许明瑞', 'Expert_Wuifgi', '女', '[]'::json, '中国', '许明瑞，青年人才，主要从事5G通信、人工智能研究，现任北方算力研究院教授。', '1974-02-05', 52, '哈尔滨', '汉族', '深圳', '北方算力研究院', NULL, NULL, '["主任"]'::json, '学士', '领军人才', '["5G通信", "人工智能", "卫星互联网", "机器人"]'::json, '["系统架构", "项目管理", "数据分析", "实验验证"]'::json, '', '["务实", "协作"]'::json, '["旅行"]'::json, '["产学研结合", "以问题为导向"]'::json, '[]'::json, 0.975, 0.858, '2026-06-15T12:00:00+00:00', '2026-06-15T12:00:00+00:00');
INSERT INTO person_education (person_id, start_date, degree_date, degree, school, major, created_at, updated_at) VALUES ('PERSON_S_88d78dc6c51105f0', '2010-08-23', '2009-07-27', '学士', '中国科学技术大学', '集成电路', '2026-06-15T12:00:00+00:00', '2026-06-15T12:00:00+00:00');
INSERT INTO person_career (person_id, start_date, end_date, org, enterprise, military_unit, position, created_at, updated_at) VALUES ('PERSON_S_88d78dc6c51105f0', '2012-09-02', NULL, '北方算力研究院', NULL, NULL, '教授', '2026-06-15T12:00:00+00:00', '2026-06-15T12:00:00+00:00');
INSERT INTO person_award (person_id, description, created_at, updated_at) VALUES ('PERSON_S_88d78dc6c51105f0', '2016年获省部级奖励', '2026-06-15T12:00:00+00:00', '2026-06-15T12:00:00+00:00');
INSERT INTO person_academic_output (person_id, name, form, publish_date, rank, tech_domain, collaborators, citations, is_representative, created_at, updated_at) VALUES ('PERSON_S_88d78dc6c51105f0', '关于机器人的研究', '期刊论文', '2023-03-28', '第一作者', '卫星互联网', '["朱磊峰", "梁建华"]'::json, 785, TRUE, '2026-06-15T12:00:00+00:00', '2026-06-15T12:00:00+00:00');
INSERT INTO person_academic_output (person_id, name, form, publish_date, rank, tech_domain, collaborators, citations, is_representative, created_at, updated_at) VALUES ('PERSON_S_88d78dc6c51105f0', '关于5G通信的方法', '期刊论文', '2019-02-02', '通讯作者', '机器人', '["许婷建华"]'::json, 65, TRUE, '2026-06-15T12:00:00+00:00', '2026-06-15T12:00:00+00:00');
INSERT INTO person_academic_output (person_id, name, form, publish_date, rank, tech_domain, collaborators, citations, is_representative, created_at, updated_at) VALUES ('PERSON_S_88d78dc6c51105f0', '关于机器人的方法', '期刊论文', '2019-05-13', '共同作者', '机器人', '["邓涛", "周文博"]'::json, 55, TRUE, '2026-06-15T12:00:00+00:00', '2026-06-15T12:00:00+00:00');
INSERT INTO person_academic_output (person_id, name, form, publish_date, rank, tech_domain, collaborators, citations, is_representative, created_at, updated_at) VALUES ('PERSON_S_88d78dc6c51105f0', '关于机器人的方法', '专利', '2024-12-28', '第一作者', '卫星互联网', '["谢斌宇航", "曹斌霞", "郑磊"]'::json, 608, TRUE, '2026-06-15T12:00:00+00:00', '2026-06-15T12:00:00+00:00');
INSERT INTO person_focus (person_id, focus_type, content, consistency_with_policy, potential_impact, created_at, updated_at) VALUES ('PERSON_S_88d78dc6c51105f0', 'tech', '["5G通信前沿方向"]'::json, '符合国家科技创新规划', '["推动产业升级", "形成自主知识产权"]'::json, '2026-06-15T12:00:00+00:00', '2026-06-15T12:00:00+00:00');
INSERT INTO entity_change_log (entity_id, entity_type, field, old_value, new_value, method, operator, source_doc_id, reason, changed_at) VALUES ('PERSON_S_88d78dc6c51105f0', 'person', '*', NULL, '{"action": "create"}'::json, 'rule', NULL, 'mock_seed', NULL, '2026-06-15T12:00:00+00:00');
INSERT INTO person_profile (person_id, name_cn, name_en, gender, avatar, nationality, summary, birth_date, age, birthplace, ethnicity, current_residence, current_org, current_enterprise, current_military_unit, current_position, highest_degree, person_category, professional_domains, professional_skills, social_media, personality_traits, hobbies, management_philosophy, remark, confidence, completeness, created_at, updated_at) VALUES ('PERSON_S_b70d965cad6920b8', '谢伟', 'Expert_Uyiwru', '女', '[]'::json, '中国', '谢伟，院士，主要从事机器人、航空航天研究，现任航天氢动集团主任。', '1965-08-25', 61, '武汉', '汉族', '杭州', '航天氢动集团', NULL, NULL, '["研究员"]'::json, '学士', '领军人才', '["机器人", "航空航天", "半导体", "增材制造"]'::json, '["数据分析", "项目管理", "系统架构", "算法设计"]'::json, '', '["协作", "严谨", "创新"]'::json, '["运动"]'::json, '["产学研结合", "以问题为导向"]'::json, '[]'::json, 0.77, 0.631, '2026-06-15T12:00:00+00:00', '2026-06-15T12:00:00+00:00');
INSERT INTO person_education (person_id, start_date, degree_date, degree, school, major, created_at, updated_at) VALUES ('PERSON_S_b70d965cad6920b8', '2007-11-06', '2000-12-20', '学士', '上海交通大学', '集成电路', '2026-06-15T12:00:00+00:00', '2026-06-15T12:00:00+00:00');
INSERT INTO person_career (person_id, start_date, end_date, org, enterprise, military_unit, position, created_at, updated_at) VALUES ('PERSON_S_b70d965cad6920b8', '2015-05-04', NULL, '航天氢动集团', NULL, NULL, '副教授', '2026-06-15T12:00:00+00:00', '2026-06-15T12:00:00+00:00');
INSERT INTO person_award (person_id, description, created_at, updated_at) VALUES ('PERSON_S_b70d965cad6920b8', '2021年获学会优秀论文', '2026-06-15T12:00:00+00:00', '2026-06-15T12:00:00+00:00');
INSERT INTO person_academic_output (person_id, name, form, publish_date, rank, tech_domain, collaborators, citations, is_representative, created_at, updated_at) VALUES ('PERSON_S_b70d965cad6920b8', '关于机器人的综述', '会议论文', '2022-02-05', '共同作者', '半导体', '["冯斌宇航", "高宇航", "谢艳"]'::json, 237, TRUE, '2026-06-15T12:00:00+00:00', '2026-06-15T12:00:00+00:00');
INSERT INTO person_academic_output (person_id, name, form, publish_date, rank, tech_domain, collaborators, citations, is_representative, created_at, updated_at) VALUES ('PERSON_S_b70d965cad6920b8', '关于半导体的综述', '期刊论文', '2023-11-03', '第一作者', '半导体', '["马斌晓东", "王强", "林杰超"]'::json, 184, TRUE, '2026-06-15T12:00:00+00:00', '2026-06-15T12:00:00+00:00');
INSERT INTO person_focus (person_id, focus_type, content, consistency_with_policy, potential_impact, created_at, updated_at) VALUES ('PERSON_S_b70d965cad6920b8', 'tech', '["机器人前沿方向"]'::json, '符合国家科技创新规划', '["推动产业升级", "形成自主知识产权"]'::json, '2026-06-15T12:00:00+00:00', '2026-06-15T12:00:00+00:00');
INSERT INTO entity_change_log (entity_id, entity_type, field, old_value, new_value, method, operator, source_doc_id, reason, changed_at) VALUES ('PERSON_S_b70d965cad6920b8', 'person', '*', NULL, '{"action": "create"}'::json, 'rule', NULL, 'mock_seed', NULL, '2026-06-15T12:00:00+00:00');
INSERT INTO person_profile (person_id, name_cn, name_en, gender, avatar, nationality, summary, birth_date, age, birthplace, ethnicity, current_residence, current_org, current_enterprise, current_military_unit, current_position, highest_degree, person_category, professional_domains, professional_skills, social_media, personality_traits, hobbies, management_philosophy, remark, confidence, completeness, created_at, updated_at) VALUES ('PERSON_S_cad7dac717e11540', '徐勇', 'Expert_Rkjqzd', '男', '[]'::json, '中国', '徐勇，专家，主要从事基因编辑、生物医药研究，现任中科微纳股份主任。', '1992-12-25', 34, '西安', '汉族', '深圳', '中科微纳股份', NULL, NULL, '["高级工程师"]'::json, '硕士', '领军人才', '["基因编辑", "生物医药", "自动驾驶"]'::json, '["项目管理", "实验验证", "算法设计", "系统架构"]'::json, '', '["严谨"]'::json, '["旅行"]'::json, '["产学研结合", "以问题为导向"]'::json, '[]'::json, 0.711, 0.832, '2026-06-15T12:00:00+00:00', '2026-06-15T12:00:00+00:00');
INSERT INTO person_education (person_id, start_date, degree_date, degree, school, major, created_at, updated_at) VALUES ('PERSON_S_cad7dac717e11540', '1990-12-01', '2002-04-10', '博士', '上海交通大学', '集成电路', '2026-06-15T12:00:00+00:00', '2026-06-15T12:00:00+00:00');
INSERT INTO person_career (person_id, start_date, end_date, org, enterprise, military_unit, position, created_at, updated_at) VALUES ('PERSON_S_cad7dac717e11540', '2007-02-26', NULL, '中科微纳股份', NULL, NULL, '教授', '2026-06-15T12:00:00+00:00', '2026-06-15T12:00:00+00:00');
INSERT INTO person_award (person_id, description, created_at, updated_at) VALUES ('PERSON_S_cad7dac717e11540', '2022年获国家自然科学奖', '2026-06-15T12:00:00+00:00', '2026-06-15T12:00:00+00:00');
INSERT INTO person_academic_output (person_id, name, form, publish_date, rank, tech_domain, collaborators, citations, is_representative, created_at, updated_at) VALUES ('PERSON_S_cad7dac717e11540', '关于自动驾驶的研究', '专利', '2022-09-18', '通讯作者', '生物医药', '["周杰", "梁志强", "彭艳斌"]'::json, 583, TRUE, '2026-06-15T12:00:00+00:00', '2026-06-15T12:00:00+00:00');
INSERT INTO person_academic_output (person_id, name, form, publish_date, rank, tech_domain, collaborators, citations, is_representative, created_at, updated_at) VALUES ('PERSON_S_cad7dac717e11540', '关于自动驾驶的方法', '期刊论文', '2021-06-15', '通讯作者', '基因编辑', '["邓强", "张峰", "曹艳平"]'::json, 739, TRUE, '2026-06-15T12:00:00+00:00', '2026-06-15T12:00:00+00:00');
INSERT INTO person_academic_output (person_id, name, form, publish_date, rank, tech_domain, collaborators, citations, is_representative, created_at, updated_at) VALUES ('PERSON_S_cad7dac717e11540', '关于生物医药的方法', '期刊论文', '2018-06-24', '通讯作者', '基因编辑', '["周宁", "谢军", "曹磊"]'::json, 636, TRUE, '2026-06-15T12:00:00+00:00', '2026-06-15T12:00:00+00:00');
INSERT INTO person_academic_output (person_id, name, form, publish_date, rank, tech_domain, collaborators, citations, is_representative, created_at, updated_at) VALUES ('PERSON_S_cad7dac717e11540', '关于自动驾驶的方法', '会议论文', '2020-11-17', '共同作者', '生物医药', '["高海燕", "赵明强"]'::json, 769, TRUE, '2026-06-15T12:00:00+00:00', '2026-06-15T12:00:00+00:00');
INSERT INTO person_focus (person_id, focus_type, content, consistency_with_policy, potential_impact, created_at, updated_at) VALUES ('PERSON_S_cad7dac717e11540', 'tech', '["生物医药前沿方向"]'::json, '符合国家科技创新规划', '["推动产业升级", "形成自主知识产权"]'::json, '2026-06-15T12:00:00+00:00', '2026-06-15T12:00:00+00:00');
INSERT INTO entity_change_log (entity_id, entity_type, field, old_value, new_value, method, operator, source_doc_id, reason, changed_at) VALUES ('PERSON_S_cad7dac717e11540', 'person', '*', NULL, '{"action": "create"}'::json, 'rule', NULL, 'mock_seed', NULL, '2026-06-15T12:00:00+00:00');
INSERT INTO person_profile (person_id, name_cn, name_en, gender, avatar, nationality, summary, birth_date, age, birthplace, ethnicity, current_residence, current_org, current_enterprise, current_military_unit, current_position, highest_degree, person_category, professional_domains, professional_skills, social_media, personality_traits, hobbies, management_philosophy, remark, confidence, completeness, created_at, updated_at) VALUES ('PERSON_S_c1871c0f35f9fbd2', '黄娟', 'Expert_Zeltix', '男', '[]'::json, '中国', '黄娟，领军人才，主要从事基因编辑、增材制造研究，现任航天基因工程技术中心副院长。', '1984-05-14', 42, '成都', '汉族', '上海', '航天基因工程技术中心', NULL, NULL, '["总工程师"]'::json, '博士', '领军人才', '["基因编辑", "增材制造", "生物医药"]'::json, '["数据分析", "项目管理", "算法设计", "系统架构"]'::json, '', '["协作", "务实", "坚韧"]'::json, '["音乐", "旅行"]'::json, '["产学研结合", "以问题为导向"]'::json, '[]'::json, 0.871, 0.86, '2026-06-15T12:00:00+00:00', '2026-06-15T12:00:00+00:00');
INSERT INTO person_education (person_id, start_date, degree_date, degree, school, major, created_at, updated_at) VALUES ('PERSON_S_c1871c0f35f9fbd2', '2005-06-10', '2012-05-02', '学士', '浙江大学', '基因编辑', '2026-06-15T12:00:00+00:00', '2026-06-15T12:00:00+00:00');
INSERT INTO person_career (person_id, start_date, end_date, org, enterprise, military_unit, position, created_at, updated_at) VALUES ('PERSON_S_c1871c0f35f9fbd2', '2017-02-07', NULL, '航天基因工程技术中心', NULL, NULL, '教授', '2026-06-15T12:00:00+00:00', '2026-06-15T12:00:00+00:00');
INSERT INTO person_award (person_id, description, created_at, updated_at) VALUES ('PERSON_S_c1871c0f35f9fbd2', '2021年获国家自然科学奖', '2026-06-15T12:00:00+00:00', '2026-06-15T12:00:00+00:00');
INSERT INTO person_academic_output (person_id, name, form, publish_date, rank, tech_domain, collaborators, citations, is_representative, created_at, updated_at) VALUES ('PERSON_S_c1871c0f35f9fbd2', '关于基因编辑的研究', '专著', '2021-03-07', '共同作者', '增材制造', '["郑晓东", "韩涛"]'::json, 496, TRUE, '2026-06-15T12:00:00+00:00', '2026-06-15T12:00:00+00:00');
INSERT INTO person_academic_output (person_id, name, form, publish_date, rank, tech_domain, collaborators, citations, is_representative, created_at, updated_at) VALUES ('PERSON_S_c1871c0f35f9fbd2', '关于基因编辑的综述', '会议论文', '2024-03-12', '共同作者', '基因编辑', '["黄桂英"]'::json, 795, TRUE, '2026-06-15T12:00:00+00:00', '2026-06-15T12:00:00+00:00');
INSERT INTO person_focus (person_id, focus_type, content, consistency_with_policy, potential_impact, created_at, updated_at) VALUES ('PERSON_S_c1871c0f35f9fbd2', 'tech', '["基因编辑前沿方向"]'::json, '符合国家科技创新规划', '["推动产业升级", "形成自主知识产权"]'::json, '2026-06-15T12:00:00+00:00', '2026-06-15T12:00:00+00:00');
INSERT INTO entity_change_log (entity_id, entity_type, field, old_value, new_value, method, operator, source_doc_id, reason, changed_at) VALUES ('PERSON_S_c1871c0f35f9fbd2', 'person', '*', NULL, '{"action": "create"}'::json, 'rule', NULL, 'mock_seed', NULL, '2026-06-15T12:00:00+00:00');
INSERT INTO person_profile (person_id, name_cn, name_en, gender, avatar, nationality, summary, birth_date, age, birthplace, ethnicity, current_residence, current_org, current_enterprise, current_military_unit, current_position, highest_degree, person_category, professional_domains, professional_skills, social_media, personality_traits, hobbies, management_philosophy, remark, confidence, completeness, created_at, updated_at) VALUES ('PERSON_S_53f5bae49d1642a7', '徐志强', 'Expert_Vealid', '男', '[]'::json, '中国', '徐志强，院士，主要从事深海装备、集成电路研究，现任新芯创科技副教授。', '1973-01-14', 53, '西安', '汉族', '上海', '新芯创科技', NULL, NULL, '["首席科学家"]'::json, '博士', '青年人才', '["深海装备", "集成电路"]'::json, '["项目管理", "数据分析", "工程化", "系统架构"]'::json, '', '["协作", "务实"]'::json, '["音乐"]'::json, '["产学研结合", "以问题为导向"]'::json, '[]'::json, 0.857, 0.697, '2026-06-15T12:00:00+00:00', '2026-06-15T12:00:00+00:00');
INSERT INTO person_education (person_id, start_date, degree_date, degree, school, major, created_at, updated_at) VALUES ('PERSON_S_53f5bae49d1642a7', '2005-10-24', '2013-10-24', '硕士', '浙江大学', '深海装备', '2026-06-15T12:00:00+00:00', '2026-06-15T12:00:00+00:00');
INSERT INTO person_career (person_id, start_date, end_date, org, enterprise, military_unit, position, created_at, updated_at) VALUES ('PERSON_S_53f5bae49d1642a7', '2018-12-28', NULL, '新芯创科技', NULL, NULL, '副院长', '2026-06-15T12:00:00+00:00', '2026-06-15T12:00:00+00:00');
INSERT INTO person_award (person_id, description, created_at, updated_at) VALUES ('PERSON_S_53f5bae49d1642a7', '2020年获学会优秀论文', '2026-06-15T12:00:00+00:00', '2026-06-15T12:00:00+00:00');
INSERT INTO person_academic_output (person_id, name, form, publish_date, rank, tech_domain, collaborators, citations, is_representative, created_at, updated_at) VALUES ('PERSON_S_53f5bae49d1642a7', '关于深海装备的方法', '专著', '2023-09-06', '第一作者', '集成电路', '["马明", "杨超俊杰"]'::json, 287, TRUE, '2026-06-15T12:00:00+00:00', '2026-06-15T12:00:00+00:00');
INSERT INTO person_academic_output (person_id, name, form, publish_date, rank, tech_domain, collaborators, citations, is_representative, created_at, updated_at) VALUES ('PERSON_S_53f5bae49d1642a7', '关于深海装备的综述', '专著', '2024-06-13', '第一作者', '集成电路', '["赵瑞", "吴瑞"]'::json, 57, TRUE, '2026-06-15T12:00:00+00:00', '2026-06-15T12:00:00+00:00');
INSERT INTO person_focus (person_id, focus_type, content, consistency_with_policy, potential_impact, created_at, updated_at) VALUES ('PERSON_S_53f5bae49d1642a7', 'tech', '["深海装备前沿方向"]'::json, '符合国家科技创新规划', '["推动产业升级", "形成自主知识产权"]'::json, '2026-06-15T12:00:00+00:00', '2026-06-15T12:00:00+00:00');
INSERT INTO entity_change_log (entity_id, entity_type, field, old_value, new_value, method, operator, source_doc_id, reason, changed_at) VALUES ('PERSON_S_53f5bae49d1642a7', 'person', '*', NULL, '{"action": "create"}'::json, 'rule', NULL, 'mock_seed', NULL, '2026-06-15T12:00:00+00:00');
INSERT INTO person_profile (person_id, name_cn, name_en, gender, avatar, nationality, summary, birth_date, age, birthplace, ethnicity, current_residence, current_org, current_enterprise, current_military_unit, current_position, highest_degree, person_category, professional_domains, professional_skills, social_media, personality_traits, hobbies, management_philosophy, remark, confidence, completeness, created_at, updated_at) VALUES ('PERSON_S_e3919ecbd60feb0a', '朱桂英', 'Expert_Uxotik', '男', '[]'::json, '中国', '朱桂英，院士，主要从事自动驾驶、先进算力研究，现任新生医实验室副教授。', '1994-02-26', 32, '哈尔滨', '汉族', '北京', '新生医实验室', '新生医实验室', NULL, '["高级工程师"]'::json, '博士', '领军人才', '["自动驾驶", "先进算力", "无人机", "6G通信"]'::json, '["项目管理", "系统架构", "算法设计", "工程化"]'::json, '', '["创新", "务实", "协作"]'::json, '["运动", "旅行"]'::json, '["产学研结合", "以问题为导向"]'::json, '[]'::json, 0.862, 0.569, '2026-06-15T12:00:00+00:00', '2026-06-15T12:00:00+00:00');
INSERT INTO person_education (person_id, start_date, degree_date, degree, school, major, created_at, updated_at) VALUES ('PERSON_S_e3919ecbd60feb0a', '1993-12-08', '2010-06-07', '硕士', '浙江大学', '集成电路', '2026-06-15T12:00:00+00:00', '2026-06-15T12:00:00+00:00');
INSERT INTO person_career (person_id, start_date, end_date, org, enterprise, military_unit, position, created_at, updated_at) VALUES ('PERSON_S_e3919ecbd60feb0a', '2017-11-12', NULL, '新生医实验室', '新生医实验室', NULL, '研究员', '2026-06-15T12:00:00+00:00', '2026-06-15T12:00:00+00:00');
INSERT INTO person_award (person_id, description, created_at, updated_at) VALUES ('PERSON_S_e3919ecbd60feb0a', '2020年获省部级奖励', '2026-06-15T12:00:00+00:00', '2026-06-15T12:00:00+00:00');
INSERT INTO person_academic_output (person_id, name, form, publish_date, rank, tech_domain, collaborators, citations, is_representative, created_at, updated_at) VALUES ('PERSON_S_e3919ecbd60feb0a', '关于无人机的研究', '专著', '2020-03-10', '第一作者', '6G通信', '["刘平斌", "赵强"]'::json, 735, TRUE, '2026-06-15T12:00:00+00:00', '2026-06-15T12:00:00+00:00');
INSERT INTO person_academic_output (person_id, name, form, publish_date, rank, tech_domain, collaborators, citations, is_representative, created_at, updated_at) VALUES ('PERSON_S_e3919ecbd60feb0a', '关于无人机的综述', '专著', '2018-05-19', '第一作者', '6G通信', '["张涛晓东", "刘宇航", "杨明志强"]'::json, 667, TRUE, '2026-06-15T12:00:00+00:00', '2026-06-15T12:00:00+00:00');
INSERT INTO person_focus (person_id, focus_type, content, consistency_with_policy, potential_impact, created_at, updated_at) VALUES ('PERSON_S_e3919ecbd60feb0a', 'tech', '["先进算力前沿方向"]'::json, '符合国家科技创新规划', '["推动产业升级", "形成自主知识产权"]'::json, '2026-06-15T12:00:00+00:00', '2026-06-15T12:00:00+00:00');
INSERT INTO entity_change_log (entity_id, entity_type, field, old_value, new_value, method, operator, source_doc_id, reason, changed_at) VALUES ('PERSON_S_e3919ecbd60feb0a', 'person', '*', NULL, '{"action": "create"}'::json, 'rule', NULL, 'mock_seed', NULL, '2026-06-15T12:00:00+00:00');
INSERT INTO person_profile (person_id, name_cn, name_en, gender, avatar, nationality, summary, birth_date, age, birthplace, ethnicity, current_residence, current_org, current_enterprise, current_military_unit, current_position, highest_degree, person_category, professional_domains, professional_skills, social_media, personality_traits, hobbies, management_philosophy, remark, confidence, completeness, created_at, updated_at) VALUES ('PERSON_S_60f3816e2b43f15a', '王宁军', 'Expert_Kinbxn', '男', '[]'::json, '中国', '王宁军，青年人才，主要从事卫星互联网研究，现任国未来研究院主任。', '1976-03-07', 50, '北京', '汉族', '杭州', '国未来研究院', NULL, NULL, '["主任"]'::json, '博士', '骨干', '["卫星互联网"]'::json, '["算法设计", "工程化"]'::json, '', '["创新", "务实", "严谨"]'::json, '["阅读", "音乐"]'::json, '["产学研结合", "以问题为导向"]'::json, '[]'::json, 0.837, 0.851, '2026-06-15T12:00:00+00:00', '2026-06-15T12:00:00+00:00');
INSERT INTO person_education (person_id, start_date, degree_date, degree, school, major, created_at, updated_at) VALUES ('PERSON_S_60f3816e2b43f15a', '2002-01-17', '2001-02-10', '博士', '浙江大学', '集成电路', '2026-06-15T12:00:00+00:00', '2026-06-15T12:00:00+00:00');
INSERT INTO person_career (person_id, start_date, end_date, org, enterprise, military_unit, position, created_at, updated_at) VALUES ('PERSON_S_60f3816e2b43f15a', '2018-10-02', NULL, '国未来研究院', NULL, NULL, '副院长', '2026-06-15T12:00:00+00:00', '2026-06-15T12:00:00+00:00');
INSERT INTO person_award (person_id, description, created_at, updated_at) VALUES ('PERSON_S_60f3816e2b43f15a', '2017年获省部级奖励', '2026-06-15T12:00:00+00:00', '2026-06-15T12:00:00+00:00');
INSERT INTO person_academic_output (person_id, name, form, publish_date, rank, tech_domain, collaborators, citations, is_representative, created_at, updated_at) VALUES ('PERSON_S_60f3816e2b43f15a', '关于卫星互联网的研究', '会议论文', '2018-06-25', '共同作者', '卫星互联网', '["李磊"]'::json, 659, TRUE, '2026-06-15T12:00:00+00:00', '2026-06-15T12:00:00+00:00');
INSERT INTO person_academic_output (person_id, name, form, publish_date, rank, tech_domain, collaborators, citations, is_representative, created_at, updated_at) VALUES ('PERSON_S_60f3816e2b43f15a', '关于卫星互联网的综述', '会议论文', '2023-11-12', '共同作者', '卫星互联网', '["宋宁明", "谢建华", "朱霞"]'::json, 36, TRUE, '2026-06-15T12:00:00+00:00', '2026-06-15T12:00:00+00:00');
INSERT INTO person_focus (person_id, focus_type, content, consistency_with_policy, potential_impact, created_at, updated_at) VALUES ('PERSON_S_60f3816e2b43f15a', 'tech', '["卫星互联网前沿方向"]'::json, '符合国家科技创新规划', '["推动产业升级", "形成自主知识产权"]'::json, '2026-06-15T12:00:00+00:00', '2026-06-15T12:00:00+00:00');
INSERT INTO entity_change_log (entity_id, entity_type, field, old_value, new_value, method, operator, source_doc_id, reason, changed_at) VALUES ('PERSON_S_60f3816e2b43f15a', 'person', '*', NULL, '{"action": "create"}'::json, 'rule', NULL, 'mock_seed', NULL, '2026-06-15T12:00:00+00:00');
INSERT INTO person_profile (person_id, name_cn, name_en, gender, avatar, nationality, summary, birth_date, age, birthplace, ethnicity, current_residence, current_org, current_enterprise, current_military_unit, current_position, highest_degree, person_category, professional_domains, professional_skills, social_media, personality_traits, hobbies, management_philosophy, remark, confidence, completeness, created_at, updated_at) VALUES ('PERSON_S_54b7a0a8b2df51a9', '韩娟刚', 'Expert_Wughxg', '男', '[]'::json, '中国', '韩娟刚，院士，主要从事光电技术、自动驾驶研究，现任中科前沿实验室主任。', '1982-09-21', 44, '上海', '汉族', '北京', '中科前沿实验室', '中科前沿实验室', NULL, '["首席科学家"]'::json, '硕士', '院士', '["光电技术", "自动驾驶", "增材制造", "基因编辑"]'::json, '["实验验证", "项目管理", "工程化"]'::json, '', '["务实", "创新"]'::json, '["音乐", "运动"]'::json, '["产学研结合", "以问题为导向"]'::json, '[]'::json, 0.732, 0.773, '2026-06-15T12:00:00+00:00', '2026-06-15T12:00:00+00:00');
INSERT INTO person_education (person_id, start_date, degree_date, degree, school, major, created_at, updated_at) VALUES ('PERSON_S_54b7a0a8b2df51a9', '1997-09-13', '2007-11-01', '学士', '北京大学', '光电技术', '2026-06-15T12:00:00+00:00', '2026-06-15T12:00:00+00:00');
INSERT INTO person_career (person_id, start_date, end_date, org, enterprise, military_unit, position, created_at, updated_at) VALUES ('PERSON_S_54b7a0a8b2df51a9', '2012-06-03', NULL, '中科前沿实验室', '中科前沿实验室', NULL, '研究员', '2026-06-15T12:00:00+00:00', '2026-06-15T12:00:00+00:00');
INSERT INTO person_award (person_id, description, created_at, updated_at) VALUES ('PERSON_S_54b7a0a8b2df51a9', '2022年获国家自然科学奖', '2026-06-15T12:00:00+00:00', '2026-06-15T12:00:00+00:00');
INSERT INTO person_academic_output (person_id, name, form, publish_date, rank, tech_domain, collaborators, citations, is_representative, created_at, updated_at) VALUES ('PERSON_S_54b7a0a8b2df51a9', '关于自动驾驶的方法', '专著', '2020-02-03', '通讯作者', '自动驾驶', '["许军晓东", "曹宇航强", "周霞磊"]'::json, 164, TRUE, '2026-06-15T12:00:00+00:00', '2026-06-15T12:00:00+00:00');
INSERT INTO person_academic_output (person_id, name, form, publish_date, rank, tech_domain, collaborators, citations, is_representative, created_at, updated_at) VALUES ('PERSON_S_54b7a0a8b2df51a9', '关于光电技术的研究', '专利', '2018-06-24', '通讯作者', '光电技术', '["高俊杰", "孙超", "孙瑞娟"]'::json, 87, TRUE, '2026-06-15T12:00:00+00:00', '2026-06-15T12:00:00+00:00');
INSERT INTO person_focus (person_id, focus_type, content, consistency_with_policy, potential_impact, created_at, updated_at) VALUES ('PERSON_S_54b7a0a8b2df51a9', 'tech', '["光电技术前沿方向"]'::json, '符合国家科技创新规划', '["推动产业升级", "形成自主知识产权"]'::json, '2026-06-15T12:00:00+00:00', '2026-06-15T12:00:00+00:00');
INSERT INTO entity_change_log (entity_id, entity_type, field, old_value, new_value, method, operator, source_doc_id, reason, changed_at) VALUES ('PERSON_S_54b7a0a8b2df51a9', 'person', '*', NULL, '{"action": "create"}'::json, 'rule', NULL, 'mock_seed', NULL, '2026-06-15T12:00:00+00:00');
INSERT INTO person_profile (person_id, name_cn, name_en, gender, avatar, nationality, summary, birth_date, age, birthplace, ethnicity, current_residence, current_org, current_enterprise, current_military_unit, current_position, highest_degree, person_category, professional_domains, professional_skills, social_media, personality_traits, hobbies, management_philosophy, remark, confidence, completeness, created_at, updated_at) VALUES ('PERSON_S_7472614cba46eccc', '高超娟', 'Expert_Zmgetb', '男', '[]'::json, '中国', '高超娟，专家，主要从事无人机、6G通信研究，现任远生医工程技术中心主任。', '1966-10-16', 60, '北京', '汉族', '杭州', '远生医工程技术中心', NULL, NULL, '["副教授"]'::json, '博士', '领军人才', '["无人机", "6G通信", "网络安全"]'::json, '["算法设计", "实验验证"]'::json, '', '["协作"]'::json, '["运动", "阅读"]'::json, '["产学研结合", "以问题为导向"]'::json, '[]'::json, 0.831, 0.742, '2026-06-15T12:00:00+00:00', '2026-06-15T12:00:00+00:00');
INSERT INTO person_education (person_id, start_date, degree_date, degree, school, major, created_at, updated_at) VALUES ('PERSON_S_7472614cba46eccc', '1990-09-17', '2006-07-07', '硕士', '浙江大学', '大模型', '2026-06-15T12:00:00+00:00', '2026-06-15T12:00:00+00:00');
INSERT INTO person_career (person_id, start_date, end_date, org, enterprise, military_unit, position, created_at, updated_at) VALUES ('PERSON_S_7472614cba46eccc', '2011-01-07', NULL, '远生医工程技术中心', NULL, NULL, '教授', '2026-06-15T12:00:00+00:00', '2026-06-15T12:00:00+00:00');
INSERT INTO person_award (person_id, description, created_at, updated_at) VALUES ('PERSON_S_7472614cba46eccc', '2020年获国家自然科学奖', '2026-06-15T12:00:00+00:00', '2026-06-15T12:00:00+00:00');
INSERT INTO person_academic_output (person_id, name, form, publish_date, rank, tech_domain, collaborators, citations, is_representative, created_at, updated_at) VALUES ('PERSON_S_7472614cba46eccc', '关于6G通信的研究', '专利', '2024-08-14', '共同作者', '网络安全', '["何宇航超", "梁平昊"]'::json, 178, TRUE, '2026-06-15T12:00:00+00:00', '2026-06-15T12:00:00+00:00');
INSERT INTO person_academic_output (person_id, name, form, publish_date, rank, tech_domain, collaborators, citations, is_representative, created_at, updated_at) VALUES ('PERSON_S_7472614cba46eccc', '关于无人机的方法', '专著', '2022-09-27', '通讯作者', '无人机', '["宋洋艳", "梁志强", "许平"]'::json, 323, TRUE, '2026-06-15T12:00:00+00:00', '2026-06-15T12:00:00+00:00');
INSERT INTO person_academic_output (person_id, name, form, publish_date, rank, tech_domain, collaborators, citations, is_representative, created_at, updated_at) VALUES ('PERSON_S_7472614cba46eccc', '关于网络安全的方法', '专著', '2019-11-25', '共同作者', '6G通信', '["朱涛雪松"]'::json, 253, TRUE, '2026-06-15T12:00:00+00:00', '2026-06-15T12:00:00+00:00');
INSERT INTO person_focus (person_id, focus_type, content, consistency_with_policy, potential_impact, created_at, updated_at) VALUES ('PERSON_S_7472614cba46eccc', 'tech', '["无人机前沿方向"]'::json, '符合国家科技创新规划', '["推动产业升级", "形成自主知识产权"]'::json, '2026-06-15T12:00:00+00:00', '2026-06-15T12:00:00+00:00');
INSERT INTO entity_change_log (entity_id, entity_type, field, old_value, new_value, method, operator, source_doc_id, reason, changed_at) VALUES ('PERSON_S_7472614cba46eccc', 'person', '*', NULL, '{"action": "create"}'::json, 'rule', NULL, 'mock_seed', NULL, '2026-06-15T12:00:00+00:00');
INSERT INTO person_profile (person_id, name_cn, name_en, gender, avatar, nationality, summary, birth_date, age, birthplace, ethnicity, current_residence, current_org, current_enterprise, current_military_unit, current_position, highest_degree, person_category, professional_domains, professional_skills, social_media, personality_traits, hobbies, management_philosophy, remark, confidence, completeness, created_at, updated_at) VALUES ('PERSON_S_f1d4636e5cc944ab', '林雪松', 'Expert_Fqfzcq', '女', '[]'::json, '中国', '林雪松，青年人才，主要从事深海装备、网络安全研究，现任北方量子研究所首席科学家。', '1988-07-20', 38, '西安', '汉族', '上海', '北方量子研究所', NULL, NULL, '["首席科学家"]'::json, '学士', '青年人才', '["深海装备", "网络安全"]'::json, '["系统架构", "数据分析", "算法设计"]'::json, '', '["坚韧", "严谨"]'::json, '["旅行", "音乐"]'::json, '["产学研结合", "以问题为导向"]'::json, '[]'::json, 0.907, 0.625, '2026-06-15T12:00:00+00:00', '2026-06-15T12:00:00+00:00');
INSERT INTO person_education (person_id, start_date, degree_date, degree, school, major, created_at, updated_at) VALUES ('PERSON_S_f1d4636e5cc944ab', '1999-09-23', '2010-11-18', '硕士', '中国科学技术大学', '集成电路', '2026-06-15T12:00:00+00:00', '2026-06-15T12:00:00+00:00');
INSERT INTO person_career (person_id, start_date, end_date, org, enterprise, military_unit, position, created_at, updated_at) VALUES ('PERSON_S_f1d4636e5cc944ab', '2019-05-23', NULL, '北方量子研究所', NULL, NULL, '教授', '2026-06-15T12:00:00+00:00', '2026-06-15T12:00:00+00:00');
INSERT INTO person_award (person_id, description, created_at, updated_at) VALUES ('PERSON_S_f1d4636e5cc944ab', '2018年获国家自然科学奖', '2026-06-15T12:00:00+00:00', '2026-06-15T12:00:00+00:00');
INSERT INTO person_academic_output (person_id, name, form, publish_date, rank, tech_domain, collaborators, citations, is_representative, created_at, updated_at) VALUES ('PERSON_S_f1d4636e5cc944ab', '关于网络安全的研究', '会议论文', '2019-01-08', '共同作者', '深海装备', '["刘雪松文博", "郑伟雪松"]'::json, 73, TRUE, '2026-06-15T12:00:00+00:00', '2026-06-15T12:00:00+00:00');
INSERT INTO person_academic_output (person_id, name, form, publish_date, rank, tech_domain, collaborators, citations, is_representative, created_at, updated_at) VALUES ('PERSON_S_f1d4636e5cc944ab', '关于深海装备的方法', '期刊论文', '2020-04-06', '通讯作者', '网络安全', '["林志强"]'::json, 123, TRUE, '2026-06-15T12:00:00+00:00', '2026-06-15T12:00:00+00:00');
INSERT INTO person_focus (person_id, focus_type, content, consistency_with_policy, potential_impact, created_at, updated_at) VALUES ('PERSON_S_f1d4636e5cc944ab', 'tech', '["网络安全前沿方向"]'::json, '符合国家科技创新规划', '["推动产业升级", "形成自主知识产权"]'::json, '2026-06-15T12:00:00+00:00', '2026-06-15T12:00:00+00:00');
INSERT INTO entity_change_log (entity_id, entity_type, field, old_value, new_value, method, operator, source_doc_id, reason, changed_at) VALUES ('PERSON_S_f1d4636e5cc944ab', 'person', '*', NULL, '{"action": "create"}'::json, 'rule', NULL, 'mock_seed', NULL, '2026-06-15T12:00:00+00:00');
INSERT INTO person_profile (person_id, name_cn, name_en, gender, avatar, nationality, summary, birth_date, age, birthplace, ethnicity, current_residence, current_org, current_enterprise, current_military_unit, current_position, highest_degree, person_category, professional_domains, professional_skills, social_media, personality_traits, hobbies, management_philosophy, remark, confidence, completeness, created_at, updated_at) VALUES ('PERSON_S_8d557f604346c541', '杨婷', 'Expert_Wgdfue', '男', '[]'::json, '中国', '杨婷，骨干，主要从事6G通信、卫星互联网研究，现任南方光电研究所副教授。', '1966-02-10', 60, '上海', '汉族', '深圳', '南方光电研究所', '南方光电研究所', NULL, '["主任"]'::json, '学士', '青年人才', '["6G通信", "卫星互联网"]'::json, '["实验验证", "项目管理"]'::json, '', '["坚韧"]'::json, '["旅行"]'::json, '["产学研结合", "以问题为导向"]'::json, '[]'::json, 0.93, 0.864, '2026-06-15T12:00:00+00:00', '2026-06-15T12:00:00+00:00');
INSERT INTO person_education (person_id, start_date, degree_date, degree, school, major, created_at, updated_at) VALUES ('PERSON_S_8d557f604346c541', '1992-01-10', '1999-09-21', '学士', '浙江大学', '大模型', '2026-06-15T12:00:00+00:00', '2026-06-15T12:00:00+00:00');
INSERT INTO person_career (person_id, start_date, end_date, org, enterprise, military_unit, position, created_at, updated_at) VALUES ('PERSON_S_8d557f604346c541', '2018-05-19', NULL, '南方光电研究所', '南方光电研究所', NULL, '高级工程师', '2026-06-15T12:00:00+00:00', '2026-06-15T12:00:00+00:00');
INSERT INTO person_award (person_id, description, created_at, updated_at) VALUES ('PERSON_S_8d557f604346c541', '2015年获省部级奖励', '2026-06-15T12:00:00+00:00', '2026-06-15T12:00:00+00:00');
INSERT INTO person_academic_output (person_id, name, form, publish_date, rank, tech_domain, collaborators, citations, is_representative, created_at, updated_at) VALUES ('PERSON_S_8d557f604346c541', '关于6G通信的方法', '专利', '2022-11-04', '第一作者', '6G通信', '["孙明文博"]'::json, 71, TRUE, '2026-06-15T12:00:00+00:00', '2026-06-15T12:00:00+00:00');
INSERT INTO person_academic_output (person_id, name, form, publish_date, rank, tech_domain, collaborators, citations, is_representative, created_at, updated_at) VALUES ('PERSON_S_8d557f604346c541', '关于卫星互联网的综述', '专著', '2021-11-24', '第一作者', '6G通信', '["胡强", "孙磊", "林刚明"]'::json, 544, TRUE, '2026-06-15T12:00:00+00:00', '2026-06-15T12:00:00+00:00');
INSERT INTO person_academic_output (person_id, name, form, publish_date, rank, tech_domain, collaborators, citations, is_representative, created_at, updated_at) VALUES ('PERSON_S_8d557f604346c541', '关于卫星互联网的研究', '专利', '2019-12-17', '共同作者', '卫星互联网', '["吴斌", "许海燕", "许昊"]'::json, 328, TRUE, '2026-06-15T12:00:00+00:00', '2026-06-15T12:00:00+00:00');
INSERT INTO person_academic_output (person_id, name, form, publish_date, rank, tech_domain, collaborators, citations, is_representative, created_at, updated_at) VALUES ('PERSON_S_8d557f604346c541', '关于6G通信的方法', '专利', '2022-03-02', '通讯作者', '卫星互联网', '["徐建华强", "林建华"]'::json, 274, TRUE, '2026-06-15T12:00:00+00:00', '2026-06-15T12:00:00+00:00');
INSERT INTO person_focus (person_id, focus_type, content, consistency_with_policy, potential_impact, created_at, updated_at) VALUES ('PERSON_S_8d557f604346c541', 'tech', '["6G通信前沿方向"]'::json, '符合国家科技创新规划', '["推动产业升级", "形成自主知识产权"]'::json, '2026-06-15T12:00:00+00:00', '2026-06-15T12:00:00+00:00');
INSERT INTO entity_change_log (entity_id, entity_type, field, old_value, new_value, method, operator, source_doc_id, reason, changed_at) VALUES ('PERSON_S_8d557f604346c541', 'person', '*', NULL, '{"action": "create"}'::json, 'rule', NULL, 'mock_seed', NULL, '2026-06-15T12:00:00+00:00');
INSERT INTO person_profile (person_id, name_cn, name_en, gender, avatar, nationality, summary, birth_date, age, birthplace, ethnicity, current_residence, current_org, current_enterprise, current_military_unit, current_position, highest_degree, person_category, professional_domains, professional_skills, social_media, personality_traits, hobbies, management_philosophy, remark, confidence, completeness, created_at, updated_at) VALUES ('PERSON_S_5f77afae7069d8d5', '冯昊', 'Expert_Afqziu', '男', '[]'::json, '中国', '冯昊，院士，主要从事碳捕集研究，现任华生医实验室首席科学家。', '1973-11-02', 53, '成都', '汉族', '杭州', '华生医实验室', NULL, NULL, '["研究员"]'::json, '硕士', '专家', '["碳捕集"]'::json, '["系统架构", "数据分析", "实验验证"]'::json, '', '["坚韧", "严谨", "创新"]'::json, '["旅行"]'::json, '["产学研结合", "以问题为导向"]'::json, '[]'::json, 0.723, 0.664, '2026-06-15T12:00:00+00:00', '2026-06-15T12:00:00+00:00');
INSERT INTO person_education (person_id, start_date, degree_date, degree, school, major, created_at, updated_at) VALUES ('PERSON_S_5f77afae7069d8d5', '1990-01-09', '1999-02-28', '学士', '上海交通大学', '人工智能', '2026-06-15T12:00:00+00:00', '2026-06-15T12:00:00+00:00');
INSERT INTO person_career (person_id, start_date, end_date, org, enterprise, military_unit, position, created_at, updated_at) VALUES ('PERSON_S_5f77afae7069d8d5', '2009-08-14', NULL, '华生医实验室', NULL, NULL, '研究员', '2026-06-15T12:00:00+00:00', '2026-06-15T12:00:00+00:00');
INSERT INTO person_award (person_id, description, created_at, updated_at) VALUES ('PERSON_S_5f77afae7069d8d5', '2019年获国家自然科学奖', '2026-06-15T12:00:00+00:00', '2026-06-15T12:00:00+00:00');
INSERT INTO person_academic_output (person_id, name, form, publish_date, rank, tech_domain, collaborators, citations, is_representative, created_at, updated_at) VALUES ('PERSON_S_5f77afae7069d8d5', '关于碳捕集的综述', '专利', '2020-06-13', '通讯作者', '碳捕集', '["唐洋"]'::json, 586, TRUE, '2026-06-15T12:00:00+00:00', '2026-06-15T12:00:00+00:00');
INSERT INTO person_academic_output (person_id, name, form, publish_date, rank, tech_domain, collaborators, citations, is_representative, created_at, updated_at) VALUES ('PERSON_S_5f77afae7069d8d5', '关于碳捕集的方法', '期刊论文', '2019-11-12', '第一作者', '碳捕集', '["林艳", "陈峰晓东"]'::json, 234, TRUE, '2026-06-15T12:00:00+00:00', '2026-06-15T12:00:00+00:00');
INSERT INTO person_academic_output (person_id, name, form, publish_date, rank, tech_domain, collaborators, citations, is_representative, created_at, updated_at) VALUES ('PERSON_S_5f77afae7069d8d5', '关于碳捕集的方法', '专利', '2019-11-20', '共同作者', '碳捕集', '["韩俊杰艳", "韩昊刚"]'::json, 643, TRUE, '2026-06-15T12:00:00+00:00', '2026-06-15T12:00:00+00:00');
INSERT INTO person_academic_output (person_id, name, form, publish_date, rank, tech_domain, collaborators, citations, is_representative, created_at, updated_at) VALUES ('PERSON_S_5f77afae7069d8d5', '关于碳捕集的研究', '专利', '2022-08-17', '第一作者', '碳捕集', '["郭磊超", "张强超"]'::json, 578, TRUE, '2026-06-15T12:00:00+00:00', '2026-06-15T12:00:00+00:00');
INSERT INTO person_focus (person_id, focus_type, content, consistency_with_policy, potential_impact, created_at, updated_at) VALUES ('PERSON_S_5f77afae7069d8d5', 'tech', '["碳捕集前沿方向"]'::json, '符合国家科技创新规划', '["推动产业升级", "形成自主知识产权"]'::json, '2026-06-15T12:00:00+00:00', '2026-06-15T12:00:00+00:00');
INSERT INTO entity_change_log (entity_id, entity_type, field, old_value, new_value, method, operator, source_doc_id, reason, changed_at) VALUES ('PERSON_S_5f77afae7069d8d5', 'person', '*', NULL, '{"action": "create"}'::json, 'rule', NULL, 'mock_seed', NULL, '2026-06-15T12:00:00+00:00');
INSERT INTO person_profile (person_id, name_cn, name_en, gender, avatar, nationality, summary, birth_date, age, birthplace, ethnicity, current_residence, current_org, current_enterprise, current_military_unit, current_position, highest_degree, person_category, professional_domains, professional_skills, social_media, personality_traits, hobbies, management_philosophy, remark, confidence, completeness, created_at, updated_at) VALUES ('PERSON_S_22c7fb913e41e58f', '罗超', 'Expert_Rmaatj', '女', '[]'::json, '中国', '罗超，领军人才，主要从事深海装备、碳捕集研究，现任东方智算实验室副院长。', '1992-02-09', 34, '武汉', '汉族', '上海', '东方智算实验室', '东方智算实验室', NULL, '["副教授"]'::json, '学士', '院士', '["深海装备", "碳捕集", "半导体"]'::json, '["项目管理", "数据分析", "实验验证"]'::json, '', '["创新"]'::json, '["阅读", "旅行"]'::json, '["产学研结合", "以问题为导向"]'::json, '[]'::json, 0.748, 0.578, '2026-06-15T12:00:00+00:00', '2026-06-15T12:00:00+00:00');
INSERT INTO person_education (person_id, start_date, degree_date, degree, school, major, created_at, updated_at) VALUES ('PERSON_S_22c7fb913e41e58f', '1998-08-18', '2000-05-20', '硕士', '哈尔滨工业大学', '大模型', '2026-06-15T12:00:00+00:00', '2026-06-15T12:00:00+00:00');
INSERT INTO person_career (person_id, start_date, end_date, org, enterprise, military_unit, position, created_at, updated_at) VALUES ('PERSON_S_22c7fb913e41e58f', '2006-04-14', NULL, '东方智算实验室', '东方智算实验室', NULL, '教授', '2026-06-15T12:00:00+00:00', '2026-06-15T12:00:00+00:00');
INSERT INTO person_award (person_id, description, created_at, updated_at) VALUES ('PERSON_S_22c7fb913e41e58f', '2017年获省部级奖励', '2026-06-15T12:00:00+00:00', '2026-06-15T12:00:00+00:00');
INSERT INTO person_academic_output (person_id, name, form, publish_date, rank, tech_domain, collaborators, citations, is_representative, created_at, updated_at) VALUES ('PERSON_S_22c7fb913e41e58f', '关于半导体的研究', '专利', '2019-08-27', '第一作者', '深海装备', '["刘海燕娟"]'::json, 646, TRUE, '2026-06-15T12:00:00+00:00', '2026-06-15T12:00:00+00:00');
INSERT INTO person_academic_output (person_id, name, form, publish_date, rank, tech_domain, collaborators, citations, is_representative, created_at, updated_at) VALUES ('PERSON_S_22c7fb913e41e58f', '关于深海装备的方法', '期刊论文', '2023-09-21', '第一作者', '深海装备', '["王霞"]'::json, 734, TRUE, '2026-06-15T12:00:00+00:00', '2026-06-15T12:00:00+00:00');
INSERT INTO person_academic_output (person_id, name, form, publish_date, rank, tech_domain, collaborators, citations, is_representative, created_at, updated_at) VALUES ('PERSON_S_22c7fb913e41e58f', '关于深海装备的方法', '会议论文', '2022-05-07', '通讯作者', '半导体', '["赵俊杰"]'::json, 177, TRUE, '2026-06-15T12:00:00+00:00', '2026-06-15T12:00:00+00:00');
INSERT INTO person_academic_output (person_id, name, form, publish_date, rank, tech_domain, collaborators, citations, is_representative, created_at, updated_at) VALUES ('PERSON_S_22c7fb913e41e58f', '关于半导体的研究', '专著', '2020-09-14', '通讯作者', '碳捕集', '["林峰洋", "周婷"]'::json, 423, TRUE, '2026-06-15T12:00:00+00:00', '2026-06-15T12:00:00+00:00');
INSERT INTO person_focus (person_id, focus_type, content, consistency_with_policy, potential_impact, created_at, updated_at) VALUES ('PERSON_S_22c7fb913e41e58f', 'tech', '["半导体前沿方向"]'::json, '符合国家科技创新规划', '["推动产业升级", "形成自主知识产权"]'::json, '2026-06-15T12:00:00+00:00', '2026-06-15T12:00:00+00:00');
INSERT INTO entity_change_log (entity_id, entity_type, field, old_value, new_value, method, operator, source_doc_id, reason, changed_at) VALUES ('PERSON_S_22c7fb913e41e58f', 'person', '*', NULL, '{"action": "create"}'::json, 'rule', NULL, 'mock_seed', NULL, '2026-06-15T12:00:00+00:00');
INSERT INTO person_profile (person_id, name_cn, name_en, gender, avatar, nationality, summary, birth_date, age, birthplace, ethnicity, current_residence, current_org, current_enterprise, current_military_unit, current_position, highest_degree, person_category, professional_domains, professional_skills, social_media, personality_traits, hobbies, management_philosophy, remark, confidence, completeness, created_at, updated_at) VALUES ('PERSON_S_8cfc31214ab10b43', '吴平昊', 'Expert_Cveybq', '女', '[]'::json, '中国', '吴平昊，领军人才，主要从事集成电路、量子计算研究，现任远生医工程技术中心主任。', '1987-07-14', 39, '上海', '汉族', '北京', '远生医工程技术中心', NULL, NULL, '["高级工程师"]'::json, '硕士', '院士', '["集成电路", "量子计算", "新能源"]'::json, '["数据分析", "工程化", "系统架构"]'::json, '', '["坚韧", "协作", "创新"]'::json, '["音乐", "旅行"]'::json, '["产学研结合", "以问题为导向"]'::json, '[]'::json, 0.914, 0.574, '2026-06-15T12:00:00+00:00', '2026-06-15T12:00:00+00:00');
INSERT INTO person_education (person_id, start_date, degree_date, degree, school, major, created_at, updated_at) VALUES ('PERSON_S_8cfc31214ab10b43', '1991-10-01', '2017-04-01', '博士', '浙江大学', '人工智能', '2026-06-15T12:00:00+00:00', '2026-06-15T12:00:00+00:00');
INSERT INTO person_career (person_id, start_date, end_date, org, enterprise, military_unit, position, created_at, updated_at) VALUES ('PERSON_S_8cfc31214ab10b43', '2006-08-08', NULL, '远生医工程技术中心', NULL, NULL, '教授', '2026-06-15T12:00:00+00:00', '2026-06-15T12:00:00+00:00');
INSERT INTO person_award (person_id, description, created_at, updated_at) VALUES ('PERSON_S_8cfc31214ab10b43', '2024年获省部级奖励', '2026-06-15T12:00:00+00:00', '2026-06-15T12:00:00+00:00');
INSERT INTO person_academic_output (person_id, name, form, publish_date, rank, tech_domain, collaborators, citations, is_representative, created_at, updated_at) VALUES ('PERSON_S_8cfc31214ab10b43', '关于集成电路的研究', '会议论文', '2018-08-24', '通讯作者', '新能源', '["林洋", "刘明建华", "林晓东"]'::json, 476, TRUE, '2026-06-15T12:00:00+00:00', '2026-06-15T12:00:00+00:00');
INSERT INTO person_academic_output (person_id, name, form, publish_date, rank, tech_domain, collaborators, citations, is_representative, created_at, updated_at) VALUES ('PERSON_S_8cfc31214ab10b43', '关于集成电路的综述', '期刊论文', '2023-01-20', '第一作者', '集成电路', '["王洋", "邓明"]'::json, 228, TRUE, '2026-06-15T12:00:00+00:00', '2026-06-15T12:00:00+00:00');
INSERT INTO person_focus (person_id, focus_type, content, consistency_with_policy, potential_impact, created_at, updated_at) VALUES ('PERSON_S_8cfc31214ab10b43', 'tech', '["新能源前沿方向"]'::json, '符合国家科技创新规划', '["推动产业升级", "形成自主知识产权"]'::json, '2026-06-15T12:00:00+00:00', '2026-06-15T12:00:00+00:00');
INSERT INTO entity_change_log (entity_id, entity_type, field, old_value, new_value, method, operator, source_doc_id, reason, changed_at) VALUES ('PERSON_S_8cfc31214ab10b43', 'person', '*', NULL, '{"action": "create"}'::json, 'rule', NULL, 'mock_seed', NULL, '2026-06-15T12:00:00+00:00');
INSERT INTO person_profile (person_id, name_cn, name_en, gender, avatar, nationality, summary, birth_date, age, birthplace, ethnicity, current_residence, current_org, current_enterprise, current_military_unit, current_position, highest_degree, person_category, professional_domains, professional_skills, social_media, personality_traits, hobbies, management_philosophy, remark, confidence, completeness, created_at, updated_at) VALUES ('PERSON_S_a8bf9dc76fab4e95', '吴峰', 'Expert_Gunkvn', '女', '[]'::json, '中国', '吴峰，领军人才，主要从事脑机接口、人工智能研究，现任远算力工程技术中心高级工程师。', '1959-05-03', 67, '西安', '汉族', '上海', '远算力工程技术中心', NULL, NULL, '["主任"]'::json, '硕士', '院士', '["脑机接口", "人工智能", "新材料", "先进算力"]'::json, '["算法设计", "系统架构", "数据分析"]'::json, '', '["坚韧"]'::json, '["运动"]'::json, '["产学研结合", "以问题为导向"]'::json, '[]'::json, 0.75, 0.769, '2026-06-15T12:00:00+00:00', '2026-06-15T12:00:00+00:00');
INSERT INTO person_education (person_id, start_date, degree_date, degree, school, major, created_at, updated_at) VALUES ('PERSON_S_a8bf9dc76fab4e95', '2003-05-26', '2003-08-24', '硕士', '清华大学', '集成电路', '2026-06-15T12:00:00+00:00', '2026-06-15T12:00:00+00:00');
INSERT INTO person_career (person_id, start_date, end_date, org, enterprise, military_unit, position, created_at, updated_at) VALUES ('PERSON_S_a8bf9dc76fab4e95', '2015-11-01', NULL, '远算力工程技术中心', NULL, NULL, '副教授', '2026-06-15T12:00:00+00:00', '2026-06-15T12:00:00+00:00');
INSERT INTO person_award (person_id, description, created_at, updated_at) VALUES ('PERSON_S_a8bf9dc76fab4e95', '2017年获学会优秀论文', '2026-06-15T12:00:00+00:00', '2026-06-15T12:00:00+00:00');
INSERT INTO person_academic_output (person_id, name, form, publish_date, rank, tech_domain, collaborators, citations, is_representative, created_at, updated_at) VALUES ('PERSON_S_a8bf9dc76fab4e95', '关于人工智能的方法', '专著', '2018-12-10', '第一作者', '人工智能', '["张雪松洋", "谢勇晓东"]'::json, 546, TRUE, '2026-06-15T12:00:00+00:00', '2026-06-15T12:00:00+00:00');
INSERT INTO person_academic_output (person_id, name, form, publish_date, rank, tech_domain, collaborators, citations, is_representative, created_at, updated_at) VALUES ('PERSON_S_a8bf9dc76fab4e95', '关于先进算力的综述', '专著', '2021-03-11', '第一作者', '脑机接口', '["周强文博"]'::json, 550, TRUE, '2026-06-15T12:00:00+00:00', '2026-06-15T12:00:00+00:00');
INSERT INTO person_academic_output (person_id, name, form, publish_date, rank, tech_domain, collaborators, citations, is_representative, created_at, updated_at) VALUES ('PERSON_S_a8bf9dc76fab4e95', '关于新材料的研究', '专著', '2023-03-16', '第一作者', '新材料', '["徐文博", "高刚志强", "王军"]'::json, 140, TRUE, '2026-06-15T12:00:00+00:00', '2026-06-15T12:00:00+00:00');
INSERT INTO person_academic_output (person_id, name, form, publish_date, rank, tech_domain, collaborators, citations, is_representative, created_at, updated_at) VALUES ('PERSON_S_a8bf9dc76fab4e95', '关于先进算力的方法', '专利', '2018-07-22', '第一作者', '脑机接口', '["周军平", "彭雪松"]'::json, 165, TRUE, '2026-06-15T12:00:00+00:00', '2026-06-15T12:00:00+00:00');
INSERT INTO person_focus (person_id, focus_type, content, consistency_with_policy, potential_impact, created_at, updated_at) VALUES ('PERSON_S_a8bf9dc76fab4e95', 'tech', '["人工智能前沿方向"]'::json, '符合国家科技创新规划', '["推动产业升级", "形成自主知识产权"]'::json, '2026-06-15T12:00:00+00:00', '2026-06-15T12:00:00+00:00');
INSERT INTO entity_change_log (entity_id, entity_type, field, old_value, new_value, method, operator, source_doc_id, reason, changed_at) VALUES ('PERSON_S_a8bf9dc76fab4e95', 'person', '*', NULL, '{"action": "create"}'::json, 'rule', NULL, 'mock_seed', NULL, '2026-06-15T12:00:00+00:00');
INSERT INTO person_profile (person_id, name_cn, name_en, gender, avatar, nationality, summary, birth_date, age, birthplace, ethnicity, current_residence, current_org, current_enterprise, current_military_unit, current_position, highest_degree, person_category, professional_domains, professional_skills, social_media, personality_traits, hobbies, management_philosophy, remark, confidence, completeness, created_at, updated_at) VALUES ('PERSON_S_5737d771c34bd473', '许文博', 'Expert_Etchqs', '女', '[]'::json, '中国', '许文博，青年人才，主要从事新材料研究，现任国生医研究所研究员。', '1971-06-14', 55, '成都', '汉族', '北京', '国生医研究所', NULL, NULL, '["副院长"]'::json, '学士', '青年人才', '["新材料"]'::json, '["实验验证", "算法设计", "项目管理", "工程化"]'::json, '', '["协作", "严谨"]'::json, '["旅行"]'::json, '["产学研结合", "以问题为导向"]'::json, '[]'::json, 0.832, 0.687, '2026-06-15T12:00:00+00:00', '2026-06-15T12:00:00+00:00');
INSERT INTO person_education (person_id, start_date, degree_date, degree, school, major, created_at, updated_at) VALUES ('PERSON_S_5737d771c34bd473', '1994-04-22', '2008-09-05', '学士', '哈尔滨工业大学', '新材料', '2026-06-15T12:00:00+00:00', '2026-06-15T12:00:00+00:00');
INSERT INTO person_career (person_id, start_date, end_date, org, enterprise, military_unit, position, created_at, updated_at) VALUES ('PERSON_S_5737d771c34bd473', '2020-05-13', NULL, '国生医研究所', NULL, NULL, '研究员', '2026-06-15T12:00:00+00:00', '2026-06-15T12:00:00+00:00');
INSERT INTO person_award (person_id, description, created_at, updated_at) VALUES ('PERSON_S_5737d771c34bd473', '2022年获学会优秀论文', '2026-06-15T12:00:00+00:00', '2026-06-15T12:00:00+00:00');
INSERT INTO person_academic_output (person_id, name, form, publish_date, rank, tech_domain, collaborators, citations, is_representative, created_at, updated_at) VALUES ('PERSON_S_5737d771c34bd473', '关于新材料的综述', '期刊论文', '2021-02-02', '共同作者', '新材料', '["王婷明", "曹瑞"]'::json, 320, TRUE, '2026-06-15T12:00:00+00:00', '2026-06-15T12:00:00+00:00');
INSERT INTO person_academic_output (person_id, name, form, publish_date, rank, tech_domain, collaborators, citations, is_representative, created_at, updated_at) VALUES ('PERSON_S_5737d771c34bd473', '关于新材料的综述', '专著', '2018-06-10', '第一作者', '新材料', '["马晓东"]'::json, 701, TRUE, '2026-06-15T12:00:00+00:00', '2026-06-15T12:00:00+00:00');
INSERT INTO person_focus (person_id, focus_type, content, consistency_with_policy, potential_impact, created_at, updated_at) VALUES ('PERSON_S_5737d771c34bd473', 'tech', '["新材料前沿方向"]'::json, '符合国家科技创新规划', '["推动产业升级", "形成自主知识产权"]'::json, '2026-06-15T12:00:00+00:00', '2026-06-15T12:00:00+00:00');
INSERT INTO entity_change_log (entity_id, entity_type, field, old_value, new_value, method, operator, source_doc_id, reason, changed_at) VALUES ('PERSON_S_5737d771c34bd473', 'person', '*', NULL, '{"action": "create"}'::json, 'rule', NULL, 'mock_seed', NULL, '2026-06-15T12:00:00+00:00');
INSERT INTO person_profile (person_id, name_cn, name_en, gender, avatar, nationality, summary, birth_date, age, birthplace, ethnicity, current_residence, current_org, current_enterprise, current_military_unit, current_position, highest_degree, person_category, professional_domains, professional_skills, social_media, personality_traits, hobbies, management_philosophy, remark, confidence, completeness, created_at, updated_at) VALUES ('PERSON_S_2af96cd8fa4c4045', '梁宇航平', 'Expert_Dlubtv', '女', '[]'::json, '中国', '梁宇航平，领军人才，主要从事深海装备研究，现任新基因股份总工程师。', '1970-09-28', 56, '北京', '汉族', '上海', '新基因股份', NULL, NULL, '["首席科学家"]'::json, '硕士', '青年人才', '["深海装备"]'::json, '["工程化", "实验验证", "项目管理", "算法设计"]'::json, '', '["坚韧", "务实", "协作"]'::json, '["运动", "旅行"]'::json, '["产学研结合", "以问题为导向"]'::json, '[]'::json, 0.767, 0.837, '2026-06-15T12:00:00+00:00', '2026-06-15T12:00:00+00:00');
INSERT INTO person_education (person_id, start_date, degree_date, degree, school, major, created_at, updated_at) VALUES ('PERSON_S_2af96cd8fa4c4045', '1995-06-20', '2006-12-13', '博士', '浙江大学', '大模型', '2026-06-15T12:00:00+00:00', '2026-06-15T12:00:00+00:00');
INSERT INTO person_career (person_id, start_date, end_date, org, enterprise, military_unit, position, created_at, updated_at) VALUES ('PERSON_S_2af96cd8fa4c4045', '2019-06-12', NULL, '新基因股份', NULL, NULL, '首席科学家', '2026-06-15T12:00:00+00:00', '2026-06-15T12:00:00+00:00');
INSERT INTO person_award (person_id, description, created_at, updated_at) VALUES ('PERSON_S_2af96cd8fa4c4045', '2020年获国家自然科学奖', '2026-06-15T12:00:00+00:00', '2026-06-15T12:00:00+00:00');
INSERT INTO person_academic_output (person_id, name, form, publish_date, rank, tech_domain, collaborators, citations, is_representative, created_at, updated_at) VALUES ('PERSON_S_2af96cd8fa4c4045', '关于深海装备的研究', '会议论文', '2018-04-11', '第一作者', '深海装备', '["郑艳志强", "何勇平"]'::json, 776, TRUE, '2026-06-15T12:00:00+00:00', '2026-06-15T12:00:00+00:00');
INSERT INTO person_academic_output (person_id, name, form, publish_date, rank, tech_domain, collaborators, citations, is_representative, created_at, updated_at) VALUES ('PERSON_S_2af96cd8fa4c4045', '关于深海装备的综述', '会议论文', '2019-10-15', '通讯作者', '深海装备', '["杨宇航杰"]'::json, 747, TRUE, '2026-06-15T12:00:00+00:00', '2026-06-15T12:00:00+00:00');
INSERT INTO person_academic_output (person_id, name, form, publish_date, rank, tech_domain, collaborators, citations, is_representative, created_at, updated_at) VALUES ('PERSON_S_2af96cd8fa4c4045', '关于深海装备的方法', '期刊论文', '2019-06-24', '共同作者', '深海装备', '["高刚斌", "马瑞平", "王艳洋"]'::json, 248, TRUE, '2026-06-15T12:00:00+00:00', '2026-06-15T12:00:00+00:00');
INSERT INTO person_academic_output (person_id, name, form, publish_date, rank, tech_domain, collaborators, citations, is_representative, created_at, updated_at) VALUES ('PERSON_S_2af96cd8fa4c4045', '关于深海装备的研究', '专利', '2022-04-06', '共同作者', '深海装备', '["朱娟明", "唐文博", "孙峰磊"]'::json, 410, TRUE, '2026-06-15T12:00:00+00:00', '2026-06-15T12:00:00+00:00');
INSERT INTO person_focus (person_id, focus_type, content, consistency_with_policy, potential_impact, created_at, updated_at) VALUES ('PERSON_S_2af96cd8fa4c4045', 'tech', '["深海装备前沿方向"]'::json, '符合国家科技创新规划', '["推动产业升级", "形成自主知识产权"]'::json, '2026-06-15T12:00:00+00:00', '2026-06-15T12:00:00+00:00');
INSERT INTO entity_change_log (entity_id, entity_type, field, old_value, new_value, method, operator, source_doc_id, reason, changed_at) VALUES ('PERSON_S_2af96cd8fa4c4045', 'person', '*', NULL, '{"action": "create"}'::json, 'rule', NULL, 'mock_seed', NULL, '2026-06-15T12:00:00+00:00');
INSERT INTO person_profile (person_id, name_cn, name_en, gender, avatar, nationality, summary, birth_date, age, birthplace, ethnicity, current_residence, current_org, current_enterprise, current_military_unit, current_position, highest_degree, person_category, professional_domains, professional_skills, social_media, personality_traits, hobbies, management_philosophy, remark, confidence, completeness, created_at, updated_at) VALUES ('PERSON_S_350061133740a53c', '吴宁', 'Expert_Llkbxu', '男', '[]'::json, '中国', '吴宁，领军人才，主要从事半导体、集成电路研究，现任东方航宇研究院研究员。', '1974-12-14', 52, '南京', '汉族', '杭州', '东方航宇研究院', NULL, NULL, '["首席科学家"]'::json, '博士', '青年人才', '["半导体", "集成电路"]'::json, '["工程化", "项目管理", "算法设计", "数据分析"]'::json, '', '["坚韧", "创新", "严谨"]'::json, '["运动"]'::json, '["产学研结合", "以问题为导向"]'::json, '[]'::json, 0.796, 0.57, '2026-06-15T12:00:00+00:00', '2026-06-15T12:00:00+00:00');
INSERT INTO person_education (person_id, start_date, degree_date, degree, school, major, created_at, updated_at) VALUES ('PERSON_S_350061133740a53c', '2010-11-26', '2011-03-13', '博士', '上海交通大学', '大模型', '2026-06-15T12:00:00+00:00', '2026-06-15T12:00:00+00:00');
INSERT INTO person_career (person_id, start_date, end_date, org, enterprise, military_unit, position, created_at, updated_at) VALUES ('PERSON_S_350061133740a53c', '2015-08-19', NULL, '东方航宇研究院', NULL, NULL, '高级工程师', '2026-06-15T12:00:00+00:00', '2026-06-15T12:00:00+00:00');
INSERT INTO person_award (person_id, description, created_at, updated_at) VALUES ('PERSON_S_350061133740a53c', '2021年获省部级奖励', '2026-06-15T12:00:00+00:00', '2026-06-15T12:00:00+00:00');
INSERT INTO person_academic_output (person_id, name, form, publish_date, rank, tech_domain, collaborators, citations, is_representative, created_at, updated_at) VALUES ('PERSON_S_350061133740a53c', '关于半导体的研究', '专著', '2018-10-18', '通讯作者', '集成电路', '["周宁刚", "吴海燕"]'::json, 523, TRUE, '2026-06-15T12:00:00+00:00', '2026-06-15T12:00:00+00:00');
INSERT INTO person_academic_output (person_id, name, form, publish_date, rank, tech_domain, collaborators, citations, is_representative, created_at, updated_at) VALUES ('PERSON_S_350061133740a53c', '关于集成电路的研究', '会议论文', '2019-03-23', '通讯作者', '集成电路', '["何洋"]'::json, 465, TRUE, '2026-06-15T12:00:00+00:00', '2026-06-15T12:00:00+00:00');
INSERT INTO person_academic_output (person_id, name, form, publish_date, rank, tech_domain, collaborators, citations, is_representative, created_at, updated_at) VALUES ('PERSON_S_350061133740a53c', '关于集成电路的综述', '期刊论文', '2022-08-12', '第一作者', '集成电路', '["曹宇航霞"]'::json, 482, TRUE, '2026-06-15T12:00:00+00:00', '2026-06-15T12:00:00+00:00');
INSERT INTO person_academic_output (person_id, name, form, publish_date, rank, tech_domain, collaborators, citations, is_representative, created_at, updated_at) VALUES ('PERSON_S_350061133740a53c', '关于半导体的研究', '会议论文', '2024-08-20', '第一作者', '集成电路', '["杨峰伟", "唐超强"]'::json, 133, TRUE, '2026-06-15T12:00:00+00:00', '2026-06-15T12:00:00+00:00');
INSERT INTO person_focus (person_id, focus_type, content, consistency_with_policy, potential_impact, created_at, updated_at) VALUES ('PERSON_S_350061133740a53c', 'tech', '["集成电路前沿方向"]'::json, '符合国家科技创新规划', '["推动产业升级", "形成自主知识产权"]'::json, '2026-06-15T12:00:00+00:00', '2026-06-15T12:00:00+00:00');
INSERT INTO entity_change_log (entity_id, entity_type, field, old_value, new_value, method, operator, source_doc_id, reason, changed_at) VALUES ('PERSON_S_350061133740a53c', 'person', '*', NULL, '{"action": "create"}'::json, 'rule', NULL, 'mock_seed', NULL, '2026-06-15T12:00:00+00:00');
INSERT INTO person_profile (person_id, name_cn, name_en, gender, avatar, nationality, summary, birth_date, age, birthplace, ethnicity, current_residence, current_org, current_enterprise, current_military_unit, current_position, highest_degree, person_category, professional_domains, professional_skills, social_media, personality_traits, hobbies, management_philosophy, remark, confidence, completeness, created_at, updated_at) VALUES ('PERSON_S_91a8169d608131da', '黄宁', 'Expert_Cihllf', '男', '[]'::json, '中国', '黄宁，青年人才，主要从事深海装备、量子计算研究，现任中氢动实验室研究员。', '1985-11-04', 41, '西安', '汉族', '杭州', '中氢动实验室', NULL, NULL, '["首席科学家"]'::json, '硕士', '领军人才', '["深海装备", "量子计算", "先进算力"]'::json, '["工程化", "算法设计", "系统架构", "数据分析"]'::json, '', '["创新", "坚韧", "协作"]'::json, '["音乐", "阅读"]'::json, '["产学研结合", "以问题为导向"]'::json, '[]'::json, 0.868, 0.912, '2026-06-15T12:00:00+00:00', '2026-06-15T12:00:00+00:00');
INSERT INTO person_education (person_id, start_date, degree_date, degree, school, major, created_at, updated_at) VALUES ('PERSON_S_91a8169d608131da', '1998-12-16', '1998-08-07', '硕士', '上海交通大学', '半导体', '2026-06-15T12:00:00+00:00', '2026-06-15T12:00:00+00:00');
INSERT INTO person_career (person_id, start_date, end_date, org, enterprise, military_unit, position, created_at, updated_at) VALUES ('PERSON_S_91a8169d608131da', '2011-08-22', NULL, '中氢动实验室', NULL, NULL, '高级工程师', '2026-06-15T12:00:00+00:00', '2026-06-15T12:00:00+00:00');
INSERT INTO person_award (person_id, description, created_at, updated_at) VALUES ('PERSON_S_91a8169d608131da', '2015年获省部级奖励', '2026-06-15T12:00:00+00:00', '2026-06-15T12:00:00+00:00');
INSERT INTO person_academic_output (person_id, name, form, publish_date, rank, tech_domain, collaborators, citations, is_representative, created_at, updated_at) VALUES ('PERSON_S_91a8169d608131da', '关于深海装备的综述', '期刊论文', '2020-09-28', '通讯作者', '量子计算', '["冯婷", "谢斌涛", "谢霞洋"]'::json, 394, TRUE, '2026-06-15T12:00:00+00:00', '2026-06-15T12:00:00+00:00');
INSERT INTO person_academic_output (person_id, name, form, publish_date, rank, tech_domain, collaborators, citations, is_representative, created_at, updated_at) VALUES ('PERSON_S_91a8169d608131da', '关于深海装备的方法', '专著', '2021-03-26', '通讯作者', '深海装备', '["梁桂英瑞", "吴洋超"]'::json, 576, TRUE, '2026-06-15T12:00:00+00:00', '2026-06-15T12:00:00+00:00');
INSERT INTO person_academic_output (person_id, name, form, publish_date, rank, tech_domain, collaborators, citations, is_representative, created_at, updated_at) VALUES ('PERSON_S_91a8169d608131da', '关于量子计算的研究', '专利', '2022-04-24', '第一作者', '先进算力', '["杨雪松强"]'::json, 221, TRUE, '2026-06-15T12:00:00+00:00', '2026-06-15T12:00:00+00:00');
INSERT INTO person_focus (person_id, focus_type, content, consistency_with_policy, potential_impact, created_at, updated_at) VALUES ('PERSON_S_91a8169d608131da', 'tech', '["先进算力前沿方向"]'::json, '符合国家科技创新规划', '["推动产业升级", "形成自主知识产权"]'::json, '2026-06-15T12:00:00+00:00', '2026-06-15T12:00:00+00:00');
INSERT INTO entity_change_log (entity_id, entity_type, field, old_value, new_value, method, operator, source_doc_id, reason, changed_at) VALUES ('PERSON_S_91a8169d608131da', 'person', '*', NULL, '{"action": "create"}'::json, 'rule', NULL, 'mock_seed', NULL, '2026-06-15T12:00:00+00:00');
INSERT INTO person_profile (person_id, name_cn, name_en, gender, avatar, nationality, summary, birth_date, age, birthplace, ethnicity, current_residence, current_org, current_enterprise, current_military_unit, current_position, highest_degree, person_category, professional_domains, professional_skills, social_media, personality_traits, hobbies, management_philosophy, remark, confidence, completeness, created_at, updated_at) VALUES ('PERSON_S_1acd421498ea333f', '唐俊杰平', 'Expert_Alukgn', '男', '[]'::json, '中国', '唐俊杰平，青年人才，主要从事集成电路、先进算力研究，现任北方前沿实验室总工程师。', '1963-04-01', 63, '武汉', '汉族', '北京', '北方前沿实验室', NULL, NULL, '["教授"]'::json, '硕士', '领军人才', '["集成电路", "先进算力"]'::json, '["数据分析", "实验验证", "项目管理", "算法设计"]'::json, '', '["严谨", "创新", "协作"]'::json, '["音乐", "旅行"]'::json, '["产学研结合", "以问题为导向"]'::json, '[]'::json, 0.756, 0.836, '2026-06-15T12:00:00+00:00', '2026-06-15T12:00:00+00:00');
INSERT INTO person_education (person_id, start_date, degree_date, degree, school, major, created_at, updated_at) VALUES ('PERSON_S_1acd421498ea333f', '1996-12-09', '2006-07-09', '硕士', '浙江大学', '集成电路', '2026-06-15T12:00:00+00:00', '2026-06-15T12:00:00+00:00');
INSERT INTO person_career (person_id, start_date, end_date, org, enterprise, military_unit, position, created_at, updated_at) VALUES ('PERSON_S_1acd421498ea333f', '2009-05-17', NULL, '北方前沿实验室', NULL, NULL, '教授', '2026-06-15T12:00:00+00:00', '2026-06-15T12:00:00+00:00');
INSERT INTO person_award (person_id, description, created_at, updated_at) VALUES ('PERSON_S_1acd421498ea333f', '2022年获学会优秀论文', '2026-06-15T12:00:00+00:00', '2026-06-15T12:00:00+00:00');
INSERT INTO person_academic_output (person_id, name, form, publish_date, rank, tech_domain, collaborators, citations, is_representative, created_at, updated_at) VALUES ('PERSON_S_1acd421498ea333f', '关于集成电路的综述', '专著', '2023-03-14', '共同作者', '集成电路', '["周雪松", "宋瑞"]'::json, 196, TRUE, '2026-06-15T12:00:00+00:00', '2026-06-15T12:00:00+00:00');
INSERT INTO person_academic_output (person_id, name, form, publish_date, rank, tech_domain, collaborators, citations, is_representative, created_at, updated_at) VALUES ('PERSON_S_1acd421498ea333f', '关于集成电路的综述', '专利', '2022-02-27', '通讯作者', '集成电路', '["罗磊", "赵明"]'::json, 254, TRUE, '2026-06-15T12:00:00+00:00', '2026-06-15T12:00:00+00:00');
INSERT INTO person_academic_output (person_id, name, form, publish_date, rank, tech_domain, collaborators, citations, is_representative, created_at, updated_at) VALUES ('PERSON_S_1acd421498ea333f', '关于先进算力的方法', '会议论文', '2024-09-21', '共同作者', '集成电路', '["梁建华", "冯志强明"]'::json, 484, TRUE, '2026-06-15T12:00:00+00:00', '2026-06-15T12:00:00+00:00');
INSERT INTO person_academic_output (person_id, name, form, publish_date, rank, tech_domain, collaborators, citations, is_representative, created_at, updated_at) VALUES ('PERSON_S_1acd421498ea333f', '关于先进算力的方法', '会议论文', '2018-08-21', '通讯作者', '先进算力', '["刘军", "何霞峰", "黄强斌"]'::json, 72, TRUE, '2026-06-15T12:00:00+00:00', '2026-06-15T12:00:00+00:00');
INSERT INTO person_focus (person_id, focus_type, content, consistency_with_policy, potential_impact, created_at, updated_at) VALUES ('PERSON_S_1acd421498ea333f', 'tech', '["先进算力前沿方向"]'::json, '符合国家科技创新规划', '["推动产业升级", "形成自主知识产权"]'::json, '2026-06-15T12:00:00+00:00', '2026-06-15T12:00:00+00:00');
INSERT INTO entity_change_log (entity_id, entity_type, field, old_value, new_value, method, operator, source_doc_id, reason, changed_at) VALUES ('PERSON_S_1acd421498ea333f', 'person', '*', NULL, '{"action": "create"}'::json, 'rule', NULL, 'mock_seed', NULL, '2026-06-15T12:00:00+00:00');
INSERT INTO person_profile (person_id, name_cn, name_en, gender, avatar, nationality, summary, birth_date, age, birthplace, ethnicity, current_residence, current_org, current_enterprise, current_military_unit, current_position, highest_degree, person_category, professional_domains, professional_skills, social_media, personality_traits, hobbies, management_philosophy, remark, confidence, completeness, created_at, updated_at) VALUES ('PERSON_S_ef5fae0c7030d8d1', '李峰', 'Expert_Ijdyut', '男', '[]'::json, '中国', '李峰，专家，主要从事5G通信、先进算力研究，现任北方量子研究所副教授。', '1968-09-22', 58, '成都', '汉族', '北京', '北方量子研究所', NULL, NULL, '["高级工程师"]'::json, '博士', '院士', '["5G通信", "先进算力", "碳捕集", "脑机接口"]'::json, '["项目管理", "实验验证"]'::json, '', '["务实"]'::json, '["阅读", "音乐"]'::json, '["产学研结合", "以问题为导向"]'::json, '[]'::json, 0.957, 0.887, '2026-06-15T12:00:00+00:00', '2026-06-15T12:00:00+00:00');
INSERT INTO person_education (person_id, start_date, degree_date, degree, school, major, created_at, updated_at) VALUES ('PERSON_S_ef5fae0c7030d8d1', '2004-04-18', '2000-12-18', '硕士', '北京大学', '集成电路', '2026-06-15T12:00:00+00:00', '2026-06-15T12:00:00+00:00');
INSERT INTO person_career (person_id, start_date, end_date, org, enterprise, military_unit, position, created_at, updated_at) VALUES ('PERSON_S_ef5fae0c7030d8d1', '2009-10-16', NULL, '北方量子研究所', NULL, NULL, '首席科学家', '2026-06-15T12:00:00+00:00', '2026-06-15T12:00:00+00:00');
INSERT INTO person_award (person_id, description, created_at, updated_at) VALUES ('PERSON_S_ef5fae0c7030d8d1', '2020年获省部级奖励', '2026-06-15T12:00:00+00:00', '2026-06-15T12:00:00+00:00');
INSERT INTO person_academic_output (person_id, name, form, publish_date, rank, tech_domain, collaborators, citations, is_representative, created_at, updated_at) VALUES ('PERSON_S_ef5fae0c7030d8d1', '关于碳捕集的综述', '会议论文', '2021-03-12', '共同作者', '5G通信', '["吴涛刚", "宋伟俊杰", "胡桂英"]'::json, 651, TRUE, '2026-06-15T12:00:00+00:00', '2026-06-15T12:00:00+00:00');
INSERT INTO person_academic_output (person_id, name, form, publish_date, rank, tech_domain, collaborators, citations, is_representative, created_at, updated_at) VALUES ('PERSON_S_ef5fae0c7030d8d1', '关于5G通信的综述', '期刊论文', '2018-05-02', '共同作者', '5G通信', '["吴磊"]'::json, 518, TRUE, '2026-06-15T12:00:00+00:00', '2026-06-15T12:00:00+00:00');
INSERT INTO person_focus (person_id, focus_type, content, consistency_with_policy, potential_impact, created_at, updated_at) VALUES ('PERSON_S_ef5fae0c7030d8d1', 'tech', '["脑机接口前沿方向"]'::json, '符合国家科技创新规划', '["推动产业升级", "形成自主知识产权"]'::json, '2026-06-15T12:00:00+00:00', '2026-06-15T12:00:00+00:00');
INSERT INTO entity_change_log (entity_id, entity_type, field, old_value, new_value, method, operator, source_doc_id, reason, changed_at) VALUES ('PERSON_S_ef5fae0c7030d8d1', 'person', '*', NULL, '{"action": "create"}'::json, 'rule', NULL, 'mock_seed', NULL, '2026-06-15T12:00:00+00:00');
INSERT INTO person_profile (person_id, name_cn, name_en, gender, avatar, nationality, summary, birth_date, age, birthplace, ethnicity, current_residence, current_org, current_enterprise, current_military_unit, current_position, highest_degree, person_category, professional_domains, professional_skills, social_media, personality_traits, hobbies, management_philosophy, remark, confidence, completeness, created_at, updated_at) VALUES ('PERSON_S_e179e73af193529b', '陈海燕', 'Expert_Mwaxdu', '女', '[]'::json, '中国', '陈海燕，青年人才，主要从事深海装备、增材制造研究，现任国芯创研究所总工程师。', '1971-07-07', 55, '上海', '汉族', '杭州', '国芯创研究所', NULL, NULL, '["高级工程师"]'::json, '博士', '领军人才', '["深海装备", "增材制造", "光电技术"]'::json, '["实验验证", "工程化"]'::json, '', '["协作"]'::json, '["音乐", "运动"]'::json, '["产学研结合", "以问题为导向"]'::json, '[]'::json, 0.915, 0.861, '2026-06-15T12:00:00+00:00', '2026-06-15T12:00:00+00:00');
INSERT INTO person_education (person_id, start_date, degree_date, degree, school, major, created_at, updated_at) VALUES ('PERSON_S_e179e73af193529b', '1996-04-05', '2013-12-01', '学士', '哈尔滨工业大学', '大模型', '2026-06-15T12:00:00+00:00', '2026-06-15T12:00:00+00:00');
INSERT INTO person_career (person_id, start_date, end_date, org, enterprise, military_unit, position, created_at, updated_at) VALUES ('PERSON_S_e179e73af193529b', '2018-12-28', NULL, '国芯创研究所', NULL, NULL, '教授', '2026-06-15T12:00:00+00:00', '2026-06-15T12:00:00+00:00');
INSERT INTO person_award (person_id, description, created_at, updated_at) VALUES ('PERSON_S_e179e73af193529b', '2017年获国家自然科学奖', '2026-06-15T12:00:00+00:00', '2026-06-15T12:00:00+00:00');
INSERT INTO person_academic_output (person_id, name, form, publish_date, rank, tech_domain, collaborators, citations, is_representative, created_at, updated_at) VALUES ('PERSON_S_e179e73af193529b', '关于光电技术的综述', '期刊论文', '2023-12-22', '第一作者', '深海装备', '["王宇航", "孙杰", "李刚"]'::json, 576, TRUE, '2026-06-15T12:00:00+00:00', '2026-06-15T12:00:00+00:00');
INSERT INTO person_academic_output (person_id, name, form, publish_date, rank, tech_domain, collaborators, citations, is_representative, created_at, updated_at) VALUES ('PERSON_S_e179e73af193529b', '关于光电技术的研究', '专著', '2019-08-27', '通讯作者', '光电技术', '["罗宁斌"]'::json, 777, TRUE, '2026-06-15T12:00:00+00:00', '2026-06-15T12:00:00+00:00');
INSERT INTO person_academic_output (person_id, name, form, publish_date, rank, tech_domain, collaborators, citations, is_representative, created_at, updated_at) VALUES ('PERSON_S_e179e73af193529b', '关于光电技术的研究', '会议论文', '2021-10-16', '第一作者', '增材制造', '["周平刚"]'::json, 477, TRUE, '2026-06-15T12:00:00+00:00', '2026-06-15T12:00:00+00:00');
INSERT INTO person_academic_output (person_id, name, form, publish_date, rank, tech_domain, collaborators, citations, is_representative, created_at, updated_at) VALUES ('PERSON_S_e179e73af193529b', '关于深海装备的综述', '期刊论文', '2018-07-13', '通讯作者', '深海装备', '["林文博娟"]'::json, 274, TRUE, '2026-06-15T12:00:00+00:00', '2026-06-15T12:00:00+00:00');
INSERT INTO person_focus (person_id, focus_type, content, consistency_with_policy, potential_impact, created_at, updated_at) VALUES ('PERSON_S_e179e73af193529b', 'tech', '["增材制造前沿方向"]'::json, '符合国家科技创新规划', '["推动产业升级", "形成自主知识产权"]'::json, '2026-06-15T12:00:00+00:00', '2026-06-15T12:00:00+00:00');
INSERT INTO entity_change_log (entity_id, entity_type, field, old_value, new_value, method, operator, source_doc_id, reason, changed_at) VALUES ('PERSON_S_e179e73af193529b', 'person', '*', NULL, '{"action": "create"}'::json, 'rule', NULL, 'mock_seed', NULL, '2026-06-15T12:00:00+00:00');
INSERT INTO person_profile (person_id, name_cn, name_en, gender, avatar, nationality, summary, birth_date, age, birthplace, ethnicity, current_residence, current_org, current_enterprise, current_military_unit, current_position, highest_degree, person_category, professional_domains, professional_skills, social_media, personality_traits, hobbies, management_philosophy, remark, confidence, completeness, created_at, updated_at) VALUES ('PERSON_S_62d98bb4bd202d4f', '邓晓东', 'Expert_Tsvlpx', '女', '[]'::json, '中国', '邓晓东，领军人才，主要从事量子计算、半导体研究，现任东方未来研究院首席科学家。', '1976-05-21', 50, '武汉', '汉族', '北京', '东方未来研究院', NULL, NULL, '["主任"]'::json, '硕士', '骨干', '["量子计算", "半导体", "光电技术", "集成电路"]'::json, '["数据分析", "工程化"]'::json, '', '["协作", "务实", "坚韧"]'::json, '["阅读", "音乐"]'::json, '["产学研结合", "以问题为导向"]'::json, '[]'::json, 0.907, 0.558, '2026-06-15T12:00:00+00:00', '2026-06-15T12:00:00+00:00');
INSERT INTO person_education (person_id, start_date, degree_date, degree, school, major, created_at, updated_at) VALUES ('PERSON_S_62d98bb4bd202d4f', '1993-11-01', '2001-02-04', '学士', '哈尔滨工业大学', '量子计算', '2026-06-15T12:00:00+00:00', '2026-06-15T12:00:00+00:00');
INSERT INTO person_career (person_id, start_date, end_date, org, enterprise, military_unit, position, created_at, updated_at) VALUES ('PERSON_S_62d98bb4bd202d4f', '2011-09-14', NULL, '东方未来研究院', NULL, NULL, '高级工程师', '2026-06-15T12:00:00+00:00', '2026-06-15T12:00:00+00:00');
INSERT INTO person_award (person_id, description, created_at, updated_at) VALUES ('PERSON_S_62d98bb4bd202d4f', '2020年获省部级奖励', '2026-06-15T12:00:00+00:00', '2026-06-15T12:00:00+00:00');
INSERT INTO person_academic_output (person_id, name, form, publish_date, rank, tech_domain, collaborators, citations, is_representative, created_at, updated_at) VALUES ('PERSON_S_62d98bb4bd202d4f', '关于半导体的方法', '期刊论文', '2019-11-26', '通讯作者', '量子计算', '["韩瑞"]'::json, 49, TRUE, '2026-06-15T12:00:00+00:00', '2026-06-15T12:00:00+00:00');
INSERT INTO person_academic_output (person_id, name, form, publish_date, rank, tech_domain, collaborators, citations, is_representative, created_at, updated_at) VALUES ('PERSON_S_62d98bb4bd202d4f', '关于半导体的综述', '专利', '2024-07-21', '共同作者', '光电技术', '["宋刚婷", "罗艳建华"]'::json, 539, TRUE, '2026-06-15T12:00:00+00:00', '2026-06-15T12:00:00+00:00');
INSERT INTO person_focus (person_id, focus_type, content, consistency_with_policy, potential_impact, created_at, updated_at) VALUES ('PERSON_S_62d98bb4bd202d4f', 'tech', '["半导体前沿方向"]'::json, '符合国家科技创新规划', '["推动产业升级", "形成自主知识产权"]'::json, '2026-06-15T12:00:00+00:00', '2026-06-15T12:00:00+00:00');
INSERT INTO entity_change_log (entity_id, entity_type, field, old_value, new_value, method, operator, source_doc_id, reason, changed_at) VALUES ('PERSON_S_62d98bb4bd202d4f', 'person', '*', NULL, '{"action": "create"}'::json, 'rule', NULL, 'mock_seed', NULL, '2026-06-15T12:00:00+00:00');
INSERT INTO person_profile (person_id, name_cn, name_en, gender, avatar, nationality, summary, birth_date, age, birthplace, ethnicity, current_residence, current_org, current_enterprise, current_military_unit, current_position, highest_degree, person_category, professional_domains, professional_skills, social_media, personality_traits, hobbies, management_philosophy, remark, confidence, completeness, created_at, updated_at) VALUES ('PERSON_S_51af163fe73da16b', '孙伟娟', 'Expert_Wfmbed', '男', '[]'::json, '中国', '孙伟娟，专家，主要从事自动驾驶研究，现任远算力工程技术中心副教授。', '1960-06-01', 66, '成都', '汉族', '杭州', '远算力工程技术中心', NULL, NULL, '["教授"]'::json, '硕士', '专家', '["自动驾驶"]'::json, '["实验验证", "项目管理", "数据分析", "算法设计"]'::json, '', '["务实", "协作", "创新"]'::json, '["音乐", "运动"]'::json, '["产学研结合", "以问题为导向"]'::json, '[]'::json, 0.939, 0.678, '2026-06-15T12:00:00+00:00', '2026-06-15T12:00:00+00:00');
INSERT INTO person_education (person_id, start_date, degree_date, degree, school, major, created_at, updated_at) VALUES ('PERSON_S_51af163fe73da16b', '2010-09-02', '2016-11-05', '博士', '浙江大学', '集成电路', '2026-06-15T12:00:00+00:00', '2026-06-15T12:00:00+00:00');
INSERT INTO person_career (person_id, start_date, end_date, org, enterprise, military_unit, position, created_at, updated_at) VALUES ('PERSON_S_51af163fe73da16b', '2016-11-22', NULL, '远算力工程技术中心', NULL, NULL, '副教授', '2026-06-15T12:00:00+00:00', '2026-06-15T12:00:00+00:00');
INSERT INTO person_award (person_id, description, created_at, updated_at) VALUES ('PERSON_S_51af163fe73da16b', '2021年获省部级奖励', '2026-06-15T12:00:00+00:00', '2026-06-15T12:00:00+00:00');
INSERT INTO person_academic_output (person_id, name, form, publish_date, rank, tech_domain, collaborators, citations, is_representative, created_at, updated_at) VALUES ('PERSON_S_51af163fe73da16b', '关于自动驾驶的方法', '期刊论文', '2021-01-15', '通讯作者', '自动驾驶', '["朱宇航", "杨文博", "高霞超"]'::json, 644, TRUE, '2026-06-15T12:00:00+00:00', '2026-06-15T12:00:00+00:00');
INSERT INTO person_academic_output (person_id, name, form, publish_date, rank, tech_domain, collaborators, citations, is_representative, created_at, updated_at) VALUES ('PERSON_S_51af163fe73da16b', '关于自动驾驶的综述', '会议论文', '2019-08-16', '第一作者', '自动驾驶', '["杨勇", "杨强"]'::json, 799, TRUE, '2026-06-15T12:00:00+00:00', '2026-06-15T12:00:00+00:00');
INSERT INTO person_focus (person_id, focus_type, content, consistency_with_policy, potential_impact, created_at, updated_at) VALUES ('PERSON_S_51af163fe73da16b', 'tech', '["自动驾驶前沿方向"]'::json, '符合国家科技创新规划', '["推动产业升级", "形成自主知识产权"]'::json, '2026-06-15T12:00:00+00:00', '2026-06-15T12:00:00+00:00');
INSERT INTO entity_change_log (entity_id, entity_type, field, old_value, new_value, method, operator, source_doc_id, reason, changed_at) VALUES ('PERSON_S_51af163fe73da16b', 'person', '*', NULL, '{"action": "create"}'::json, 'rule', NULL, 'mock_seed', NULL, '2026-06-15T12:00:00+00:00');
INSERT INTO person_profile (person_id, name_cn, name_en, gender, avatar, nationality, summary, birth_date, age, birthplace, ethnicity, current_residence, current_org, current_enterprise, current_military_unit, current_position, highest_degree, person_category, professional_domains, professional_skills, social_media, personality_traits, hobbies, management_philosophy, remark, confidence, completeness, created_at, updated_at) VALUES ('PERSON_S_e98be968b627b543', '罗峰昊', 'Expert_Twsvou', '女', '[]'::json, '中国', '罗峰昊，青年人才，主要从事航空航天、半导体研究，现任北方航宇科技主任。', '1970-12-18', 56, '成都', '汉族', '北京', '北方航宇科技', NULL, NULL, '["教授"]'::json, '硕士', '骨干', '["航空航天", "半导体"]'::json, '["实验验证", "算法设计"]'::json, '', '["严谨", "协作"]'::json, '["阅读", "运动"]'::json, '["产学研结合", "以问题为导向"]'::json, '[]'::json, 0.721, 0.817, '2026-06-15T12:00:00+00:00', '2026-06-15T12:00:00+00:00');
INSERT INTO person_education (person_id, start_date, degree_date, degree, school, major, created_at, updated_at) VALUES ('PERSON_S_e98be968b627b543', '2003-12-22', '2000-11-23', '博士', '北京大学', '航空航天', '2026-06-15T12:00:00+00:00', '2026-06-15T12:00:00+00:00');
INSERT INTO person_career (person_id, start_date, end_date, org, enterprise, military_unit, position, created_at, updated_at) VALUES ('PERSON_S_e98be968b627b543', '2016-02-26', NULL, '北方航宇科技', NULL, NULL, '副教授', '2026-06-15T12:00:00+00:00', '2026-06-15T12:00:00+00:00');
INSERT INTO person_award (person_id, description, created_at, updated_at) VALUES ('PERSON_S_e98be968b627b543', '2022年获省部级奖励', '2026-06-15T12:00:00+00:00', '2026-06-15T12:00:00+00:00');
INSERT INTO person_academic_output (person_id, name, form, publish_date, rank, tech_domain, collaborators, citations, is_representative, created_at, updated_at) VALUES ('PERSON_S_e98be968b627b543', '关于航空航天的研究', '专利', '2020-10-19', '共同作者', '半导体', '["彭文博杰", "梁磊俊杰", "何娟超"]'::json, 228, TRUE, '2026-06-15T12:00:00+00:00', '2026-06-15T12:00:00+00:00');
INSERT INTO person_academic_output (person_id, name, form, publish_date, rank, tech_domain, collaborators, citations, is_representative, created_at, updated_at) VALUES ('PERSON_S_e98be968b627b543', '关于半导体的研究', '专利', '2021-05-03', '共同作者', '航空航天', '["王平磊", "赵海燕宁"]'::json, 110, TRUE, '2026-06-15T12:00:00+00:00', '2026-06-15T12:00:00+00:00');
INSERT INTO person_focus (person_id, focus_type, content, consistency_with_policy, potential_impact, created_at, updated_at) VALUES ('PERSON_S_e98be968b627b543', 'tech', '["航空航天前沿方向"]'::json, '符合国家科技创新规划', '["推动产业升级", "形成自主知识产权"]'::json, '2026-06-15T12:00:00+00:00', '2026-06-15T12:00:00+00:00');
INSERT INTO entity_change_log (entity_id, entity_type, field, old_value, new_value, method, operator, source_doc_id, reason, changed_at) VALUES ('PERSON_S_e98be968b627b543', 'person', '*', NULL, '{"action": "create"}'::json, 'rule', NULL, 'mock_seed', NULL, '2026-06-15T12:00:00+00:00');
INSERT INTO person_profile (person_id, name_cn, name_en, gender, avatar, nationality, summary, birth_date, age, birthplace, ethnicity, current_residence, current_org, current_enterprise, current_military_unit, current_position, highest_degree, person_category, professional_domains, professional_skills, social_media, personality_traits, hobbies, management_philosophy, remark, confidence, completeness, created_at, updated_at) VALUES ('PERSON_S_0f44b38885e7111b', '黄斌磊', 'Expert_Wiwxsd', '男', '[]'::json, '中国', '黄斌磊，领军人才，主要从事量子计算、光电技术研究，现任航天基因工程技术中心首席科学家。', '1986-12-15', 40, '武汉', '汉族', '深圳', '航天基因工程技术中心', NULL, NULL, '["教授"]'::json, '学士', '专家', '["量子计算", "光电技术", "新能源"]'::json, '["算法设计", "系统架构", "实验验证"]'::json, '', '["创新", "坚韧"]'::json, '["运动"]'::json, '["产学研结合", "以问题为导向"]'::json, '[]'::json, 0.711, 0.566, '2026-06-15T12:00:00+00:00', '2026-06-15T12:00:00+00:00');
INSERT INTO person_education (person_id, start_date, degree_date, degree, school, major, created_at, updated_at) VALUES ('PERSON_S_0f44b38885e7111b', '1992-12-02', '2006-01-08', '硕士', '哈尔滨工业大学', '量子计算', '2026-06-15T12:00:00+00:00', '2026-06-15T12:00:00+00:00');
INSERT INTO person_career (person_id, start_date, end_date, org, enterprise, military_unit, position, created_at, updated_at) VALUES ('PERSON_S_0f44b38885e7111b', '2017-09-18', NULL, '航天基因工程技术中心', NULL, NULL, '总工程师', '2026-06-15T12:00:00+00:00', '2026-06-15T12:00:00+00:00');
INSERT INTO person_award (person_id, description, created_at, updated_at) VALUES ('PERSON_S_0f44b38885e7111b', '2019年获学会优秀论文', '2026-06-15T12:00:00+00:00', '2026-06-15T12:00:00+00:00');
INSERT INTO person_academic_output (person_id, name, form, publish_date, rank, tech_domain, collaborators, citations, is_representative, created_at, updated_at) VALUES ('PERSON_S_0f44b38885e7111b', '关于光电技术的研究', '专利', '2024-06-21', '共同作者', '光电技术', '["黄峰俊杰", "罗文博桂英"]'::json, 52, TRUE, '2026-06-15T12:00:00+00:00', '2026-06-15T12:00:00+00:00');
INSERT INTO person_academic_output (person_id, name, form, publish_date, rank, tech_domain, collaborators, citations, is_representative, created_at, updated_at) VALUES ('PERSON_S_0f44b38885e7111b', '关于新能源的研究', '专利', '2024-10-07', '第一作者', '量子计算', '["刘文博伟"]'::json, 697, TRUE, '2026-06-15T12:00:00+00:00', '2026-06-15T12:00:00+00:00');
INSERT INTO person_academic_output (person_id, name, form, publish_date, rank, tech_domain, collaborators, citations, is_representative, created_at, updated_at) VALUES ('PERSON_S_0f44b38885e7111b', '关于光电技术的方法', '会议论文', '2024-10-11', '通讯作者', '光电技术', '["王宁", "冯军", "赵伟"]'::json, 138, TRUE, '2026-06-15T12:00:00+00:00', '2026-06-15T12:00:00+00:00');
INSERT INTO person_focus (person_id, focus_type, content, consistency_with_policy, potential_impact, created_at, updated_at) VALUES ('PERSON_S_0f44b38885e7111b', 'tech', '["新能源前沿方向"]'::json, '符合国家科技创新规划', '["推动产业升级", "形成自主知识产权"]'::json, '2026-06-15T12:00:00+00:00', '2026-06-15T12:00:00+00:00');
INSERT INTO entity_change_log (entity_id, entity_type, field, old_value, new_value, method, operator, source_doc_id, reason, changed_at) VALUES ('PERSON_S_0f44b38885e7111b', 'person', '*', NULL, '{"action": "create"}'::json, 'rule', NULL, 'mock_seed', NULL, '2026-06-15T12:00:00+00:00');
INSERT INTO person_profile (person_id, name_cn, name_en, gender, avatar, nationality, summary, birth_date, age, birthplace, ethnicity, current_residence, current_org, current_enterprise, current_military_unit, current_position, highest_degree, person_category, professional_domains, professional_skills, social_media, personality_traits, hobbies, management_philosophy, remark, confidence, completeness, created_at, updated_at) VALUES ('PERSON_S_01d9f25eb05df577', '王俊杰', 'Expert_Wyclwd', '女', '[]'::json, '中国', '王俊杰，骨干，主要从事氢能研究，现任南方航宇研究院研究员。', '1965-11-04', 61, '南京', '汉族', '杭州', '南方航宇研究院', NULL, NULL, '["主任"]'::json, '博士', '青年人才', '["氢能"]'::json, '["工程化", "实验验证"]'::json, '', '["协作", "严谨", "务实"]'::json, '["音乐"]'::json, '["产学研结合", "以问题为导向"]'::json, '[]'::json, 0.804, 0.588, '2026-06-15T12:00:00+00:00', '2026-06-15T12:00:00+00:00');
INSERT INTO person_education (person_id, start_date, degree_date, degree, school, major, created_at, updated_at) VALUES ('PERSON_S_01d9f25eb05df577', '2003-10-06', '2017-04-06', '博士', '北京大学', '集成电路', '2026-06-15T12:00:00+00:00', '2026-06-15T12:00:00+00:00');
INSERT INTO person_career (person_id, start_date, end_date, org, enterprise, military_unit, position, created_at, updated_at) VALUES ('PERSON_S_01d9f25eb05df577', '2015-06-17', NULL, '南方航宇研究院', NULL, NULL, '主任', '2026-06-15T12:00:00+00:00', '2026-06-15T12:00:00+00:00');
INSERT INTO person_award (person_id, description, created_at, updated_at) VALUES ('PERSON_S_01d9f25eb05df577', '2015年获国家自然科学奖', '2026-06-15T12:00:00+00:00', '2026-06-15T12:00:00+00:00');
INSERT INTO person_academic_output (person_id, name, form, publish_date, rank, tech_domain, collaborators, citations, is_representative, created_at, updated_at) VALUES ('PERSON_S_01d9f25eb05df577', '关于氢能的方法', '期刊论文', '2021-11-25', '共同作者', '氢能', '["朱瑞", "吴勇"]'::json, 613, TRUE, '2026-06-15T12:00:00+00:00', '2026-06-15T12:00:00+00:00');
INSERT INTO person_academic_output (person_id, name, form, publish_date, rank, tech_domain, collaborators, citations, is_representative, created_at, updated_at) VALUES ('PERSON_S_01d9f25eb05df577', '关于氢能的研究', '专利', '2021-06-24', '通讯作者', '氢能', '["高霞", "赵斌建华", "周桂英雪松"]'::json, 431, TRUE, '2026-06-15T12:00:00+00:00', '2026-06-15T12:00:00+00:00');
INSERT INTO person_academic_output (person_id, name, form, publish_date, rank, tech_domain, collaborators, citations, is_representative, created_at, updated_at) VALUES ('PERSON_S_01d9f25eb05df577', '关于氢能的研究', '会议论文', '2023-12-11', '通讯作者', '氢能', '["许海燕"]'::json, 663, TRUE, '2026-06-15T12:00:00+00:00', '2026-06-15T12:00:00+00:00');
INSERT INTO person_focus (person_id, focus_type, content, consistency_with_policy, potential_impact, created_at, updated_at) VALUES ('PERSON_S_01d9f25eb05df577', 'tech', '["氢能前沿方向"]'::json, '符合国家科技创新规划', '["推动产业升级", "形成自主知识产权"]'::json, '2026-06-15T12:00:00+00:00', '2026-06-15T12:00:00+00:00');
INSERT INTO entity_change_log (entity_id, entity_type, field, old_value, new_value, method, operator, source_doc_id, reason, changed_at) VALUES ('PERSON_S_01d9f25eb05df577', 'person', '*', NULL, '{"action": "create"}'::json, 'rule', NULL, 'mock_seed', NULL, '2026-06-15T12:00:00+00:00');
INSERT INTO person_profile (person_id, name_cn, name_en, gender, avatar, nationality, summary, birth_date, age, birthplace, ethnicity, current_residence, current_org, current_enterprise, current_military_unit, current_position, highest_degree, person_category, professional_domains, professional_skills, social_media, personality_traits, hobbies, management_philosophy, remark, confidence, completeness, created_at, updated_at) VALUES ('PERSON_S_9160e6d2d19deb35', '曹平斌', 'Expert_Rxaivh', '女', '[]'::json, '中国', '曹平斌，领军人才，主要从事新能源、储能研究，现任东方生医科技副院长。', '1955-12-23', 71, '武汉', '汉族', '杭州', '东方生医科技', NULL, NULL, '["教授"]'::json, '学士', '专家', '["新能源", "储能", "基因编辑"]'::json, '["实验验证", "工程化", "系统架构"]'::json, '', '["创新", "协作"]'::json, '["音乐", "运动"]'::json, '["产学研结合", "以问题为导向"]'::json, '[]'::json, 0.737, 0.77, '2026-06-15T12:00:00+00:00', '2026-06-15T12:00:00+00:00');
INSERT INTO person_education (person_id, start_date, degree_date, degree, school, major, created_at, updated_at) VALUES ('PERSON_S_9160e6d2d19deb35', '1998-02-19', '2007-04-23', '学士', '上海交通大学', '半导体', '2026-06-15T12:00:00+00:00', '2026-06-15T12:00:00+00:00');
INSERT INTO person_career (person_id, start_date, end_date, org, enterprise, military_unit, position, created_at, updated_at) VALUES ('PERSON_S_9160e6d2d19deb35', '2020-03-14', NULL, '东方生医科技', NULL, NULL, '研究员', '2026-06-15T12:00:00+00:00', '2026-06-15T12:00:00+00:00');
INSERT INTO person_award (person_id, description, created_at, updated_at) VALUES ('PERSON_S_9160e6d2d19deb35', '2017年获学会优秀论文', '2026-06-15T12:00:00+00:00', '2026-06-15T12:00:00+00:00');
INSERT INTO person_academic_output (person_id, name, form, publish_date, rank, tech_domain, collaborators, citations, is_representative, created_at, updated_at) VALUES ('PERSON_S_9160e6d2d19deb35', '关于储能的方法', '期刊论文', '2021-09-28', '第一作者', '储能', '["冯雪松勇", "高峰"]'::json, 654, TRUE, '2026-06-15T12:00:00+00:00', '2026-06-15T12:00:00+00:00');
INSERT INTO person_academic_output (person_id, name, form, publish_date, rank, tech_domain, collaborators, citations, is_representative, created_at, updated_at) VALUES ('PERSON_S_9160e6d2d19deb35', '关于基因编辑的方法', '专利', '2022-03-19', '第一作者', '新能源', '["郭勇", "张婷"]'::json, 584, TRUE, '2026-06-15T12:00:00+00:00', '2026-06-15T12:00:00+00:00');
INSERT INTO person_academic_output (person_id, name, form, publish_date, rank, tech_domain, collaborators, citations, is_representative, created_at, updated_at) VALUES ('PERSON_S_9160e6d2d19deb35', '关于基因编辑的综述', '专利', '2020-04-03', '共同作者', '新能源', '["朱伟"]'::json, 397, TRUE, '2026-06-15T12:00:00+00:00', '2026-06-15T12:00:00+00:00');
INSERT INTO person_focus (person_id, focus_type, content, consistency_with_policy, potential_impact, created_at, updated_at) VALUES ('PERSON_S_9160e6d2d19deb35', 'tech', '["储能前沿方向"]'::json, '符合国家科技创新规划', '["推动产业升级", "形成自主知识产权"]'::json, '2026-06-15T12:00:00+00:00', '2026-06-15T12:00:00+00:00');
INSERT INTO entity_change_log (entity_id, entity_type, field, old_value, new_value, method, operator, source_doc_id, reason, changed_at) VALUES ('PERSON_S_9160e6d2d19deb35', 'person', '*', NULL, '{"action": "create"}'::json, 'rule', NULL, 'mock_seed', NULL, '2026-06-15T12:00:00+00:00');
INSERT INTO person_profile (person_id, name_cn, name_en, gender, avatar, nationality, summary, birth_date, age, birthplace, ethnicity, current_residence, current_org, current_enterprise, current_military_unit, current_position, highest_degree, person_category, professional_domains, professional_skills, social_media, personality_traits, hobbies, management_philosophy, remark, confidence, completeness, created_at, updated_at) VALUES ('PERSON_S_02a7c5c454900f52', '徐明涛', 'Expert_Uksiuy', '男', '[]'::json, '中国', '徐明涛，院士，主要从事半导体研究，现任航天氢动实验室高级工程师。', '1961-05-17', 65, '成都', '汉族', '上海', '航天氢动实验室', NULL, NULL, '["副院长"]'::json, '硕士', '领军人才', '["半导体"]'::json, '["系统架构", "项目管理", "工程化"]'::json, '', '["坚韧", "务实"]'::json, '["音乐", "阅读"]'::json, '["产学研结合", "以问题为导向"]'::json, '[]'::json, 0.904, 0.832, '2026-06-15T12:00:00+00:00', '2026-06-15T12:00:00+00:00');
INSERT INTO person_education (person_id, start_date, degree_date, degree, school, major, created_at, updated_at) VALUES ('PERSON_S_02a7c5c454900f52', '2010-06-25', '2014-08-11', '学士', '中国科学技术大学', '集成电路', '2026-06-15T12:00:00+00:00', '2026-06-15T12:00:00+00:00');
INSERT INTO person_career (person_id, start_date, end_date, org, enterprise, military_unit, position, created_at, updated_at) VALUES ('PERSON_S_02a7c5c454900f52', '2007-07-03', NULL, '航天氢动实验室', NULL, NULL, '教授', '2026-06-15T12:00:00+00:00', '2026-06-15T12:00:00+00:00');
INSERT INTO person_award (person_id, description, created_at, updated_at) VALUES ('PERSON_S_02a7c5c454900f52', '2023年获省部级奖励', '2026-06-15T12:00:00+00:00', '2026-06-15T12:00:00+00:00');
INSERT INTO person_academic_output (person_id, name, form, publish_date, rank, tech_domain, collaborators, citations, is_representative, created_at, updated_at) VALUES ('PERSON_S_02a7c5c454900f52', '关于半导体的研究', '期刊论文', '2023-08-14', '第一作者', '半导体', '["孙志强", "高艳", "徐志强"]'::json, 147, TRUE, '2026-06-15T12:00:00+00:00', '2026-06-15T12:00:00+00:00');
INSERT INTO person_academic_output (person_id, name, form, publish_date, rank, tech_domain, collaborators, citations, is_representative, created_at, updated_at) VALUES ('PERSON_S_02a7c5c454900f52', '关于半导体的综述', '期刊论文', '2021-04-11', '第一作者', '半导体', '["曹瑞", "吴宇航洋"]'::json, 130, TRUE, '2026-06-15T12:00:00+00:00', '2026-06-15T12:00:00+00:00');
INSERT INTO person_focus (person_id, focus_type, content, consistency_with_policy, potential_impact, created_at, updated_at) VALUES ('PERSON_S_02a7c5c454900f52', 'tech', '["半导体前沿方向"]'::json, '符合国家科技创新规划', '["推动产业升级", "形成自主知识产权"]'::json, '2026-06-15T12:00:00+00:00', '2026-06-15T12:00:00+00:00');
INSERT INTO entity_change_log (entity_id, entity_type, field, old_value, new_value, method, operator, source_doc_id, reason, changed_at) VALUES ('PERSON_S_02a7c5c454900f52', 'person', '*', NULL, '{"action": "create"}'::json, 'rule', NULL, 'mock_seed', NULL, '2026-06-15T12:00:00+00:00');
INSERT INTO person_profile (person_id, name_cn, name_en, gender, avatar, nationality, summary, birth_date, age, birthplace, ethnicity, current_residence, current_org, current_enterprise, current_military_unit, current_position, highest_degree, person_category, professional_domains, professional_skills, social_media, personality_traits, hobbies, management_philosophy, remark, confidence, completeness, created_at, updated_at) VALUES ('PERSON_S_59b4770325d4507c', '赵宁', 'Expert_Pzmiay', '女', '[]'::json, '中国', '赵宁，骨干，主要从事卫星互联网、网络安全研究，现任东方芯创股份教授。', '1976-09-06', 50, '西安', '汉族', '上海', '东方芯创股份', NULL, NULL, '["主任"]'::json, '博士', '青年人才', '["卫星互联网", "网络安全", "深海装备", "6G通信"]'::json, '["数据分析", "实验验证", "算法设计", "工程化"]'::json, '', '["创新", "坚韧"]'::json, '["音乐", "运动"]'::json, '["产学研结合", "以问题为导向"]'::json, '[]'::json, 0.877, 0.626, '2026-06-15T12:00:00+00:00', '2026-06-15T12:00:00+00:00');
INSERT INTO person_education (person_id, start_date, degree_date, degree, school, major, created_at, updated_at) VALUES ('PERSON_S_59b4770325d4507c', '2010-05-28', '2010-10-08', '硕士', '上海交通大学', '半导体', '2026-06-15T12:00:00+00:00', '2026-06-15T12:00:00+00:00');
INSERT INTO person_career (person_id, start_date, end_date, org, enterprise, military_unit, position, created_at, updated_at) VALUES ('PERSON_S_59b4770325d4507c', '2018-03-18', NULL, '东方芯创股份', NULL, NULL, '首席科学家', '2026-06-15T12:00:00+00:00', '2026-06-15T12:00:00+00:00');
INSERT INTO person_award (person_id, description, created_at, updated_at) VALUES ('PERSON_S_59b4770325d4507c', '2020年获国家自然科学奖', '2026-06-15T12:00:00+00:00', '2026-06-15T12:00:00+00:00');
INSERT INTO person_academic_output (person_id, name, form, publish_date, rank, tech_domain, collaborators, citations, is_representative, created_at, updated_at) VALUES ('PERSON_S_59b4770325d4507c', '关于卫星互联网的综述', '期刊论文', '2018-11-27', '通讯作者', '网络安全', '["郑磊刚", "高建华"]'::json, 161, TRUE, '2026-06-15T12:00:00+00:00', '2026-06-15T12:00:00+00:00');
INSERT INTO person_academic_output (person_id, name, form, publish_date, rank, tech_domain, collaborators, citations, is_representative, created_at, updated_at) VALUES ('PERSON_S_59b4770325d4507c', '关于深海装备的方法', '专著', '2023-08-11', '通讯作者', '卫星互联网', '["徐雪松勇", "张军平", "罗昊晓东"]'::json, 334, TRUE, '2026-06-15T12:00:00+00:00', '2026-06-15T12:00:00+00:00');
INSERT INTO person_academic_output (person_id, name, form, publish_date, rank, tech_domain, collaborators, citations, is_representative, created_at, updated_at) VALUES ('PERSON_S_59b4770325d4507c', '关于6G通信的研究', '期刊论文', '2020-01-01', '第一作者', '卫星互联网', '["胡俊杰"]'::json, 638, TRUE, '2026-06-15T12:00:00+00:00', '2026-06-15T12:00:00+00:00');
INSERT INTO person_focus (person_id, focus_type, content, consistency_with_policy, potential_impact, created_at, updated_at) VALUES ('PERSON_S_59b4770325d4507c', 'tech', '["网络安全前沿方向"]'::json, '符合国家科技创新规划', '["推动产业升级", "形成自主知识产权"]'::json, '2026-06-15T12:00:00+00:00', '2026-06-15T12:00:00+00:00');
INSERT INTO entity_change_log (entity_id, entity_type, field, old_value, new_value, method, operator, source_doc_id, reason, changed_at) VALUES ('PERSON_S_59b4770325d4507c', 'person', '*', NULL, '{"action": "create"}'::json, 'rule', NULL, 'mock_seed', NULL, '2026-06-15T12:00:00+00:00');
INSERT INTO person_profile (person_id, name_cn, name_en, gender, avatar, nationality, summary, birth_date, age, birthplace, ethnicity, current_residence, current_org, current_enterprise, current_military_unit, current_position, highest_degree, person_category, professional_domains, professional_skills, social_media, personality_traits, hobbies, management_philosophy, remark, confidence, completeness, created_at, updated_at) VALUES ('PERSON_S_fb3f128cd1e6b85a', '王刚', 'Expert_Nmqsch', '女', '[]'::json, '中国', '王刚，院士，主要从事光电技术、集成电路研究，现任北方未来高科首席科学家。', '1956-10-01', 70, '南京', '汉族', '深圳', '北方未来高科', NULL, NULL, '["总工程师"]'::json, '博士', '青年人才', '["光电技术", "集成电路"]'::json, '["项目管理", "工程化", "系统架构"]'::json, '', '["协作"]'::json, '["音乐"]'::json, '["产学研结合", "以问题为导向"]'::json, '[]'::json, 0.773, 0.829, '2026-06-15T12:00:00+00:00', '2026-06-15T12:00:00+00:00');
INSERT INTO person_education (person_id, start_date, degree_date, degree, school, major, created_at, updated_at) VALUES ('PERSON_S_fb3f128cd1e6b85a', '1996-01-01', '2012-06-18', '硕士', '浙江大学', '量子计算', '2026-06-15T12:00:00+00:00', '2026-06-15T12:00:00+00:00');
INSERT INTO person_career (person_id, start_date, end_date, org, enterprise, military_unit, position, created_at, updated_at) VALUES ('PERSON_S_fb3f128cd1e6b85a', '2016-06-26', NULL, '北方未来高科', NULL, NULL, '主任', '2026-06-15T12:00:00+00:00', '2026-06-15T12:00:00+00:00');
INSERT INTO person_award (person_id, description, created_at, updated_at) VALUES ('PERSON_S_fb3f128cd1e6b85a', '2015年获学会优秀论文', '2026-06-15T12:00:00+00:00', '2026-06-15T12:00:00+00:00');
INSERT INTO person_academic_output (person_id, name, form, publish_date, rank, tech_domain, collaborators, citations, is_representative, created_at, updated_at) VALUES ('PERSON_S_fb3f128cd1e6b85a', '关于集成电路的研究', '专利', '2021-11-11', '第一作者', '集成电路', '["彭军"]'::json, 90, TRUE, '2026-06-15T12:00:00+00:00', '2026-06-15T12:00:00+00:00');
INSERT INTO person_academic_output (person_id, name, form, publish_date, rank, tech_domain, collaborators, citations, is_representative, created_at, updated_at) VALUES ('PERSON_S_fb3f128cd1e6b85a', '关于集成电路的综述', '期刊论文', '2021-12-19', '共同作者', '光电技术', '["梁刚", "唐昊晓东", "陈明"]'::json, 18, TRUE, '2026-06-15T12:00:00+00:00', '2026-06-15T12:00:00+00:00');
INSERT INTO person_academic_output (person_id, name, form, publish_date, rank, tech_domain, collaborators, citations, is_representative, created_at, updated_at) VALUES ('PERSON_S_fb3f128cd1e6b85a', '关于集成电路的综述', '专利', '2021-06-01', '通讯作者', '光电技术', '["罗明", "王明艳"]'::json, 498, TRUE, '2026-06-15T12:00:00+00:00', '2026-06-15T12:00:00+00:00');
INSERT INTO person_focus (person_id, focus_type, content, consistency_with_policy, potential_impact, created_at, updated_at) VALUES ('PERSON_S_fb3f128cd1e6b85a', 'tech', '["集成电路前沿方向"]'::json, '符合国家科技创新规划', '["推动产业升级", "形成自主知识产权"]'::json, '2026-06-15T12:00:00+00:00', '2026-06-15T12:00:00+00:00');
INSERT INTO entity_change_log (entity_id, entity_type, field, old_value, new_value, method, operator, source_doc_id, reason, changed_at) VALUES ('PERSON_S_fb3f128cd1e6b85a', 'person', '*', NULL, '{"action": "create"}'::json, 'rule', NULL, 'mock_seed', NULL, '2026-06-15T12:00:00+00:00');
INSERT INTO person_profile (person_id, name_cn, name_en, gender, avatar, nationality, summary, birth_date, age, birthplace, ethnicity, current_residence, current_org, current_enterprise, current_military_unit, current_position, highest_degree, person_category, professional_domains, professional_skills, social_media, personality_traits, hobbies, management_philosophy, remark, confidence, completeness, created_at, updated_at) VALUES ('PERSON_S_2e9fc8c49fda0d6d', '何雪松宇航', 'Expert_Pqbhtw', '女', '[]'::json, '中国', '何雪松宇航，青年人才，主要从事基因编辑、半导体研究，现任东方芯创集团主任。', '1959-02-26', 67, '上海', '汉族', '杭州', '东方芯创集团', NULL, NULL, '["高级工程师"]'::json, '学士', '骨干', '["基因编辑", "半导体", "先进算力"]'::json, '["算法设计", "项目管理", "系统架构", "数据分析"]'::json, '', '["务实", "协作", "严谨"]'::json, '["阅读"]'::json, '["产学研结合", "以问题为导向"]'::json, '[]'::json, 0.812, 0.71, '2026-06-15T12:00:00+00:00', '2026-06-15T12:00:00+00:00');
INSERT INTO person_education (person_id, start_date, degree_date, degree, school, major, created_at, updated_at) VALUES ('PERSON_S_2e9fc8c49fda0d6d', '2006-09-09', '2007-11-25', '博士', '北京大学', '大模型', '2026-06-15T12:00:00+00:00', '2026-06-15T12:00:00+00:00');
INSERT INTO person_career (person_id, start_date, end_date, org, enterprise, military_unit, position, created_at, updated_at) VALUES ('PERSON_S_2e9fc8c49fda0d6d', '2010-04-25', NULL, '东方芯创集团', NULL, NULL, '主任', '2026-06-15T12:00:00+00:00', '2026-06-15T12:00:00+00:00');
INSERT INTO person_award (person_id, description, created_at, updated_at) VALUES ('PERSON_S_2e9fc8c49fda0d6d', '2017年获国家自然科学奖', '2026-06-15T12:00:00+00:00', '2026-06-15T12:00:00+00:00');
INSERT INTO person_academic_output (person_id, name, form, publish_date, rank, tech_domain, collaborators, citations, is_representative, created_at, updated_at) VALUES ('PERSON_S_2e9fc8c49fda0d6d', '关于半导体的方法', '会议论文', '2024-05-17', '通讯作者', '先进算力', '["罗杰", "王娟"]'::json, 187, TRUE, '2026-06-15T12:00:00+00:00', '2026-06-15T12:00:00+00:00');
INSERT INTO person_academic_output (person_id, name, form, publish_date, rank, tech_domain, collaborators, citations, is_representative, created_at, updated_at) VALUES ('PERSON_S_2e9fc8c49fda0d6d', '关于先进算力的研究', '会议论文', '2022-01-27', '通讯作者', '先进算力', '["林雪松", "冯勇", "朱军"]'::json, 285, TRUE, '2026-06-15T12:00:00+00:00', '2026-06-15T12:00:00+00:00');
INSERT INTO person_academic_output (person_id, name, form, publish_date, rank, tech_domain, collaborators, citations, is_representative, created_at, updated_at) VALUES ('PERSON_S_2e9fc8c49fda0d6d', '关于基因编辑的方法', '会议论文', '2019-06-14', '共同作者', '半导体', '["冯俊杰平", "赵昊", "杨娟"]'::json, 283, TRUE, '2026-06-15T12:00:00+00:00', '2026-06-15T12:00:00+00:00');
INSERT INTO person_academic_output (person_id, name, form, publish_date, rank, tech_domain, collaborators, citations, is_representative, created_at, updated_at) VALUES ('PERSON_S_2e9fc8c49fda0d6d', '关于半导体的综述', '期刊论文', '2023-06-11', '第一作者', '基因编辑', '["郑勇"]'::json, 637, TRUE, '2026-06-15T12:00:00+00:00', '2026-06-15T12:00:00+00:00');
INSERT INTO person_focus (person_id, focus_type, content, consistency_with_policy, potential_impact, created_at, updated_at) VALUES ('PERSON_S_2e9fc8c49fda0d6d', 'tech', '["半导体前沿方向"]'::json, '符合国家科技创新规划', '["推动产业升级", "形成自主知识产权"]'::json, '2026-06-15T12:00:00+00:00', '2026-06-15T12:00:00+00:00');
INSERT INTO entity_change_log (entity_id, entity_type, field, old_value, new_value, method, operator, source_doc_id, reason, changed_at) VALUES ('PERSON_S_2e9fc8c49fda0d6d', 'person', '*', NULL, '{"action": "create"}'::json, 'rule', NULL, 'mock_seed', NULL, '2026-06-15T12:00:00+00:00');
INSERT INTO person_profile (person_id, name_cn, name_en, gender, avatar, nationality, summary, birth_date, age, birthplace, ethnicity, current_residence, current_org, current_enterprise, current_military_unit, current_position, highest_degree, person_category, professional_domains, professional_skills, social_media, personality_traits, hobbies, management_philosophy, remark, confidence, completeness, created_at, updated_at) VALUES ('PERSON_S_92eaf5410c8aae7f', '梁娟军', 'Expert_Qdyevm', '女', '[]'::json, '中国', '梁娟军，领军人才，主要从事6G通信、半导体研究，现任中聚变研究所教授。', '1993-08-13', 33, '哈尔滨', '汉族', '上海', '中聚变研究所', NULL, NULL, '["教授"]'::json, '硕士', '骨干', '["6G通信", "半导体"]'::json, '["数据分析", "工程化"]'::json, '', '["协作"]'::json, '["旅行"]'::json, '["产学研结合", "以问题为导向"]'::json, '[]'::json, 0.713, 0.913, '2026-06-15T12:00:00+00:00', '2026-06-15T12:00:00+00:00');
INSERT INTO person_education (person_id, start_date, degree_date, degree, school, major, created_at, updated_at) VALUES ('PERSON_S_92eaf5410c8aae7f', '2007-09-20', '1999-10-25', '学士', '北京大学', '大模型', '2026-06-15T12:00:00+00:00', '2026-06-15T12:00:00+00:00');
INSERT INTO person_career (person_id, start_date, end_date, org, enterprise, military_unit, position, created_at, updated_at) VALUES ('PERSON_S_92eaf5410c8aae7f', '2010-12-18', NULL, '中聚变研究所', NULL, NULL, '副院长', '2026-06-15T12:00:00+00:00', '2026-06-15T12:00:00+00:00');
INSERT INTO person_award (person_id, description, created_at, updated_at) VALUES ('PERSON_S_92eaf5410c8aae7f', '2022年获国家自然科学奖', '2026-06-15T12:00:00+00:00', '2026-06-15T12:00:00+00:00');
INSERT INTO person_academic_output (person_id, name, form, publish_date, rank, tech_domain, collaborators, citations, is_representative, created_at, updated_at) VALUES ('PERSON_S_92eaf5410c8aae7f', '关于半导体的研究', '期刊论文', '2024-09-10', '共同作者', '6G通信', '["张明", "林瑞强"]'::json, 180, TRUE, '2026-06-15T12:00:00+00:00', '2026-06-15T12:00:00+00:00');
INSERT INTO person_academic_output (person_id, name, form, publish_date, rank, tech_domain, collaborators, citations, is_representative, created_at, updated_at) VALUES ('PERSON_S_92eaf5410c8aae7f', '关于6G通信的研究', '专利', '2019-10-02', '第一作者', '半导体', '["邓晓东勇", "孙斌"]'::json, 679, TRUE, '2026-06-15T12:00:00+00:00', '2026-06-15T12:00:00+00:00');
INSERT INTO person_focus (person_id, focus_type, content, consistency_with_policy, potential_impact, created_at, updated_at) VALUES ('PERSON_S_92eaf5410c8aae7f', 'tech', '["半导体前沿方向"]'::json, '符合国家科技创新规划', '["推动产业升级", "形成自主知识产权"]'::json, '2026-06-15T12:00:00+00:00', '2026-06-15T12:00:00+00:00');
INSERT INTO entity_change_log (entity_id, entity_type, field, old_value, new_value, method, operator, source_doc_id, reason, changed_at) VALUES ('PERSON_S_92eaf5410c8aae7f', 'person', '*', NULL, '{"action": "create"}'::json, 'rule', NULL, 'mock_seed', NULL, '2026-06-15T12:00:00+00:00');
INSERT INTO person_profile (person_id, name_cn, name_en, gender, avatar, nationality, summary, birth_date, age, birthplace, ethnicity, current_residence, current_org, current_enterprise, current_military_unit, current_position, highest_degree, person_category, professional_domains, professional_skills, social_media, personality_traits, hobbies, management_philosophy, remark, confidence, completeness, created_at, updated_at) VALUES ('PERSON_S_3d15c153bcfb3d16', '徐强', 'Expert_Xgixix', '女', '[]'::json, '中国', '徐强，领军人才，主要从事大模型研究，现任新基因股份副院长。', '1963-10-15', 63, '成都', '汉族', '杭州', '新基因股份', NULL, NULL, '["首席科学家"]'::json, '硕士', '骨干', '["大模型"]'::json, '["项目管理", "数据分析", "算法设计"]'::json, '', '["创新", "坚韧", "务实"]'::json, '["旅行"]'::json, '["产学研结合", "以问题为导向"]'::json, '[]'::json, 0.877, 0.728, '2026-06-15T12:00:00+00:00', '2026-06-15T12:00:00+00:00');
INSERT INTO person_education (person_id, start_date, degree_date, degree, school, major, created_at, updated_at) VALUES ('PERSON_S_3d15c153bcfb3d16', '2008-05-07', '2007-02-06', '学士', '中国科学技术大学', '量子计算', '2026-06-15T12:00:00+00:00', '2026-06-15T12:00:00+00:00');
INSERT INTO person_career (person_id, start_date, end_date, org, enterprise, military_unit, position, created_at, updated_at) VALUES ('PERSON_S_3d15c153bcfb3d16', '2018-03-19', NULL, '新基因股份', NULL, NULL, '总工程师', '2026-06-15T12:00:00+00:00', '2026-06-15T12:00:00+00:00');
INSERT INTO person_award (person_id, description, created_at, updated_at) VALUES ('PERSON_S_3d15c153bcfb3d16', '2021年获学会优秀论文', '2026-06-15T12:00:00+00:00', '2026-06-15T12:00:00+00:00');
INSERT INTO person_academic_output (person_id, name, form, publish_date, rank, tech_domain, collaborators, citations, is_representative, created_at, updated_at) VALUES ('PERSON_S_3d15c153bcfb3d16', '关于大模型的研究', '期刊论文', '2019-12-08', '通讯作者', '大模型', '["韩平杰"]'::json, 283, TRUE, '2026-06-15T12:00:00+00:00', '2026-06-15T12:00:00+00:00');
INSERT INTO person_academic_output (person_id, name, form, publish_date, rank, tech_domain, collaborators, citations, is_representative, created_at, updated_at) VALUES ('PERSON_S_3d15c153bcfb3d16', '关于大模型的研究', '专利', '2021-01-25', '通讯作者', '大模型', '["杨强超", "彭瑞昊"]'::json, 685, TRUE, '2026-06-15T12:00:00+00:00', '2026-06-15T12:00:00+00:00');
INSERT INTO person_focus (person_id, focus_type, content, consistency_with_policy, potential_impact, created_at, updated_at) VALUES ('PERSON_S_3d15c153bcfb3d16', 'tech', '["大模型前沿方向"]'::json, '符合国家科技创新规划', '["推动产业升级", "形成自主知识产权"]'::json, '2026-06-15T12:00:00+00:00', '2026-06-15T12:00:00+00:00');
INSERT INTO entity_change_log (entity_id, entity_type, field, old_value, new_value, method, operator, source_doc_id, reason, changed_at) VALUES ('PERSON_S_3d15c153bcfb3d16', 'person', '*', NULL, '{"action": "create"}'::json, 'rule', NULL, 'mock_seed', NULL, '2026-06-15T12:00:00+00:00');
INSERT INTO person_profile (person_id, name_cn, name_en, gender, avatar, nationality, summary, birth_date, age, birthplace, ethnicity, current_residence, current_org, current_enterprise, current_military_unit, current_position, highest_degree, person_category, professional_domains, professional_skills, social_media, personality_traits, hobbies, management_philosophy, remark, confidence, completeness, created_at, updated_at) VALUES ('PERSON_S_40a641005dde5449', '杨俊杰', 'Expert_Dlxxxy', '男', '[]'::json, '中国', '杨俊杰，骨干，主要从事储能、集成电路研究，现任中光电实验室教授。', '1969-02-01', 57, '上海', '汉族', '杭州', '中光电实验室', NULL, NULL, '["副院长"]'::json, '博士', '青年人才', '["储能", "集成电路"]'::json, '["项目管理", "系统架构", "数据分析"]'::json, '', '["务实", "严谨", "坚韧"]'::json, '["旅行"]'::json, '["产学研结合", "以问题为导向"]'::json, '[]'::json, 0.733, 0.876, '2026-06-15T12:00:00+00:00', '2026-06-15T12:00:00+00:00');
INSERT INTO person_education (person_id, start_date, degree_date, degree, school, major, created_at, updated_at) VALUES ('PERSON_S_40a641005dde5449', '1999-03-17', '2011-06-09', '学士', '北京大学', '集成电路', '2026-06-15T12:00:00+00:00', '2026-06-15T12:00:00+00:00');
INSERT INTO person_career (person_id, start_date, end_date, org, enterprise, military_unit, position, created_at, updated_at) VALUES ('PERSON_S_40a641005dde5449', '2016-12-19', NULL, '中光电实验室', NULL, NULL, '总工程师', '2026-06-15T12:00:00+00:00', '2026-06-15T12:00:00+00:00');
INSERT INTO person_award (person_id, description, created_at, updated_at) VALUES ('PERSON_S_40a641005dde5449', '2018年获国家自然科学奖', '2026-06-15T12:00:00+00:00', '2026-06-15T12:00:00+00:00');
INSERT INTO person_academic_output (person_id, name, form, publish_date, rank, tech_domain, collaborators, citations, is_representative, created_at, updated_at) VALUES ('PERSON_S_40a641005dde5449', '关于集成电路的综述', '期刊论文', '2019-04-24', '通讯作者', '储能', '["郑桂英", "高晓东俊杰", "王刚"]'::json, 419, TRUE, '2026-06-15T12:00:00+00:00', '2026-06-15T12:00:00+00:00');
INSERT INTO person_academic_output (person_id, name, form, publish_date, rank, tech_domain, collaborators, citations, is_representative, created_at, updated_at) VALUES ('PERSON_S_40a641005dde5449', '关于集成电路的方法', '专利', '2023-03-02', '通讯作者', '集成电路', '["陈峰"]'::json, 628, TRUE, '2026-06-15T12:00:00+00:00', '2026-06-15T12:00:00+00:00');
INSERT INTO person_academic_output (person_id, name, form, publish_date, rank, tech_domain, collaborators, citations, is_representative, created_at, updated_at) VALUES ('PERSON_S_40a641005dde5449', '关于集成电路的方法', '会议论文', '2022-07-24', '通讯作者', '集成电路', '["黄杰"]'::json, 618, TRUE, '2026-06-15T12:00:00+00:00', '2026-06-15T12:00:00+00:00');
INSERT INTO person_academic_output (person_id, name, form, publish_date, rank, tech_domain, collaborators, citations, is_representative, created_at, updated_at) VALUES ('PERSON_S_40a641005dde5449', '关于储能的方法', '会议论文', '2019-08-05', '共同作者', '储能', '["张婷平"]'::json, 643, TRUE, '2026-06-15T12:00:00+00:00', '2026-06-15T12:00:00+00:00');
INSERT INTO person_focus (person_id, focus_type, content, consistency_with_policy, potential_impact, created_at, updated_at) VALUES ('PERSON_S_40a641005dde5449', 'tech', '["集成电路前沿方向"]'::json, '符合国家科技创新规划', '["推动产业升级", "形成自主知识产权"]'::json, '2026-06-15T12:00:00+00:00', '2026-06-15T12:00:00+00:00');
INSERT INTO entity_change_log (entity_id, entity_type, field, old_value, new_value, method, operator, source_doc_id, reason, changed_at) VALUES ('PERSON_S_40a641005dde5449', 'person', '*', NULL, '{"action": "create"}'::json, 'rule', NULL, 'mock_seed', NULL, '2026-06-15T12:00:00+00:00');
INSERT INTO person_profile (person_id, name_cn, name_en, gender, avatar, nationality, summary, birth_date, age, birthplace, ethnicity, current_residence, current_org, current_enterprise, current_military_unit, current_position, highest_degree, person_category, professional_domains, professional_skills, social_media, personality_traits, hobbies, management_philosophy, remark, confidence, completeness, created_at, updated_at) VALUES ('PERSON_S_8bb9372193fa6178', '邓海燕志强', 'Expert_Fbjrfw', '男', '[]'::json, '中国', '邓海燕志强，院士，主要从事半导体研究，现任北方未来高科主任。', '1991-12-04', 35, '武汉', '汉族', '深圳', '北方未来高科', NULL, NULL, '["主任"]'::json, '博士', '院士', '["半导体"]'::json, '["实验验证", "项目管理", "算法设计", "工程化"]'::json, '', '["协作"]'::json, '["旅行"]'::json, '["产学研结合", "以问题为导向"]'::json, '[]'::json, 0.896, 0.905, '2026-06-15T12:00:00+00:00', '2026-06-15T12:00:00+00:00');
INSERT INTO person_education (person_id, start_date, degree_date, degree, school, major, created_at, updated_at) VALUES ('PERSON_S_8bb9372193fa6178', '1995-05-09', '2016-10-11', '博士', '清华大学', '量子计算', '2026-06-15T12:00:00+00:00', '2026-06-15T12:00:00+00:00');
INSERT INTO person_career (person_id, start_date, end_date, org, enterprise, military_unit, position, created_at, updated_at) VALUES ('PERSON_S_8bb9372193fa6178', '2019-07-02', NULL, '北方未来高科', NULL, NULL, '研究员', '2026-06-15T12:00:00+00:00', '2026-06-15T12:00:00+00:00');
INSERT INTO person_award (person_id, description, created_at, updated_at) VALUES ('PERSON_S_8bb9372193fa6178', '2017年获学会优秀论文', '2026-06-15T12:00:00+00:00', '2026-06-15T12:00:00+00:00');
INSERT INTO person_academic_output (person_id, name, form, publish_date, rank, tech_domain, collaborators, citations, is_representative, created_at, updated_at) VALUES ('PERSON_S_8bb9372193fa6178', '关于半导体的综述', '会议论文', '2022-08-12', '共同作者', '半导体', '["冯俊杰", "刘刚洋", "许刚"]'::json, 269, TRUE, '2026-06-15T12:00:00+00:00', '2026-06-15T12:00:00+00:00');
INSERT INTO person_academic_output (person_id, name, form, publish_date, rank, tech_domain, collaborators, citations, is_representative, created_at, updated_at) VALUES ('PERSON_S_8bb9372193fa6178', '关于半导体的方法', '期刊论文', '2022-05-14', '第一作者', '半导体', '["许宇航洋", "韩宇航"]'::json, 747, TRUE, '2026-06-15T12:00:00+00:00', '2026-06-15T12:00:00+00:00');
INSERT INTO person_focus (person_id, focus_type, content, consistency_with_policy, potential_impact, created_at, updated_at) VALUES ('PERSON_S_8bb9372193fa6178', 'tech', '["半导体前沿方向"]'::json, '符合国家科技创新规划', '["推动产业升级", "形成自主知识产权"]'::json, '2026-06-15T12:00:00+00:00', '2026-06-15T12:00:00+00:00');
INSERT INTO entity_change_log (entity_id, entity_type, field, old_value, new_value, method, operator, source_doc_id, reason, changed_at) VALUES ('PERSON_S_8bb9372193fa6178', 'person', '*', NULL, '{"action": "create"}'::json, 'rule', NULL, 'mock_seed', NULL, '2026-06-15T12:00:00+00:00');
INSERT INTO person_profile (person_id, name_cn, name_en, gender, avatar, nationality, summary, birth_date, age, birthplace, ethnicity, current_residence, current_org, current_enterprise, current_military_unit, current_position, highest_degree, person_category, professional_domains, professional_skills, social_media, personality_traits, hobbies, management_philosophy, remark, confidence, completeness, created_at, updated_at) VALUES ('PERSON_S_ee24b76ddcce45cc', '曹峰婷', 'Expert_Farwnu', '男', '[]'::json, '中国', '曹峰婷，青年人才，主要从事人工智能、新能源研究，现任华信息高科教授。', '1984-05-05', 42, '成都', '汉族', '上海', '华信息高科', NULL, NULL, '["副院长"]'::json, '学士', '领军人才', '["人工智能", "新能源"]'::json, '["系统架构", "项目管理"]'::json, '', '["坚韧", "务实", "严谨"]'::json, '["阅读"]'::json, '["产学研结合", "以问题为导向"]'::json, '[]'::json, 0.708, 0.927, '2026-06-15T12:00:00+00:00', '2026-06-15T12:00:00+00:00');
INSERT INTO person_education (person_id, start_date, degree_date, degree, school, major, created_at, updated_at) VALUES ('PERSON_S_ee24b76ddcce45cc', '2005-11-17', '2011-02-04', '硕士', '上海交通大学', '人工智能', '2026-06-15T12:00:00+00:00', '2026-06-15T12:00:00+00:00');
INSERT INTO person_career (person_id, start_date, end_date, org, enterprise, military_unit, position, created_at, updated_at) VALUES ('PERSON_S_ee24b76ddcce45cc', '2013-01-02', NULL, '华信息高科', NULL, NULL, '副院长', '2026-06-15T12:00:00+00:00', '2026-06-15T12:00:00+00:00');
INSERT INTO person_award (person_id, description, created_at, updated_at) VALUES ('PERSON_S_ee24b76ddcce45cc', '2022年获省部级奖励', '2026-06-15T12:00:00+00:00', '2026-06-15T12:00:00+00:00');
INSERT INTO person_academic_output (person_id, name, form, publish_date, rank, tech_domain, collaborators, citations, is_representative, created_at, updated_at) VALUES ('PERSON_S_ee24b76ddcce45cc', '关于人工智能的方法', '专著', '2019-01-05', '通讯作者', '新能源', '["唐娟峰", "冯建华文博"]'::json, 5, TRUE, '2026-06-15T12:00:00+00:00', '2026-06-15T12:00:00+00:00');
INSERT INTO person_academic_output (person_id, name, form, publish_date, rank, tech_domain, collaborators, citations, is_representative, created_at, updated_at) VALUES ('PERSON_S_ee24b76ddcce45cc', '关于人工智能的研究', '期刊论文', '2024-04-23', '第一作者', '人工智能', '["周宁", "刘雪松磊", "许刚昊"]'::json, 629, TRUE, '2026-06-15T12:00:00+00:00', '2026-06-15T12:00:00+00:00');
INSERT INTO person_focus (person_id, focus_type, content, consistency_with_policy, potential_impact, created_at, updated_at) VALUES ('PERSON_S_ee24b76ddcce45cc', 'tech', '["新能源前沿方向"]'::json, '符合国家科技创新规划', '["推动产业升级", "形成自主知识产权"]'::json, '2026-06-15T12:00:00+00:00', '2026-06-15T12:00:00+00:00');
INSERT INTO entity_change_log (entity_id, entity_type, field, old_value, new_value, method, operator, source_doc_id, reason, changed_at) VALUES ('PERSON_S_ee24b76ddcce45cc', 'person', '*', NULL, '{"action": "create"}'::json, 'rule', NULL, 'mock_seed', NULL, '2026-06-15T12:00:00+00:00');
INSERT INTO person_profile (person_id, name_cn, name_en, gender, avatar, nationality, summary, birth_date, age, birthplace, ethnicity, current_residence, current_org, current_enterprise, current_military_unit, current_position, highest_degree, person_category, professional_domains, professional_skills, social_media, personality_traits, hobbies, management_philosophy, remark, confidence, completeness, created_at, updated_at) VALUES ('PERSON_S_b78c417f3b05a7e1', '许军峰', 'Expert_Wxrgcr', '女', '[]'::json, '中国', '许军峰，骨干，主要从事生物医药、光电技术研究，现任华聚变高科高级工程师。', '1995-12-10', 31, '武汉', '汉族', '杭州', '华聚变高科', NULL, NULL, '["研究员"]'::json, '博士', '院士', '["生物医药", "光电技术"]'::json, '["算法设计", "系统架构", "工程化", "实验验证"]'::json, '', '["协作"]'::json, '["运动"]'::json, '["产学研结合", "以问题为导向"]'::json, '[]'::json, 0.78, 0.826, '2026-06-15T12:00:00+00:00', '2026-06-15T12:00:00+00:00');
INSERT INTO person_education (person_id, start_date, degree_date, degree, school, major, created_at, updated_at) VALUES ('PERSON_S_b78c417f3b05a7e1', '2002-02-13', '1999-11-21', '博士', '中国科学技术大学', '人工智能', '2026-06-15T12:00:00+00:00', '2026-06-15T12:00:00+00:00');
INSERT INTO person_career (person_id, start_date, end_date, org, enterprise, military_unit, position, created_at, updated_at) VALUES ('PERSON_S_b78c417f3b05a7e1', '2007-09-09', NULL, '华聚变高科', NULL, NULL, '研究员', '2026-06-15T12:00:00+00:00', '2026-06-15T12:00:00+00:00');
INSERT INTO person_award (person_id, description, created_at, updated_at) VALUES ('PERSON_S_b78c417f3b05a7e1', '2020年获学会优秀论文', '2026-06-15T12:00:00+00:00', '2026-06-15T12:00:00+00:00');
INSERT INTO person_academic_output (person_id, name, form, publish_date, rank, tech_domain, collaborators, citations, is_representative, created_at, updated_at) VALUES ('PERSON_S_b78c417f3b05a7e1', '关于光电技术的研究', '专利', '2018-11-09', '共同作者', '生物医药', '["徐平"]'::json, 609, TRUE, '2026-06-15T12:00:00+00:00', '2026-06-15T12:00:00+00:00');
INSERT INTO person_academic_output (person_id, name, form, publish_date, rank, tech_domain, collaborators, citations, is_representative, created_at, updated_at) VALUES ('PERSON_S_b78c417f3b05a7e1', '关于生物医药的综述', '期刊论文', '2024-05-28', '共同作者', '生物医药', '["宋晓东军", "朱斌", "宋涛峰"]'::json, 81, TRUE, '2026-06-15T12:00:00+00:00', '2026-06-15T12:00:00+00:00');
INSERT INTO person_academic_output (person_id, name, form, publish_date, rank, tech_domain, collaborators, citations, is_representative, created_at, updated_at) VALUES ('PERSON_S_b78c417f3b05a7e1', '关于光电技术的综述', '期刊论文', '2019-01-15', '通讯作者', '生物医药', '["朱昊海燕", "彭涛雪松", "李婷"]'::json, 18, TRUE, '2026-06-15T12:00:00+00:00', '2026-06-15T12:00:00+00:00');
INSERT INTO person_focus (person_id, focus_type, content, consistency_with_policy, potential_impact, created_at, updated_at) VALUES ('PERSON_S_b78c417f3b05a7e1', 'tech', '["生物医药前沿方向"]'::json, '符合国家科技创新规划', '["推动产业升级", "形成自主知识产权"]'::json, '2026-06-15T12:00:00+00:00', '2026-06-15T12:00:00+00:00');
INSERT INTO entity_change_log (entity_id, entity_type, field, old_value, new_value, method, operator, source_doc_id, reason, changed_at) VALUES ('PERSON_S_b78c417f3b05a7e1', 'person', '*', NULL, '{"action": "create"}'::json, 'rule', NULL, 'mock_seed', NULL, '2026-06-15T12:00:00+00:00');
INSERT INTO person_profile (person_id, name_cn, name_en, gender, avatar, nationality, summary, birth_date, age, birthplace, ethnicity, current_residence, current_org, current_enterprise, current_military_unit, current_position, highest_degree, person_category, professional_domains, professional_skills, social_media, personality_traits, hobbies, management_philosophy, remark, confidence, completeness, created_at, updated_at) VALUES ('PERSON_S_a0f39397d4532d3f', '宋瑞志强', 'Expert_Tcnnae', '男', '[]'::json, '中国', '宋瑞志强，院士，主要从事机器人、航空航天研究，现任北方算力研究院研究员。', '1976-12-03', 50, '南京', '汉族', '杭州', '北方算力研究院', NULL, NULL, '["研究员"]'::json, '学士', '骨干', '["机器人", "航空航天", "自动驾驶"]'::json, '["工程化", "算法设计", "实验验证"]'::json, '', '["协作", "严谨"]'::json, '["阅读"]'::json, '["产学研结合", "以问题为导向"]'::json, '[]'::json, 0.794, 0.802, '2026-06-15T12:00:00+00:00', '2026-06-15T12:00:00+00:00');
INSERT INTO person_education (person_id, start_date, degree_date, degree, school, major, created_at, updated_at) VALUES ('PERSON_S_a0f39397d4532d3f', '2008-09-07', '2003-07-17', '学士', '哈尔滨工业大学', '大模型', '2026-06-15T12:00:00+00:00', '2026-06-15T12:00:00+00:00');
INSERT INTO person_career (person_id, start_date, end_date, org, enterprise, military_unit, position, created_at, updated_at) VALUES ('PERSON_S_a0f39397d4532d3f', '2019-07-01', NULL, '北方算力研究院', NULL, NULL, '主任', '2026-06-15T12:00:00+00:00', '2026-06-15T12:00:00+00:00');
INSERT INTO person_award (person_id, description, created_at, updated_at) VALUES ('PERSON_S_a0f39397d4532d3f', '2022年获学会优秀论文', '2026-06-15T12:00:00+00:00', '2026-06-15T12:00:00+00:00');
INSERT INTO person_academic_output (person_id, name, form, publish_date, rank, tech_domain, collaborators, citations, is_representative, created_at, updated_at) VALUES ('PERSON_S_a0f39397d4532d3f', '关于机器人的方法', '期刊论文', '2024-02-28', '通讯作者', '机器人', '["许昊", "曹宇航瑞"]'::json, 589, TRUE, '2026-06-15T12:00:00+00:00', '2026-06-15T12:00:00+00:00');
INSERT INTO person_academic_output (person_id, name, form, publish_date, rank, tech_domain, collaborators, citations, is_representative, created_at, updated_at) VALUES ('PERSON_S_a0f39397d4532d3f', '关于自动驾驶的研究', '会议论文', '2019-02-09', '通讯作者', '自动驾驶', '["郑瑞桂英"]'::json, 654, TRUE, '2026-06-15T12:00:00+00:00', '2026-06-15T12:00:00+00:00');
INSERT INTO person_focus (person_id, focus_type, content, consistency_with_policy, potential_impact, created_at, updated_at) VALUES ('PERSON_S_a0f39397d4532d3f', 'tech', '["机器人前沿方向"]'::json, '符合国家科技创新规划', '["推动产业升级", "形成自主知识产权"]'::json, '2026-06-15T12:00:00+00:00', '2026-06-15T12:00:00+00:00');
INSERT INTO entity_change_log (entity_id, entity_type, field, old_value, new_value, method, operator, source_doc_id, reason, changed_at) VALUES ('PERSON_S_a0f39397d4532d3f', 'person', '*', NULL, '{"action": "create"}'::json, 'rule', NULL, 'mock_seed', NULL, '2026-06-15T12:00:00+00:00');
INSERT INTO person_profile (person_id, name_cn, name_en, gender, avatar, nationality, summary, birth_date, age, birthplace, ethnicity, current_residence, current_org, current_enterprise, current_military_unit, current_position, highest_degree, person_category, professional_domains, professional_skills, social_media, personality_traits, hobbies, management_philosophy, remark, confidence, completeness, created_at, updated_at) VALUES ('PERSON_S_4dace3b5300d5483', '彭海燕', 'Expert_Icotfb', '女', '[]'::json, '中国', '彭海燕，骨干，主要从事储能、深海装备研究，现任航天算力研究所研究员。', '1983-01-14', 43, '上海', '汉族', '深圳', '航天算力研究所', '航天算力研究所', NULL, '["教授"]'::json, '博士', '专家', '["储能", "深海装备"]'::json, '["实验验证", "数据分析", "系统架构"]'::json, '', '["务实"]'::json, '["旅行"]'::json, '["产学研结合", "以问题为导向"]'::json, '[]'::json, 0.887, 0.681, '2026-06-15T12:00:00+00:00', '2026-06-15T12:00:00+00:00');
INSERT INTO person_education (person_id, start_date, degree_date, degree, school, major, created_at, updated_at) VALUES ('PERSON_S_4dace3b5300d5483', '2004-08-26', '2002-10-18', '学士', '上海交通大学', '量子计算', '2026-06-15T12:00:00+00:00', '2026-06-15T12:00:00+00:00');
INSERT INTO person_career (person_id, start_date, end_date, org, enterprise, military_unit, position, created_at, updated_at) VALUES ('PERSON_S_4dace3b5300d5483', '2008-03-21', NULL, '航天算力研究所', '航天算力研究所', NULL, '副院长', '2026-06-15T12:00:00+00:00', '2026-06-15T12:00:00+00:00');
INSERT INTO person_award (person_id, description, created_at, updated_at) VALUES ('PERSON_S_4dace3b5300d5483', '2017年获国家自然科学奖', '2026-06-15T12:00:00+00:00', '2026-06-15T12:00:00+00:00');
INSERT INTO person_academic_output (person_id, name, form, publish_date, rank, tech_domain, collaborators, citations, is_representative, created_at, updated_at) VALUES ('PERSON_S_4dace3b5300d5483', '关于深海装备的综述', '专利', '2020-04-20', '共同作者', '深海装备', '["郭峰", "赵斌", "唐娟"]'::json, 620, TRUE, '2026-06-15T12:00:00+00:00', '2026-06-15T12:00:00+00:00');
INSERT INTO person_academic_output (person_id, name, form, publish_date, rank, tech_domain, collaborators, citations, is_representative, created_at, updated_at) VALUES ('PERSON_S_4dace3b5300d5483', '关于深海装备的研究', '专著', '2019-04-21', '通讯作者', '储能', '["许明晓东"]'::json, 255, TRUE, '2026-06-15T12:00:00+00:00', '2026-06-15T12:00:00+00:00');
INSERT INTO person_focus (person_id, focus_type, content, consistency_with_policy, potential_impact, created_at, updated_at) VALUES ('PERSON_S_4dace3b5300d5483', 'tech', '["储能前沿方向"]'::json, '符合国家科技创新规划', '["推动产业升级", "形成自主知识产权"]'::json, '2026-06-15T12:00:00+00:00', '2026-06-15T12:00:00+00:00');
INSERT INTO entity_change_log (entity_id, entity_type, field, old_value, new_value, method, operator, source_doc_id, reason, changed_at) VALUES ('PERSON_S_4dace3b5300d5483', 'person', '*', NULL, '{"action": "create"}'::json, 'rule', NULL, 'mock_seed', NULL, '2026-06-15T12:00:00+00:00');
INSERT INTO person_profile (person_id, name_cn, name_en, gender, avatar, nationality, summary, birth_date, age, birthplace, ethnicity, current_residence, current_org, current_enterprise, current_military_unit, current_position, highest_degree, person_category, professional_domains, professional_skills, social_media, personality_traits, hobbies, management_philosophy, remark, confidence, completeness, created_at, updated_at) VALUES ('PERSON_S_0b966078e3fdbf8a', '陈伟婷', 'Expert_Bqarco', '男', '[]'::json, '中国', '陈伟婷，院士，主要从事航空航天、生物医药研究，现任航天基因集团副教授。', '1984-06-10', 42, '南京', '汉族', '上海', '航天基因集团', '航天基因集团', NULL, '["副院长"]'::json, '博士', '领军人才', '["航空航天", "生物医药", "大模型", "新能源"]'::json, '["项目管理", "实验验证", "数据分析"]'::json, '', '["严谨", "坚韧"]'::json, '["运动"]'::json, '["产学研结合", "以问题为导向"]'::json, '[]'::json, 0.711, 0.82, '2026-06-15T12:00:00+00:00', '2026-06-15T12:00:00+00:00');
INSERT INTO person_education (person_id, start_date, degree_date, degree, school, major, created_at, updated_at) VALUES ('PERSON_S_0b966078e3fdbf8a', '1993-05-23', '2009-03-19', '博士', '浙江大学', '人工智能', '2026-06-15T12:00:00+00:00', '2026-06-15T12:00:00+00:00');
INSERT INTO person_career (person_id, start_date, end_date, org, enterprise, military_unit, position, created_at, updated_at) VALUES ('PERSON_S_0b966078e3fdbf8a', '2020-11-24', NULL, '航天基因集团', '航天基因集团', NULL, '首席科学家', '2026-06-15T12:00:00+00:00', '2026-06-15T12:00:00+00:00');
INSERT INTO person_award (person_id, description, created_at, updated_at) VALUES ('PERSON_S_0b966078e3fdbf8a', '2018年获学会优秀论文', '2026-06-15T12:00:00+00:00', '2026-06-15T12:00:00+00:00');
INSERT INTO person_academic_output (person_id, name, form, publish_date, rank, tech_domain, collaborators, citations, is_representative, created_at, updated_at) VALUES ('PERSON_S_0b966078e3fdbf8a', '关于航空航天的方法', '专利', '2022-10-15', '共同作者', '新能源', '["何俊杰伟", "冯瑞桂英", "邓洋"]'::json, 413, TRUE, '2026-06-15T12:00:00+00:00', '2026-06-15T12:00:00+00:00');
INSERT INTO person_academic_output (person_id, name, form, publish_date, rank, tech_domain, collaborators, citations, is_representative, created_at, updated_at) VALUES ('PERSON_S_0b966078e3fdbf8a', '关于生物医药的研究', '专利', '2018-06-15', '第一作者', '生物医药', '["曹昊", "罗文博伟", "曹勇"]'::json, 381, TRUE, '2026-06-15T12:00:00+00:00', '2026-06-15T12:00:00+00:00');
INSERT INTO person_focus (person_id, focus_type, content, consistency_with_policy, potential_impact, created_at, updated_at) VALUES ('PERSON_S_0b966078e3fdbf8a', 'tech', '["新能源前沿方向"]'::json, '符合国家科技创新规划', '["推动产业升级", "形成自主知识产权"]'::json, '2026-06-15T12:00:00+00:00', '2026-06-15T12:00:00+00:00');
INSERT INTO entity_change_log (entity_id, entity_type, field, old_value, new_value, method, operator, source_doc_id, reason, changed_at) VALUES ('PERSON_S_0b966078e3fdbf8a', 'person', '*', NULL, '{"action": "create"}'::json, 'rule', NULL, 'mock_seed', NULL, '2026-06-15T12:00:00+00:00');
INSERT INTO person_profile (person_id, name_cn, name_en, gender, avatar, nationality, summary, birth_date, age, birthplace, ethnicity, current_residence, current_org, current_enterprise, current_military_unit, current_position, highest_degree, person_category, professional_domains, professional_skills, social_media, personality_traits, hobbies, management_philosophy, remark, confidence, completeness, created_at, updated_at) VALUES ('PERSON_S_f32919312ac49542', '吴宁', 'Expert_Hjdsjm', '男', '[]'::json, '中国', '吴宁，专家，主要从事5G通信、光电技术研究，现任中聚变研究所副教授。', '1978-01-22', 48, '成都', '汉族', '北京', '中聚变研究所', NULL, NULL, '["首席科学家"]'::json, '硕士', '领军人才', '["5G通信", "光电技术"]'::json, '["实验验证", "数据分析", "算法设计"]'::json, '', '["严谨"]'::json, '["旅行"]'::json, '["产学研结合", "以问题为导向"]'::json, '[]'::json, 0.721, 0.938, '2026-06-15T12:00:00+00:00', '2026-06-15T12:00:00+00:00');
INSERT INTO person_education (person_id, start_date, degree_date, degree, school, major, created_at, updated_at) VALUES ('PERSON_S_f32919312ac49542', '1996-01-18', '2004-04-01', '硕士', '中国科学技术大学', '人工智能', '2026-06-15T12:00:00+00:00', '2026-06-15T12:00:00+00:00');
INSERT INTO person_career (person_id, start_date, end_date, org, enterprise, military_unit, position, created_at, updated_at) VALUES ('PERSON_S_f32919312ac49542', '2017-09-20', NULL, '中聚变研究所', NULL, NULL, '高级工程师', '2026-06-15T12:00:00+00:00', '2026-06-15T12:00:00+00:00');
INSERT INTO person_award (person_id, description, created_at, updated_at) VALUES ('PERSON_S_f32919312ac49542', '2015年获学会优秀论文', '2026-06-15T12:00:00+00:00', '2026-06-15T12:00:00+00:00');
INSERT INTO person_academic_output (person_id, name, form, publish_date, rank, tech_domain, collaborators, citations, is_representative, created_at, updated_at) VALUES ('PERSON_S_f32919312ac49542', '关于光电技术的研究', '会议论文', '2019-09-12', '通讯作者', '光电技术', '["孙俊杰宇航", "谢峰", "唐婷洋"]'::json, 354, TRUE, '2026-06-15T12:00:00+00:00', '2026-06-15T12:00:00+00:00');
INSERT INTO person_academic_output (person_id, name, form, publish_date, rank, tech_domain, collaborators, citations, is_representative, created_at, updated_at) VALUES ('PERSON_S_f32919312ac49542', '关于5G通信的研究', '会议论文', '2019-11-15', '第一作者', '光电技术', '["彭晓东雪松", "郑昊"]'::json, 800, TRUE, '2026-06-15T12:00:00+00:00', '2026-06-15T12:00:00+00:00');
INSERT INTO person_academic_output (person_id, name, form, publish_date, rank, tech_domain, collaborators, citations, is_representative, created_at, updated_at) VALUES ('PERSON_S_f32919312ac49542', '关于光电技术的方法', '会议论文', '2019-09-26', '通讯作者', '5G通信', '["朱瑞娟"]'::json, 758, TRUE, '2026-06-15T12:00:00+00:00', '2026-06-15T12:00:00+00:00');
INSERT INTO person_academic_output (person_id, name, form, publish_date, rank, tech_domain, collaborators, citations, is_representative, created_at, updated_at) VALUES ('PERSON_S_f32919312ac49542', '关于光电技术的综述', '专利', '2023-09-08', '第一作者', '5G通信', '["谢桂英", "梁斌"]'::json, 292, TRUE, '2026-06-15T12:00:00+00:00', '2026-06-15T12:00:00+00:00');
INSERT INTO person_focus (person_id, focus_type, content, consistency_with_policy, potential_impact, created_at, updated_at) VALUES ('PERSON_S_f32919312ac49542', 'tech', '["光电技术前沿方向"]'::json, '符合国家科技创新规划', '["推动产业升级", "形成自主知识产权"]'::json, '2026-06-15T12:00:00+00:00', '2026-06-15T12:00:00+00:00');
INSERT INTO entity_change_log (entity_id, entity_type, field, old_value, new_value, method, operator, source_doc_id, reason, changed_at) VALUES ('PERSON_S_f32919312ac49542', 'person', '*', NULL, '{"action": "create"}'::json, 'rule', NULL, 'mock_seed', NULL, '2026-06-15T12:00:00+00:00');
INSERT INTO person_profile (person_id, name_cn, name_en, gender, avatar, nationality, summary, birth_date, age, birthplace, ethnicity, current_residence, current_org, current_enterprise, current_military_unit, current_position, highest_degree, person_category, professional_domains, professional_skills, social_media, personality_traits, hobbies, management_philosophy, remark, confidence, completeness, created_at, updated_at) VALUES ('PERSON_S_193386082603457d', '杨娟涛', 'Expert_Izwqoz', '女', '[]'::json, '中国', '杨娟涛，领军人才，主要从事生物医药研究，现任航天基因工程技术中心副院长。', '1962-04-03', 64, '南京', '汉族', '上海', '航天基因工程技术中心', NULL, NULL, '["高级工程师"]'::json, '学士', '领军人才', '["生物医药"]'::json, '["算法设计", "系统架构", "数据分析"]'::json, '', '["严谨"]'::json, '["音乐"]'::json, '["产学研结合", "以问题为导向"]'::json, '[]'::json, 0.976, 0.629, '2026-06-15T12:00:00+00:00', '2026-06-15T12:00:00+00:00');
INSERT INTO person_education (person_id, start_date, degree_date, degree, school, major, created_at, updated_at) VALUES ('PERSON_S_193386082603457d', '1997-11-13', '2000-02-20', '学士', '清华大学', '人工智能', '2026-06-15T12:00:00+00:00', '2026-06-15T12:00:00+00:00');
INSERT INTO person_career (person_id, start_date, end_date, org, enterprise, military_unit, position, created_at, updated_at) VALUES ('PERSON_S_193386082603457d', '2008-03-01', NULL, '航天基因工程技术中心', NULL, NULL, '研究员', '2026-06-15T12:00:00+00:00', '2026-06-15T12:00:00+00:00');
INSERT INTO person_award (person_id, description, created_at, updated_at) VALUES ('PERSON_S_193386082603457d', '2021年获国家自然科学奖', '2026-06-15T12:00:00+00:00', '2026-06-15T12:00:00+00:00');
INSERT INTO person_academic_output (person_id, name, form, publish_date, rank, tech_domain, collaborators, citations, is_representative, created_at, updated_at) VALUES ('PERSON_S_193386082603457d', '关于生物医药的方法', '期刊论文', '2023-10-03', '第一作者', '生物医药', '["梁桂英军"]'::json, 790, TRUE, '2026-06-15T12:00:00+00:00', '2026-06-15T12:00:00+00:00');
INSERT INTO person_academic_output (person_id, name, form, publish_date, rank, tech_domain, collaborators, citations, is_representative, created_at, updated_at) VALUES ('PERSON_S_193386082603457d', '关于生物医药的综述', '专著', '2024-08-11', '共同作者', '生物医药', '["张霞", "胡瑞"]'::json, 302, TRUE, '2026-06-15T12:00:00+00:00', '2026-06-15T12:00:00+00:00');
INSERT INTO person_academic_output (person_id, name, form, publish_date, rank, tech_domain, collaborators, citations, is_representative, created_at, updated_at) VALUES ('PERSON_S_193386082603457d', '关于生物医药的研究', '会议论文', '2022-10-22', '第一作者', '生物医药', '["唐军婷", "梁霞昊", "周娟"]'::json, 798, TRUE, '2026-06-15T12:00:00+00:00', '2026-06-15T12:00:00+00:00');
INSERT INTO person_academic_output (person_id, name, form, publish_date, rank, tech_domain, collaborators, citations, is_representative, created_at, updated_at) VALUES ('PERSON_S_193386082603457d', '关于生物医药的研究', '期刊论文', '2018-06-07', '通讯作者', '生物医药', '["郑洋", "韩晓东", "郭洋"]'::json, 462, TRUE, '2026-06-15T12:00:00+00:00', '2026-06-15T12:00:00+00:00');
INSERT INTO person_focus (person_id, focus_type, content, consistency_with_policy, potential_impact, created_at, updated_at) VALUES ('PERSON_S_193386082603457d', 'tech', '["生物医药前沿方向"]'::json, '符合国家科技创新规划', '["推动产业升级", "形成自主知识产权"]'::json, '2026-06-15T12:00:00+00:00', '2026-06-15T12:00:00+00:00');
INSERT INTO entity_change_log (entity_id, entity_type, field, old_value, new_value, method, operator, source_doc_id, reason, changed_at) VALUES ('PERSON_S_193386082603457d', 'person', '*', NULL, '{"action": "create"}'::json, 'rule', NULL, 'mock_seed', NULL, '2026-06-15T12:00:00+00:00');
INSERT INTO person_profile (person_id, name_cn, name_en, gender, avatar, nationality, summary, birth_date, age, birthplace, ethnicity, current_residence, current_org, current_enterprise, current_military_unit, current_position, highest_degree, person_category, professional_domains, professional_skills, social_media, personality_traits, hobbies, management_philosophy, remark, confidence, completeness, created_at, updated_at) VALUES ('PERSON_S_8b1d9b57135bb82f', '高婷平', 'Expert_Dgqxof', '女', '[]'::json, '中国', '高婷平，骨干，主要从事无人机研究，现任中科微纳股份高级工程师。', '1971-08-13', 55, '成都', '汉族', '杭州', '中科微纳股份', NULL, NULL, '["副院长"]'::json, '学士', '院士', '["无人机"]'::json, '["工程化", "实验验证", "系统架构"]'::json, '', '["创新", "严谨"]'::json, '["音乐", "旅行"]'::json, '["产学研结合", "以问题为导向"]'::json, '[]'::json, 0.862, 0.848, '2026-06-15T12:00:00+00:00', '2026-06-15T12:00:00+00:00');
INSERT INTO person_education (person_id, start_date, degree_date, degree, school, major, created_at, updated_at) VALUES ('PERSON_S_8b1d9b57135bb82f', '1994-06-07', '1998-02-11', '学士', '浙江大学', '集成电路', '2026-06-15T12:00:00+00:00', '2026-06-15T12:00:00+00:00');
INSERT INTO person_career (person_id, start_date, end_date, org, enterprise, military_unit, position, created_at, updated_at) VALUES ('PERSON_S_8b1d9b57135bb82f', '2012-01-26', NULL, '中科微纳股份', NULL, NULL, '副院长', '2026-06-15T12:00:00+00:00', '2026-06-15T12:00:00+00:00');
INSERT INTO person_award (person_id, description, created_at, updated_at) VALUES ('PERSON_S_8b1d9b57135bb82f', '2017年获国家自然科学奖', '2026-06-15T12:00:00+00:00', '2026-06-15T12:00:00+00:00');
INSERT INTO person_academic_output (person_id, name, form, publish_date, rank, tech_domain, collaborators, citations, is_representative, created_at, updated_at) VALUES ('PERSON_S_8b1d9b57135bb82f', '关于无人机的研究', '专利', '2022-10-13', '共同作者', '无人机', '["徐建华昊", "许杰", "周洋"]'::json, 748, TRUE, '2026-06-15T12:00:00+00:00', '2026-06-15T12:00:00+00:00');
INSERT INTO person_academic_output (person_id, name, form, publish_date, rank, tech_domain, collaborators, citations, is_representative, created_at, updated_at) VALUES ('PERSON_S_8b1d9b57135bb82f', '关于无人机的综述', '期刊论文', '2023-01-01', '第一作者', '无人机', '["郑伟峰"]'::json, 34, TRUE, '2026-06-15T12:00:00+00:00', '2026-06-15T12:00:00+00:00');
INSERT INTO person_academic_output (person_id, name, form, publish_date, rank, tech_domain, collaborators, citations, is_representative, created_at, updated_at) VALUES ('PERSON_S_8b1d9b57135bb82f', '关于无人机的研究', '专著', '2021-01-21', '第一作者', '无人机', '["许超", "冯超"]'::json, 688, TRUE, '2026-06-15T12:00:00+00:00', '2026-06-15T12:00:00+00:00');
INSERT INTO person_focus (person_id, focus_type, content, consistency_with_policy, potential_impact, created_at, updated_at) VALUES ('PERSON_S_8b1d9b57135bb82f', 'tech', '["无人机前沿方向"]'::json, '符合国家科技创新规划', '["推动产业升级", "形成自主知识产权"]'::json, '2026-06-15T12:00:00+00:00', '2026-06-15T12:00:00+00:00');
INSERT INTO entity_change_log (entity_id, entity_type, field, old_value, new_value, method, operator, source_doc_id, reason, changed_at) VALUES ('PERSON_S_8b1d9b57135bb82f', 'person', '*', NULL, '{"action": "create"}'::json, 'rule', NULL, 'mock_seed', NULL, '2026-06-15T12:00:00+00:00');
INSERT INTO person_profile (person_id, name_cn, name_en, gender, avatar, nationality, summary, birth_date, age, birthplace, ethnicity, current_residence, current_org, current_enterprise, current_military_unit, current_position, highest_degree, person_category, professional_domains, professional_skills, social_media, personality_traits, hobbies, management_philosophy, remark, confidence, completeness, created_at, updated_at) VALUES ('PERSON_S_d8a4a6babbae5ecd', '罗峰', 'Expert_Brtrgg', '男', '[]'::json, '中国', '罗峰，领军人才，主要从事航空航天、新能源研究，现任华生医实验室首席科学家。', '1974-11-03', 52, '哈尔滨', '汉族', '杭州', '华生医实验室', NULL, NULL, '["首席科学家"]'::json, '博士', '青年人才', '["航空航天", "新能源"]'::json, '["项目管理", "算法设计", "实验验证"]'::json, '', '["协作"]'::json, '["阅读"]'::json, '["产学研结合", "以问题为导向"]'::json, '[]'::json, 0.914, 0.567, '2026-06-15T12:00:00+00:00', '2026-06-15T12:00:00+00:00');
INSERT INTO person_education (person_id, start_date, degree_date, degree, school, major, created_at, updated_at) VALUES ('PERSON_S_d8a4a6babbae5ecd', '2010-05-01', '2011-12-06', '博士', '哈尔滨工业大学', '半导体', '2026-06-15T12:00:00+00:00', '2026-06-15T12:00:00+00:00');
INSERT INTO person_career (person_id, start_date, end_date, org, enterprise, military_unit, position, created_at, updated_at) VALUES ('PERSON_S_d8a4a6babbae5ecd', '2018-03-02', NULL, '华生医实验室', NULL, NULL, '副教授', '2026-06-15T12:00:00+00:00', '2026-06-15T12:00:00+00:00');
INSERT INTO person_award (person_id, description, created_at, updated_at) VALUES ('PERSON_S_d8a4a6babbae5ecd', '2019年获学会优秀论文', '2026-06-15T12:00:00+00:00', '2026-06-15T12:00:00+00:00');
INSERT INTO person_academic_output (person_id, name, form, publish_date, rank, tech_domain, collaborators, citations, is_representative, created_at, updated_at) VALUES ('PERSON_S_d8a4a6babbae5ecd', '关于新能源的综述', '会议论文', '2023-04-14', '第一作者', '新能源', '["周涛"]'::json, 658, TRUE, '2026-06-15T12:00:00+00:00', '2026-06-15T12:00:00+00:00');
INSERT INTO person_academic_output (person_id, name, form, publish_date, rank, tech_domain, collaborators, citations, is_representative, created_at, updated_at) VALUES ('PERSON_S_d8a4a6babbae5ecd', '关于航空航天的方法', '专利', '2018-09-18', '第一作者', '新能源', '["彭涛"]'::json, 493, TRUE, '2026-06-15T12:00:00+00:00', '2026-06-15T12:00:00+00:00');
INSERT INTO person_focus (person_id, focus_type, content, consistency_with_policy, potential_impact, created_at, updated_at) VALUES ('PERSON_S_d8a4a6babbae5ecd', 'tech', '["航空航天前沿方向"]'::json, '符合国家科技创新规划', '["推动产业升级", "形成自主知识产权"]'::json, '2026-06-15T12:00:00+00:00', '2026-06-15T12:00:00+00:00');
INSERT INTO entity_change_log (entity_id, entity_type, field, old_value, new_value, method, operator, source_doc_id, reason, changed_at) VALUES ('PERSON_S_d8a4a6babbae5ecd', 'person', '*', NULL, '{"action": "create"}'::json, 'rule', NULL, 'mock_seed', NULL, '2026-06-15T12:00:00+00:00');
INSERT INTO person_profile (person_id, name_cn, name_en, gender, avatar, nationality, summary, birth_date, age, birthplace, ethnicity, current_residence, current_org, current_enterprise, current_military_unit, current_position, highest_degree, person_category, professional_domains, professional_skills, social_media, personality_traits, hobbies, management_philosophy, remark, confidence, completeness, created_at, updated_at) VALUES ('PERSON_S_af137cabceb17275', '胡宇航艳', 'Expert_Boosqt', '女', '[]'::json, '中国', '胡宇航艳，院士，主要从事航空航天、大模型研究，现任远算力工程技术中心高级工程师。', '1981-02-18', 45, '西安', '汉族', '北京', '远算力工程技术中心', NULL, NULL, '["主任"]'::json, '博士', '领军人才', '["航空航天", "大模型", "机器人", "半导体"]'::json, '["项目管理", "算法设计", "实验验证"]'::json, '', '["协作", "严谨"]'::json, '["运动"]'::json, '["产学研结合", "以问题为导向"]'::json, '[]'::json, 0.945, 0.923, '2026-06-15T12:00:00+00:00', '2026-06-15T12:00:00+00:00');
INSERT INTO person_education (person_id, start_date, degree_date, degree, school, major, created_at, updated_at) VALUES ('PERSON_S_af137cabceb17275', '2006-12-11', '2011-08-13', '博士', '中国科学技术大学', '集成电路', '2026-06-15T12:00:00+00:00', '2026-06-15T12:00:00+00:00');
INSERT INTO person_career (person_id, start_date, end_date, org, enterprise, military_unit, position, created_at, updated_at) VALUES ('PERSON_S_af137cabceb17275', '2014-11-14', NULL, '远算力工程技术中心', NULL, NULL, '教授', '2026-06-15T12:00:00+00:00', '2026-06-15T12:00:00+00:00');
INSERT INTO person_award (person_id, description, created_at, updated_at) VALUES ('PERSON_S_af137cabceb17275', '2016年获国家自然科学奖', '2026-06-15T12:00:00+00:00', '2026-06-15T12:00:00+00:00');
INSERT INTO person_academic_output (person_id, name, form, publish_date, rank, tech_domain, collaborators, citations, is_representative, created_at, updated_at) VALUES ('PERSON_S_af137cabceb17275', '关于机器人的方法', '专利', '2018-07-05', '通讯作者', '机器人', '["许磊", "陈桂英明", "陈平峰"]'::json, 592, TRUE, '2026-06-15T12:00:00+00:00', '2026-06-15T12:00:00+00:00');
INSERT INTO person_academic_output (person_id, name, form, publish_date, rank, tech_domain, collaborators, citations, is_representative, created_at, updated_at) VALUES ('PERSON_S_af137cabceb17275', '关于航空航天的方法', '专利', '2018-02-22', '第一作者', '机器人', '["何超霞"]'::json, 588, TRUE, '2026-06-15T12:00:00+00:00', '2026-06-15T12:00:00+00:00');
INSERT INTO person_academic_output (person_id, name, form, publish_date, rank, tech_domain, collaborators, citations, is_representative, created_at, updated_at) VALUES ('PERSON_S_af137cabceb17275', '关于半导体的综述', '专著', '2018-05-02', '共同作者', '机器人', '["张志强", "许建华涛", "何洋"]'::json, 614, TRUE, '2026-06-15T12:00:00+00:00', '2026-06-15T12:00:00+00:00');
INSERT INTO person_academic_output (person_id, name, form, publish_date, rank, tech_domain, collaborators, citations, is_representative, created_at, updated_at) VALUES ('PERSON_S_af137cabceb17275', '关于机器人的方法', '专著', '2023-02-08', '第一作者', '航空航天', '["李超俊杰", "马磊刚", "赵瑞超"]'::json, 502, TRUE, '2026-06-15T12:00:00+00:00', '2026-06-15T12:00:00+00:00');
INSERT INTO person_focus (person_id, focus_type, content, consistency_with_policy, potential_impact, created_at, updated_at) VALUES ('PERSON_S_af137cabceb17275', 'tech', '["半导体前沿方向"]'::json, '符合国家科技创新规划', '["推动产业升级", "形成自主知识产权"]'::json, '2026-06-15T12:00:00+00:00', '2026-06-15T12:00:00+00:00');
INSERT INTO entity_change_log (entity_id, entity_type, field, old_value, new_value, method, operator, source_doc_id, reason, changed_at) VALUES ('PERSON_S_af137cabceb17275', 'person', '*', NULL, '{"action": "create"}'::json, 'rule', NULL, 'mock_seed', NULL, '2026-06-15T12:00:00+00:00');
INSERT INTO person_profile (person_id, name_cn, name_en, gender, avatar, nationality, summary, birth_date, age, birthplace, ethnicity, current_residence, current_org, current_enterprise, current_military_unit, current_position, highest_degree, person_category, professional_domains, professional_skills, social_media, personality_traits, hobbies, management_philosophy, remark, confidence, completeness, created_at, updated_at) VALUES ('PERSON_S_f5cf6792ec8083d1', '孙宇航', 'Expert_Tdzzfi', '男', '[]'::json, '中国', '孙宇航，专家，主要从事脑机接口、新材料研究，现任国先进研究所总工程师。', '1980-11-14', 46, '南京', '汉族', '上海', '国先进研究所', NULL, NULL, '["首席科学家"]'::json, '硕士', '青年人才', '["脑机接口", "新材料", "人工智能"]'::json, '["算法设计", "项目管理"]'::json, '', '["协作", "创新"]'::json, '["阅读"]'::json, '["产学研结合", "以问题为导向"]'::json, '[]'::json, 0.76, 0.917, '2026-06-15T12:00:00+00:00', '2026-06-15T12:00:00+00:00');
INSERT INTO person_education (person_id, start_date, degree_date, degree, school, major, created_at, updated_at) VALUES ('PERSON_S_f5cf6792ec8083d1', '1995-10-14', '2004-11-18', '学士', '北京大学', '集成电路', '2026-06-15T12:00:00+00:00', '2026-06-15T12:00:00+00:00');
INSERT INTO person_career (person_id, start_date, end_date, org, enterprise, military_unit, position, created_at, updated_at) VALUES ('PERSON_S_f5cf6792ec8083d1', '2007-08-15', NULL, '国先进研究所', NULL, NULL, '主任', '2026-06-15T12:00:00+00:00', '2026-06-15T12:00:00+00:00');
INSERT INTO person_award (person_id, description, created_at, updated_at) VALUES ('PERSON_S_f5cf6792ec8083d1', '2017年获省部级奖励', '2026-06-15T12:00:00+00:00', '2026-06-15T12:00:00+00:00');
INSERT INTO person_academic_output (person_id, name, form, publish_date, rank, tech_domain, collaborators, citations, is_representative, created_at, updated_at) VALUES ('PERSON_S_f5cf6792ec8083d1', '关于人工智能的方法', '专利', '2020-07-10', '通讯作者', '新材料', '["宋建华桂英", "张明", "宋桂英涛"]'::json, 358, TRUE, '2026-06-15T12:00:00+00:00', '2026-06-15T12:00:00+00:00');
INSERT INTO person_academic_output (person_id, name, form, publish_date, rank, tech_domain, collaborators, citations, is_representative, created_at, updated_at) VALUES ('PERSON_S_f5cf6792ec8083d1', '关于新材料的方法', '专利', '2018-10-28', '共同作者', '新材料', '["赵刚伟"]'::json, 272, TRUE, '2026-06-15T12:00:00+00:00', '2026-06-15T12:00:00+00:00');
INSERT INTO person_focus (person_id, focus_type, content, consistency_with_policy, potential_impact, created_at, updated_at) VALUES ('PERSON_S_f5cf6792ec8083d1', 'tech', '["人工智能前沿方向"]'::json, '符合国家科技创新规划', '["推动产业升级", "形成自主知识产权"]'::json, '2026-06-15T12:00:00+00:00', '2026-06-15T12:00:00+00:00');
INSERT INTO entity_change_log (entity_id, entity_type, field, old_value, new_value, method, operator, source_doc_id, reason, changed_at) VALUES ('PERSON_S_f5cf6792ec8083d1', 'person', '*', NULL, '{"action": "create"}'::json, 'rule', NULL, 'mock_seed', NULL, '2026-06-15T12:00:00+00:00');
INSERT INTO person_profile (person_id, name_cn, name_en, gender, avatar, nationality, summary, birth_date, age, birthplace, ethnicity, current_residence, current_org, current_enterprise, current_military_unit, current_position, highest_degree, person_category, professional_domains, professional_skills, social_media, personality_traits, hobbies, management_philosophy, remark, confidence, completeness, created_at, updated_at) VALUES ('PERSON_S_73d355524ffed86a', '周文博', 'Expert_Pzubxq', '女', '[]'::json, '中国', '周文博，青年人才，主要从事5G通信研究，现任国生医科技总工程师。', '1961-06-14', 65, '哈尔滨', '汉族', '北京', '国生医科技', '国生医科技', NULL, '["副院长"]'::json, '硕士', '专家', '["5G通信"]'::json, '["实验验证", "数据分析", "算法设计"]'::json, '', '["协作", "坚韧", "务实"]'::json, '["阅读"]'::json, '["产学研结合", "以问题为导向"]'::json, '[]'::json, 0.907, 0.699, '2026-06-15T12:00:00+00:00', '2026-06-15T12:00:00+00:00');
INSERT INTO person_education (person_id, start_date, degree_date, degree, school, major, created_at, updated_at) VALUES ('PERSON_S_73d355524ffed86a', '2009-09-21', '1998-04-15', '硕士', '清华大学', '人工智能', '2026-06-15T12:00:00+00:00', '2026-06-15T12:00:00+00:00');
INSERT INTO person_career (person_id, start_date, end_date, org, enterprise, military_unit, position, created_at, updated_at) VALUES ('PERSON_S_73d355524ffed86a', '2016-02-13', NULL, '国生医科技', '国生医科技', NULL, '高级工程师', '2026-06-15T12:00:00+00:00', '2026-06-15T12:00:00+00:00');
INSERT INTO person_award (person_id, description, created_at, updated_at) VALUES ('PERSON_S_73d355524ffed86a', '2018年获省部级奖励', '2026-06-15T12:00:00+00:00', '2026-06-15T12:00:00+00:00');
INSERT INTO person_academic_output (person_id, name, form, publish_date, rank, tech_domain, collaborators, citations, is_representative, created_at, updated_at) VALUES ('PERSON_S_73d355524ffed86a', '关于5G通信的研究', '专著', '2018-04-22', '通讯作者', '5G通信', '["何强文博"]'::json, 18, TRUE, '2026-06-15T12:00:00+00:00', '2026-06-15T12:00:00+00:00');
INSERT INTO person_academic_output (person_id, name, form, publish_date, rank, tech_domain, collaborators, citations, is_representative, created_at, updated_at) VALUES ('PERSON_S_73d355524ffed86a', '关于5G通信的研究', '专利', '2019-11-27', '共同作者', '5G通信', '["孙艳", "高霞勇"]'::json, 772, TRUE, '2026-06-15T12:00:00+00:00', '2026-06-15T12:00:00+00:00');
INSERT INTO person_academic_output (person_id, name, form, publish_date, rank, tech_domain, collaborators, citations, is_representative, created_at, updated_at) VALUES ('PERSON_S_73d355524ffed86a', '关于5G通信的研究', '期刊论文', '2019-04-16', '通讯作者', '5G通信', '["梁桂英", "黄艳", "陈晓东"]'::json, 126, TRUE, '2026-06-15T12:00:00+00:00', '2026-06-15T12:00:00+00:00');
INSERT INTO person_focus (person_id, focus_type, content, consistency_with_policy, potential_impact, created_at, updated_at) VALUES ('PERSON_S_73d355524ffed86a', 'tech', '["5G通信前沿方向"]'::json, '符合国家科技创新规划', '["推动产业升级", "形成自主知识产权"]'::json, '2026-06-15T12:00:00+00:00', '2026-06-15T12:00:00+00:00');
INSERT INTO entity_change_log (entity_id, entity_type, field, old_value, new_value, method, operator, source_doc_id, reason, changed_at) VALUES ('PERSON_S_73d355524ffed86a', 'person', '*', NULL, '{"action": "create"}'::json, 'rule', NULL, 'mock_seed', NULL, '2026-06-15T12:00:00+00:00');
INSERT INTO person_profile (person_id, name_cn, name_en, gender, avatar, nationality, summary, birth_date, age, birthplace, ethnicity, current_residence, current_org, current_enterprise, current_military_unit, current_position, highest_degree, person_category, professional_domains, professional_skills, social_media, personality_traits, hobbies, management_philosophy, remark, confidence, completeness, created_at, updated_at) VALUES ('PERSON_S_b0997bd7d5402d27', '马伟勇', 'Expert_Rkgfpg', '男', '[]'::json, '中国', '马伟勇，领军人才，主要从事氢能研究，现任远量子实验室副教授。', '1972-09-01', 54, '上海', '汉族', '杭州', '远量子实验室', '远量子实验室', NULL, '["教授"]'::json, '学士', '骨干', '["氢能"]'::json, '["算法设计", "项目管理", "工程化", "实验验证"]'::json, '', '["务实", "坚韧"]'::json, '["运动"]'::json, '["产学研结合", "以问题为导向"]'::json, '[]'::json, 0.867, 0.567, '2026-06-15T12:00:00+00:00', '2026-06-15T12:00:00+00:00');
INSERT INTO person_education (person_id, start_date, degree_date, degree, school, major, created_at, updated_at) VALUES ('PERSON_S_b0997bd7d5402d27', '1995-08-22', '2005-03-11', '博士', '北京大学', '半导体', '2026-06-15T12:00:00+00:00', '2026-06-15T12:00:00+00:00');
INSERT INTO person_career (person_id, start_date, end_date, org, enterprise, military_unit, position, created_at, updated_at) VALUES ('PERSON_S_b0997bd7d5402d27', '2017-01-06', NULL, '远量子实验室', '远量子实验室', NULL, '总工程师', '2026-06-15T12:00:00+00:00', '2026-06-15T12:00:00+00:00');
INSERT INTO person_award (person_id, description, created_at, updated_at) VALUES ('PERSON_S_b0997bd7d5402d27', '2015年获学会优秀论文', '2026-06-15T12:00:00+00:00', '2026-06-15T12:00:00+00:00');
INSERT INTO person_academic_output (person_id, name, form, publish_date, rank, tech_domain, collaborators, citations, is_representative, created_at, updated_at) VALUES ('PERSON_S_b0997bd7d5402d27', '关于氢能的综述', '期刊论文', '2020-07-15', '共同作者', '氢能', '["郑霞", "邓宇航"]'::json, 368, TRUE, '2026-06-15T12:00:00+00:00', '2026-06-15T12:00:00+00:00');
INSERT INTO person_academic_output (person_id, name, form, publish_date, rank, tech_domain, collaborators, citations, is_representative, created_at, updated_at) VALUES ('PERSON_S_b0997bd7d5402d27', '关于氢能的方法', '会议论文', '2023-06-05', '共同作者', '氢能', '["何刚", "郑晓东", "许洋"]'::json, 338, TRUE, '2026-06-15T12:00:00+00:00', '2026-06-15T12:00:00+00:00');
INSERT INTO person_focus (person_id, focus_type, content, consistency_with_policy, potential_impact, created_at, updated_at) VALUES ('PERSON_S_b0997bd7d5402d27', 'tech', '["氢能前沿方向"]'::json, '符合国家科技创新规划', '["推动产业升级", "形成自主知识产权"]'::json, '2026-06-15T12:00:00+00:00', '2026-06-15T12:00:00+00:00');
INSERT INTO entity_change_log (entity_id, entity_type, field, old_value, new_value, method, operator, source_doc_id, reason, changed_at) VALUES ('PERSON_S_b0997bd7d5402d27', 'person', '*', NULL, '{"action": "create"}'::json, 'rule', NULL, 'mock_seed', NULL, '2026-06-15T12:00:00+00:00');
INSERT INTO person_profile (person_id, name_cn, name_en, gender, avatar, nationality, summary, birth_date, age, birthplace, ethnicity, current_residence, current_org, current_enterprise, current_military_unit, current_position, highest_degree, person_category, professional_domains, professional_skills, social_media, personality_traits, hobbies, management_philosophy, remark, confidence, completeness, created_at, updated_at) VALUES ('PERSON_S_6289048eecf74e6b', '何勇', 'Expert_Gybfbl', '男', '[]'::json, '中国', '何勇，青年人才，主要从事6G通信、脑机接口研究，现任航天氢动集团高级工程师。', '1991-10-08', 35, '武汉', '汉族', '杭州', '航天氢动集团', NULL, NULL, '["主任"]'::json, '学士', '专家', '["6G通信", "脑机接口"]'::json, '["系统架构", "工程化"]'::json, '', '["坚韧", "协作"]'::json, '["音乐", "运动"]'::json, '["产学研结合", "以问题为导向"]'::json, '[]'::json, 0.946, 0.636, '2026-06-15T12:00:00+00:00', '2026-06-15T12:00:00+00:00');
INSERT INTO person_education (person_id, start_date, degree_date, degree, school, major, created_at, updated_at) VALUES ('PERSON_S_6289048eecf74e6b', '1994-02-04', '1999-05-09', '学士', '浙江大学', '大模型', '2026-06-15T12:00:00+00:00', '2026-06-15T12:00:00+00:00');
INSERT INTO person_career (person_id, start_date, end_date, org, enterprise, military_unit, position, created_at, updated_at) VALUES ('PERSON_S_6289048eecf74e6b', '2008-05-08', NULL, '航天氢动集团', NULL, NULL, '首席科学家', '2026-06-15T12:00:00+00:00', '2026-06-15T12:00:00+00:00');
INSERT INTO person_award (person_id, description, created_at, updated_at) VALUES ('PERSON_S_6289048eecf74e6b', '2015年获国家自然科学奖', '2026-06-15T12:00:00+00:00', '2026-06-15T12:00:00+00:00');
INSERT INTO person_academic_output (person_id, name, form, publish_date, rank, tech_domain, collaborators, citations, is_representative, created_at, updated_at) VALUES ('PERSON_S_6289048eecf74e6b', '关于6G通信的方法', '专著', '2021-10-27', '第一作者', '脑机接口', '["高平海燕", "彭峰明", "林文博"]'::json, 274, TRUE, '2026-06-15T12:00:00+00:00', '2026-06-15T12:00:00+00:00');
INSERT INTO person_academic_output (person_id, name, form, publish_date, rank, tech_domain, collaborators, citations, is_representative, created_at, updated_at) VALUES ('PERSON_S_6289048eecf74e6b', '关于6G通信的方法', '会议论文', '2018-05-17', '共同作者', '6G通信', '["宋明", "赵文博斌", "彭瑞"]'::json, 518, TRUE, '2026-06-15T12:00:00+00:00', '2026-06-15T12:00:00+00:00');
INSERT INTO person_academic_output (person_id, name, form, publish_date, rank, tech_domain, collaborators, citations, is_representative, created_at, updated_at) VALUES ('PERSON_S_6289048eecf74e6b', '关于6G通信的研究', '会议论文', '2020-03-19', '共同作者', '6G通信', '["李平"]'::json, 312, TRUE, '2026-06-15T12:00:00+00:00', '2026-06-15T12:00:00+00:00');
INSERT INTO person_academic_output (person_id, name, form, publish_date, rank, tech_domain, collaborators, citations, is_representative, created_at, updated_at) VALUES ('PERSON_S_6289048eecf74e6b', '关于6G通信的研究', '专著', '2022-09-28', '共同作者', '6G通信', '["郑宁志强"]'::json, 184, TRUE, '2026-06-15T12:00:00+00:00', '2026-06-15T12:00:00+00:00');
INSERT INTO person_focus (person_id, focus_type, content, consistency_with_policy, potential_impact, created_at, updated_at) VALUES ('PERSON_S_6289048eecf74e6b', 'tech', '["6G通信前沿方向"]'::json, '符合国家科技创新规划', '["推动产业升级", "形成自主知识产权"]'::json, '2026-06-15T12:00:00+00:00', '2026-06-15T12:00:00+00:00');
INSERT INTO entity_change_log (entity_id, entity_type, field, old_value, new_value, method, operator, source_doc_id, reason, changed_at) VALUES ('PERSON_S_6289048eecf74e6b', 'person', '*', NULL, '{"action": "create"}'::json, 'rule', NULL, 'mock_seed', NULL, '2026-06-15T12:00:00+00:00');
INSERT INTO person_profile (person_id, name_cn, name_en, gender, avatar, nationality, summary, birth_date, age, birthplace, ethnicity, current_residence, current_org, current_enterprise, current_military_unit, current_position, highest_degree, person_category, professional_domains, professional_skills, social_media, personality_traits, hobbies, management_philosophy, remark, confidence, completeness, created_at, updated_at) VALUES ('PERSON_S_4d1eb425c9d4eef2', '高磊伟', 'Expert_Arbcdi', '女', '[]'::json, '中国', '高磊伟，专家，主要从事网络安全研究，现任东方芯创股份教授。', '1971-08-12', 55, '武汉', '汉族', '深圳', '东方芯创股份', NULL, NULL, '["副院长"]'::json, '学士', '骨干', '["网络安全"]'::json, '["实验验证", "工程化", "系统架构", "项目管理"]'::json, '', '["严谨", "创新"]'::json, '["运动"]'::json, '["产学研结合", "以问题为导向"]'::json, '[]'::json, 0.804, 0.828, '2026-06-15T12:00:00+00:00', '2026-06-15T12:00:00+00:00');
INSERT INTO person_education (person_id, start_date, degree_date, degree, school, major, created_at, updated_at) VALUES ('PERSON_S_4d1eb425c9d4eef2', '2002-02-21', '2000-06-16', '学士', '清华大学', '量子计算', '2026-06-15T12:00:00+00:00', '2026-06-15T12:00:00+00:00');
INSERT INTO person_career (person_id, start_date, end_date, org, enterprise, military_unit, position, created_at, updated_at) VALUES ('PERSON_S_4d1eb425c9d4eef2', '2005-01-05', NULL, '东方芯创股份', NULL, NULL, '高级工程师', '2026-06-15T12:00:00+00:00', '2026-06-15T12:00:00+00:00');
INSERT INTO person_award (person_id, description, created_at, updated_at) VALUES ('PERSON_S_4d1eb425c9d4eef2', '2018年获国家自然科学奖', '2026-06-15T12:00:00+00:00', '2026-06-15T12:00:00+00:00');
INSERT INTO person_academic_output (person_id, name, form, publish_date, rank, tech_domain, collaborators, citations, is_representative, created_at, updated_at) VALUES ('PERSON_S_4d1eb425c9d4eef2', '关于网络安全的综述', '期刊论文', '2023-03-10', '通讯作者', '网络安全', '["王志强", "罗文博"]'::json, 352, TRUE, '2026-06-15T12:00:00+00:00', '2026-06-15T12:00:00+00:00');
INSERT INTO person_academic_output (person_id, name, form, publish_date, rank, tech_domain, collaborators, citations, is_representative, created_at, updated_at) VALUES ('PERSON_S_4d1eb425c9d4eef2', '关于网络安全的综述', '会议论文', '2019-11-20', '共同作者', '网络安全', '["曹斌"]'::json, 369, TRUE, '2026-06-15T12:00:00+00:00', '2026-06-15T12:00:00+00:00');
INSERT INTO person_academic_output (person_id, name, form, publish_date, rank, tech_domain, collaborators, citations, is_representative, created_at, updated_at) VALUES ('PERSON_S_4d1eb425c9d4eef2', '关于网络安全的方法', '期刊论文', '2022-12-11', '第一作者', '网络安全', '["郭昊伟", "周艳"]'::json, 261, TRUE, '2026-06-15T12:00:00+00:00', '2026-06-15T12:00:00+00:00');
INSERT INTO person_focus (person_id, focus_type, content, consistency_with_policy, potential_impact, created_at, updated_at) VALUES ('PERSON_S_4d1eb425c9d4eef2', 'tech', '["网络安全前沿方向"]'::json, '符合国家科技创新规划', '["推动产业升级", "形成自主知识产权"]'::json, '2026-06-15T12:00:00+00:00', '2026-06-15T12:00:00+00:00');
INSERT INTO entity_change_log (entity_id, entity_type, field, old_value, new_value, method, operator, source_doc_id, reason, changed_at) VALUES ('PERSON_S_4d1eb425c9d4eef2', 'person', '*', NULL, '{"action": "create"}'::json, 'rule', NULL, 'mock_seed', NULL, '2026-06-15T12:00:00+00:00');
INSERT INTO person_profile (person_id, name_cn, name_en, gender, avatar, nationality, summary, birth_date, age, birthplace, ethnicity, current_residence, current_org, current_enterprise, current_military_unit, current_position, highest_degree, person_category, professional_domains, professional_skills, social_media, personality_traits, hobbies, management_philosophy, remark, confidence, completeness, created_at, updated_at) VALUES ('PERSON_S_4f725cdfa8b00704', '李峰', 'Expert_Pyvoku', '女', '[]'::json, '中国', '李峰，青年人才，主要从事航空航天研究，现任东方芯创股份副教授。', '1994-04-02', 32, '上海', '汉族', '北京', '东方芯创股份', NULL, NULL, '["主任"]'::json, '学士', '领军人才', '["航空航天"]'::json, '["项目管理", "数据分析", "算法设计"]'::json, '', '["务实", "严谨"]'::json, '["阅读", "运动"]'::json, '["产学研结合", "以问题为导向"]'::json, '[]'::json, 0.786, 0.606, '2026-06-15T12:00:00+00:00', '2026-06-15T12:00:00+00:00');
INSERT INTO person_education (person_id, start_date, degree_date, degree, school, major, created_at, updated_at) VALUES ('PERSON_S_4f725cdfa8b00704', '2010-03-24', '2006-04-26', '硕士', '中国科学技术大学', '航空航天', '2026-06-15T12:00:00+00:00', '2026-06-15T12:00:00+00:00');
INSERT INTO person_career (person_id, start_date, end_date, org, enterprise, military_unit, position, created_at, updated_at) VALUES ('PERSON_S_4f725cdfa8b00704', '2014-11-23', NULL, '东方芯创股份', NULL, NULL, '教授', '2026-06-15T12:00:00+00:00', '2026-06-15T12:00:00+00:00');
INSERT INTO person_award (person_id, description, created_at, updated_at) VALUES ('PERSON_S_4f725cdfa8b00704', '2018年获学会优秀论文', '2026-06-15T12:00:00+00:00', '2026-06-15T12:00:00+00:00');
INSERT INTO person_academic_output (person_id, name, form, publish_date, rank, tech_domain, collaborators, citations, is_representative, created_at, updated_at) VALUES ('PERSON_S_4f725cdfa8b00704', '关于航空航天的研究', '会议论文', '2019-08-14', '第一作者', '航空航天', '["郭洋艳"]'::json, 356, TRUE, '2026-06-15T12:00:00+00:00', '2026-06-15T12:00:00+00:00');
INSERT INTO person_academic_output (person_id, name, form, publish_date, rank, tech_domain, collaborators, citations, is_representative, created_at, updated_at) VALUES ('PERSON_S_4f725cdfa8b00704', '关于航空航天的方法', '专利', '2023-08-27', '共同作者', '航空航天', '["赵峰刚", "孙超", "孙勇刚"]'::json, 686, TRUE, '2026-06-15T12:00:00+00:00', '2026-06-15T12:00:00+00:00');
INSERT INTO person_focus (person_id, focus_type, content, consistency_with_policy, potential_impact, created_at, updated_at) VALUES ('PERSON_S_4f725cdfa8b00704', 'tech', '["航空航天前沿方向"]'::json, '符合国家科技创新规划', '["推动产业升级", "形成自主知识产权"]'::json, '2026-06-15T12:00:00+00:00', '2026-06-15T12:00:00+00:00');
INSERT INTO entity_change_log (entity_id, entity_type, field, old_value, new_value, method, operator, source_doc_id, reason, changed_at) VALUES ('PERSON_S_4f725cdfa8b00704', 'person', '*', NULL, '{"action": "create"}'::json, 'rule', NULL, 'mock_seed', NULL, '2026-06-15T12:00:00+00:00');
INSERT INTO person_profile (person_id, name_cn, name_en, gender, avatar, nationality, summary, birth_date, age, birthplace, ethnicity, current_residence, current_org, current_enterprise, current_military_unit, current_position, highest_degree, person_category, professional_domains, professional_skills, social_media, personality_traits, hobbies, management_philosophy, remark, confidence, completeness, created_at, updated_at) VALUES ('PERSON_S_decea5dc4c3efb5c', '林志强', 'Expert_Iapxoi', '女', '[]'::json, '中国', '林志强，骨干，主要从事网络安全、光电技术研究，现任新氢动高科高级工程师。', '1977-02-02', 49, '南京', '汉族', '深圳', '新氢动高科', NULL, NULL, '["副院长"]'::json, '博士', '院士', '["网络安全", "光电技术", "卫星互联网", "新能源"]'::json, '["项目管理", "实验验证", "系统架构"]'::json, '', '["坚韧"]'::json, '["旅行", "音乐"]'::json, '["产学研结合", "以问题为导向"]'::json, '[]'::json, 0.86, 0.869, '2026-06-15T12:00:00+00:00', '2026-06-15T12:00:00+00:00');
INSERT INTO person_education (person_id, start_date, degree_date, degree, school, major, created_at, updated_at) VALUES ('PERSON_S_decea5dc4c3efb5c', '1993-08-04', '1999-05-08', '博士', '上海交通大学', '半导体', '2026-06-15T12:00:00+00:00', '2026-06-15T12:00:00+00:00');
INSERT INTO person_career (person_id, start_date, end_date, org, enterprise, military_unit, position, created_at, updated_at) VALUES ('PERSON_S_decea5dc4c3efb5c', '2014-10-10', NULL, '新氢动高科', NULL, NULL, '副院长', '2026-06-15T12:00:00+00:00', '2026-06-15T12:00:00+00:00');
INSERT INTO person_award (person_id, description, created_at, updated_at) VALUES ('PERSON_S_decea5dc4c3efb5c', '2021年获国家自然科学奖', '2026-06-15T12:00:00+00:00', '2026-06-15T12:00:00+00:00');
INSERT INTO person_academic_output (person_id, name, form, publish_date, rank, tech_domain, collaborators, citations, is_representative, created_at, updated_at) VALUES ('PERSON_S_decea5dc4c3efb5c', '关于网络安全的研究', '期刊论文', '2024-09-08', '共同作者', '光电技术', '["郑磊军"]'::json, 114, TRUE, '2026-06-15T12:00:00+00:00', '2026-06-15T12:00:00+00:00');
INSERT INTO person_academic_output (person_id, name, form, publish_date, rank, tech_domain, collaborators, citations, is_representative, created_at, updated_at) VALUES ('PERSON_S_decea5dc4c3efb5c', '关于光电技术的综述', '会议论文', '2021-04-09', '通讯作者', '卫星互联网', '["彭明勇"]'::json, 138, TRUE, '2026-06-15T12:00:00+00:00', '2026-06-15T12:00:00+00:00');
INSERT INTO person_focus (person_id, focus_type, content, consistency_with_policy, potential_impact, created_at, updated_at) VALUES ('PERSON_S_decea5dc4c3efb5c', 'tech', '["网络安全前沿方向"]'::json, '符合国家科技创新规划', '["推动产业升级", "形成自主知识产权"]'::json, '2026-06-15T12:00:00+00:00', '2026-06-15T12:00:00+00:00');
INSERT INTO entity_change_log (entity_id, entity_type, field, old_value, new_value, method, operator, source_doc_id, reason, changed_at) VALUES ('PERSON_S_decea5dc4c3efb5c', 'person', '*', NULL, '{"action": "create"}'::json, 'rule', NULL, 'mock_seed', NULL, '2026-06-15T12:00:00+00:00');
INSERT INTO person_profile (person_id, name_cn, name_en, gender, avatar, nationality, summary, birth_date, age, birthplace, ethnicity, current_residence, current_org, current_enterprise, current_military_unit, current_position, highest_degree, person_category, professional_domains, professional_skills, social_media, personality_traits, hobbies, management_philosophy, remark, confidence, completeness, created_at, updated_at) VALUES ('PERSON_S_b2a1cb677d0b46e3', '邓桂英磊', 'Expert_Ashfej', '女', '[]'::json, '中国', '邓桂英磊，骨干，主要从事人工智能研究，现任东方未来研究院副院长。', '1967-04-27', 59, '南京', '汉族', '杭州', '东方未来研究院', NULL, NULL, '["副院长"]'::json, '硕士', '青年人才', '["人工智能"]'::json, '["系统架构", "项目管理"]'::json, '', '["严谨"]'::json, '["阅读", "运动"]'::json, '["产学研结合", "以问题为导向"]'::json, '[]'::json, 0.737, 0.715, '2026-06-15T12:00:00+00:00', '2026-06-15T12:00:00+00:00');
INSERT INTO person_education (person_id, start_date, degree_date, degree, school, major, created_at, updated_at) VALUES ('PERSON_S_b2a1cb677d0b46e3', '2006-02-26', '2007-01-20', '硕士', '中国科学技术大学', '人工智能', '2026-06-15T12:00:00+00:00', '2026-06-15T12:00:00+00:00');
INSERT INTO person_career (person_id, start_date, end_date, org, enterprise, military_unit, position, created_at, updated_at) VALUES ('PERSON_S_b2a1cb677d0b46e3', '2019-01-19', NULL, '东方未来研究院', NULL, NULL, '研究员', '2026-06-15T12:00:00+00:00', '2026-06-15T12:00:00+00:00');
INSERT INTO person_award (person_id, description, created_at, updated_at) VALUES ('PERSON_S_b2a1cb677d0b46e3', '2020年获省部级奖励', '2026-06-15T12:00:00+00:00', '2026-06-15T12:00:00+00:00');
INSERT INTO person_academic_output (person_id, name, form, publish_date, rank, tech_domain, collaborators, citations, is_representative, created_at, updated_at) VALUES ('PERSON_S_b2a1cb677d0b46e3', '关于人工智能的综述', '期刊论文', '2018-01-16', '共同作者', '人工智能', '["郑霞"]'::json, 448, TRUE, '2026-06-15T12:00:00+00:00', '2026-06-15T12:00:00+00:00');
INSERT INTO person_academic_output (person_id, name, form, publish_date, rank, tech_domain, collaborators, citations, is_representative, created_at, updated_at) VALUES ('PERSON_S_b2a1cb677d0b46e3', '关于人工智能的研究', '期刊论文', '2024-01-14', '通讯作者', '人工智能', '["王瑞", "刘军"]'::json, 347, TRUE, '2026-06-15T12:00:00+00:00', '2026-06-15T12:00:00+00:00');
INSERT INTO person_academic_output (person_id, name, form, publish_date, rank, tech_domain, collaborators, citations, is_representative, created_at, updated_at) VALUES ('PERSON_S_b2a1cb677d0b46e3', '关于人工智能的综述', '专利', '2021-08-05', '共同作者', '人工智能', '["郭艳", "周平"]'::json, 170, TRUE, '2026-06-15T12:00:00+00:00', '2026-06-15T12:00:00+00:00');
INSERT INTO person_academic_output (person_id, name, form, publish_date, rank, tech_domain, collaborators, citations, is_representative, created_at, updated_at) VALUES ('PERSON_S_b2a1cb677d0b46e3', '关于人工智能的方法', '专著', '2023-03-01', '共同作者', '人工智能', '["林婷", "周艳雪松", "邓志强强"]'::json, 496, TRUE, '2026-06-15T12:00:00+00:00', '2026-06-15T12:00:00+00:00');
INSERT INTO person_focus (person_id, focus_type, content, consistency_with_policy, potential_impact, created_at, updated_at) VALUES ('PERSON_S_b2a1cb677d0b46e3', 'tech', '["人工智能前沿方向"]'::json, '符合国家科技创新规划', '["推动产业升级", "形成自主知识产权"]'::json, '2026-06-15T12:00:00+00:00', '2026-06-15T12:00:00+00:00');
INSERT INTO entity_change_log (entity_id, entity_type, field, old_value, new_value, method, operator, source_doc_id, reason, changed_at) VALUES ('PERSON_S_b2a1cb677d0b46e3', 'person', '*', NULL, '{"action": "create"}'::json, 'rule', NULL, 'mock_seed', NULL, '2026-06-15T12:00:00+00:00');
INSERT INTO person_profile (person_id, name_cn, name_en, gender, avatar, nationality, summary, birth_date, age, birthplace, ethnicity, current_residence, current_org, current_enterprise, current_military_unit, current_position, highest_degree, person_category, professional_domains, professional_skills, social_media, personality_traits, hobbies, management_philosophy, remark, confidence, completeness, created_at, updated_at) VALUES ('PERSON_S_3530fc03ab294bdd', '周伟杰', 'Expert_Xgyoks', '女', '[]'::json, '中国', '周伟杰，院士，主要从事5G通信、集成电路研究，现任航天基因工程技术中心首席科学家。', '1994-05-21', 32, '北京', '汉族', '深圳', '航天基因工程技术中心', NULL, NULL, '["副院长"]'::json, '博士', '青年人才', '["5G通信", "集成电路", "碳捕集"]'::json, '["工程化", "数据分析", "算法设计"]'::json, '', '["创新", "协作", "严谨"]'::json, '["音乐"]'::json, '["产学研结合", "以问题为导向"]'::json, '[]'::json, 0.834, 0.9, '2026-06-15T12:00:00+00:00', '2026-06-15T12:00:00+00:00');
INSERT INTO person_education (person_id, start_date, degree_date, degree, school, major, created_at, updated_at) VALUES ('PERSON_S_3530fc03ab294bdd', '2008-11-05', '2014-01-28', '博士', '上海交通大学', '5G通信', '2026-06-15T12:00:00+00:00', '2026-06-15T12:00:00+00:00');
INSERT INTO person_career (person_id, start_date, end_date, org, enterprise, military_unit, position, created_at, updated_at) VALUES ('PERSON_S_3530fc03ab294bdd', '2018-10-26', NULL, '航天基因工程技术中心', NULL, NULL, '总工程师', '2026-06-15T12:00:00+00:00', '2026-06-15T12:00:00+00:00');
INSERT INTO person_award (person_id, description, created_at, updated_at) VALUES ('PERSON_S_3530fc03ab294bdd', '2024年获国家自然科学奖', '2026-06-15T12:00:00+00:00', '2026-06-15T12:00:00+00:00');
INSERT INTO person_academic_output (person_id, name, form, publish_date, rank, tech_domain, collaborators, citations, is_representative, created_at, updated_at) VALUES ('PERSON_S_3530fc03ab294bdd', '关于碳捕集的综述', '专著', '2024-05-09', '通讯作者', '5G通信', '["宋雪松", "罗宇航", "杨伟"]'::json, 53, TRUE, '2026-06-15T12:00:00+00:00', '2026-06-15T12:00:00+00:00');
INSERT INTO person_academic_output (person_id, name, form, publish_date, rank, tech_domain, collaborators, citations, is_representative, created_at, updated_at) VALUES ('PERSON_S_3530fc03ab294bdd', '关于5G通信的综述', '专著', '2024-07-18', '共同作者', '5G通信', '["朱志强"]'::json, 260, TRUE, '2026-06-15T12:00:00+00:00', '2026-06-15T12:00:00+00:00');
INSERT INTO person_academic_output (person_id, name, form, publish_date, rank, tech_domain, collaborators, citations, is_representative, created_at, updated_at) VALUES ('PERSON_S_3530fc03ab294bdd', '关于集成电路的研究', '期刊论文', '2018-05-19', '通讯作者', '5G通信', '["彭磊昊", "林勇涛"]'::json, 510, TRUE, '2026-06-15T12:00:00+00:00', '2026-06-15T12:00:00+00:00');
INSERT INTO person_focus (person_id, focus_type, content, consistency_with_policy, potential_impact, created_at, updated_at) VALUES ('PERSON_S_3530fc03ab294bdd', 'tech', '["集成电路前沿方向"]'::json, '符合国家科技创新规划', '["推动产业升级", "形成自主知识产权"]'::json, '2026-06-15T12:00:00+00:00', '2026-06-15T12:00:00+00:00');
INSERT INTO entity_change_log (entity_id, entity_type, field, old_value, new_value, method, operator, source_doc_id, reason, changed_at) VALUES ('PERSON_S_3530fc03ab294bdd', 'person', '*', NULL, '{"action": "create"}'::json, 'rule', NULL, 'mock_seed', NULL, '2026-06-15T12:00:00+00:00');
INSERT INTO person_profile (person_id, name_cn, name_en, gender, avatar, nationality, summary, birth_date, age, birthplace, ethnicity, current_residence, current_org, current_enterprise, current_military_unit, current_position, highest_degree, person_category, professional_domains, professional_skills, social_media, personality_traits, hobbies, management_philosophy, remark, confidence, completeness, created_at, updated_at) VALUES ('PERSON_S_1dd5b6b553dace6c', '唐洋磊', 'Expert_Rwoogt', '女', '[]'::json, '中国', '唐洋磊，青年人才，主要从事光电技术、脑机接口研究，现任远储能研究院总工程师。', '1991-11-09', 35, '上海', '汉族', '杭州', '远储能研究院', '远储能研究院', NULL, '["高级工程师"]'::json, '硕士', '专家', '["光电技术", "脑机接口"]'::json, '["数据分析", "实验验证", "项目管理", "算法设计"]'::json, '', '["坚韧", "务实", "严谨"]'::json, '["阅读", "音乐"]'::json, '["产学研结合", "以问题为导向"]'::json, '[]'::json, 0.782, 0.679, '2026-06-15T12:00:00+00:00', '2026-06-15T12:00:00+00:00');
INSERT INTO person_education (person_id, start_date, degree_date, degree, school, major, created_at, updated_at) VALUES ('PERSON_S_1dd5b6b553dace6c', '2006-01-03', '2009-06-06', '硕士', '上海交通大学', '光电技术', '2026-06-15T12:00:00+00:00', '2026-06-15T12:00:00+00:00');
INSERT INTO person_career (person_id, start_date, end_date, org, enterprise, military_unit, position, created_at, updated_at) VALUES ('PERSON_S_1dd5b6b553dace6c', '2012-06-11', NULL, '远储能研究院', '远储能研究院', NULL, '主任', '2026-06-15T12:00:00+00:00', '2026-06-15T12:00:00+00:00');
INSERT INTO person_award (person_id, description, created_at, updated_at) VALUES ('PERSON_S_1dd5b6b553dace6c', '2021年获省部级奖励', '2026-06-15T12:00:00+00:00', '2026-06-15T12:00:00+00:00');
INSERT INTO person_academic_output (person_id, name, form, publish_date, rank, tech_domain, collaborators, citations, is_representative, created_at, updated_at) VALUES ('PERSON_S_1dd5b6b553dace6c', '关于光电技术的综述', '专著', '2024-06-11', '第一作者', '脑机接口', '["梁杰"]'::json, 105, TRUE, '2026-06-15T12:00:00+00:00', '2026-06-15T12:00:00+00:00');
INSERT INTO person_academic_output (person_id, name, form, publish_date, rank, tech_domain, collaborators, citations, is_representative, created_at, updated_at) VALUES ('PERSON_S_1dd5b6b553dace6c', '关于光电技术的研究', '期刊论文', '2018-04-27', '第一作者', '光电技术', '["邓杰艳"]'::json, 562, TRUE, '2026-06-15T12:00:00+00:00', '2026-06-15T12:00:00+00:00');
INSERT INTO person_academic_output (person_id, name, form, publish_date, rank, tech_domain, collaborators, citations, is_representative, created_at, updated_at) VALUES ('PERSON_S_1dd5b6b553dace6c', '关于脑机接口的综述', '专利', '2021-03-03', '通讯作者', '光电技术', '["徐杰", "赵志强"]'::json, 6, TRUE, '2026-06-15T12:00:00+00:00', '2026-06-15T12:00:00+00:00');
INSERT INTO person_academic_output (person_id, name, form, publish_date, rank, tech_domain, collaborators, citations, is_representative, created_at, updated_at) VALUES ('PERSON_S_1dd5b6b553dace6c', '关于脑机接口的方法', '会议论文', '2021-07-04', '第一作者', '脑机接口', '["宋志强", "何刚"]'::json, 158, TRUE, '2026-06-15T12:00:00+00:00', '2026-06-15T12:00:00+00:00');
INSERT INTO person_focus (person_id, focus_type, content, consistency_with_policy, potential_impact, created_at, updated_at) VALUES ('PERSON_S_1dd5b6b553dace6c', 'tech', '["脑机接口前沿方向"]'::json, '符合国家科技创新规划', '["推动产业升级", "形成自主知识产权"]'::json, '2026-06-15T12:00:00+00:00', '2026-06-15T12:00:00+00:00');
INSERT INTO entity_change_log (entity_id, entity_type, field, old_value, new_value, method, operator, source_doc_id, reason, changed_at) VALUES ('PERSON_S_1dd5b6b553dace6c', 'person', '*', NULL, '{"action": "create"}'::json, 'rule', NULL, 'mock_seed', NULL, '2026-06-15T12:00:00+00:00');
INSERT INTO person_profile (person_id, name_cn, name_en, gender, avatar, nationality, summary, birth_date, age, birthplace, ethnicity, current_residence, current_org, current_enterprise, current_military_unit, current_position, highest_degree, person_category, professional_domains, professional_skills, social_media, personality_traits, hobbies, management_philosophy, remark, confidence, completeness, created_at, updated_at) VALUES ('PERSON_S_971cb7c6dd2516da', '韩平', 'Expert_Zcqdts', '男', '[]'::json, '中国', '韩平，院士，主要从事深海装备、生物医药研究，现任航天算力研究院高级工程师。', '1987-08-17', 39, '武汉', '汉族', '深圳', '航天算力研究院', NULL, NULL, '["高级工程师"]'::json, '博士', '院士', '["深海装备", "生物医药", "机器人"]'::json, '["项目管理", "实验验证"]'::json, '', '["坚韧"]'::json, '["运动"]'::json, '["产学研结合", "以问题为导向"]'::json, '[]'::json, 0.978, 0.93, '2026-06-15T12:00:00+00:00', '2026-06-15T12:00:00+00:00');
INSERT INTO person_education (person_id, start_date, degree_date, degree, school, major, created_at, updated_at) VALUES ('PERSON_S_971cb7c6dd2516da', '1999-06-22', '2002-08-08', '学士', '清华大学', '集成电路', '2026-06-15T12:00:00+00:00', '2026-06-15T12:00:00+00:00');
INSERT INTO person_career (person_id, start_date, end_date, org, enterprise, military_unit, position, created_at, updated_at) VALUES ('PERSON_S_971cb7c6dd2516da', '2009-03-01', NULL, '航天算力研究院', NULL, NULL, '教授', '2026-06-15T12:00:00+00:00', '2026-06-15T12:00:00+00:00');
INSERT INTO person_award (person_id, description, created_at, updated_at) VALUES ('PERSON_S_971cb7c6dd2516da', '2019年获省部级奖励', '2026-06-15T12:00:00+00:00', '2026-06-15T12:00:00+00:00');
INSERT INTO person_academic_output (person_id, name, form, publish_date, rank, tech_domain, collaborators, citations, is_representative, created_at, updated_at) VALUES ('PERSON_S_971cb7c6dd2516da', '关于深海装备的研究', '专著', '2021-01-04', '第一作者', '机器人', '["黄超斌"]'::json, 609, TRUE, '2026-06-15T12:00:00+00:00', '2026-06-15T12:00:00+00:00');
INSERT INTO person_academic_output (person_id, name, form, publish_date, rank, tech_domain, collaborators, citations, is_representative, created_at, updated_at) VALUES ('PERSON_S_971cb7c6dd2516da', '关于深海装备的综述', '会议论文', '2020-08-02', '通讯作者', '机器人', '["林平刚", "朱涛"]'::json, 164, TRUE, '2026-06-15T12:00:00+00:00', '2026-06-15T12:00:00+00:00');
INSERT INTO person_focus (person_id, focus_type, content, consistency_with_policy, potential_impact, created_at, updated_at) VALUES ('PERSON_S_971cb7c6dd2516da', 'tech', '["机器人前沿方向"]'::json, '符合国家科技创新规划', '["推动产业升级", "形成自主知识产权"]'::json, '2026-06-15T12:00:00+00:00', '2026-06-15T12:00:00+00:00');
INSERT INTO entity_change_log (entity_id, entity_type, field, old_value, new_value, method, operator, source_doc_id, reason, changed_at) VALUES ('PERSON_S_971cb7c6dd2516da', 'person', '*', NULL, '{"action": "create"}'::json, 'rule', NULL, 'mock_seed', NULL, '2026-06-15T12:00:00+00:00');
INSERT INTO person_profile (person_id, name_cn, name_en, gender, avatar, nationality, summary, birth_date, age, birthplace, ethnicity, current_residence, current_org, current_enterprise, current_military_unit, current_position, highest_degree, person_category, professional_domains, professional_skills, social_media, personality_traits, hobbies, management_philosophy, remark, confidence, completeness, created_at, updated_at) VALUES ('PERSON_S_d609f9b2ea62bdf8', '王斌海燕', 'Expert_Zowbpg', '男', '[]'::json, '中国', '王斌海燕，院士，主要从事自动驾驶研究，现任东方芯创集团副院长。', '1968-11-03', 58, '北京', '汉族', '上海', '东方芯创集团', NULL, NULL, '["首席科学家"]'::json, '博士', '骨干', '["自动驾驶"]'::json, '["系统架构", "数据分析", "实验验证"]'::json, '', '["严谨", "创新"]'::json, '["阅读"]'::json, '["产学研结合", "以问题为导向"]'::json, '[]'::json, 0.737, 0.812, '2026-06-15T12:00:00+00:00', '2026-06-15T12:00:00+00:00');
INSERT INTO person_education (person_id, start_date, degree_date, degree, school, major, created_at, updated_at) VALUES ('PERSON_S_d609f9b2ea62bdf8', '1990-01-04', '2004-11-21', '博士', '清华大学', '大模型', '2026-06-15T12:00:00+00:00', '2026-06-15T12:00:00+00:00');
INSERT INTO person_career (person_id, start_date, end_date, org, enterprise, military_unit, position, created_at, updated_at) VALUES ('PERSON_S_d609f9b2ea62bdf8', '2012-01-08', NULL, '东方芯创集团', NULL, NULL, '教授', '2026-06-15T12:00:00+00:00', '2026-06-15T12:00:00+00:00');
INSERT INTO person_award (person_id, description, created_at, updated_at) VALUES ('PERSON_S_d609f9b2ea62bdf8', '2019年获国家自然科学奖', '2026-06-15T12:00:00+00:00', '2026-06-15T12:00:00+00:00');
INSERT INTO person_academic_output (person_id, name, form, publish_date, rank, tech_domain, collaborators, citations, is_representative, created_at, updated_at) VALUES ('PERSON_S_d609f9b2ea62bdf8', '关于自动驾驶的综述', '期刊论文', '2021-02-12', '通讯作者', '自动驾驶', '["赵霞", "林明", "胡霞"]'::json, 507, TRUE, '2026-06-15T12:00:00+00:00', '2026-06-15T12:00:00+00:00');
INSERT INTO person_academic_output (person_id, name, form, publish_date, rank, tech_domain, collaborators, citations, is_representative, created_at, updated_at) VALUES ('PERSON_S_d609f9b2ea62bdf8', '关于自动驾驶的研究', '会议论文', '2023-03-01', '第一作者', '自动驾驶', '["徐磊"]'::json, 429, TRUE, '2026-06-15T12:00:00+00:00', '2026-06-15T12:00:00+00:00');
INSERT INTO person_academic_output (person_id, name, form, publish_date, rank, tech_domain, collaborators, citations, is_representative, created_at, updated_at) VALUES ('PERSON_S_d609f9b2ea62bdf8', '关于自动驾驶的研究', '会议论文', '2019-10-28', '通讯作者', '自动驾驶', '["彭磊俊杰", "林明俊杰"]'::json, 682, TRUE, '2026-06-15T12:00:00+00:00', '2026-06-15T12:00:00+00:00');
INSERT INTO person_academic_output (person_id, name, form, publish_date, rank, tech_domain, collaborators, citations, is_representative, created_at, updated_at) VALUES ('PERSON_S_d609f9b2ea62bdf8', '关于自动驾驶的研究', '专著', '2023-05-18', '共同作者', '自动驾驶', '["曹明雪松", "谢晓东"]'::json, 317, TRUE, '2026-06-15T12:00:00+00:00', '2026-06-15T12:00:00+00:00');
INSERT INTO person_focus (person_id, focus_type, content, consistency_with_policy, potential_impact, created_at, updated_at) VALUES ('PERSON_S_d609f9b2ea62bdf8', 'tech', '["自动驾驶前沿方向"]'::json, '符合国家科技创新规划', '["推动产业升级", "形成自主知识产权"]'::json, '2026-06-15T12:00:00+00:00', '2026-06-15T12:00:00+00:00');
INSERT INTO entity_change_log (entity_id, entity_type, field, old_value, new_value, method, operator, source_doc_id, reason, changed_at) VALUES ('PERSON_S_d609f9b2ea62bdf8', 'person', '*', NULL, '{"action": "create"}'::json, 'rule', NULL, 'mock_seed', NULL, '2026-06-15T12:00:00+00:00');
INSERT INTO person_profile (person_id, name_cn, name_en, gender, avatar, nationality, summary, birth_date, age, birthplace, ethnicity, current_residence, current_org, current_enterprise, current_military_unit, current_position, highest_degree, person_category, professional_domains, professional_skills, social_media, personality_traits, hobbies, management_philosophy, remark, confidence, completeness, created_at, updated_at) VALUES ('PERSON_S_0b38221e31b17585', '韩斌文博', 'Expert_Vvwbcw', '女', '[]'::json, '中国', '韩斌文博，专家，主要从事网络安全研究，现任北方航宇科技副教授。', '1988-03-16', 38, '北京', '汉族', '深圳', '北方航宇科技', NULL, NULL, '["教授"]'::json, '学士', '专家', '["网络安全"]'::json, '["算法设计", "工程化"]'::json, '', '["务实"]'::json, '["阅读"]'::json, '["产学研结合", "以问题为导向"]'::json, '[]'::json, 0.976, 0.794, '2026-06-15T12:00:00+00:00', '2026-06-15T12:00:00+00:00');
INSERT INTO person_education (person_id, start_date, degree_date, degree, school, major, created_at, updated_at) VALUES ('PERSON_S_0b38221e31b17585', '2002-06-16', '2004-04-06', '博士', '北京大学', '大模型', '2026-06-15T12:00:00+00:00', '2026-06-15T12:00:00+00:00');
INSERT INTO person_career (person_id, start_date, end_date, org, enterprise, military_unit, position, created_at, updated_at) VALUES ('PERSON_S_0b38221e31b17585', '2006-12-09', NULL, '北方航宇科技', NULL, NULL, '教授', '2026-06-15T12:00:00+00:00', '2026-06-15T12:00:00+00:00');
INSERT INTO person_award (person_id, description, created_at, updated_at) VALUES ('PERSON_S_0b38221e31b17585', '2015年获国家自然科学奖', '2026-06-15T12:00:00+00:00', '2026-06-15T12:00:00+00:00');
INSERT INTO person_academic_output (person_id, name, form, publish_date, rank, tech_domain, collaborators, citations, is_representative, created_at, updated_at) VALUES ('PERSON_S_0b38221e31b17585', '关于网络安全的综述', '期刊论文', '2022-08-25', '通讯作者', '网络安全', '["邓艳洋", "罗艳强", "张伟海燕"]'::json, 415, TRUE, '2026-06-15T12:00:00+00:00', '2026-06-15T12:00:00+00:00');
INSERT INTO person_academic_output (person_id, name, form, publish_date, rank, tech_domain, collaborators, citations, is_representative, created_at, updated_at) VALUES ('PERSON_S_0b38221e31b17585', '关于网络安全的研究', '专利', '2021-11-18', '第一作者', '网络安全', '["胡磊", "韩娟明", "张峰平"]'::json, 772, TRUE, '2026-06-15T12:00:00+00:00', '2026-06-15T12:00:00+00:00');
INSERT INTO person_academic_output (person_id, name, form, publish_date, rank, tech_domain, collaborators, citations, is_representative, created_at, updated_at) VALUES ('PERSON_S_0b38221e31b17585', '关于网络安全的综述', '专利', '2018-08-17', '第一作者', '网络安全', '["周勇"]'::json, 442, TRUE, '2026-06-15T12:00:00+00:00', '2026-06-15T12:00:00+00:00');
INSERT INTO person_academic_output (person_id, name, form, publish_date, rank, tech_domain, collaborators, citations, is_representative, created_at, updated_at) VALUES ('PERSON_S_0b38221e31b17585', '关于网络安全的研究', '会议论文', '2023-07-10', '第一作者', '网络安全', '["高瑞宇航", "吴勇", "彭杰"]'::json, 18, TRUE, '2026-06-15T12:00:00+00:00', '2026-06-15T12:00:00+00:00');
INSERT INTO person_focus (person_id, focus_type, content, consistency_with_policy, potential_impact, created_at, updated_at) VALUES ('PERSON_S_0b38221e31b17585', 'tech', '["网络安全前沿方向"]'::json, '符合国家科技创新规划', '["推动产业升级", "形成自主知识产权"]'::json, '2026-06-15T12:00:00+00:00', '2026-06-15T12:00:00+00:00');
INSERT INTO entity_change_log (entity_id, entity_type, field, old_value, new_value, method, operator, source_doc_id, reason, changed_at) VALUES ('PERSON_S_0b38221e31b17585', 'person', '*', NULL, '{"action": "create"}'::json, 'rule', NULL, 'mock_seed', NULL, '2026-06-15T12:00:00+00:00');
INSERT INTO person_profile (person_id, name_cn, name_en, gender, avatar, nationality, summary, birth_date, age, birthplace, ethnicity, current_residence, current_org, current_enterprise, current_military_unit, current_position, highest_degree, person_category, professional_domains, professional_skills, social_media, personality_traits, hobbies, management_philosophy, remark, confidence, completeness, created_at, updated_at) VALUES ('PERSON_S_d3f6ca6980e6e33c', '周艳', 'Expert_Vyzqkl', '女', '[]'::json, '中国', '周艳，领军人才，主要从事新能源、6G通信研究，现任国芯创研究所教授。', '1972-07-05', 54, '成都', '汉族', '深圳', '国芯创研究所', NULL, NULL, '["教授"]'::json, '博士', '院士', '["新能源", "6G通信"]'::json, '["算法设计", "工程化", "项目管理"]'::json, '', '["坚韧", "严谨", "务实"]'::json, '["旅行"]'::json, '["产学研结合", "以问题为导向"]'::json, '[]'::json, 0.97, 0.858, '2026-06-15T12:00:00+00:00', '2026-06-15T12:00:00+00:00');
INSERT INTO person_education (person_id, start_date, degree_date, degree, school, major, created_at, updated_at) VALUES ('PERSON_S_d3f6ca6980e6e33c', '2003-10-12', '2012-07-28', '硕士', '清华大学', '人工智能', '2026-06-15T12:00:00+00:00', '2026-06-15T12:00:00+00:00');
INSERT INTO person_career (person_id, start_date, end_date, org, enterprise, military_unit, position, created_at, updated_at) VALUES ('PERSON_S_d3f6ca6980e6e33c', '2007-07-03', NULL, '国芯创研究所', NULL, NULL, '教授', '2026-06-15T12:00:00+00:00', '2026-06-15T12:00:00+00:00');
INSERT INTO person_award (person_id, description, created_at, updated_at) VALUES ('PERSON_S_d3f6ca6980e6e33c', '2023年获国家自然科学奖', '2026-06-15T12:00:00+00:00', '2026-06-15T12:00:00+00:00');
INSERT INTO person_academic_output (person_id, name, form, publish_date, rank, tech_domain, collaborators, citations, is_representative, created_at, updated_at) VALUES ('PERSON_S_d3f6ca6980e6e33c', '关于6G通信的方法', '期刊论文', '2024-12-26', '第一作者', '新能源', '["罗昊文博"]'::json, 36, TRUE, '2026-06-15T12:00:00+00:00', '2026-06-15T12:00:00+00:00');
INSERT INTO person_academic_output (person_id, name, form, publish_date, rank, tech_domain, collaborators, citations, is_representative, created_at, updated_at) VALUES ('PERSON_S_d3f6ca6980e6e33c', '关于新能源的综述', '专利', '2018-02-18', '第一作者', '6G通信', '["郑宇航"]'::json, 339, TRUE, '2026-06-15T12:00:00+00:00', '2026-06-15T12:00:00+00:00');
INSERT INTO person_academic_output (person_id, name, form, publish_date, rank, tech_domain, collaborators, citations, is_representative, created_at, updated_at) VALUES ('PERSON_S_d3f6ca6980e6e33c', '关于新能源的方法', '专利', '2024-06-05', '共同作者', '6G通信', '["徐平超", "杨霞", "冯俊杰"]'::json, 467, TRUE, '2026-06-15T12:00:00+00:00', '2026-06-15T12:00:00+00:00');
INSERT INTO person_focus (person_id, focus_type, content, consistency_with_policy, potential_impact, created_at, updated_at) VALUES ('PERSON_S_d3f6ca6980e6e33c', 'tech', '["新能源前沿方向"]'::json, '符合国家科技创新规划', '["推动产业升级", "形成自主知识产权"]'::json, '2026-06-15T12:00:00+00:00', '2026-06-15T12:00:00+00:00');
INSERT INTO entity_change_log (entity_id, entity_type, field, old_value, new_value, method, operator, source_doc_id, reason, changed_at) VALUES ('PERSON_S_d3f6ca6980e6e33c', 'person', '*', NULL, '{"action": "create"}'::json, 'rule', NULL, 'mock_seed', NULL, '2026-06-15T12:00:00+00:00');

COMMIT;