-- MetaProfile 模拟数据（PG）—— 确定性、可重复导入。
-- 生成时间标记: 2026-06-15T12:00:00+00:00
BEGIN;

DELETE FROM tech_dev_milestone WHERE tech_id LIKE 'TECH_S_%';
DELETE FROM tech_review_impact WHERE tech_id LIKE 'TECH_S_%';
DELETE FROM tech_funding WHERE tech_id LIKE 'TECH_S_%';
DELETE FROM tech_academic_output WHERE tech_id LIKE 'TECH_S_%';
DELETE FROM tech_experiment WHERE tech_id LIKE 'TECH_S_%';
DELETE FROM tech_profile WHERE tech_id LIKE 'TECH_S_%';
DELETE FROM project_history WHERE project_id LIKE 'PROJECT_S_%';
DELETE FROM project_budget WHERE project_id LIKE 'PROJECT_S_%';
DELETE FROM project_output WHERE project_id LIKE 'PROJECT_S_%';
DELETE FROM project_profile WHERE project_id LIKE 'PROJECT_S_%';
DELETE FROM org_history WHERE org_id LIKE 'ORG_S_%';
DELETE FROM org_affiliation WHERE org_id LIKE 'ORG_S_%';
DELETE FROM org_award WHERE org_id LIKE 'ORG_S_%';
DELETE FROM org_budget WHERE org_id LIKE 'ORG_S_%';
DELETE FROM org_funding WHERE org_id LIKE 'ORG_S_%';
DELETE FROM org_output WHERE org_id LIKE 'ORG_S_%';
DELETE FROM org_review WHERE org_id LIKE 'ORG_S_%';
DELETE FROM org_address WHERE org_id LIKE 'ORG_S_%';
DELETE FROM org_activity WHERE org_id LIKE 'ORG_S_%';
DELETE FROM org_team WHERE org_id LIKE 'ORG_S_%';
DELETE FROM org_facility WHERE org_id LIKE 'ORG_S_%';
DELETE FROM org_profile WHERE org_id LIKE 'ORG_S_%';
DELETE FROM person_education WHERE person_id LIKE 'PERSON_S_%';
DELETE FROM person_career WHERE person_id LIKE 'PERSON_S_%';
DELETE FROM person_award WHERE person_id LIKE 'PERSON_S_%';
DELETE FROM person_academic_output WHERE person_id LIKE 'PERSON_S_%';
DELETE FROM person_opinion WHERE person_id LIKE 'PERSON_S_%';
DELETE FROM person_review WHERE person_id LIKE 'PERSON_S_%';
DELETE FROM person_focus WHERE person_id LIKE 'PERSON_S_%';
DELETE FROM person_profile WHERE person_id LIKE 'PERSON_S_%';
DELETE FROM entity_change_log WHERE entity_id LIKE 'TECH_S_%' OR entity_id LIKE 'PROJECT_S_%' OR entity_id LIKE 'ORG_S_%' OR entity_id LIKE 'PERSON_S_%';
DELETE FROM scan_alert;
DELETE FROM frontier_tech;
DELETE FROM weak_signal;
DELETE FROM signal_network_edge;
DELETE FROM topic_candidate;

-- ── 技术 ──
INSERT INTO tech_profile (tech_id, tech_name_cn, tech_name_en, tech_name_other, tech_domain, invention_date, application_date, tech_summary, dev_goal, project_layout, key_points, transformation_status, basic_research_status, autonomy_capability, industrial_capability, tech_advantages, current_status, trend, remark, confidence, completeness, created_at, updated_at) VALUES ('TECH_S_361e7830d479ddfe', '小型化神经形态芯片解决方案', 'Tech-000 mRNA疫苗', NULL, '["脑机接口", "基因编辑"]'::json, '2015-10-04', '2020-02-06', '小型化神经形态芯片解决方案是脑机接口领域的关键技术，具有高效率等优势，应用前景广阔。', '突破脑机接口核心技术瓶颈，实现自主可控。', '["脑机接口基础理论", "脑机接口工程化"]'::json, '["脑机接口关键工艺", "脑机接口系统集成"]'::json, '已转化', '基础理论已建立', '具备完全自主知识产权', '形成完整产业链', '相比同类技术，小型化神经形态芯片解决方案在性能与成本上优势明显。', '中试阶段', '稳步上升', '', 0.958, 0.879, '2026-06-15T12:00:00+00:00', '2026-06-15T12:00:00+00:00');
INSERT INTO tech_dev_milestone (tech_id, milestone_date, milestone_name, contributor_keywords, milestone_content, created_at, updated_at) VALUES ('TECH_S_361e7830d479ddfe', '2011-08-21', '概念提出', '["东方芯创股份"]'::json, '概念提出：实现脑机接口关键突破。', '2026-06-15T12:00:00+00:00', '2026-06-15T12:00:00+00:00');
INSERT INTO tech_dev_milestone (tech_id, milestone_date, milestone_name, contributor_keywords, milestone_content, created_at, updated_at) VALUES ('TECH_S_361e7830d479ddfe', '2021-12-09', '实验室验证', '["中生医研究所"]'::json, '实验室验证：实现脑机接口关键突破。', '2026-06-15T12:00:00+00:00', '2026-06-15T12:00:00+00:00');
INSERT INTO tech_dev_milestone (tech_id, milestone_date, milestone_name, contributor_keywords, milestone_content, created_at, updated_at) VALUES ('TECH_S_361e7830d479ddfe', '2019-06-16', '工程样机', '["新光电工程技术中心"]'::json, '工程样机：实现脑机接口关键突破。', '2026-06-15T12:00:00+00:00', '2026-06-15T12:00:00+00:00');
INSERT INTO tech_dev_milestone (tech_id, milestone_date, milestone_name, contributor_keywords, milestone_content, created_at, updated_at) VALUES ('TECH_S_361e7830d479ddfe', '2022-09-02', '中试成功', '["中科生医研究所"]'::json, '中试成功：实现脑机接口关键突破。', '2026-06-15T12:00:00+00:00', '2026-06-15T12:00:00+00:00');
INSERT INTO tech_dev_milestone (tech_id, milestone_date, milestone_name, contributor_keywords, milestone_content, created_at, updated_at) VALUES ('TECH_S_361e7830d479ddfe', '2013-10-18', '产业化', '["南方前沿集团"]'::json, '产业化：实现脑机接口关键突破。', '2026-06-15T12:00:00+00:00', '2026-06-15T12:00:00+00:00');
INSERT INTO tech_funding (tech_id, amount, source, created_at, updated_at) VALUES ('TECH_S_361e7830d479ddfe', 1000.0, '国家重点研发计划', '2026-06-15T12:00:00+00:00', '2026-06-15T12:00:00+00:00');
INSERT INTO tech_funding (tech_id, amount, source, created_at, updated_at) VALUES ('TECH_S_361e7830d479ddfe', 15000.0, '企业自筹', '2026-06-15T12:00:00+00:00', '2026-06-15T12:00:00+00:00');
INSERT INTO tech_funding (tech_id, amount, source, created_at, updated_at) VALUES ('TECH_S_361e7830d479ddfe', 1000.0, '地方专项', '2026-06-15T12:00:00+00:00', '2026-06-15T12:00:00+00:00');
INSERT INTO tech_academic_output (tech_id, name, publish_date, subject_keywords, image, created_at, updated_at) VALUES ('TECH_S_361e7830d479ddfe', '小型化神经形态芯片解决方案相关研究', '2021-08-03', '["新基因实验室"]'::json, '', '2026-06-15T12:00:00+00:00', '2026-06-15T12:00:00+00:00');
INSERT INTO tech_academic_output (tech_id, name, publish_date, subject_keywords, image, created_at, updated_at) VALUES ('TECH_S_361e7830d479ddfe', '小型化神经形态芯片解决方案相关研究', '2022-10-09', '["东方微纳股份"]'::json, '', '2026-06-15T12:00:00+00:00', '2026-06-15T12:00:00+00:00');
INSERT INTO tech_experiment (tech_id, content, experiment_date, result, subject_keywords, image, created_at, updated_at) VALUES ('TECH_S_361e7830d479ddfe', '小型化神经形态芯片解决方案原理验证实验', '2023-01-01', '实验数据达到预期指标', '["脑机接口"]'::json, '', '2026-06-15T12:00:00+00:00', '2026-06-15T12:00:00+00:00');
INSERT INTO entity_change_log (entity_id, entity_type, field, old_value, new_value, method, operator, source_doc_id, reason, changed_at) VALUES ('TECH_S_361e7830d479ddfe', 'tech', '*', NULL, '{"action": "create"}'::json, 'rule', NULL, 'mock_seed', NULL, '2026-06-15T12:00:00+00:00');
INSERT INTO tech_profile (tech_id, tech_name_cn, tech_name_en, tech_name_other, tech_domain, invention_date, application_date, tech_summary, dev_goal, project_layout, key_points, transformation_status, basic_research_status, autonomy_capability, industrial_capability, tech_advantages, current_status, trend, remark, confidence, completeness, created_at, updated_at) VALUES ('TECH_S_7cf799614cb3bc77', '低功耗卫星星座组网解决方案', 'Tech-001 毫米波雷达', NULL, '["卫星互联网", "光电技术"]'::json, '2008-06-06', '2023-07-15', '低功耗卫星星座组网解决方案是卫星互联网领域的关键技术，具有高效率等优势，应用前景广阔。', '突破卫星互联网核心技术瓶颈，实现自主可控。', '["卫星互联网基础理论", "卫星互联网工程化"]'::json, '["卫星互联网关键工艺", "卫星互联网系统集成"]'::json, '已转化', '基础理论已建立', '具备完全自主知识产权', '形成完整产业链', '相比同类技术，低功耗卫星星座组网解决方案在性能与成本上优势明显。', '中试阶段', '快速上升', '', 0.741, 0.87, '2026-06-15T12:00:00+00:00', '2026-06-15T12:00:00+00:00');
INSERT INTO tech_dev_milestone (tech_id, milestone_date, milestone_name, contributor_keywords, milestone_content, created_at, updated_at) VALUES ('TECH_S_7cf799614cb3bc77', '2023-07-12', '概念提出', '["东方储能集团"]'::json, '概念提出：实现卫星互联网关键突破。', '2026-06-15T12:00:00+00:00', '2026-06-15T12:00:00+00:00');
INSERT INTO tech_dev_milestone (tech_id, milestone_date, milestone_name, contributor_keywords, milestone_content, created_at, updated_at) VALUES ('TECH_S_7cf799614cb3bc77', '2020-12-16', '实验室验证', '["华航宇股份"]'::json, '实验室验证：实现卫星互联网关键突破。', '2026-06-15T12:00:00+00:00', '2026-06-15T12:00:00+00:00');
INSERT INTO tech_dev_milestone (tech_id, milestone_date, milestone_name, contributor_keywords, milestone_content, created_at, updated_at) VALUES ('TECH_S_7cf799614cb3bc77', '2012-01-28', '工程样机', '["国深海科技"]'::json, '工程样机：实现卫星互联网关键突破。', '2026-06-15T12:00:00+00:00', '2026-06-15T12:00:00+00:00');
INSERT INTO tech_dev_milestone (tech_id, milestone_date, milestone_name, contributor_keywords, milestone_content, created_at, updated_at) VALUES ('TECH_S_7cf799614cb3bc77', '2017-08-04', '中试成功', '["华信息研究所"]'::json, '中试成功：实现卫星互联网关键突破。', '2026-06-15T12:00:00+00:00', '2026-06-15T12:00:00+00:00');
INSERT INTO tech_dev_milestone (tech_id, milestone_date, milestone_name, contributor_keywords, milestone_content, created_at, updated_at) VALUES ('TECH_S_7cf799614cb3bc77', '2022-07-14', '产业化', '["国新材股份"]'::json, '产业化：实现卫星互联网关键突破。', '2026-06-15T12:00:00+00:00', '2026-06-15T12:00:00+00:00');
INSERT INTO tech_funding (tech_id, amount, source, created_at, updated_at) VALUES ('TECH_S_7cf799614cb3bc77', 1000.0, '地方专项', '2026-06-15T12:00:00+00:00', '2026-06-15T12:00:00+00:00');
INSERT INTO tech_academic_output (tech_id, name, publish_date, subject_keywords, image, created_at, updated_at) VALUES ('TECH_S_7cf799614cb3bc77', '低功耗卫星星座组网解决方案相关研究', '2020-11-12', '["航天先进实验室"]'::json, '', '2026-06-15T12:00:00+00:00', '2026-06-15T12:00:00+00:00');
INSERT INTO tech_academic_output (tech_id, name, publish_date, subject_keywords, image, created_at, updated_at) VALUES ('TECH_S_7cf799614cb3bc77', '低功耗卫星星座组网解决方案相关研究', '2020-11-20', '["华氢动实验室"]'::json, '', '2026-06-15T12:00:00+00:00', '2026-06-15T12:00:00+00:00');
INSERT INTO tech_experiment (tech_id, content, experiment_date, result, subject_keywords, image, created_at, updated_at) VALUES ('TECH_S_7cf799614cb3bc77', '低功耗卫星星座组网解决方案原理验证实验', '2020-04-06', '实验数据达到预期指标', '["卫星互联网"]'::json, '', '2026-06-15T12:00:00+00:00', '2026-06-15T12:00:00+00:00');
INSERT INTO entity_change_log (entity_id, entity_type, field, old_value, new_value, method, operator, source_doc_id, reason, changed_at) VALUES ('TECH_S_7cf799614cb3bc77', 'tech', '*', NULL, '{"action": "create"}'::json, 'rule', NULL, 'mock_seed', NULL, '2026-06-15T12:00:00+00:00');
INSERT INTO tech_profile (tech_id, tech_name_cn, tech_name_en, tech_name_other, tech_domain, invention_date, application_date, tech_summary, dev_goal, project_layout, key_points, transformation_status, basic_research_status, autonomy_capability, industrial_capability, tech_advantages, current_status, trend, remark, confidence, completeness, created_at, updated_at) VALUES ('TECH_S_759a79f3e3482bb1', '小型化光量子计算系统', 'Tech-002 碳纳米管', NULL, '["生物医药", "卫星互联网"]'::json, '2000-05-24', '2024-12-27', '小型化光量子计算系统是生物医药领域的关键技术，具有低成本等优势，应用前景广阔。', '突破生物医药核心技术瓶颈，实现自主可控。', '["生物医药基础理论", "生物医药工程化"]'::json, '["生物医药关键工艺", "生物医药系统集成"]'::json, '待转化', '基础理论已建立', '具备完全自主知识产权', '形成完整产业链', '相比同类技术，小型化光量子计算系统在性能与成本上优势明显。', '工程化应用', '快速上升', '', 0.898, 0.942, '2026-06-15T12:00:00+00:00', '2026-06-15T12:00:00+00:00');
INSERT INTO tech_dev_milestone (tech_id, milestone_date, milestone_name, contributor_keywords, milestone_content, created_at, updated_at) VALUES ('TECH_S_759a79f3e3482bb1', '2020-12-24', '概念提出', '["中科生医研究所"]'::json, '概念提出：实现生物医药关键突破。', '2026-06-15T12:00:00+00:00', '2026-06-15T12:00:00+00:00');
INSERT INTO tech_dev_milestone (tech_id, milestone_date, milestone_name, contributor_keywords, milestone_content, created_at, updated_at) VALUES ('TECH_S_759a79f3e3482bb1', '2011-06-23', '实验室验证', '["航天先进实验室"]'::json, '实验室验证：实现生物医药关键突破。', '2026-06-15T12:00:00+00:00', '2026-06-15T12:00:00+00:00');
INSERT INTO tech_dev_milestone (tech_id, milestone_date, milestone_name, contributor_keywords, milestone_content, created_at, updated_at) VALUES ('TECH_S_759a79f3e3482bb1', '2018-10-14', '工程样机', '["南方量子高科"]'::json, '工程样机：实现生物医药关键突破。', '2026-06-15T12:00:00+00:00', '2026-06-15T12:00:00+00:00');
INSERT INTO tech_dev_milestone (tech_id, milestone_date, milestone_name, contributor_keywords, milestone_content, created_at, updated_at) VALUES ('TECH_S_759a79f3e3482bb1', '2013-12-15', '中试成功', '["航天生医高科"]'::json, '中试成功：实现生物医药关键突破。', '2026-06-15T12:00:00+00:00', '2026-06-15T12:00:00+00:00');
INSERT INTO tech_dev_milestone (tech_id, milestone_date, milestone_name, contributor_keywords, milestone_content, created_at, updated_at) VALUES ('TECH_S_759a79f3e3482bb1', '2012-06-24', '产业化', '["北方光电研究所"]'::json, '产业化：实现生物医药关键突破。', '2026-06-15T12:00:00+00:00', '2026-06-15T12:00:00+00:00');
INSERT INTO tech_funding (tech_id, amount, source, created_at, updated_at) VALUES ('TECH_S_759a79f3e3482bb1', 500.0, '国家重点研发计划', '2026-06-15T12:00:00+00:00', '2026-06-15T12:00:00+00:00');
INSERT INTO tech_academic_output (tech_id, name, publish_date, subject_keywords, image, created_at, updated_at) VALUES ('TECH_S_759a79f3e3482bb1', '小型化光量子计算系统相关研究', '2024-11-22', '["南方量子高科"]'::json, '', '2026-06-15T12:00:00+00:00', '2026-06-15T12:00:00+00:00');
INSERT INTO tech_academic_output (tech_id, name, publish_date, subject_keywords, image, created_at, updated_at) VALUES ('TECH_S_759a79f3e3482bb1', '小型化光量子计算系统相关研究', '2018-12-08', '["航天先进实验室"]'::json, '', '2026-06-15T12:00:00+00:00', '2026-06-15T12:00:00+00:00');
INSERT INTO tech_experiment (tech_id, content, experiment_date, result, subject_keywords, image, created_at, updated_at) VALUES ('TECH_S_759a79f3e3482bb1', '小型化光量子计算系统原理验证实验', '2021-02-02', '实验数据达到预期指标', '["生物医药"]'::json, '', '2026-06-15T12:00:00+00:00', '2026-06-15T12:00:00+00:00');
INSERT INTO entity_change_log (entity_id, entity_type, field, old_value, new_value, method, operator, source_doc_id, reason, changed_at) VALUES ('TECH_S_759a79f3e3482bb1', 'tech', '*', NULL, '{"action": "create"}'::json, 'rule', NULL, 'mock_seed', NULL, '2026-06-15T12:00:00+00:00');
INSERT INTO tech_profile (tech_id, tech_name_cn, tech_name_en, tech_name_other, tech_domain, invention_date, application_date, tech_summary, dev_goal, project_layout, key_points, transformation_status, basic_research_status, autonomy_capability, industrial_capability, tech_advantages, current_status, trend, remark, confidence, completeness, created_at, updated_at) VALUES ('TECH_S_8dbbb2a421f5c483', '高性能深海潜水器装置', 'Tech-003 毫米波雷达', NULL, '["基因编辑", "半导体"]'::json, '2018-09-22', '2018-10-14', '高性能深海潜水器装置是半导体领域的关键技术，具有高效率等优势，应用前景广阔。', '突破半导体核心技术瓶颈，实现自主可控。', '["半导体基础理论", "半导体工程化"]'::json, '["半导体关键工艺", "半导体系统集成"]'::json, '待转化', '基础理论已建立', '具备完全自主知识产权', '形成完整产业链', '相比同类技术，高性能深海潜水器装置在性能与成本上优势明显。', '概念论证', '平稳', '', 0.852, 0.869, '2026-06-15T12:00:00+00:00', '2026-06-15T12:00:00+00:00');
INSERT INTO tech_dev_milestone (tech_id, milestone_date, milestone_name, contributor_keywords, milestone_content, created_at, updated_at) VALUES ('TECH_S_8dbbb2a421f5c483', '2011-02-12', '概念提出', '["远生医工程技术中心"]'::json, '概念提出：实现半导体关键突破。', '2026-06-15T12:00:00+00:00', '2026-06-15T12:00:00+00:00');
INSERT INTO tech_dev_milestone (tech_id, milestone_date, milestone_name, contributor_keywords, milestone_content, created_at, updated_at) VALUES ('TECH_S_8dbbb2a421f5c483', '2022-12-08', '实验室验证', '["北方光电研究所"]'::json, '实验室验证：实现半导体关键突破。', '2026-06-15T12:00:00+00:00', '2026-06-15T12:00:00+00:00');
INSERT INTO tech_dev_milestone (tech_id, milestone_date, milestone_name, contributor_keywords, milestone_content, created_at, updated_at) VALUES ('TECH_S_8dbbb2a421f5c483', '2015-01-17', '工程样机', '["北方先进工程技术中心"]'::json, '工程样机：实现半导体关键突破。', '2026-06-15T12:00:00+00:00', '2026-06-15T12:00:00+00:00');
INSERT INTO tech_dev_milestone (tech_id, milestone_date, milestone_name, contributor_keywords, milestone_content, created_at, updated_at) VALUES ('TECH_S_8dbbb2a421f5c483', '2013-12-08', '中试成功', '["远生医工程技术中心"]'::json, '中试成功：实现半导体关键突破。', '2026-06-15T12:00:00+00:00', '2026-06-15T12:00:00+00:00');
INSERT INTO tech_dev_milestone (tech_id, milestone_date, milestone_name, contributor_keywords, milestone_content, created_at, updated_at) VALUES ('TECH_S_8dbbb2a421f5c483', '2012-05-15', '产业化', '["华芯创集团"]'::json, '产业化：实现半导体关键突破。', '2026-06-15T12:00:00+00:00', '2026-06-15T12:00:00+00:00');
INSERT INTO tech_funding (tech_id, amount, source, created_at, updated_at) VALUES ('TECH_S_8dbbb2a421f5c483', 1000.0, '企业自筹', '2026-06-15T12:00:00+00:00', '2026-06-15T12:00:00+00:00');
INSERT INTO tech_academic_output (tech_id, name, publish_date, subject_keywords, image, created_at, updated_at) VALUES ('TECH_S_8dbbb2a421f5c483', '高性能深海潜水器装置相关研究', '2024-05-26', '["南方量子高科"]'::json, '', '2026-06-15T12:00:00+00:00', '2026-06-15T12:00:00+00:00');
INSERT INTO tech_academic_output (tech_id, name, publish_date, subject_keywords, image, created_at, updated_at) VALUES ('TECH_S_8dbbb2a421f5c483', '高性能深海潜水器装置相关研究', '2022-04-13', '["华信息高科"]'::json, '', '2026-06-15T12:00:00+00:00', '2026-06-15T12:00:00+00:00');
INSERT INTO tech_experiment (tech_id, content, experiment_date, result, subject_keywords, image, created_at, updated_at) VALUES ('TECH_S_8dbbb2a421f5c483', '高性能深海潜水器装置原理验证实验', '2020-07-14', '实验数据达到预期指标', '["半导体"]'::json, '', '2026-06-15T12:00:00+00:00', '2026-06-15T12:00:00+00:00');
INSERT INTO entity_change_log (entity_id, entity_type, field, old_value, new_value, method, operator, source_doc_id, reason, changed_at) VALUES ('TECH_S_8dbbb2a421f5c483', 'tech', '*', NULL, '{"action": "create"}'::json, 'rule', NULL, 'mock_seed', NULL, '2026-06-15T12:00:00+00:00');
INSERT INTO tech_profile (tech_id, tech_name_cn, tech_name_en, tech_name_other, tech_domain, invention_date, application_date, tech_summary, dev_goal, project_layout, key_points, transformation_status, basic_research_status, autonomy_capability, industrial_capability, tech_advantages, current_status, trend, remark, confidence, completeness, created_at, updated_at) VALUES ('TECH_S_5afa2c0988bacd41', '分布式mRNA疫苗技术', 'Tech-004 神经网络芯片', NULL, '["量子计算", "6G通信"]'::json, '2009-01-03', '2022-10-17', '分布式mRNA疫苗技术是量子计算领域的关键技术，具有高效率等优势，应用前景广阔。', '突破量子计算核心技术瓶颈，实现自主可控。', '["量子计算基础理论", "量子计算工程化"]'::json, '["量子计算关键工艺", "量子计算系统集成"]'::json, '待转化', '基础理论已建立', '具备完全自主知识产权', '形成完整产业链', '相比同类技术，分布式mRNA疫苗技术在性能与成本上优势明显。', '中试阶段', '稳步上升', '', 0.969, 0.664, '2026-06-15T12:00:00+00:00', '2026-06-15T12:00:00+00:00');
INSERT INTO tech_dev_milestone (tech_id, milestone_date, milestone_name, contributor_keywords, milestone_content, created_at, updated_at) VALUES ('TECH_S_5afa2c0988bacd41', '2021-10-22', '概念提出', '["中未来工程技术中心"]'::json, '概念提出：实现量子计算关键突破。', '2026-06-15T12:00:00+00:00', '2026-06-15T12:00:00+00:00');
INSERT INTO tech_dev_milestone (tech_id, milestone_date, milestone_name, contributor_keywords, milestone_content, created_at, updated_at) VALUES ('TECH_S_5afa2c0988bacd41', '2012-03-10', '实验室验证', '["中未来工程技术中心"]'::json, '实验室验证：实现量子计算关键突破。', '2026-06-15T12:00:00+00:00', '2026-06-15T12:00:00+00:00');
INSERT INTO tech_dev_milestone (tech_id, milestone_date, milestone_name, contributor_keywords, milestone_content, created_at, updated_at) VALUES ('TECH_S_5afa2c0988bacd41', '2024-05-09', '工程样机', '["新芯创研究院"]'::json, '工程样机：实现量子计算关键突破。', '2026-06-15T12:00:00+00:00', '2026-06-15T12:00:00+00:00');
INSERT INTO tech_dev_milestone (tech_id, milestone_date, milestone_name, contributor_keywords, milestone_content, created_at, updated_at) VALUES ('TECH_S_5afa2c0988bacd41', '2011-06-12', '中试成功', '["东方信息研究院"]'::json, '中试成功：实现量子计算关键突破。', '2026-06-15T12:00:00+00:00', '2026-06-15T12:00:00+00:00');
INSERT INTO tech_dev_milestone (tech_id, milestone_date, milestone_name, contributor_keywords, milestone_content, created_at, updated_at) VALUES ('TECH_S_5afa2c0988bacd41', '2015-02-17', '产业化', '["航天量子集团"]'::json, '产业化：实现量子计算关键突破。', '2026-06-15T12:00:00+00:00', '2026-06-15T12:00:00+00:00');
INSERT INTO tech_funding (tech_id, amount, source, created_at, updated_at) VALUES ('TECH_S_5afa2c0988bacd41', 3000.0, '国家自然科学基金', '2026-06-15T12:00:00+00:00', '2026-06-15T12:00:00+00:00');
INSERT INTO tech_academic_output (tech_id, name, publish_date, subject_keywords, image, created_at, updated_at) VALUES ('TECH_S_5afa2c0988bacd41', '分布式mRNA疫苗技术相关研究', '2021-08-25', '["北方脑科学实验室"]'::json, '', '2026-06-15T12:00:00+00:00', '2026-06-15T12:00:00+00:00');
INSERT INTO tech_academic_output (tech_id, name, publish_date, subject_keywords, image, created_at, updated_at) VALUES ('TECH_S_5afa2c0988bacd41', '分布式mRNA疫苗技术相关研究', '2021-02-26', '["航天聚变工程技术中心"]'::json, '', '2026-06-15T12:00:00+00:00', '2026-06-15T12:00:00+00:00');
INSERT INTO tech_experiment (tech_id, content, experiment_date, result, subject_keywords, image, created_at, updated_at) VALUES ('TECH_S_5afa2c0988bacd41', '分布式mRNA疫苗技术原理验证实验', '2023-05-17', '实验数据达到预期指标', '["量子计算"]'::json, '', '2026-06-15T12:00:00+00:00', '2026-06-15T12:00:00+00:00');
INSERT INTO entity_change_log (entity_id, entity_type, field, old_value, new_value, method, operator, source_doc_id, reason, changed_at) VALUES ('TECH_S_5afa2c0988bacd41', 'tech', '*', NULL, '{"action": "create"}'::json, 'rule', NULL, 'mock_seed', NULL, '2026-06-15T12:00:00+00:00');
INSERT INTO tech_profile (tech_id, tech_name_cn, tech_name_en, tech_name_other, tech_domain, invention_date, application_date, tech_summary, dev_goal, project_layout, key_points, transformation_status, basic_research_status, autonomy_capability, industrial_capability, tech_advantages, current_status, trend, remark, confidence, completeness, created_at, updated_at) VALUES ('TECH_S_af00ad46e20a7854', '小型化可重复使用火箭工艺', 'Tech-005 可重复使用火箭', NULL, '["氢能", "先进算力"]'::json, '2014-04-02', '2025-02-16', '小型化可重复使用火箭工艺是先进算力领域的关键技术，具有高可靠性等优势，应用前景广阔。', '突破先进算力核心技术瓶颈，实现自主可控。', '["先进算力基础理论", "先进算力工程化"]'::json, '["先进算力关键工艺", "先进算力系统集成"]'::json, '已转化', '基础理论已建立', '具备完全自主知识产权', '形成完整产业链', '相比同类技术，小型化可重复使用火箭工艺在性能与成本上优势明显。', '实验室阶段', '稳步上升', '', 0.96, 0.773, '2026-06-15T12:00:00+00:00', '2026-06-15T12:00:00+00:00');
INSERT INTO tech_dev_milestone (tech_id, milestone_date, milestone_name, contributor_keywords, milestone_content, created_at, updated_at) VALUES ('TECH_S_af00ad46e20a7854', '2022-11-14', '概念提出', '["北方脑科学工程技术中心"]'::json, '概念提出：实现先进算力关键突破。', '2026-06-15T12:00:00+00:00', '2026-06-15T12:00:00+00:00');
INSERT INTO tech_dev_milestone (tech_id, milestone_date, milestone_name, contributor_keywords, milestone_content, created_at, updated_at) VALUES ('TECH_S_af00ad46e20a7854', '2017-11-04', '实验室验证', '["新基因实验室"]'::json, '实验室验证：实现先进算力关键突破。', '2026-06-15T12:00:00+00:00', '2026-06-15T12:00:00+00:00');
INSERT INTO tech_dev_milestone (tech_id, milestone_date, milestone_name, contributor_keywords, milestone_content, created_at, updated_at) VALUES ('TECH_S_af00ad46e20a7854', '2015-06-19', '工程样机', '["国深海科技"]'::json, '工程样机：实现先进算力关键突破。', '2026-06-15T12:00:00+00:00', '2026-06-15T12:00:00+00:00');
INSERT INTO tech_dev_milestone (tech_id, milestone_date, milestone_name, contributor_keywords, milestone_content, created_at, updated_at) VALUES ('TECH_S_af00ad46e20a7854', '2012-02-03', '中试成功', '["北方前沿实验室"]'::json, '中试成功：实现先进算力关键突破。', '2026-06-15T12:00:00+00:00', '2026-06-15T12:00:00+00:00');
INSERT INTO tech_dev_milestone (tech_id, milestone_date, milestone_name, contributor_keywords, milestone_content, created_at, updated_at) VALUES ('TECH_S_af00ad46e20a7854', '2022-01-28', '产业化', '["东方储能高科"]'::json, '产业化：实现先进算力关键突破。', '2026-06-15T12:00:00+00:00', '2026-06-15T12:00:00+00:00');
INSERT INTO tech_funding (tech_id, amount, source, created_at, updated_at) VALUES ('TECH_S_af00ad46e20a7854', 1000.0, '地方专项', '2026-06-15T12:00:00+00:00', '2026-06-15T12:00:00+00:00');
INSERT INTO tech_funding (tech_id, amount, source, created_at, updated_at) VALUES ('TECH_S_af00ad46e20a7854', 1000.0, '国家自然科学基金', '2026-06-15T12:00:00+00:00', '2026-06-15T12:00:00+00:00');
INSERT INTO tech_funding (tech_id, amount, source, created_at, updated_at) VALUES ('TECH_S_af00ad46e20a7854', 500.0, '国家重点研发计划', '2026-06-15T12:00:00+00:00', '2026-06-15T12:00:00+00:00');
INSERT INTO tech_academic_output (tech_id, name, publish_date, subject_keywords, image, created_at, updated_at) VALUES ('TECH_S_af00ad46e20a7854', '小型化可重复使用火箭工艺相关研究', '2023-07-06', '["中科聚变研究所"]'::json, '', '2026-06-15T12:00:00+00:00', '2026-06-15T12:00:00+00:00');
INSERT INTO tech_experiment (tech_id, content, experiment_date, result, subject_keywords, image, created_at, updated_at) VALUES ('TECH_S_af00ad46e20a7854', '小型化可重复使用火箭工艺原理验证实验', '2023-01-12', '实验数据达到预期指标', '["先进算力"]'::json, '', '2026-06-15T12:00:00+00:00', '2026-06-15T12:00:00+00:00');
INSERT INTO entity_change_log (entity_id, entity_type, field, old_value, new_value, method, operator, source_doc_id, reason, changed_at) VALUES ('TECH_S_af00ad46e20a7854', 'tech', '*', NULL, '{"action": "create"}'::json, 'rule', NULL, 'mock_seed', NULL, '2026-06-15T12:00:00+00:00');
INSERT INTO tech_profile (tech_id, tech_name_cn, tech_name_en, tech_name_other, tech_domain, invention_date, application_date, tech_summary, dev_goal, project_layout, key_points, transformation_status, basic_research_status, autonomy_capability, industrial_capability, tech_advantages, current_status, trend, remark, confidence, completeness, created_at, updated_at) VALUES ('TECH_S_d2ce025c9a739ba4', '一体化深海潜水器技术', 'Tech-006 卫星星座组网', NULL, '["网络安全", "脑机接口"]'::json, '2012-10-12', '2024-08-21', '一体化深海潜水器技术是网络安全领域的关键技术，具有高效率等优势，应用前景广阔。', '突破网络安全核心技术瓶颈，实现自主可控。', '["网络安全基础理论", "网络安全工程化"]'::json, '["网络安全关键工艺", "网络安全系统集成"]'::json, '待转化', '基础理论已建立', '具备完全自主知识产权', '形成完整产业链', '相比同类技术，一体化深海潜水器技术在性能与成本上优势明显。', '规模化部署', '快速上升', '', 0.845, 0.565, '2026-06-15T12:00:00+00:00', '2026-06-15T12:00:00+00:00');
INSERT INTO tech_dev_milestone (tech_id, milestone_date, milestone_name, contributor_keywords, milestone_content, created_at, updated_at) VALUES ('TECH_S_d2ce025c9a739ba4', '2010-04-06', '概念提出', '["东方航宇研究所"]'::json, '概念提出：实现网络安全关键突破。', '2026-06-15T12:00:00+00:00', '2026-06-15T12:00:00+00:00');
INSERT INTO tech_dev_milestone (tech_id, milestone_date, milestone_name, contributor_keywords, milestone_content, created_at, updated_at) VALUES ('TECH_S_d2ce025c9a739ba4', '2015-02-16', '实验室验证', '["中生医研究所"]'::json, '实验室验证：实现网络安全关键突破。', '2026-06-15T12:00:00+00:00', '2026-06-15T12:00:00+00:00');
INSERT INTO tech_dev_milestone (tech_id, milestone_date, milestone_name, contributor_keywords, milestone_content, created_at, updated_at) VALUES ('TECH_S_d2ce025c9a739ba4', '2024-09-18', '工程样机', '["中智算研究院"]'::json, '工程样机：实现网络安全关键突破。', '2026-06-15T12:00:00+00:00', '2026-06-15T12:00:00+00:00');
INSERT INTO tech_dev_milestone (tech_id, milestone_date, milestone_name, contributor_keywords, milestone_content, created_at, updated_at) VALUES ('TECH_S_d2ce025c9a739ba4', '2016-09-25', '中试成功', '["航天算力工程技术中心"]'::json, '中试成功：实现网络安全关键突破。', '2026-06-15T12:00:00+00:00', '2026-06-15T12:00:00+00:00');
INSERT INTO tech_dev_milestone (tech_id, milestone_date, milestone_name, contributor_keywords, milestone_content, created_at, updated_at) VALUES ('TECH_S_d2ce025c9a739ba4', '2022-09-15', '产业化', '["航天先进实验室"]'::json, '产业化：实现网络安全关键突破。', '2026-06-15T12:00:00+00:00', '2026-06-15T12:00:00+00:00');
INSERT INTO tech_funding (tech_id, amount, source, created_at, updated_at) VALUES ('TECH_S_d2ce025c9a739ba4', 8000.0, '地方专项', '2026-06-15T12:00:00+00:00', '2026-06-15T12:00:00+00:00');
INSERT INTO tech_funding (tech_id, amount, source, created_at, updated_at) VALUES ('TECH_S_d2ce025c9a739ba4', 500.0, '国家重点研发计划', '2026-06-15T12:00:00+00:00', '2026-06-15T12:00:00+00:00');
INSERT INTO tech_funding (tech_id, amount, source, created_at, updated_at) VALUES ('TECH_S_d2ce025c9a739ba4', 1000.0, '国家自然科学基金', '2026-06-15T12:00:00+00:00', '2026-06-15T12:00:00+00:00');
INSERT INTO tech_academic_output (tech_id, name, publish_date, subject_keywords, image, created_at, updated_at) VALUES ('TECH_S_d2ce025c9a739ba4', '一体化深海潜水器技术相关研究', '2018-06-23', '["北方脑科学实验室"]'::json, '', '2026-06-15T12:00:00+00:00', '2026-06-15T12:00:00+00:00');
INSERT INTO tech_academic_output (tech_id, name, publish_date, subject_keywords, image, created_at, updated_at) VALUES ('TECH_S_d2ce025c9a739ba4', '一体化深海潜水器技术相关研究', '2018-03-01', '["新芯创研究院"]'::json, '', '2026-06-15T12:00:00+00:00', '2026-06-15T12:00:00+00:00');
INSERT INTO tech_experiment (tech_id, content, experiment_date, result, subject_keywords, image, created_at, updated_at) VALUES ('TECH_S_d2ce025c9a739ba4', '一体化深海潜水器技术原理验证实验', '2022-03-18', '实验数据达到预期指标', '["网络安全"]'::json, '', '2026-06-15T12:00:00+00:00', '2026-06-15T12:00:00+00:00');
INSERT INTO entity_change_log (entity_id, entity_type, field, old_value, new_value, method, operator, source_doc_id, reason, changed_at) VALUES ('TECH_S_d2ce025c9a739ba4', 'tech', '*', NULL, '{"action": "create"}'::json, 'rule', NULL, 'mock_seed', NULL, '2026-06-15T12:00:00+00:00');
INSERT INTO tech_profile (tech_id, tech_name_cn, tech_name_en, tech_name_other, tech_domain, invention_date, application_date, tech_summary, dev_goal, project_layout, key_points, transformation_status, basic_research_status, autonomy_capability, industrial_capability, tech_advantages, current_status, trend, remark, confidence, completeness, created_at, updated_at) VALUES ('TECH_S_64b200a76f7d89fa', '柔性类脑计算架构方法', 'Tech-007 神经形态芯片', NULL, '["卫星互联网", "人工智能"]'::json, '2014-09-14', '2021-03-19', '柔性类脑计算架构方法是人工智能领域的关键技术，具有低成本等优势，应用前景广阔。', '突破人工智能核心技术瓶颈，实现自主可控。', '["人工智能基础理论", "人工智能工程化"]'::json, '["人工智能关键工艺", "人工智能系统集成"]'::json, '已转化', '基础理论已建立', '具备完全自主知识产权', '形成完整产业链', '相比同类技术，柔性类脑计算架构方法在性能与成本上优势明显。', '规模化部署', '下降', '', 0.746, 0.84, '2026-06-15T12:00:00+00:00', '2026-06-15T12:00:00+00:00');
INSERT INTO tech_dev_milestone (tech_id, milestone_date, milestone_name, contributor_keywords, milestone_content, created_at, updated_at) VALUES ('TECH_S_64b200a76f7d89fa', '2019-02-01', '概念提出', '["国航宇高科"]'::json, '概念提出：实现人工智能关键突破。', '2026-06-15T12:00:00+00:00', '2026-06-15T12:00:00+00:00');
INSERT INTO tech_dev_milestone (tech_id, milestone_date, milestone_name, contributor_keywords, milestone_content, created_at, updated_at) VALUES ('TECH_S_64b200a76f7d89fa', '2013-12-08', '实验室验证', '["东方脑科学科技"]'::json, '实验室验证：实现人工智能关键突破。', '2026-06-15T12:00:00+00:00', '2026-06-15T12:00:00+00:00');
INSERT INTO tech_dev_milestone (tech_id, milestone_date, milestone_name, contributor_keywords, milestone_content, created_at, updated_at) VALUES ('TECH_S_64b200a76f7d89fa', '2019-06-26', '工程样机', '["航天储能研究所"]'::json, '工程样机：实现人工智能关键突破。', '2026-06-15T12:00:00+00:00', '2026-06-15T12:00:00+00:00');
INSERT INTO tech_dev_milestone (tech_id, milestone_date, milestone_name, contributor_keywords, milestone_content, created_at, updated_at) VALUES ('TECH_S_64b200a76f7d89fa', '2015-10-22', '中试成功', '["航天未来研究院"]'::json, '中试成功：实现人工智能关键突破。', '2026-06-15T12:00:00+00:00', '2026-06-15T12:00:00+00:00');
INSERT INTO tech_dev_milestone (tech_id, milestone_date, milestone_name, contributor_keywords, milestone_content, created_at, updated_at) VALUES ('TECH_S_64b200a76f7d89fa', '2011-10-24', '产业化', '["东方芯创股份"]'::json, '产业化：实现人工智能关键突破。', '2026-06-15T12:00:00+00:00', '2026-06-15T12:00:00+00:00');
INSERT INTO tech_funding (tech_id, amount, source, created_at, updated_at) VALUES ('TECH_S_64b200a76f7d89fa', 15000.0, '国家自然科学基金', '2026-06-15T12:00:00+00:00', '2026-06-15T12:00:00+00:00');
INSERT INTO tech_academic_output (tech_id, name, publish_date, subject_keywords, image, created_at, updated_at) VALUES ('TECH_S_64b200a76f7d89fa', '柔性类脑计算架构方法相关研究', '2020-03-28', '["华量子集团"]'::json, '', '2026-06-15T12:00:00+00:00', '2026-06-15T12:00:00+00:00');
INSERT INTO tech_academic_output (tech_id, name, publish_date, subject_keywords, image, created_at, updated_at) VALUES ('TECH_S_64b200a76f7d89fa', '柔性类脑计算架构方法相关研究', '2023-10-03', '["华芯创集团"]'::json, '', '2026-06-15T12:00:00+00:00', '2026-06-15T12:00:00+00:00');
INSERT INTO tech_experiment (tech_id, content, experiment_date, result, subject_keywords, image, created_at, updated_at) VALUES ('TECH_S_64b200a76f7d89fa', '柔性类脑计算架构方法原理验证实验', '2020-04-09', '实验数据达到预期指标', '["人工智能"]'::json, '', '2026-06-15T12:00:00+00:00', '2026-06-15T12:00:00+00:00');
INSERT INTO entity_change_log (entity_id, entity_type, field, old_value, new_value, method, operator, source_doc_id, reason, changed_at) VALUES ('TECH_S_64b200a76f7d89fa', 'tech', '*', NULL, '{"action": "create"}'::json, 'rule', NULL, 'mock_seed', NULL, '2026-06-15T12:00:00+00:00');
INSERT INTO tech_profile (tech_id, tech_name_cn, tech_name_en, tech_name_other, tech_domain, invention_date, application_date, tech_summary, dev_goal, project_layout, key_points, transformation_status, basic_research_status, autonomy_capability, industrial_capability, tech_advantages, current_status, trend, remark, confidence, completeness, created_at, updated_at) VALUES ('TECH_S_1b18d1697597de90', '自主可控基因剪刀平台', 'Tech-008 卫星星座组网', NULL, '["生物医药", "脑机接口"]'::json, '2014-07-24', '2022-04-11', '自主可控基因剪刀平台是生物医药领域的关键技术，具有低成本等优势，应用前景广阔。', '突破生物医药核心技术瓶颈，实现自主可控。', '["生物医药基础理论", "生物医药工程化"]'::json, '["生物医药关键工艺", "生物医药系统集成"]'::json, '已转化', '基础理论已建立', '具备完全自主知识产权', '形成完整产业链', '相比同类技术，自主可控基因剪刀平台在性能与成本上优势明显。', '中试阶段', '稳步上升', '', 0.719, 0.679, '2026-06-15T12:00:00+00:00', '2026-06-15T12:00:00+00:00');
INSERT INTO tech_dev_milestone (tech_id, milestone_date, milestone_name, contributor_keywords, milestone_content, created_at, updated_at) VALUES ('TECH_S_1b18d1697597de90', '2012-01-20', '概念提出', '["东方芯创集团"]'::json, '概念提出：实现生物医药关键突破。', '2026-06-15T12:00:00+00:00', '2026-06-15T12:00:00+00:00');
INSERT INTO tech_dev_milestone (tech_id, milestone_date, milestone_name, contributor_keywords, milestone_content, created_at, updated_at) VALUES ('TECH_S_1b18d1697597de90', '2010-05-17', '实验室验证', '["北方光电集团"]'::json, '实验室验证：实现生物医药关键突破。', '2026-06-15T12:00:00+00:00', '2026-06-15T12:00:00+00:00');
INSERT INTO tech_dev_milestone (tech_id, milestone_date, milestone_name, contributor_keywords, milestone_content, created_at, updated_at) VALUES ('TECH_S_1b18d1697597de90', '2021-09-20', '工程样机', '["中智算研究院"]'::json, '工程样机：实现生物医药关键突破。', '2026-06-15T12:00:00+00:00', '2026-06-15T12:00:00+00:00');
INSERT INTO tech_dev_milestone (tech_id, milestone_date, milestone_name, contributor_keywords, milestone_content, created_at, updated_at) VALUES ('TECH_S_1b18d1697597de90', '2013-04-10', '中试成功', '["中未来工程技术中心"]'::json, '中试成功：实现生物医药关键突破。', '2026-06-15T12:00:00+00:00', '2026-06-15T12:00:00+00:00');
INSERT INTO tech_dev_milestone (tech_id, milestone_date, milestone_name, contributor_keywords, milestone_content, created_at, updated_at) VALUES ('TECH_S_1b18d1697597de90', '2021-05-14', '产业化', '["东方脑科学科技"]'::json, '产业化：实现生物医药关键突破。', '2026-06-15T12:00:00+00:00', '2026-06-15T12:00:00+00:00');
INSERT INTO tech_funding (tech_id, amount, source, created_at, updated_at) VALUES ('TECH_S_1b18d1697597de90', 15000.0, '企业自筹', '2026-06-15T12:00:00+00:00', '2026-06-15T12:00:00+00:00');
INSERT INTO tech_funding (tech_id, amount, source, created_at, updated_at) VALUES ('TECH_S_1b18d1697597de90', 3000.0, '国家重点研发计划', '2026-06-15T12:00:00+00:00', '2026-06-15T12:00:00+00:00');
INSERT INTO tech_funding (tech_id, amount, source, created_at, updated_at) VALUES ('TECH_S_1b18d1697597de90', 8000.0, '国家重点研发计划', '2026-06-15T12:00:00+00:00', '2026-06-15T12:00:00+00:00');
INSERT INTO tech_academic_output (tech_id, name, publish_date, subject_keywords, image, created_at, updated_at) VALUES ('TECH_S_1b18d1697597de90', '自主可控基因剪刀平台相关研究', '2018-04-05', '["北方算力研究院"]'::json, '', '2026-06-15T12:00:00+00:00', '2026-06-15T12:00:00+00:00');
INSERT INTO tech_experiment (tech_id, content, experiment_date, result, subject_keywords, image, created_at, updated_at) VALUES ('TECH_S_1b18d1697597de90', '自主可控基因剪刀平台原理验证实验', '2021-05-03', '实验数据达到预期指标', '["生物医药"]'::json, '', '2026-06-15T12:00:00+00:00', '2026-06-15T12:00:00+00:00');
INSERT INTO entity_change_log (entity_id, entity_type, field, old_value, new_value, method, operator, source_doc_id, reason, changed_at) VALUES ('TECH_S_1b18d1697597de90', 'tech', '*', NULL, '{"action": "create"}'::json, 'rule', NULL, 'mock_seed', NULL, '2026-06-15T12:00:00+00:00');
INSERT INTO tech_profile (tech_id, tech_name_cn, tech_name_en, tech_name_other, tech_domain, invention_date, application_date, tech_summary, dev_goal, project_layout, key_points, transformation_status, basic_research_status, autonomy_capability, industrial_capability, tech_advantages, current_status, trend, remark, confidence, completeness, created_at, updated_at) VALUES ('TECH_S_6c55a9f18162caed', '自主可控神经形态芯片平台', 'Tech-009 固态电池', NULL, '["量子计算", "集成电路"]'::json, '2005-05-13', '2018-03-18', '自主可控神经形态芯片平台是集成电路领域的关键技术，具有高效率等优势，应用前景广阔。', '突破集成电路核心技术瓶颈，实现自主可控。', '["集成电路基础理论", "集成电路工程化"]'::json, '["集成电路关键工艺", "集成电路系统集成"]'::json, '待转化', '基础理论已建立', '具备完全自主知识产权', '形成完整产业链', '相比同类技术，自主可控神经形态芯片平台在性能与成本上优势明显。', '工程化应用', '快速上升', '', 0.896, 0.67, '2026-06-15T12:00:00+00:00', '2026-06-15T12:00:00+00:00');
INSERT INTO tech_dev_milestone (tech_id, milestone_date, milestone_name, contributor_keywords, milestone_content, created_at, updated_at) VALUES ('TECH_S_6c55a9f18162caed', '2014-07-25', '概念提出', '["东方信息研究院"]'::json, '概念提出：实现集成电路关键突破。', '2026-06-15T12:00:00+00:00', '2026-06-15T12:00:00+00:00');
INSERT INTO tech_dev_milestone (tech_id, milestone_date, milestone_name, contributor_keywords, milestone_content, created_at, updated_at) VALUES ('TECH_S_6c55a9f18162caed', '2010-02-02', '实验室验证', '["新前沿实验室"]'::json, '实验室验证：实现集成电路关键突破。', '2026-06-15T12:00:00+00:00', '2026-06-15T12:00:00+00:00');
INSERT INTO tech_dev_milestone (tech_id, milestone_date, milestone_name, contributor_keywords, milestone_content, created_at, updated_at) VALUES ('TECH_S_6c55a9f18162caed', '2012-12-27', '工程样机', '["华航宇股份"]'::json, '工程样机：实现集成电路关键突破。', '2026-06-15T12:00:00+00:00', '2026-06-15T12:00:00+00:00');
INSERT INTO tech_dev_milestone (tech_id, milestone_date, milestone_name, contributor_keywords, milestone_content, created_at, updated_at) VALUES ('TECH_S_6c55a9f18162caed', '2023-07-25', '中试成功', '["远储能集团"]'::json, '中试成功：实现集成电路关键突破。', '2026-06-15T12:00:00+00:00', '2026-06-15T12:00:00+00:00');
INSERT INTO tech_dev_milestone (tech_id, milestone_date, milestone_name, contributor_keywords, milestone_content, created_at, updated_at) VALUES ('TECH_S_6c55a9f18162caed', '2023-07-06', '产业化', '["中科生医研究所"]'::json, '产业化：实现集成电路关键突破。', '2026-06-15T12:00:00+00:00', '2026-06-15T12:00:00+00:00');
INSERT INTO tech_funding (tech_id, amount, source, created_at, updated_at) VALUES ('TECH_S_6c55a9f18162caed', 500.0, '国家重点研发计划', '2026-06-15T12:00:00+00:00', '2026-06-15T12:00:00+00:00');
INSERT INTO tech_funding (tech_id, amount, source, created_at, updated_at) VALUES ('TECH_S_6c55a9f18162caed', 15000.0, '国家重点研发计划', '2026-06-15T12:00:00+00:00', '2026-06-15T12:00:00+00:00');
INSERT INTO tech_funding (tech_id, amount, source, created_at, updated_at) VALUES ('TECH_S_6c55a9f18162caed', 3000.0, '地方专项', '2026-06-15T12:00:00+00:00', '2026-06-15T12:00:00+00:00');
INSERT INTO tech_academic_output (tech_id, name, publish_date, subject_keywords, image, created_at, updated_at) VALUES ('TECH_S_6c55a9f18162caed', '自主可控神经形态芯片平台相关研究', '2019-07-25', '["航天光电高科"]'::json, '', '2026-06-15T12:00:00+00:00', '2026-06-15T12:00:00+00:00');
INSERT INTO tech_academic_output (tech_id, name, publish_date, subject_keywords, image, created_at, updated_at) VALUES ('TECH_S_6c55a9f18162caed', '自主可控神经形态芯片平台相关研究', '2023-01-17', '["中科未来集团"]'::json, '', '2026-06-15T12:00:00+00:00', '2026-06-15T12:00:00+00:00');
INSERT INTO tech_experiment (tech_id, content, experiment_date, result, subject_keywords, image, created_at, updated_at) VALUES ('TECH_S_6c55a9f18162caed', '自主可控神经形态芯片平台原理验证实验', '2022-11-21', '实验数据达到预期指标', '["集成电路"]'::json, '', '2026-06-15T12:00:00+00:00', '2026-06-15T12:00:00+00:00');
INSERT INTO entity_change_log (entity_id, entity_type, field, old_value, new_value, method, operator, source_doc_id, reason, changed_at) VALUES ('TECH_S_6c55a9f18162caed', 'tech', '*', NULL, '{"action": "create"}'::json, 'rule', NULL, 'mock_seed', NULL, '2026-06-15T12:00:00+00:00');
INSERT INTO tech_profile (tech_id, tech_name_cn, tech_name_en, tech_name_other, tech_domain, invention_date, application_date, tech_summary, dev_goal, project_layout, key_points, transformation_status, basic_research_status, autonomy_capability, industrial_capability, tech_advantages, current_status, trend, remark, confidence, completeness, created_at, updated_at) VALUES ('TECH_S_cf946190dfda7a52', '新型神经形态芯片方法', 'Tech-010 量子纠错码', NULL, '["新能源", "新材料"]'::json, '2011-12-17', '2025-05-12', '新型神经形态芯片方法是新能源领域的关键技术，具有高可靠性等优势，应用前景广阔。', '突破新能源核心技术瓶颈，实现自主可控。', '["新能源基础理论", "新能源工程化"]'::json, '["新能源关键工艺", "新能源系统集成"]'::json, '待转化', '基础理论已建立', '具备完全自主知识产权', '形成完整产业链', '相比同类技术，新型神经形态芯片方法在性能与成本上优势明显。', '规模化部署', '平稳', '', 0.944, 0.554, '2026-06-15T12:00:00+00:00', '2026-06-15T12:00:00+00:00');
INSERT INTO tech_dev_milestone (tech_id, milestone_date, milestone_name, contributor_keywords, milestone_content, created_at, updated_at) VALUES ('TECH_S_cf946190dfda7a52', '2015-04-22', '概念提出', '["航天算力研究院"]'::json, '概念提出：实现新能源关键突破。', '2026-06-15T12:00:00+00:00', '2026-06-15T12:00:00+00:00');
INSERT INTO tech_dev_milestone (tech_id, milestone_date, milestone_name, contributor_keywords, milestone_content, created_at, updated_at) VALUES ('TECH_S_cf946190dfda7a52', '2016-08-05', '实验室验证', '["南方微纳实验室"]'::json, '实验室验证：实现新能源关键突破。', '2026-06-15T12:00:00+00:00', '2026-06-15T12:00:00+00:00');
INSERT INTO tech_dev_milestone (tech_id, milestone_date, milestone_name, contributor_keywords, milestone_content, created_at, updated_at) VALUES ('TECH_S_cf946190dfda7a52', '2023-06-20', '工程样机', '["南方前沿集团"]'::json, '工程样机：实现新能源关键突破。', '2026-06-15T12:00:00+00:00', '2026-06-15T12:00:00+00:00');
INSERT INTO tech_dev_milestone (tech_id, milestone_date, milestone_name, contributor_keywords, milestone_content, created_at, updated_at) VALUES ('TECH_S_cf946190dfda7a52', '2022-06-12', '中试成功', '["国储能股份"]'::json, '中试成功：实现新能源关键突破。', '2026-06-15T12:00:00+00:00', '2026-06-15T12:00:00+00:00');
INSERT INTO tech_dev_milestone (tech_id, milestone_date, milestone_name, contributor_keywords, milestone_content, created_at, updated_at) VALUES ('TECH_S_cf946190dfda7a52', '2020-11-19', '产业化', '["航天生医高科"]'::json, '产业化：实现新能源关键突破。', '2026-06-15T12:00:00+00:00', '2026-06-15T12:00:00+00:00');
INSERT INTO tech_funding (tech_id, amount, source, created_at, updated_at) VALUES ('TECH_S_cf946190dfda7a52', 500.0, '国家自然科学基金', '2026-06-15T12:00:00+00:00', '2026-06-15T12:00:00+00:00');
INSERT INTO tech_academic_output (tech_id, name, publish_date, subject_keywords, image, created_at, updated_at) VALUES ('TECH_S_cf946190dfda7a52', '新型神经形态芯片方法相关研究', '2019-07-21', '["北方算力研究院"]'::json, '', '2026-06-15T12:00:00+00:00', '2026-06-15T12:00:00+00:00');
INSERT INTO tech_experiment (tech_id, content, experiment_date, result, subject_keywords, image, created_at, updated_at) VALUES ('TECH_S_cf946190dfda7a52', '新型神经形态芯片方法原理验证实验', '2021-09-25', '实验数据达到预期指标', '["新能源"]'::json, '', '2026-06-15T12:00:00+00:00', '2026-06-15T12:00:00+00:00');
INSERT INTO entity_change_log (entity_id, entity_type, field, old_value, new_value, method, operator, source_doc_id, reason, changed_at) VALUES ('TECH_S_cf946190dfda7a52', 'tech', '*', NULL, '{"action": "create"}'::json, 'rule', NULL, 'mock_seed', NULL, '2026-06-15T12:00:00+00:00');
INSERT INTO tech_profile (tech_id, tech_name_cn, tech_name_en, tech_name_other, tech_domain, invention_date, application_date, tech_summary, dev_goal, project_layout, key_points, transformation_status, basic_research_status, autonomy_capability, industrial_capability, tech_advantages, current_status, trend, remark, confidence, completeness, created_at, updated_at) VALUES ('TECH_S_e28db2e1e4bfe4ed', '低功耗卫星星座组网解决方案', 'Tech-011 光量子计算', NULL, '["卫星互联网", "碳捕集"]'::json, '2017-06-26', '2019-07-09', '低功耗卫星星座组网解决方案是碳捕集领域的关键技术，具有高效率等优势，应用前景广阔。', '突破碳捕集核心技术瓶颈，实现自主可控。', '["碳捕集基础理论", "碳捕集工程化"]'::json, '["碳捕集关键工艺", "碳捕集系统集成"]'::json, '待转化', '基础理论已建立', '具备完全自主知识产权', '形成完整产业链', '相比同类技术，低功耗卫星星座组网解决方案在性能与成本上优势明显。', '实验室阶段', '稳步上升', '', 0.879, 0.574, '2026-06-15T12:00:00+00:00', '2026-06-15T12:00:00+00:00');
INSERT INTO tech_dev_milestone (tech_id, milestone_date, milestone_name, contributor_keywords, milestone_content, created_at, updated_at) VALUES ('TECH_S_e28db2e1e4bfe4ed', '2012-12-22', '概念提出', '["国生医工程技术中心"]'::json, '概念提出：实现碳捕集关键突破。', '2026-06-15T12:00:00+00:00', '2026-06-15T12:00:00+00:00');
INSERT INTO tech_dev_milestone (tech_id, milestone_date, milestone_name, contributor_keywords, milestone_content, created_at, updated_at) VALUES ('TECH_S_e28db2e1e4bfe4ed', '2012-12-25', '实验室验证', '["南方微纳实验室"]'::json, '实验室验证：实现碳捕集关键突破。', '2026-06-15T12:00:00+00:00', '2026-06-15T12:00:00+00:00');
INSERT INTO tech_dev_milestone (tech_id, milestone_date, milestone_name, contributor_keywords, milestone_content, created_at, updated_at) VALUES ('TECH_S_e28db2e1e4bfe4ed', '2012-08-11', '工程样机', '["北方量子工程技术中心"]'::json, '工程样机：实现碳捕集关键突破。', '2026-06-15T12:00:00+00:00', '2026-06-15T12:00:00+00:00');
INSERT INTO tech_dev_milestone (tech_id, milestone_date, milestone_name, contributor_keywords, milestone_content, created_at, updated_at) VALUES ('TECH_S_e28db2e1e4bfe4ed', '2023-01-26', '中试成功', '["北方航宇科技"]'::json, '中试成功：实现碳捕集关键突破。', '2026-06-15T12:00:00+00:00', '2026-06-15T12:00:00+00:00');
INSERT INTO tech_dev_milestone (tech_id, milestone_date, milestone_name, contributor_keywords, milestone_content, created_at, updated_at) VALUES ('TECH_S_e28db2e1e4bfe4ed', '2018-05-06', '产业化', '["南方前沿集团"]'::json, '产业化：实现碳捕集关键突破。', '2026-06-15T12:00:00+00:00', '2026-06-15T12:00:00+00:00');
INSERT INTO tech_funding (tech_id, amount, source, created_at, updated_at) VALUES ('TECH_S_e28db2e1e4bfe4ed', 1000.0, '地方专项', '2026-06-15T12:00:00+00:00', '2026-06-15T12:00:00+00:00');
INSERT INTO tech_academic_output (tech_id, name, publish_date, subject_keywords, image, created_at, updated_at) VALUES ('TECH_S_e28db2e1e4bfe4ed', '低功耗卫星星座组网解决方案相关研究', '2021-05-01', '["南方微纳实验室"]'::json, '', '2026-06-15T12:00:00+00:00', '2026-06-15T12:00:00+00:00');
INSERT INTO tech_experiment (tech_id, content, experiment_date, result, subject_keywords, image, created_at, updated_at) VALUES ('TECH_S_e28db2e1e4bfe4ed', '低功耗卫星星座组网解决方案原理验证实验', '2022-03-27', '实验数据达到预期指标', '["碳捕集"]'::json, '', '2026-06-15T12:00:00+00:00', '2026-06-15T12:00:00+00:00');
INSERT INTO entity_change_log (entity_id, entity_type, field, old_value, new_value, method, operator, source_doc_id, reason, changed_at) VALUES ('TECH_S_e28db2e1e4bfe4ed', 'tech', '*', NULL, '{"action": "create"}'::json, 'rule', NULL, 'mock_seed', NULL, '2026-06-15T12:00:00+00:00');
INSERT INTO tech_profile (tech_id, tech_name_cn, tech_name_en, tech_name_other, tech_domain, invention_date, application_date, tech_summary, dev_goal, project_layout, key_points, transformation_status, basic_research_status, autonomy_capability, industrial_capability, tech_advantages, current_status, trend, remark, confidence, completeness, created_at, updated_at) VALUES ('TECH_S_c279e5822f1cd859', '新型基因剪刀技术', 'Tech-012 毫米波雷达', NULL, '["自动驾驶", "增材制造"]'::json, '2015-07-14', '2025-07-19', '新型基因剪刀技术是自动驾驶领域的关键技术，具有高效率等优势，应用前景广阔。', '突破自动驾驶核心技术瓶颈，实现自主可控。', '["自动驾驶基础理论", "自动驾驶工程化"]'::json, '["自动驾驶关键工艺", "自动驾驶系统集成"]'::json, '已转化', '基础理论已建立', '具备完全自主知识产权', '形成完整产业链', '相比同类技术，新型基因剪刀技术在性能与成本上优势明显。', '实验室阶段', '快速上升', '', 0.961, 0.739, '2026-06-15T12:00:00+00:00', '2026-06-15T12:00:00+00:00');
INSERT INTO tech_dev_milestone (tech_id, milestone_date, milestone_name, contributor_keywords, milestone_content, created_at, updated_at) VALUES ('TECH_S_c279e5822f1cd859', '2018-03-24', '概念提出', '["东方信息研究院"]'::json, '概念提出：实现自动驾驶关键突破。', '2026-06-15T12:00:00+00:00', '2026-06-15T12:00:00+00:00');
INSERT INTO tech_dev_milestone (tech_id, milestone_date, milestone_name, contributor_keywords, milestone_content, created_at, updated_at) VALUES ('TECH_S_c279e5822f1cd859', '2023-10-03', '实验室验证', '["远聚变股份"]'::json, '实验室验证：实现自动驾驶关键突破。', '2026-06-15T12:00:00+00:00', '2026-06-15T12:00:00+00:00');
INSERT INTO tech_dev_milestone (tech_id, milestone_date, milestone_name, contributor_keywords, milestone_content, created_at, updated_at) VALUES ('TECH_S_c279e5822f1cd859', '2011-04-15', '工程样机', '["华量子集团"]'::json, '工程样机：实现自动驾驶关键突破。', '2026-06-15T12:00:00+00:00', '2026-06-15T12:00:00+00:00');
INSERT INTO tech_dev_milestone (tech_id, milestone_date, milestone_name, contributor_keywords, milestone_content, created_at, updated_at) VALUES ('TECH_S_c279e5822f1cd859', '2024-12-09', '中试成功', '["中科聚变研究所"]'::json, '中试成功：实现自动驾驶关键突破。', '2026-06-15T12:00:00+00:00', '2026-06-15T12:00:00+00:00');
INSERT INTO tech_dev_milestone (tech_id, milestone_date, milestone_name, contributor_keywords, milestone_content, created_at, updated_at) VALUES ('TECH_S_c279e5822f1cd859', '2015-05-08', '产业化', '["东方智算实验室"]'::json, '产业化：实现自动驾驶关键突破。', '2026-06-15T12:00:00+00:00', '2026-06-15T12:00:00+00:00');
INSERT INTO tech_funding (tech_id, amount, source, created_at, updated_at) VALUES ('TECH_S_c279e5822f1cd859', 3000.0, '国家自然科学基金', '2026-06-15T12:00:00+00:00', '2026-06-15T12:00:00+00:00');
INSERT INTO tech_funding (tech_id, amount, source, created_at, updated_at) VALUES ('TECH_S_c279e5822f1cd859', 3000.0, '国家自然科学基金', '2026-06-15T12:00:00+00:00', '2026-06-15T12:00:00+00:00');
INSERT INTO tech_funding (tech_id, amount, source, created_at, updated_at) VALUES ('TECH_S_c279e5822f1cd859', 15000.0, '地方专项', '2026-06-15T12:00:00+00:00', '2026-06-15T12:00:00+00:00');
INSERT INTO tech_academic_output (tech_id, name, publish_date, subject_keywords, image, created_at, updated_at) VALUES ('TECH_S_c279e5822f1cd859', '新型基因剪刀技术相关研究', '2023-04-07', '["中科天网研究所"]'::json, '', '2026-06-15T12:00:00+00:00', '2026-06-15T12:00:00+00:00');
INSERT INTO tech_experiment (tech_id, content, experiment_date, result, subject_keywords, image, created_at, updated_at) VALUES ('TECH_S_c279e5822f1cd859', '新型基因剪刀技术原理验证实验', '2020-01-15', '实验数据达到预期指标', '["自动驾驶"]'::json, '', '2026-06-15T12:00:00+00:00', '2026-06-15T12:00:00+00:00');
INSERT INTO entity_change_log (entity_id, entity_type, field, old_value, new_value, method, operator, source_doc_id, reason, changed_at) VALUES ('TECH_S_c279e5822f1cd859', 'tech', '*', NULL, '{"action": "create"}'::json, 'rule', NULL, 'mock_seed', NULL, '2026-06-15T12:00:00+00:00');
INSERT INTO tech_profile (tech_id, tech_name_cn, tech_name_en, tech_name_other, tech_domain, invention_date, application_date, tech_summary, dev_goal, project_layout, key_points, transformation_status, basic_research_status, autonomy_capability, industrial_capability, tech_advantages, current_status, trend, remark, confidence, completeness, created_at, updated_at) VALUES ('TECH_S_73c5fa00a882dca1', '智能化钙钛矿太阳能电池工艺', 'Tech-013 可重复使用火箭', NULL, '["氢能", "网络安全"]'::json, '2000-09-08', '2019-01-18', '智能化钙钛矿太阳能电池工艺是网络安全领域的关键技术，具有高可靠性等优势，应用前景广阔。', '突破网络安全核心技术瓶颈，实现自主可控。', '["网络安全基础理论", "网络安全工程化"]'::json, '["网络安全关键工艺", "网络安全系统集成"]'::json, '待转化', '基础理论已建立', '具备完全自主知识产权', '形成完整产业链', '相比同类技术，智能化钙钛矿太阳能电池工艺在性能与成本上优势明显。', '实验室阶段', '下降', '', 0.962, 0.628, '2026-06-15T12:00:00+00:00', '2026-06-15T12:00:00+00:00');
INSERT INTO tech_dev_milestone (tech_id, milestone_date, milestone_name, contributor_keywords, milestone_content, created_at, updated_at) VALUES ('TECH_S_73c5fa00a882dca1', '2010-10-21', '概念提出', '["国生医研究所"]'::json, '概念提出：实现网络安全关键突破。', '2026-06-15T12:00:00+00:00', '2026-06-15T12:00:00+00:00');
INSERT INTO tech_dev_milestone (tech_id, milestone_date, milestone_name, contributor_keywords, milestone_content, created_at, updated_at) VALUES ('TECH_S_73c5fa00a882dca1', '2019-11-06', '实验室验证', '["东方信息研究院"]'::json, '实验室验证：实现网络安全关键突破。', '2026-06-15T12:00:00+00:00', '2026-06-15T12:00:00+00:00');
INSERT INTO tech_dev_milestone (tech_id, milestone_date, milestone_name, contributor_keywords, milestone_content, created_at, updated_at) VALUES ('TECH_S_73c5fa00a882dca1', '2019-09-03', '工程样机', '["华信息高科"]'::json, '工程样机：实现网络安全关键突破。', '2026-06-15T12:00:00+00:00', '2026-06-15T12:00:00+00:00');
INSERT INTO tech_dev_milestone (tech_id, milestone_date, milestone_name, contributor_keywords, milestone_content, created_at, updated_at) VALUES ('TECH_S_73c5fa00a882dca1', '2014-02-17', '中试成功', '["北方光电集团"]'::json, '中试成功：实现网络安全关键突破。', '2026-06-15T12:00:00+00:00', '2026-06-15T12:00:00+00:00');
INSERT INTO tech_dev_milestone (tech_id, milestone_date, milestone_name, contributor_keywords, milestone_content, created_at, updated_at) VALUES ('TECH_S_73c5fa00a882dca1', '2010-11-11', '产业化', '["中未来科技"]'::json, '产业化：实现网络安全关键突破。', '2026-06-15T12:00:00+00:00', '2026-06-15T12:00:00+00:00');
INSERT INTO tech_funding (tech_id, amount, source, created_at, updated_at) VALUES ('TECH_S_73c5fa00a882dca1', 8000.0, '地方专项', '2026-06-15T12:00:00+00:00', '2026-06-15T12:00:00+00:00');
INSERT INTO tech_funding (tech_id, amount, source, created_at, updated_at) VALUES ('TECH_S_73c5fa00a882dca1', 500.0, '国家重点研发计划', '2026-06-15T12:00:00+00:00', '2026-06-15T12:00:00+00:00');
INSERT INTO tech_funding (tech_id, amount, source, created_at, updated_at) VALUES ('TECH_S_73c5fa00a882dca1', 1000.0, '国家自然科学基金', '2026-06-15T12:00:00+00:00', '2026-06-15T12:00:00+00:00');
INSERT INTO tech_academic_output (tech_id, name, publish_date, subject_keywords, image, created_at, updated_at) VALUES ('TECH_S_73c5fa00a882dca1', '智能化钙钛矿太阳能电池工艺相关研究', '2022-02-22', '["中前沿研究所"]'::json, '', '2026-06-15T12:00:00+00:00', '2026-06-15T12:00:00+00:00');
INSERT INTO tech_academic_output (tech_id, name, publish_date, subject_keywords, image, created_at, updated_at) VALUES ('TECH_S_73c5fa00a882dca1', '智能化钙钛矿太阳能电池工艺相关研究', '2020-01-05', '["航天脑科学高科"]'::json, '', '2026-06-15T12:00:00+00:00', '2026-06-15T12:00:00+00:00');
INSERT INTO tech_academic_output (tech_id, name, publish_date, subject_keywords, image, created_at, updated_at) VALUES ('TECH_S_73c5fa00a882dca1', '智能化钙钛矿太阳能电池工艺相关研究', '2023-04-13', '["中科智算工程技术中心"]'::json, '', '2026-06-15T12:00:00+00:00', '2026-06-15T12:00:00+00:00');
INSERT INTO tech_experiment (tech_id, content, experiment_date, result, subject_keywords, image, created_at, updated_at) VALUES ('TECH_S_73c5fa00a882dca1', '智能化钙钛矿太阳能电池工艺原理验证实验', '2022-04-09', '实验数据达到预期指标', '["网络安全"]'::json, '', '2026-06-15T12:00:00+00:00', '2026-06-15T12:00:00+00:00');
INSERT INTO entity_change_log (entity_id, entity_type, field, old_value, new_value, method, operator, source_doc_id, reason, changed_at) VALUES ('TECH_S_73c5fa00a882dca1', 'tech', '*', NULL, '{"action": "create"}'::json, 'rule', NULL, 'mock_seed', NULL, '2026-06-15T12:00:00+00:00');
INSERT INTO tech_profile (tech_id, tech_name_cn, tech_name_en, tech_name_other, tech_domain, invention_date, application_date, tech_summary, dev_goal, project_layout, key_points, transformation_status, basic_research_status, autonomy_capability, industrial_capability, tech_advantages, current_status, trend, remark, confidence, completeness, created_at, updated_at) VALUES ('TECH_S_80150288a0f90459', '低功耗仿生机械臂解决方案', 'Tech-014 钙钛矿太阳能电池', NULL, '["集成电路", "半导体"]'::json, '2006-07-02', '2024-12-22', '低功耗仿生机械臂解决方案是集成电路领域的关键技术，具有高效率等优势，应用前景广阔。', '突破集成电路核心技术瓶颈，实现自主可控。', '["集成电路基础理论", "集成电路工程化"]'::json, '["集成电路关键工艺", "集成电路系统集成"]'::json, '转化中', '基础理论已建立', '具备完全自主知识产权', '形成完整产业链', '相比同类技术，低功耗仿生机械臂解决方案在性能与成本上优势明显。', '中试阶段', '波动', '', 0.853, 0.685, '2026-06-15T12:00:00+00:00', '2026-06-15T12:00:00+00:00');
INSERT INTO tech_dev_milestone (tech_id, milestone_date, milestone_name, contributor_keywords, milestone_content, created_at, updated_at) VALUES ('TECH_S_80150288a0f90459', '2024-02-24', '概念提出', '["航天量子集团"]'::json, '概念提出：实现集成电路关键突破。', '2026-06-15T12:00:00+00:00', '2026-06-15T12:00:00+00:00');
INSERT INTO tech_dev_milestone (tech_id, milestone_date, milestone_name, contributor_keywords, milestone_content, created_at, updated_at) VALUES ('TECH_S_80150288a0f90459', '2015-08-24', '实验室验证', '["航天光电高科"]'::json, '实验室验证：实现集成电路关键突破。', '2026-06-15T12:00:00+00:00', '2026-06-15T12:00:00+00:00');
INSERT INTO tech_dev_milestone (tech_id, milestone_date, milestone_name, contributor_keywords, milestone_content, created_at, updated_at) VALUES ('TECH_S_80150288a0f90459', '2023-12-22', '工程样机', '["国航宇集团"]'::json, '工程样机：实现集成电路关键突破。', '2026-06-15T12:00:00+00:00', '2026-06-15T12:00:00+00:00');
INSERT INTO tech_dev_milestone (tech_id, milestone_date, milestone_name, contributor_keywords, milestone_content, created_at, updated_at) VALUES ('TECH_S_80150288a0f90459', '2024-01-15', '中试成功', '["远储能集团"]'::json, '中试成功：实现集成电路关键突破。', '2026-06-15T12:00:00+00:00', '2026-06-15T12:00:00+00:00');
INSERT INTO tech_dev_milestone (tech_id, milestone_date, milestone_name, contributor_keywords, milestone_content, created_at, updated_at) VALUES ('TECH_S_80150288a0f90459', '2023-08-21', '产业化', '["华信息高科"]'::json, '产业化：实现集成电路关键突破。', '2026-06-15T12:00:00+00:00', '2026-06-15T12:00:00+00:00');
INSERT INTO tech_funding (tech_id, amount, source, created_at, updated_at) VALUES ('TECH_S_80150288a0f90459', 1000.0, '企业自筹', '2026-06-15T12:00:00+00:00', '2026-06-15T12:00:00+00:00');
INSERT INTO tech_academic_output (tech_id, name, publish_date, subject_keywords, image, created_at, updated_at) VALUES ('TECH_S_80150288a0f90459', '低功耗仿生机械臂解决方案相关研究', '2024-12-04', '["中前沿研究院"]'::json, '', '2026-06-15T12:00:00+00:00', '2026-06-15T12:00:00+00:00');
INSERT INTO tech_academic_output (tech_id, name, publish_date, subject_keywords, image, created_at, updated_at) VALUES ('TECH_S_80150288a0f90459', '低功耗仿生机械臂解决方案相关研究', '2019-01-28', '["中未来工程技术中心"]'::json, '', '2026-06-15T12:00:00+00:00', '2026-06-15T12:00:00+00:00');
INSERT INTO tech_academic_output (tech_id, name, publish_date, subject_keywords, image, created_at, updated_at) VALUES ('TECH_S_80150288a0f90459', '低功耗仿生机械臂解决方案相关研究', '2019-10-07', '["北方脑科学实验室"]'::json, '', '2026-06-15T12:00:00+00:00', '2026-06-15T12:00:00+00:00');
INSERT INTO tech_experiment (tech_id, content, experiment_date, result, subject_keywords, image, created_at, updated_at) VALUES ('TECH_S_80150288a0f90459', '低功耗仿生机械臂解决方案原理验证实验', '2023-12-21', '实验数据达到预期指标', '["集成电路"]'::json, '', '2026-06-15T12:00:00+00:00', '2026-06-15T12:00:00+00:00');
INSERT INTO entity_change_log (entity_id, entity_type, field, old_value, new_value, method, operator, source_doc_id, reason, changed_at) VALUES ('TECH_S_80150288a0f90459', 'tech', '*', NULL, '{"action": "create"}'::json, 'rule', NULL, 'mock_seed', NULL, '2026-06-15T12:00:00+00:00');
INSERT INTO tech_profile (tech_id, tech_name_cn, tech_name_en, tech_name_other, tech_domain, invention_date, application_date, tech_summary, dev_goal, project_layout, key_points, transformation_status, basic_research_status, autonomy_capability, industrial_capability, tech_advantages, current_status, trend, remark, confidence, completeness, created_at, updated_at) VALUES ('TECH_S_81f139ea86a3a66c', '柔性神经网络芯片工艺', 'Tech-015 钙钛矿太阳能电池', NULL, '["机器人", "增材制造"]'::json, '2008-06-28', '2018-10-06', '柔性神经网络芯片工艺是机器人领域的关键技术，具有高可靠性等优势，应用前景广阔。', '突破机器人核心技术瓶颈，实现自主可控。', '["机器人基础理论", "机器人工程化"]'::json, '["机器人关键工艺", "机器人系统集成"]'::json, '转化中', '基础理论已建立', '具备完全自主知识产权', '形成完整产业链', '相比同类技术，柔性神经网络芯片工艺在性能与成本上优势明显。', '工程化应用', '波动', '', 0.869, 0.686, '2026-06-15T12:00:00+00:00', '2026-06-15T12:00:00+00:00');
INSERT INTO tech_dev_milestone (tech_id, milestone_date, milestone_name, contributor_keywords, milestone_content, created_at, updated_at) VALUES ('TECH_S_81f139ea86a3a66c', '2018-02-26', '概念提出', '["航天光电股份"]'::json, '概念提出：实现机器人关键突破。', '2026-06-15T12:00:00+00:00', '2026-06-15T12:00:00+00:00');
INSERT INTO tech_dev_milestone (tech_id, milestone_date, milestone_name, contributor_keywords, milestone_content, created_at, updated_at) VALUES ('TECH_S_81f139ea86a3a66c', '2012-02-07', '实验室验证', '["国深海科技"]'::json, '实验室验证：实现机器人关键突破。', '2026-06-15T12:00:00+00:00', '2026-06-15T12:00:00+00:00');
INSERT INTO tech_dev_milestone (tech_id, milestone_date, milestone_name, contributor_keywords, milestone_content, created_at, updated_at) VALUES ('TECH_S_81f139ea86a3a66c', '2024-07-22', '工程样机', '["东方未来研究院"]'::json, '工程样机：实现机器人关键突破。', '2026-06-15T12:00:00+00:00', '2026-06-15T12:00:00+00:00');
INSERT INTO tech_dev_milestone (tech_id, milestone_date, milestone_name, contributor_keywords, milestone_content, created_at, updated_at) VALUES ('TECH_S_81f139ea86a3a66c', '2013-02-23', '中试成功', '["南方微纳实验室"]'::json, '中试成功：实现机器人关键突破。', '2026-06-15T12:00:00+00:00', '2026-06-15T12:00:00+00:00');
INSERT INTO tech_dev_milestone (tech_id, milestone_date, milestone_name, contributor_keywords, milestone_content, created_at, updated_at) VALUES ('TECH_S_81f139ea86a3a66c', '2019-06-18', '产业化', '["东方储能研究院"]'::json, '产业化：实现机器人关键突破。', '2026-06-15T12:00:00+00:00', '2026-06-15T12:00:00+00:00');
INSERT INTO tech_funding (tech_id, amount, source, created_at, updated_at) VALUES ('TECH_S_81f139ea86a3a66c', 15000.0, '国家重点研发计划', '2026-06-15T12:00:00+00:00', '2026-06-15T12:00:00+00:00');
INSERT INTO tech_academic_output (tech_id, name, publish_date, subject_keywords, image, created_at, updated_at) VALUES ('TECH_S_81f139ea86a3a66c', '柔性神经网络芯片工艺相关研究', '2023-03-15', '["北方光电集团"]'::json, '', '2026-06-15T12:00:00+00:00', '2026-06-15T12:00:00+00:00');
INSERT INTO tech_academic_output (tech_id, name, publish_date, subject_keywords, image, created_at, updated_at) VALUES ('TECH_S_81f139ea86a3a66c', '柔性神经网络芯片工艺相关研究', '2022-12-17', '["华航宇股份"]'::json, '', '2026-06-15T12:00:00+00:00', '2026-06-15T12:00:00+00:00');
INSERT INTO tech_experiment (tech_id, content, experiment_date, result, subject_keywords, image, created_at, updated_at) VALUES ('TECH_S_81f139ea86a3a66c', '柔性神经网络芯片工艺原理验证实验', '2022-09-03', '实验数据达到预期指标', '["机器人"]'::json, '', '2026-06-15T12:00:00+00:00', '2026-06-15T12:00:00+00:00');
INSERT INTO entity_change_log (entity_id, entity_type, field, old_value, new_value, method, operator, source_doc_id, reason, changed_at) VALUES ('TECH_S_81f139ea86a3a66c', 'tech', '*', NULL, '{"action": "create"}'::json, 'rule', NULL, 'mock_seed', NULL, '2026-06-15T12:00:00+00:00');
INSERT INTO tech_profile (tech_id, tech_name_cn, tech_name_en, tech_name_other, tech_domain, invention_date, application_date, tech_summary, dev_goal, project_layout, key_points, transformation_status, basic_research_status, autonomy_capability, industrial_capability, tech_advantages, current_status, trend, remark, confidence, completeness, created_at, updated_at) VALUES ('TECH_S_203226c893211919', '高可靠钙钛矿太阳能电池平台', 'Tech-016 太赫兹通信', NULL, '["生物医药", "集成电路"]'::json, '2013-05-06', '2023-08-08', '高可靠钙钛矿太阳能电池平台是生物医药领域的关键技术，具有高效率等优势，应用前景广阔。', '突破生物医药核心技术瓶颈，实现自主可控。', '["生物医药基础理论", "生物医药工程化"]'::json, '["生物医药关键工艺", "生物医药系统集成"]'::json, '已转化', '基础理论已建立', '具备完全自主知识产权', '形成完整产业链', '相比同类技术，高可靠钙钛矿太阳能电池平台在性能与成本上优势明显。', '概念论证', '快速上升', '', 0.771, 0.791, '2026-06-15T12:00:00+00:00', '2026-06-15T12:00:00+00:00');
INSERT INTO tech_dev_milestone (tech_id, milestone_date, milestone_name, contributor_keywords, milestone_content, created_at, updated_at) VALUES ('TECH_S_203226c893211919', '2012-09-06', '概念提出', '["远聚变股份"]'::json, '概念提出：实现生物医药关键突破。', '2026-06-15T12:00:00+00:00', '2026-06-15T12:00:00+00:00');
INSERT INTO tech_dev_milestone (tech_id, milestone_date, milestone_name, contributor_keywords, milestone_content, created_at, updated_at) VALUES ('TECH_S_203226c893211919', '2019-10-22', '实验室验证', '["东方脑科学科技"]'::json, '实验室验证：实现生物医药关键突破。', '2026-06-15T12:00:00+00:00', '2026-06-15T12:00:00+00:00');
INSERT INTO tech_dev_milestone (tech_id, milestone_date, milestone_name, contributor_keywords, milestone_content, created_at, updated_at) VALUES ('TECH_S_203226c893211919', '2022-12-09', '工程样机', '["新芯创研究院"]'::json, '工程样机：实现生物医药关键突破。', '2026-06-15T12:00:00+00:00', '2026-06-15T12:00:00+00:00');
INSERT INTO tech_dev_milestone (tech_id, milestone_date, milestone_name, contributor_keywords, milestone_content, created_at, updated_at) VALUES ('TECH_S_203226c893211919', '2015-11-09', '中试成功', '["远未来实验室"]'::json, '中试成功：实现生物医药关键突破。', '2026-06-15T12:00:00+00:00', '2026-06-15T12:00:00+00:00');
INSERT INTO tech_dev_milestone (tech_id, milestone_date, milestone_name, contributor_keywords, milestone_content, created_at, updated_at) VALUES ('TECH_S_203226c893211919', '2011-04-15', '产业化', '["南方储能实验室"]'::json, '产业化：实现生物医药关键突破。', '2026-06-15T12:00:00+00:00', '2026-06-15T12:00:00+00:00');
INSERT INTO tech_funding (tech_id, amount, source, created_at, updated_at) VALUES ('TECH_S_203226c893211919', 3000.0, '地方专项', '2026-06-15T12:00:00+00:00', '2026-06-15T12:00:00+00:00');
INSERT INTO tech_funding (tech_id, amount, source, created_at, updated_at) VALUES ('TECH_S_203226c893211919', 500.0, '国家自然科学基金', '2026-06-15T12:00:00+00:00', '2026-06-15T12:00:00+00:00');
INSERT INTO tech_funding (tech_id, amount, source, created_at, updated_at) VALUES ('TECH_S_203226c893211919', 1000.0, '地方专项', '2026-06-15T12:00:00+00:00', '2026-06-15T12:00:00+00:00');
INSERT INTO tech_academic_output (tech_id, name, publish_date, subject_keywords, image, created_at, updated_at) VALUES ('TECH_S_203226c893211919', '高可靠钙钛矿太阳能电池平台相关研究', '2022-11-28', '["国航宇股份"]'::json, '', '2026-06-15T12:00:00+00:00', '2026-06-15T12:00:00+00:00');
INSERT INTO tech_academic_output (tech_id, name, publish_date, subject_keywords, image, created_at, updated_at) VALUES ('TECH_S_203226c893211919', '高可靠钙钛矿太阳能电池平台相关研究', '2023-09-25', '["东方信息研究院"]'::json, '', '2026-06-15T12:00:00+00:00', '2026-06-15T12:00:00+00:00');
INSERT INTO tech_academic_output (tech_id, name, publish_date, subject_keywords, image, created_at, updated_at) VALUES ('TECH_S_203226c893211919', '高可靠钙钛矿太阳能电池平台相关研究', '2021-10-13', '["北方储能工程技术中心"]'::json, '', '2026-06-15T12:00:00+00:00', '2026-06-15T12:00:00+00:00');
INSERT INTO tech_experiment (tech_id, content, experiment_date, result, subject_keywords, image, created_at, updated_at) VALUES ('TECH_S_203226c893211919', '高可靠钙钛矿太阳能电池平台原理验证实验', '2023-11-28', '实验数据达到预期指标', '["生物医药"]'::json, '', '2026-06-15T12:00:00+00:00', '2026-06-15T12:00:00+00:00');
INSERT INTO entity_change_log (entity_id, entity_type, field, old_value, new_value, method, operator, source_doc_id, reason, changed_at) VALUES ('TECH_S_203226c893211919', 'tech', '*', NULL, '{"action": "create"}'::json, 'rule', NULL, 'mock_seed', NULL, '2026-06-15T12:00:00+00:00');
INSERT INTO tech_profile (tech_id, tech_name_cn, tech_name_en, tech_name_other, tech_domain, invention_date, application_date, tech_summary, dev_goal, project_layout, key_points, transformation_status, basic_research_status, autonomy_capability, industrial_capability, tech_advantages, current_status, trend, remark, confidence, completeness, created_at, updated_at) VALUES ('TECH_S_27660c84a9461f09', '柔性光量子计算方法', 'Tech-017 碳化硅功率器件', NULL, '["新能源", "无人机"]'::json, '2012-09-26', '2023-11-15', '柔性光量子计算方法是无人机领域的关键技术，具有高可靠性等优势，应用前景广阔。', '突破无人机核心技术瓶颈，实现自主可控。', '["无人机基础理论", "无人机工程化"]'::json, '["无人机关键工艺", "无人机系统集成"]'::json, '已转化', '基础理论已建立', '具备完全自主知识产权', '形成完整产业链', '相比同类技术，柔性光量子计算方法在性能与成本上优势明显。', '规模化部署', '快速上升', '', 0.762, 0.566, '2026-06-15T12:00:00+00:00', '2026-06-15T12:00:00+00:00');
INSERT INTO tech_dev_milestone (tech_id, milestone_date, milestone_name, contributor_keywords, milestone_content, created_at, updated_at) VALUES ('TECH_S_27660c84a9461f09', '2011-04-05', '概念提出', '["航天未来研究院"]'::json, '概念提出：实现无人机关键突破。', '2026-06-15T12:00:00+00:00', '2026-06-15T12:00:00+00:00');
INSERT INTO tech_dev_milestone (tech_id, milestone_date, milestone_name, contributor_keywords, milestone_content, created_at, updated_at) VALUES ('TECH_S_27660c84a9461f09', '2013-07-22', '实验室验证', '["航天聚变工程技术中心"]'::json, '实验室验证：实现无人机关键突破。', '2026-06-15T12:00:00+00:00', '2026-06-15T12:00:00+00:00');
INSERT INTO tech_dev_milestone (tech_id, milestone_date, milestone_name, contributor_keywords, milestone_content, created_at, updated_at) VALUES ('TECH_S_27660c84a9461f09', '2015-01-08', '工程样机', '["南方量子高科"]'::json, '工程样机：实现无人机关键突破。', '2026-06-15T12:00:00+00:00', '2026-06-15T12:00:00+00:00');
INSERT INTO tech_dev_milestone (tech_id, milestone_date, milestone_name, contributor_keywords, milestone_content, created_at, updated_at) VALUES ('TECH_S_27660c84a9461f09', '2010-12-26', '中试成功', '["中前沿研究院"]'::json, '中试成功：实现无人机关键突破。', '2026-06-15T12:00:00+00:00', '2026-06-15T12:00:00+00:00');
INSERT INTO tech_dev_milestone (tech_id, milestone_date, milestone_name, contributor_keywords, milestone_content, created_at, updated_at) VALUES ('TECH_S_27660c84a9461f09', '2020-06-03', '产业化', '["中科生医研究所"]'::json, '产业化：实现无人机关键突破。', '2026-06-15T12:00:00+00:00', '2026-06-15T12:00:00+00:00');
INSERT INTO tech_funding (tech_id, amount, source, created_at, updated_at) VALUES ('TECH_S_27660c84a9461f09', 15000.0, '国家重点研发计划', '2026-06-15T12:00:00+00:00', '2026-06-15T12:00:00+00:00');
INSERT INTO tech_funding (tech_id, amount, source, created_at, updated_at) VALUES ('TECH_S_27660c84a9461f09', 8000.0, '企业自筹', '2026-06-15T12:00:00+00:00', '2026-06-15T12:00:00+00:00');
INSERT INTO tech_funding (tech_id, amount, source, created_at, updated_at) VALUES ('TECH_S_27660c84a9461f09', 3000.0, '国家重点研发计划', '2026-06-15T12:00:00+00:00', '2026-06-15T12:00:00+00:00');
INSERT INTO tech_academic_output (tech_id, name, publish_date, subject_keywords, image, created_at, updated_at) VALUES ('TECH_S_27660c84a9461f09', '柔性光量子计算方法相关研究', '2021-12-23', '["中光电实验室"]'::json, '', '2026-06-15T12:00:00+00:00', '2026-06-15T12:00:00+00:00');
INSERT INTO tech_academic_output (tech_id, name, publish_date, subject_keywords, image, created_at, updated_at) VALUES ('TECH_S_27660c84a9461f09', '柔性光量子计算方法相关研究', '2018-01-08', '["航天聚变实验室"]'::json, '', '2026-06-15T12:00:00+00:00', '2026-06-15T12:00:00+00:00');
INSERT INTO tech_academic_output (tech_id, name, publish_date, subject_keywords, image, created_at, updated_at) VALUES ('TECH_S_27660c84a9461f09', '柔性光量子计算方法相关研究', '2021-01-15', '["远生医工程技术中心"]'::json, '', '2026-06-15T12:00:00+00:00', '2026-06-15T12:00:00+00:00');
INSERT INTO tech_experiment (tech_id, content, experiment_date, result, subject_keywords, image, created_at, updated_at) VALUES ('TECH_S_27660c84a9461f09', '柔性光量子计算方法原理验证实验', '2020-12-04', '实验数据达到预期指标', '["无人机"]'::json, '', '2026-06-15T12:00:00+00:00', '2026-06-15T12:00:00+00:00');
INSERT INTO entity_change_log (entity_id, entity_type, field, old_value, new_value, method, operator, source_doc_id, reason, changed_at) VALUES ('TECH_S_27660c84a9461f09', 'tech', '*', NULL, '{"action": "create"}'::json, 'rule', NULL, 'mock_seed', NULL, '2026-06-15T12:00:00+00:00');
INSERT INTO tech_profile (tech_id, tech_name_cn, tech_name_en, tech_name_other, tech_domain, invention_date, application_date, tech_summary, dev_goal, project_layout, key_points, transformation_status, basic_research_status, autonomy_capability, industrial_capability, tech_advantages, current_status, trend, remark, confidence, completeness, created_at, updated_at) VALUES ('TECH_S_7ac78f76bc1365a0', '分布式神经网络芯片方法', 'Tech-018 碳纳米管', NULL, '["6G通信", "自动驾驶"]'::json, '2013-01-25', '2023-03-13', '分布式神经网络芯片方法是6G通信领域的关键技术，具有低成本等优势，应用前景广阔。', '突破6G通信核心技术瓶颈，实现自主可控。', '["6G通信基础理论", "6G通信工程化"]'::json, '["6G通信关键工艺", "6G通信系统集成"]'::json, '待转化', '基础理论已建立', '具备完全自主知识产权', '形成完整产业链', '相比同类技术，分布式神经网络芯片方法在性能与成本上优势明显。', '概念论证', '波动', '', 0.757, 0.721, '2026-06-15T12:00:00+00:00', '2026-06-15T12:00:00+00:00');
INSERT INTO tech_dev_milestone (tech_id, milestone_date, milestone_name, contributor_keywords, milestone_content, created_at, updated_at) VALUES ('TECH_S_7ac78f76bc1365a0', '2010-05-01', '概念提出', '["国生医工程技术中心"]'::json, '概念提出：实现6G通信关键突破。', '2026-06-15T12:00:00+00:00', '2026-06-15T12:00:00+00:00');
INSERT INTO tech_dev_milestone (tech_id, milestone_date, milestone_name, contributor_keywords, milestone_content, created_at, updated_at) VALUES ('TECH_S_7ac78f76bc1365a0', '2023-01-28', '实验室验证', '["航天储能研究所"]'::json, '实验室验证：实现6G通信关键突破。', '2026-06-15T12:00:00+00:00', '2026-06-15T12:00:00+00:00');
INSERT INTO tech_dev_milestone (tech_id, milestone_date, milestone_name, contributor_keywords, milestone_content, created_at, updated_at) VALUES ('TECH_S_7ac78f76bc1365a0', '2010-06-11', '工程样机', '["新深海科技"]'::json, '工程样机：实现6G通信关键突破。', '2026-06-15T12:00:00+00:00', '2026-06-15T12:00:00+00:00');
INSERT INTO tech_dev_milestone (tech_id, milestone_date, milestone_name, contributor_keywords, milestone_content, created_at, updated_at) VALUES ('TECH_S_7ac78f76bc1365a0', '2021-01-23', '中试成功', '["国生医研究所"]'::json, '中试成功：实现6G通信关键突破。', '2026-06-15T12:00:00+00:00', '2026-06-15T12:00:00+00:00');
INSERT INTO tech_dev_milestone (tech_id, milestone_date, milestone_name, contributor_keywords, milestone_content, created_at, updated_at) VALUES ('TECH_S_7ac78f76bc1365a0', '2014-10-03', '产业化', '["航天聚变工程技术中心"]'::json, '产业化：实现6G通信关键突破。', '2026-06-15T12:00:00+00:00', '2026-06-15T12:00:00+00:00');
INSERT INTO tech_funding (tech_id, amount, source, created_at, updated_at) VALUES ('TECH_S_7ac78f76bc1365a0', 8000.0, '国家自然科学基金', '2026-06-15T12:00:00+00:00', '2026-06-15T12:00:00+00:00');
INSERT INTO tech_funding (tech_id, amount, source, created_at, updated_at) VALUES ('TECH_S_7ac78f76bc1365a0', 3000.0, '国家重点研发计划', '2026-06-15T12:00:00+00:00', '2026-06-15T12:00:00+00:00');
INSERT INTO tech_academic_output (tech_id, name, publish_date, subject_keywords, image, created_at, updated_at) VALUES ('TECH_S_7ac78f76bc1365a0', '分布式神经网络芯片方法相关研究', '2018-02-06', '["新基因高科"]'::json, '', '2026-06-15T12:00:00+00:00', '2026-06-15T12:00:00+00:00');
INSERT INTO tech_academic_output (tech_id, name, publish_date, subject_keywords, image, created_at, updated_at) VALUES ('TECH_S_7ac78f76bc1365a0', '分布式神经网络芯片方法相关研究', '2020-11-02', '["远储能集团"]'::json, '', '2026-06-15T12:00:00+00:00', '2026-06-15T12:00:00+00:00');
INSERT INTO tech_academic_output (tech_id, name, publish_date, subject_keywords, image, created_at, updated_at) VALUES ('TECH_S_7ac78f76bc1365a0', '分布式神经网络芯片方法相关研究', '2022-03-05', '["东方芯创股份"]'::json, '', '2026-06-15T12:00:00+00:00', '2026-06-15T12:00:00+00:00');
INSERT INTO tech_experiment (tech_id, content, experiment_date, result, subject_keywords, image, created_at, updated_at) VALUES ('TECH_S_7ac78f76bc1365a0', '分布式神经网络芯片方法原理验证实验', '2024-06-03', '实验数据达到预期指标', '["6G通信"]'::json, '', '2026-06-15T12:00:00+00:00', '2026-06-15T12:00:00+00:00');
INSERT INTO entity_change_log (entity_id, entity_type, field, old_value, new_value, method, operator, source_doc_id, reason, changed_at) VALUES ('TECH_S_7ac78f76bc1365a0', 'tech', '*', NULL, '{"action": "create"}'::json, 'rule', NULL, 'mock_seed', NULL, '2026-06-15T12:00:00+00:00');
INSERT INTO tech_profile (tech_id, tech_name_cn, tech_name_en, tech_name_other, tech_domain, invention_date, application_date, tech_summary, dev_goal, project_layout, key_points, transformation_status, basic_research_status, autonomy_capability, industrial_capability, tech_advantages, current_status, trend, remark, confidence, completeness, created_at, updated_at) VALUES ('TECH_S_9f30a12af08bf067', '小型化神经网络芯片平台', 'Tech-019 光量子计算', NULL, '["量子计算", "碳捕集"]'::json, '2014-04-21', '2022-06-04', '小型化神经网络芯片平台是量子计算领域的关键技术，具有高可靠性等优势，应用前景广阔。', '突破量子计算核心技术瓶颈，实现自主可控。', '["量子计算基础理论", "量子计算工程化"]'::json, '["量子计算关键工艺", "量子计算系统集成"]'::json, '待转化', '基础理论已建立', '具备完全自主知识产权', '形成完整产业链', '相比同类技术，小型化神经网络芯片平台在性能与成本上优势明显。', '中试阶段', '平稳', '', 0.838, 0.869, '2026-06-15T12:00:00+00:00', '2026-06-15T12:00:00+00:00');
INSERT INTO tech_dev_milestone (tech_id, milestone_date, milestone_name, contributor_keywords, milestone_content, created_at, updated_at) VALUES ('TECH_S_9f30a12af08bf067', '2019-08-04', '概念提出', '["南方航宇研究院"]'::json, '概念提出：实现量子计算关键突破。', '2026-06-15T12:00:00+00:00', '2026-06-15T12:00:00+00:00');
INSERT INTO tech_dev_milestone (tech_id, milestone_date, milestone_name, contributor_keywords, milestone_content, created_at, updated_at) VALUES ('TECH_S_9f30a12af08bf067', '2020-03-24', '实验室验证', '["中前沿研究所"]'::json, '实验室验证：实现量子计算关键突破。', '2026-06-15T12:00:00+00:00', '2026-06-15T12:00:00+00:00');
INSERT INTO tech_dev_milestone (tech_id, milestone_date, milestone_name, contributor_keywords, milestone_content, created_at, updated_at) VALUES ('TECH_S_9f30a12af08bf067', '2022-07-23', '工程样机', '["国航宇股份"]'::json, '工程样机：实现量子计算关键突破。', '2026-06-15T12:00:00+00:00', '2026-06-15T12:00:00+00:00');
INSERT INTO tech_dev_milestone (tech_id, milestone_date, milestone_name, contributor_keywords, milestone_content, created_at, updated_at) VALUES ('TECH_S_9f30a12af08bf067', '2016-10-19', '中试成功', '["南方航宇研究院"]'::json, '中试成功：实现量子计算关键突破。', '2026-06-15T12:00:00+00:00', '2026-06-15T12:00:00+00:00');
INSERT INTO tech_dev_milestone (tech_id, milestone_date, milestone_name, contributor_keywords, milestone_content, created_at, updated_at) VALUES ('TECH_S_9f30a12af08bf067', '2020-01-05', '产业化', '["国前沿科技"]'::json, '产业化：实现量子计算关键突破。', '2026-06-15T12:00:00+00:00', '2026-06-15T12:00:00+00:00');
INSERT INTO tech_funding (tech_id, amount, source, created_at, updated_at) VALUES ('TECH_S_9f30a12af08bf067', 8000.0, '国家自然科学基金', '2026-06-15T12:00:00+00:00', '2026-06-15T12:00:00+00:00');
INSERT INTO tech_funding (tech_id, amount, source, created_at, updated_at) VALUES ('TECH_S_9f30a12af08bf067', 1000.0, '国家重点研发计划', '2026-06-15T12:00:00+00:00', '2026-06-15T12:00:00+00:00');
INSERT INTO tech_academic_output (tech_id, name, publish_date, subject_keywords, image, created_at, updated_at) VALUES ('TECH_S_9f30a12af08bf067', '小型化神经网络芯片平台相关研究', '2018-02-14', '["南方储能实验室"]'::json, '', '2026-06-15T12:00:00+00:00', '2026-06-15T12:00:00+00:00');
INSERT INTO tech_academic_output (tech_id, name, publish_date, subject_keywords, image, created_at, updated_at) VALUES ('TECH_S_9f30a12af08bf067', '小型化神经网络芯片平台相关研究', '2024-07-18', '["航天生医高科"]'::json, '', '2026-06-15T12:00:00+00:00', '2026-06-15T12:00:00+00:00');
INSERT INTO tech_experiment (tech_id, content, experiment_date, result, subject_keywords, image, created_at, updated_at) VALUES ('TECH_S_9f30a12af08bf067', '小型化神经网络芯片平台原理验证实验', '2024-04-03', '实验数据达到预期指标', '["量子计算"]'::json, '', '2026-06-15T12:00:00+00:00', '2026-06-15T12:00:00+00:00');
INSERT INTO entity_change_log (entity_id, entity_type, field, old_value, new_value, method, operator, source_doc_id, reason, changed_at) VALUES ('TECH_S_9f30a12af08bf067', 'tech', '*', NULL, '{"action": "create"}'::json, 'rule', NULL, 'mock_seed', NULL, '2026-06-15T12:00:00+00:00');
INSERT INTO tech_profile (tech_id, tech_name_cn, tech_name_en, tech_name_other, tech_domain, invention_date, application_date, tech_summary, dev_goal, project_layout, key_points, transformation_status, basic_research_status, autonomy_capability, industrial_capability, tech_advantages, current_status, trend, remark, confidence, completeness, created_at, updated_at) VALUES ('TECH_S_2b0d61f56d8fc137', '分布式碳化硅功率器件方法', 'Tech-020 自动驾驶域控制器', NULL, '["大模型", "碳捕集"]'::json, '2017-02-04', '2025-03-25', '分布式碳化硅功率器件方法是碳捕集领域的关键技术，具有高可靠性等优势，应用前景广阔。', '突破碳捕集核心技术瓶颈，实现自主可控。', '["碳捕集基础理论", "碳捕集工程化"]'::json, '["碳捕集关键工艺", "碳捕集系统集成"]'::json, '已转化', '基础理论已建立', '具备完全自主知识产权', '形成完整产业链', '相比同类技术，分布式碳化硅功率器件方法在性能与成本上优势明显。', '中试阶段', '波动', '', 0.832, 0.852, '2026-06-15T12:00:00+00:00', '2026-06-15T12:00:00+00:00');
INSERT INTO tech_dev_milestone (tech_id, milestone_date, milestone_name, contributor_keywords, milestone_content, created_at, updated_at) VALUES ('TECH_S_2b0d61f56d8fc137', '2021-12-08', '概念提出', '["中智算研究院"]'::json, '概念提出：实现碳捕集关键突破。', '2026-06-15T12:00:00+00:00', '2026-06-15T12:00:00+00:00');
INSERT INTO tech_dev_milestone (tech_id, milestone_date, milestone_name, contributor_keywords, milestone_content, created_at, updated_at) VALUES ('TECH_S_2b0d61f56d8fc137', '2021-12-14', '实验室验证', '["新深海科技"]'::json, '实验室验证：实现碳捕集关键突破。', '2026-06-15T12:00:00+00:00', '2026-06-15T12:00:00+00:00');
INSERT INTO tech_dev_milestone (tech_id, milestone_date, milestone_name, contributor_keywords, milestone_content, created_at, updated_at) VALUES ('TECH_S_2b0d61f56d8fc137', '2021-10-06', '工程样机', '["北方光电研究所"]'::json, '工程样机：实现碳捕集关键突破。', '2026-06-15T12:00:00+00:00', '2026-06-15T12:00:00+00:00');
INSERT INTO tech_dev_milestone (tech_id, milestone_date, milestone_name, contributor_keywords, milestone_content, created_at, updated_at) VALUES ('TECH_S_2b0d61f56d8fc137', '2013-02-06', '中试成功', '["东方芯创集团"]'::json, '中试成功：实现碳捕集关键突破。', '2026-06-15T12:00:00+00:00', '2026-06-15T12:00:00+00:00');
INSERT INTO tech_dev_milestone (tech_id, milestone_date, milestone_name, contributor_keywords, milestone_content, created_at, updated_at) VALUES ('TECH_S_2b0d61f56d8fc137', '2018-11-16', '产业化', '["国智算股份"]'::json, '产业化：实现碳捕集关键突破。', '2026-06-15T12:00:00+00:00', '2026-06-15T12:00:00+00:00');
INSERT INTO tech_funding (tech_id, amount, source, created_at, updated_at) VALUES ('TECH_S_2b0d61f56d8fc137', 15000.0, '国家自然科学基金', '2026-06-15T12:00:00+00:00', '2026-06-15T12:00:00+00:00');
INSERT INTO tech_academic_output (tech_id, name, publish_date, subject_keywords, image, created_at, updated_at) VALUES ('TECH_S_2b0d61f56d8fc137', '分布式碳化硅功率器件方法相关研究', '2023-09-22', '["南方量子科技"]'::json, '', '2026-06-15T12:00:00+00:00', '2026-06-15T12:00:00+00:00');
INSERT INTO tech_academic_output (tech_id, name, publish_date, subject_keywords, image, created_at, updated_at) VALUES ('TECH_S_2b0d61f56d8fc137', '分布式碳化硅功率器件方法相关研究', '2021-05-02', '["航天光电高科"]'::json, '', '2026-06-15T12:00:00+00:00', '2026-06-15T12:00:00+00:00');
INSERT INTO tech_academic_output (tech_id, name, publish_date, subject_keywords, image, created_at, updated_at) VALUES ('TECH_S_2b0d61f56d8fc137', '分布式碳化硅功率器件方法相关研究', '2023-09-08', '["北方脑科学实验室"]'::json, '', '2026-06-15T12:00:00+00:00', '2026-06-15T12:00:00+00:00');
INSERT INTO tech_experiment (tech_id, content, experiment_date, result, subject_keywords, image, created_at, updated_at) VALUES ('TECH_S_2b0d61f56d8fc137', '分布式碳化硅功率器件方法原理验证实验', '2021-12-20', '实验数据达到预期指标', '["碳捕集"]'::json, '', '2026-06-15T12:00:00+00:00', '2026-06-15T12:00:00+00:00');
INSERT INTO entity_change_log (entity_id, entity_type, field, old_value, new_value, method, operator, source_doc_id, reason, changed_at) VALUES ('TECH_S_2b0d61f56d8fc137', 'tech', '*', NULL, '{"action": "create"}'::json, 'rule', NULL, 'mock_seed', NULL, '2026-06-15T12:00:00+00:00');
INSERT INTO tech_profile (tech_id, tech_name_cn, tech_name_en, tech_name_other, tech_domain, invention_date, application_date, tech_summary, dev_goal, project_layout, key_points, transformation_status, basic_research_status, autonomy_capability, industrial_capability, tech_advantages, current_status, trend, remark, confidence, completeness, created_at, updated_at) VALUES ('TECH_S_d8758a57d561723f', '自主可控太赫兹通信系统', 'Tech-021 可重复使用火箭', NULL, '["新能源", "网络安全"]'::json, '2009-10-19', '2019-03-07', '自主可控太赫兹通信系统是新能源领域的关键技术，具有高效率等优势，应用前景广阔。', '突破新能源核心技术瓶颈，实现自主可控。', '["新能源基础理论", "新能源工程化"]'::json, '["新能源关键工艺", "新能源系统集成"]'::json, '待转化', '基础理论已建立', '具备完全自主知识产权', '形成完整产业链', '相比同类技术，自主可控太赫兹通信系统在性能与成本上优势明显。', '工程化应用', '平稳', '', 0.975, 0.751, '2026-06-15T12:00:00+00:00', '2026-06-15T12:00:00+00:00');
INSERT INTO tech_dev_milestone (tech_id, milestone_date, milestone_name, contributor_keywords, milestone_content, created_at, updated_at) VALUES ('TECH_S_d8758a57d561723f', '2014-08-27', '概念提出', '["国航宇股份"]'::json, '概念提出：实现新能源关键突破。', '2026-06-15T12:00:00+00:00', '2026-06-15T12:00:00+00:00');
INSERT INTO tech_dev_milestone (tech_id, milestone_date, milestone_name, contributor_keywords, milestone_content, created_at, updated_at) VALUES ('TECH_S_d8758a57d561723f', '2010-10-01', '实验室验证', '["航天储能研究所"]'::json, '实验室验证：实现新能源关键突破。', '2026-06-15T12:00:00+00:00', '2026-06-15T12:00:00+00:00');
INSERT INTO tech_dev_milestone (tech_id, milestone_date, milestone_name, contributor_keywords, milestone_content, created_at, updated_at) VALUES ('TECH_S_d8758a57d561723f', '2019-09-27', '工程样机', '["国生医研究所"]'::json, '工程样机：实现新能源关键突破。', '2026-06-15T12:00:00+00:00', '2026-06-15T12:00:00+00:00');
INSERT INTO tech_dev_milestone (tech_id, milestone_date, milestone_name, contributor_keywords, milestone_content, created_at, updated_at) VALUES ('TECH_S_d8758a57d561723f', '2019-07-10', '中试成功', '["航天生医高科"]'::json, '中试成功：实现新能源关键突破。', '2026-06-15T12:00:00+00:00', '2026-06-15T12:00:00+00:00');
INSERT INTO tech_dev_milestone (tech_id, milestone_date, milestone_name, contributor_keywords, milestone_content, created_at, updated_at) VALUES ('TECH_S_d8758a57d561723f', '2021-04-17', '产业化', '["东方先进高科"]'::json, '产业化：实现新能源关键突破。', '2026-06-15T12:00:00+00:00', '2026-06-15T12:00:00+00:00');
INSERT INTO tech_funding (tech_id, amount, source, created_at, updated_at) VALUES ('TECH_S_d8758a57d561723f', 500.0, '地方专项', '2026-06-15T12:00:00+00:00', '2026-06-15T12:00:00+00:00');
INSERT INTO tech_funding (tech_id, amount, source, created_at, updated_at) VALUES ('TECH_S_d8758a57d561723f', 1000.0, '国家重点研发计划', '2026-06-15T12:00:00+00:00', '2026-06-15T12:00:00+00:00');
INSERT INTO tech_funding (tech_id, amount, source, created_at, updated_at) VALUES ('TECH_S_d8758a57d561723f', 500.0, '地方专项', '2026-06-15T12:00:00+00:00', '2026-06-15T12:00:00+00:00');
INSERT INTO tech_academic_output (tech_id, name, publish_date, subject_keywords, image, created_at, updated_at) VALUES ('TECH_S_d8758a57d561723f', '自主可控太赫兹通信系统相关研究', '2019-08-11', '["国深海科技"]'::json, '', '2026-06-15T12:00:00+00:00', '2026-06-15T12:00:00+00:00');
INSERT INTO tech_academic_output (tech_id, name, publish_date, subject_keywords, image, created_at, updated_at) VALUES ('TECH_S_d8758a57d561723f', '自主可控太赫兹通信系统相关研究', '2020-11-24', '["新基因实验室"]'::json, '', '2026-06-15T12:00:00+00:00', '2026-06-15T12:00:00+00:00');
INSERT INTO tech_academic_output (tech_id, name, publish_date, subject_keywords, image, created_at, updated_at) VALUES ('TECH_S_d8758a57d561723f', '自主可控太赫兹通信系统相关研究', '2024-01-22', '["远储能集团"]'::json, '', '2026-06-15T12:00:00+00:00', '2026-06-15T12:00:00+00:00');
INSERT INTO tech_experiment (tech_id, content, experiment_date, result, subject_keywords, image, created_at, updated_at) VALUES ('TECH_S_d8758a57d561723f', '自主可控太赫兹通信系统原理验证实验', '2024-01-12', '实验数据达到预期指标', '["新能源"]'::json, '', '2026-06-15T12:00:00+00:00', '2026-06-15T12:00:00+00:00');
INSERT INTO entity_change_log (entity_id, entity_type, field, old_value, new_value, method, operator, source_doc_id, reason, changed_at) VALUES ('TECH_S_d8758a57d561723f', 'tech', '*', NULL, '{"action": "create"}'::json, 'rule', NULL, 'mock_seed', NULL, '2026-06-15T12:00:00+00:00');
INSERT INTO tech_profile (tech_id, tech_name_cn, tech_name_en, tech_name_other, tech_domain, invention_date, application_date, tech_summary, dev_goal, project_layout, key_points, transformation_status, basic_research_status, autonomy_capability, industrial_capability, tech_advantages, current_status, trend, remark, confidence, completeness, created_at, updated_at) VALUES ('TECH_S_d76ff794a5cc63c8', '小型化氢燃料电池电堆系统', 'Tech-022 金属3D打印', NULL, '["集成电路", "增材制造"]'::json, '2020-07-26', '2025-12-01', '小型化氢燃料电池电堆系统是集成电路领域的关键技术，具有高可靠性等优势，应用前景广阔。', '突破集成电路核心技术瓶颈，实现自主可控。', '["集成电路基础理论", "集成电路工程化"]'::json, '["集成电路关键工艺", "集成电路系统集成"]'::json, '待转化', '基础理论已建立', '具备完全自主知识产权', '形成完整产业链', '相比同类技术，小型化氢燃料电池电堆系统在性能与成本上优势明显。', '中试阶段', '快速上升', '', 0.763, 0.775, '2026-06-15T12:00:00+00:00', '2026-06-15T12:00:00+00:00');
INSERT INTO tech_dev_milestone (tech_id, milestone_date, milestone_name, contributor_keywords, milestone_content, created_at, updated_at) VALUES ('TECH_S_d76ff794a5cc63c8', '2013-05-12', '概念提出', '["国前沿科技"]'::json, '概念提出：实现集成电路关键突破。', '2026-06-15T12:00:00+00:00', '2026-06-15T12:00:00+00:00');
INSERT INTO tech_dev_milestone (tech_id, milestone_date, milestone_name, contributor_keywords, milestone_content, created_at, updated_at) VALUES ('TECH_S_d76ff794a5cc63c8', '2022-11-27', '实验室验证', '["中科聚变研究所"]'::json, '实验室验证：实现集成电路关键突破。', '2026-06-15T12:00:00+00:00', '2026-06-15T12:00:00+00:00');
INSERT INTO tech_dev_milestone (tech_id, milestone_date, milestone_name, contributor_keywords, milestone_content, created_at, updated_at) VALUES ('TECH_S_d76ff794a5cc63c8', '2017-01-19', '工程样机', '["中科生医研究所"]'::json, '工程样机：实现集成电路关键突破。', '2026-06-15T12:00:00+00:00', '2026-06-15T12:00:00+00:00');
INSERT INTO tech_dev_milestone (tech_id, milestone_date, milestone_name, contributor_keywords, milestone_content, created_at, updated_at) VALUES ('TECH_S_d76ff794a5cc63c8', '2022-02-25', '中试成功', '["国生医研究所"]'::json, '中试成功：实现集成电路关键突破。', '2026-06-15T12:00:00+00:00', '2026-06-15T12:00:00+00:00');
INSERT INTO tech_dev_milestone (tech_id, milestone_date, milestone_name, contributor_keywords, milestone_content, created_at, updated_at) VALUES ('TECH_S_d76ff794a5cc63c8', '2016-11-12', '产业化', '["南方脑科学科技"]'::json, '产业化：实现集成电路关键突破。', '2026-06-15T12:00:00+00:00', '2026-06-15T12:00:00+00:00');
INSERT INTO tech_funding (tech_id, amount, source, created_at, updated_at) VALUES ('TECH_S_d76ff794a5cc63c8', 3000.0, '地方专项', '2026-06-15T12:00:00+00:00', '2026-06-15T12:00:00+00:00');
INSERT INTO tech_academic_output (tech_id, name, publish_date, subject_keywords, image, created_at, updated_at) VALUES ('TECH_S_d76ff794a5cc63c8', '小型化氢燃料电池电堆系统相关研究', '2018-04-02', '["中未来科技"]'::json, '', '2026-06-15T12:00:00+00:00', '2026-06-15T12:00:00+00:00');
INSERT INTO tech_academic_output (tech_id, name, publish_date, subject_keywords, image, created_at, updated_at) VALUES ('TECH_S_d76ff794a5cc63c8', '小型化氢燃料电池电堆系统相关研究', '2024-02-08', '["国航宇集团"]'::json, '', '2026-06-15T12:00:00+00:00', '2026-06-15T12:00:00+00:00');
INSERT INTO tech_experiment (tech_id, content, experiment_date, result, subject_keywords, image, created_at, updated_at) VALUES ('TECH_S_d76ff794a5cc63c8', '小型化氢燃料电池电堆系统原理验证实验', '2024-09-04', '实验数据达到预期指标', '["集成电路"]'::json, '', '2026-06-15T12:00:00+00:00', '2026-06-15T12:00:00+00:00');
INSERT INTO entity_change_log (entity_id, entity_type, field, old_value, new_value, method, operator, source_doc_id, reason, changed_at) VALUES ('TECH_S_d76ff794a5cc63c8', 'tech', '*', NULL, '{"action": "create"}'::json, 'rule', NULL, 'mock_seed', NULL, '2026-06-15T12:00:00+00:00');
INSERT INTO tech_profile (tech_id, tech_name_cn, tech_name_en, tech_name_other, tech_domain, invention_date, application_date, tech_summary, dev_goal, project_layout, key_points, transformation_status, basic_research_status, autonomy_capability, industrial_capability, tech_advantages, current_status, trend, remark, confidence, completeness, created_at, updated_at) VALUES ('TECH_S_2877a037285b1907', '低功耗氢燃料电池电堆工艺', 'Tech-023 可重复使用火箭', NULL, '["生物医药", "6G通信"]'::json, '2008-02-03', '2020-11-11', '低功耗氢燃料电池电堆工艺是6G通信领域的关键技术，具有高可靠性等优势，应用前景广阔。', '突破6G通信核心技术瓶颈，实现自主可控。', '["6G通信基础理论", "6G通信工程化"]'::json, '["6G通信关键工艺", "6G通信系统集成"]'::json, '已转化', '基础理论已建立', '具备完全自主知识产权', '形成完整产业链', '相比同类技术，低功耗氢燃料电池电堆工艺在性能与成本上优势明显。', '实验室阶段', '平稳', '', 0.711, 0.696, '2026-06-15T12:00:00+00:00', '2026-06-15T12:00:00+00:00');
INSERT INTO tech_dev_milestone (tech_id, milestone_date, milestone_name, contributor_keywords, milestone_content, created_at, updated_at) VALUES ('TECH_S_2877a037285b1907', '2012-07-10', '概念提出', '["北方前沿实验室"]'::json, '概念提出：实现6G通信关键突破。', '2026-06-15T12:00:00+00:00', '2026-06-15T12:00:00+00:00');
INSERT INTO tech_dev_milestone (tech_id, milestone_date, milestone_name, contributor_keywords, milestone_content, created_at, updated_at) VALUES ('TECH_S_2877a037285b1907', '2024-02-23', '实验室验证', '["中智算研究院"]'::json, '实验室验证：实现6G通信关键突破。', '2026-06-15T12:00:00+00:00', '2026-06-15T12:00:00+00:00');
INSERT INTO tech_dev_milestone (tech_id, milestone_date, milestone_name, contributor_keywords, milestone_content, created_at, updated_at) VALUES ('TECH_S_2877a037285b1907', '2015-06-19', '工程样机', '["华芯创集团"]'::json, '工程样机：实现6G通信关键突破。', '2026-06-15T12:00:00+00:00', '2026-06-15T12:00:00+00:00');
INSERT INTO tech_dev_milestone (tech_id, milestone_date, milestone_name, contributor_keywords, milestone_content, created_at, updated_at) VALUES ('TECH_S_2877a037285b1907', '2013-08-23', '中试成功', '["新芯创高科"]'::json, '中试成功：实现6G通信关键突破。', '2026-06-15T12:00:00+00:00', '2026-06-15T12:00:00+00:00');
INSERT INTO tech_dev_milestone (tech_id, milestone_date, milestone_name, contributor_keywords, milestone_content, created_at, updated_at) VALUES ('TECH_S_2877a037285b1907', '2018-08-15', '产业化', '["航天先进实验室"]'::json, '产业化：实现6G通信关键突破。', '2026-06-15T12:00:00+00:00', '2026-06-15T12:00:00+00:00');
INSERT INTO tech_funding (tech_id, amount, source, created_at, updated_at) VALUES ('TECH_S_2877a037285b1907', 1000.0, '国家自然科学基金', '2026-06-15T12:00:00+00:00', '2026-06-15T12:00:00+00:00');
INSERT INTO tech_academic_output (tech_id, name, publish_date, subject_keywords, image, created_at, updated_at) VALUES ('TECH_S_2877a037285b1907', '低功耗氢燃料电池电堆工艺相关研究', '2022-09-24', '["北方光电集团"]'::json, '', '2026-06-15T12:00:00+00:00', '2026-06-15T12:00:00+00:00');
INSERT INTO tech_academic_output (tech_id, name, publish_date, subject_keywords, image, created_at, updated_at) VALUES ('TECH_S_2877a037285b1907', '低功耗氢燃料电池电堆工艺相关研究', '2023-02-09', '["国深海科技"]'::json, '', '2026-06-15T12:00:00+00:00', '2026-06-15T12:00:00+00:00');
INSERT INTO tech_experiment (tech_id, content, experiment_date, result, subject_keywords, image, created_at, updated_at) VALUES ('TECH_S_2877a037285b1907', '低功耗氢燃料电池电堆工艺原理验证实验', '2024-05-05', '实验数据达到预期指标', '["6G通信"]'::json, '', '2026-06-15T12:00:00+00:00', '2026-06-15T12:00:00+00:00');
INSERT INTO entity_change_log (entity_id, entity_type, field, old_value, new_value, method, operator, source_doc_id, reason, changed_at) VALUES ('TECH_S_2877a037285b1907', 'tech', '*', NULL, '{"action": "create"}'::json, 'rule', NULL, 'mock_seed', NULL, '2026-06-15T12:00:00+00:00');
INSERT INTO tech_profile (tech_id, tech_name_cn, tech_name_en, tech_name_other, tech_domain, invention_date, application_date, tech_summary, dev_goal, project_layout, key_points, transformation_status, basic_research_status, autonomy_capability, industrial_capability, tech_advantages, current_status, trend, remark, confidence, completeness, created_at, updated_at) VALUES ('TECH_S_8aa8224ff9bd443c', '高可靠钙钛矿太阳能电池解决方案', 'Tech-024 量子纠错码', NULL, '["氢能", "集成电路"]'::json, '2000-02-25', '2021-02-18', '高可靠钙钛矿太阳能电池解决方案是氢能领域的关键技术，具有高效率等优势，应用前景广阔。', '突破氢能核心技术瓶颈，实现自主可控。', '["氢能基础理论", "氢能工程化"]'::json, '["氢能关键工艺", "氢能系统集成"]'::json, '转化中', '基础理论已建立', '具备完全自主知识产权', '形成完整产业链', '相比同类技术，高可靠钙钛矿太阳能电池解决方案在性能与成本上优势明显。', '中试阶段', '稳步上升', '', 0.86, 0.911, '2026-06-15T12:00:00+00:00', '2026-06-15T12:00:00+00:00');
INSERT INTO tech_dev_milestone (tech_id, milestone_date, milestone_name, contributor_keywords, milestone_content, created_at, updated_at) VALUES ('TECH_S_8aa8224ff9bd443c', '2024-08-16', '概念提出', '["航天算力研究院"]'::json, '概念提出：实现氢能关键突破。', '2026-06-15T12:00:00+00:00', '2026-06-15T12:00:00+00:00');
INSERT INTO tech_dev_milestone (tech_id, milestone_date, milestone_name, contributor_keywords, milestone_content, created_at, updated_at) VALUES ('TECH_S_8aa8224ff9bd443c', '2022-09-02', '实验室验证', '["新前沿实验室"]'::json, '实验室验证：实现氢能关键突破。', '2026-06-15T12:00:00+00:00', '2026-06-15T12:00:00+00:00');
INSERT INTO tech_dev_milestone (tech_id, milestone_date, milestone_name, contributor_keywords, milestone_content, created_at, updated_at) VALUES ('TECH_S_8aa8224ff9bd443c', '2022-06-18', '工程样机', '["东方智算实验室"]'::json, '工程样机：实现氢能关键突破。', '2026-06-15T12:00:00+00:00', '2026-06-15T12:00:00+00:00');
INSERT INTO tech_dev_milestone (tech_id, milestone_date, milestone_name, contributor_keywords, milestone_content, created_at, updated_at) VALUES ('TECH_S_8aa8224ff9bd443c', '2022-02-14', '中试成功', '["新基因高科"]'::json, '中试成功：实现氢能关键突破。', '2026-06-15T12:00:00+00:00', '2026-06-15T12:00:00+00:00');
INSERT INTO tech_dev_milestone (tech_id, milestone_date, milestone_name, contributor_keywords, milestone_content, created_at, updated_at) VALUES ('TECH_S_8aa8224ff9bd443c', '2016-05-15', '产业化', '["北方脑科学工程技术中心"]'::json, '产业化：实现氢能关键突破。', '2026-06-15T12:00:00+00:00', '2026-06-15T12:00:00+00:00');
INSERT INTO tech_funding (tech_id, amount, source, created_at, updated_at) VALUES ('TECH_S_8aa8224ff9bd443c', 1000.0, '国家重点研发计划', '2026-06-15T12:00:00+00:00', '2026-06-15T12:00:00+00:00');
INSERT INTO tech_funding (tech_id, amount, source, created_at, updated_at) VALUES ('TECH_S_8aa8224ff9bd443c', 15000.0, '企业自筹', '2026-06-15T12:00:00+00:00', '2026-06-15T12:00:00+00:00');
INSERT INTO tech_academic_output (tech_id, name, publish_date, subject_keywords, image, created_at, updated_at) VALUES ('TECH_S_8aa8224ff9bd443c', '高可靠钙钛矿太阳能电池解决方案相关研究', '2022-12-08', '["新芯创研究院"]'::json, '', '2026-06-15T12:00:00+00:00', '2026-06-15T12:00:00+00:00');
INSERT INTO tech_academic_output (tech_id, name, publish_date, subject_keywords, image, created_at, updated_at) VALUES ('TECH_S_8aa8224ff9bd443c', '高可靠钙钛矿太阳能电池解决方案相关研究', '2023-02-03', '["南方脑科学科技"]'::json, '', '2026-06-15T12:00:00+00:00', '2026-06-15T12:00:00+00:00');
INSERT INTO tech_experiment (tech_id, content, experiment_date, result, subject_keywords, image, created_at, updated_at) VALUES ('TECH_S_8aa8224ff9bd443c', '高可靠钙钛矿太阳能电池解决方案原理验证实验', '2021-09-15', '实验数据达到预期指标', '["氢能"]'::json, '', '2026-06-15T12:00:00+00:00', '2026-06-15T12:00:00+00:00');
INSERT INTO entity_change_log (entity_id, entity_type, field, old_value, new_value, method, operator, source_doc_id, reason, changed_at) VALUES ('TECH_S_8aa8224ff9bd443c', 'tech', '*', NULL, '{"action": "create"}'::json, 'rule', NULL, 'mock_seed', NULL, '2026-06-15T12:00:00+00:00');
INSERT INTO tech_profile (tech_id, tech_name_cn, tech_name_en, tech_name_other, tech_domain, invention_date, application_date, tech_summary, dev_goal, project_layout, key_points, transformation_status, basic_research_status, autonomy_capability, industrial_capability, tech_advantages, current_status, trend, remark, confidence, completeness, created_at, updated_at) VALUES ('TECH_S_9af6c893095b9405', '低功耗神经网络芯片技术', 'Tech-025 金属3D打印', NULL, '["航空航天", "机器人"]'::json, '2020-06-04', '2022-07-27', '低功耗神经网络芯片技术是航空航天领域的关键技术，具有低成本等优势，应用前景广阔。', '突破航空航天核心技术瓶颈，实现自主可控。', '["航空航天基础理论", "航空航天工程化"]'::json, '["航空航天关键工艺", "航空航天系统集成"]'::json, '转化中', '基础理论已建立', '具备完全自主知识产权', '形成完整产业链', '相比同类技术，低功耗神经网络芯片技术在性能与成本上优势明显。', '概念论证', '快速上升', '', 0.872, 0.809, '2026-06-15T12:00:00+00:00', '2026-06-15T12:00:00+00:00');
INSERT INTO tech_dev_milestone (tech_id, milestone_date, milestone_name, contributor_keywords, milestone_content, created_at, updated_at) VALUES ('TECH_S_9af6c893095b9405', '2022-05-08', '概念提出', '["远储能集团"]'::json, '概念提出：实现航空航天关键突破。', '2026-06-15T12:00:00+00:00', '2026-06-15T12:00:00+00:00');
INSERT INTO tech_dev_milestone (tech_id, milestone_date, milestone_name, contributor_keywords, milestone_content, created_at, updated_at) VALUES ('TECH_S_9af6c893095b9405', '2010-10-19', '实验室验证', '["国储能股份"]'::json, '实验室验证：实现航空航天关键突破。', '2026-06-15T12:00:00+00:00', '2026-06-15T12:00:00+00:00');
INSERT INTO tech_dev_milestone (tech_id, milestone_date, milestone_name, contributor_keywords, milestone_content, created_at, updated_at) VALUES ('TECH_S_9af6c893095b9405', '2012-11-10', '工程样机', '["新光电工程技术中心"]'::json, '工程样机：实现航空航天关键突破。', '2026-06-15T12:00:00+00:00', '2026-06-15T12:00:00+00:00');
INSERT INTO tech_dev_milestone (tech_id, milestone_date, milestone_name, contributor_keywords, milestone_content, created_at, updated_at) VALUES ('TECH_S_9af6c893095b9405', '2011-10-15', '中试成功', '["北方未来高科"]'::json, '中试成功：实现航空航天关键突破。', '2026-06-15T12:00:00+00:00', '2026-06-15T12:00:00+00:00');
INSERT INTO tech_dev_milestone (tech_id, milestone_date, milestone_name, contributor_keywords, milestone_content, created_at, updated_at) VALUES ('TECH_S_9af6c893095b9405', '2020-02-07', '产业化', '["航天光电股份"]'::json, '产业化：实现航空航天关键突破。', '2026-06-15T12:00:00+00:00', '2026-06-15T12:00:00+00:00');
INSERT INTO tech_funding (tech_id, amount, source, created_at, updated_at) VALUES ('TECH_S_9af6c893095b9405', 15000.0, '国家重点研发计划', '2026-06-15T12:00:00+00:00', '2026-06-15T12:00:00+00:00');
INSERT INTO tech_academic_output (tech_id, name, publish_date, subject_keywords, image, created_at, updated_at) VALUES ('TECH_S_9af6c893095b9405', '低功耗神经网络芯片技术相关研究', '2023-07-16', '["远脑科学股份"]'::json, '', '2026-06-15T12:00:00+00:00', '2026-06-15T12:00:00+00:00');
INSERT INTO tech_academic_output (tech_id, name, publish_date, subject_keywords, image, created_at, updated_at) VALUES ('TECH_S_9af6c893095b9405', '低功耗神经网络芯片技术相关研究', '2018-07-26', '["远脑科学股份"]'::json, '', '2026-06-15T12:00:00+00:00', '2026-06-15T12:00:00+00:00');
INSERT INTO tech_academic_output (tech_id, name, publish_date, subject_keywords, image, created_at, updated_at) VALUES ('TECH_S_9af6c893095b9405', '低功耗神经网络芯片技术相关研究', '2019-10-13', '["南方聚变股份"]'::json, '', '2026-06-15T12:00:00+00:00', '2026-06-15T12:00:00+00:00');
INSERT INTO tech_experiment (tech_id, content, experiment_date, result, subject_keywords, image, created_at, updated_at) VALUES ('TECH_S_9af6c893095b9405', '低功耗神经网络芯片技术原理验证实验', '2020-04-27', '实验数据达到预期指标', '["航空航天"]'::json, '', '2026-06-15T12:00:00+00:00', '2026-06-15T12:00:00+00:00');
INSERT INTO entity_change_log (entity_id, entity_type, field, old_value, new_value, method, operator, source_doc_id, reason, changed_at) VALUES ('TECH_S_9af6c893095b9405', 'tech', '*', NULL, '{"action": "create"}'::json, 'rule', NULL, 'mock_seed', NULL, '2026-06-15T12:00:00+00:00');
INSERT INTO tech_profile (tech_id, tech_name_cn, tech_name_en, tech_name_other, tech_domain, invention_date, application_date, tech_summary, dev_goal, project_layout, key_points, transformation_status, basic_research_status, autonomy_capability, industrial_capability, tech_advantages, current_status, trend, remark, confidence, completeness, created_at, updated_at) VALUES ('TECH_S_171448c6564747f4', '一体化自动驾驶域控制器解决方案', 'Tech-026 可重复使用火箭', NULL, '["新能源", "半导体"]'::json, '2001-03-21', '2021-11-20', '一体化自动驾驶域控制器解决方案是新能源领域的关键技术，具有高可靠性等优势，应用前景广阔。', '突破新能源核心技术瓶颈，实现自主可控。', '["新能源基础理论", "新能源工程化"]'::json, '["新能源关键工艺", "新能源系统集成"]'::json, '转化中', '基础理论已建立', '具备完全自主知识产权', '形成完整产业链', '相比同类技术，一体化自动驾驶域控制器解决方案在性能与成本上优势明显。', '中试阶段', '稳步上升', '', 0.788, 0.855, '2026-06-15T12:00:00+00:00', '2026-06-15T12:00:00+00:00');
INSERT INTO tech_dev_milestone (tech_id, milestone_date, milestone_name, contributor_keywords, milestone_content, created_at, updated_at) VALUES ('TECH_S_171448c6564747f4', '2018-08-08', '概念提出', '["东方基因股份"]'::json, '概念提出：实现新能源关键突破。', '2026-06-15T12:00:00+00:00', '2026-06-15T12:00:00+00:00');
INSERT INTO tech_dev_milestone (tech_id, milestone_date, milestone_name, contributor_keywords, milestone_content, created_at, updated_at) VALUES ('TECH_S_171448c6564747f4', '2019-11-16', '实验室验证', '["国生医研究所"]'::json, '实验室验证：实现新能源关键突破。', '2026-06-15T12:00:00+00:00', '2026-06-15T12:00:00+00:00');
INSERT INTO tech_dev_milestone (tech_id, milestone_date, milestone_name, contributor_keywords, milestone_content, created_at, updated_at) VALUES ('TECH_S_171448c6564747f4', '2011-11-13', '工程样机', '["远未来实验室"]'::json, '工程样机：实现新能源关键突破。', '2026-06-15T12:00:00+00:00', '2026-06-15T12:00:00+00:00');
INSERT INTO tech_dev_milestone (tech_id, milestone_date, milestone_name, contributor_keywords, milestone_content, created_at, updated_at) VALUES ('TECH_S_171448c6564747f4', '2016-08-12', '中试成功', '["华信息股份"]'::json, '中试成功：实现新能源关键突破。', '2026-06-15T12:00:00+00:00', '2026-06-15T12:00:00+00:00');
INSERT INTO tech_dev_milestone (tech_id, milestone_date, milestone_name, contributor_keywords, milestone_content, created_at, updated_at) VALUES ('TECH_S_171448c6564747f4', '2014-08-03', '产业化', '["华信息高科"]'::json, '产业化：实现新能源关键突破。', '2026-06-15T12:00:00+00:00', '2026-06-15T12:00:00+00:00');
INSERT INTO tech_funding (tech_id, amount, source, created_at, updated_at) VALUES ('TECH_S_171448c6564747f4', 1000.0, '国家自然科学基金', '2026-06-15T12:00:00+00:00', '2026-06-15T12:00:00+00:00');
INSERT INTO tech_funding (tech_id, amount, source, created_at, updated_at) VALUES ('TECH_S_171448c6564747f4', 500.0, '地方专项', '2026-06-15T12:00:00+00:00', '2026-06-15T12:00:00+00:00');
INSERT INTO tech_academic_output (tech_id, name, publish_date, subject_keywords, image, created_at, updated_at) VALUES ('TECH_S_171448c6564747f4', '一体化自动驾驶域控制器解决方案相关研究', '2018-03-16', '["华信息股份"]'::json, '', '2026-06-15T12:00:00+00:00', '2026-06-15T12:00:00+00:00');
INSERT INTO tech_experiment (tech_id, content, experiment_date, result, subject_keywords, image, created_at, updated_at) VALUES ('TECH_S_171448c6564747f4', '一体化自动驾驶域控制器解决方案原理验证实验', '2024-09-08', '实验数据达到预期指标', '["新能源"]'::json, '', '2026-06-15T12:00:00+00:00', '2026-06-15T12:00:00+00:00');
INSERT INTO entity_change_log (entity_id, entity_type, field, old_value, new_value, method, operator, source_doc_id, reason, changed_at) VALUES ('TECH_S_171448c6564747f4', 'tech', '*', NULL, '{"action": "create"}'::json, 'rule', NULL, 'mock_seed', NULL, '2026-06-15T12:00:00+00:00');
INSERT INTO tech_profile (tech_id, tech_name_cn, tech_name_en, tech_name_other, tech_domain, invention_date, application_date, tech_summary, dev_goal, project_layout, key_points, transformation_status, basic_research_status, autonomy_capability, industrial_capability, tech_advantages, current_status, trend, remark, confidence, completeness, created_at, updated_at) VALUES ('TECH_S_db5ad96ef52eb0cd', '新型碳纳米管平台', 'Tech-027 可重复使用火箭', NULL, '["生物医药", "脑机接口"]'::json, '2017-11-07', '2021-09-19', '新型碳纳米管平台是生物医药领域的关键技术，具有高可靠性等优势，应用前景广阔。', '突破生物医药核心技术瓶颈，实现自主可控。', '["生物医药基础理论", "生物医药工程化"]'::json, '["生物医药关键工艺", "生物医药系统集成"]'::json, '已转化', '基础理论已建立', '具备完全自主知识产权', '形成完整产业链', '相比同类技术，新型碳纳米管平台在性能与成本上优势明显。', '概念论证', '下降', '', 0.739, 0.797, '2026-06-15T12:00:00+00:00', '2026-06-15T12:00:00+00:00');
INSERT INTO tech_dev_milestone (tech_id, milestone_date, milestone_name, contributor_keywords, milestone_content, created_at, updated_at) VALUES ('TECH_S_db5ad96ef52eb0cd', '2014-02-03', '概念提出', '["东方量子科技"]'::json, '概念提出：实现生物医药关键突破。', '2026-06-15T12:00:00+00:00', '2026-06-15T12:00:00+00:00');
INSERT INTO tech_dev_milestone (tech_id, milestone_date, milestone_name, contributor_keywords, milestone_content, created_at, updated_at) VALUES ('TECH_S_db5ad96ef52eb0cd', '2017-07-22', '实验室验证', '["东方量子科技"]'::json, '实验室验证：实现生物医药关键突破。', '2026-06-15T12:00:00+00:00', '2026-06-15T12:00:00+00:00');
INSERT INTO tech_dev_milestone (tech_id, milestone_date, milestone_name, contributor_keywords, milestone_content, created_at, updated_at) VALUES ('TECH_S_db5ad96ef52eb0cd', '2018-06-08', '工程样机', '["国前沿科技"]'::json, '工程样机：实现生物医药关键突破。', '2026-06-15T12:00:00+00:00', '2026-06-15T12:00:00+00:00');
INSERT INTO tech_dev_milestone (tech_id, milestone_date, milestone_name, contributor_keywords, milestone_content, created_at, updated_at) VALUES ('TECH_S_db5ad96ef52eb0cd', '2014-06-20', '中试成功', '["国新材股份"]'::json, '中试成功：实现生物医药关键突破。', '2026-06-15T12:00:00+00:00', '2026-06-15T12:00:00+00:00');
INSERT INTO tech_dev_milestone (tech_id, milestone_date, milestone_name, contributor_keywords, milestone_content, created_at, updated_at) VALUES ('TECH_S_db5ad96ef52eb0cd', '2015-05-06', '产业化', '["华信息股份"]'::json, '产业化：实现生物医药关键突破。', '2026-06-15T12:00:00+00:00', '2026-06-15T12:00:00+00:00');
INSERT INTO tech_funding (tech_id, amount, source, created_at, updated_at) VALUES ('TECH_S_db5ad96ef52eb0cd', 500.0, '地方专项', '2026-06-15T12:00:00+00:00', '2026-06-15T12:00:00+00:00');
INSERT INTO tech_academic_output (tech_id, name, publish_date, subject_keywords, image, created_at, updated_at) VALUES ('TECH_S_db5ad96ef52eb0cd', '新型碳纳米管平台相关研究', '2018-02-13', '["北方储能工程技术中心"]'::json, '', '2026-06-15T12:00:00+00:00', '2026-06-15T12:00:00+00:00');
INSERT INTO tech_academic_output (tech_id, name, publish_date, subject_keywords, image, created_at, updated_at) VALUES ('TECH_S_db5ad96ef52eb0cd', '新型碳纳米管平台相关研究', '2024-02-10', '["中前沿研究所"]'::json, '', '2026-06-15T12:00:00+00:00', '2026-06-15T12:00:00+00:00');
INSERT INTO tech_academic_output (tech_id, name, publish_date, subject_keywords, image, created_at, updated_at) VALUES ('TECH_S_db5ad96ef52eb0cd', '新型碳纳米管平台相关研究', '2022-07-16', '["中前沿研究院"]'::json, '', '2026-06-15T12:00:00+00:00', '2026-06-15T12:00:00+00:00');
INSERT INTO tech_experiment (tech_id, content, experiment_date, result, subject_keywords, image, created_at, updated_at) VALUES ('TECH_S_db5ad96ef52eb0cd', '新型碳纳米管平台原理验证实验', '2024-12-13', '实验数据达到预期指标', '["生物医药"]'::json, '', '2026-06-15T12:00:00+00:00', '2026-06-15T12:00:00+00:00');
INSERT INTO entity_change_log (entity_id, entity_type, field, old_value, new_value, method, operator, source_doc_id, reason, changed_at) VALUES ('TECH_S_db5ad96ef52eb0cd', 'tech', '*', NULL, '{"action": "create"}'::json, 'rule', NULL, 'mock_seed', NULL, '2026-06-15T12:00:00+00:00');
INSERT INTO tech_profile (tech_id, tech_name_cn, tech_name_en, tech_name_other, tech_domain, invention_date, application_date, tech_summary, dev_goal, project_layout, key_points, transformation_status, basic_research_status, autonomy_capability, industrial_capability, tech_advantages, current_status, trend, remark, confidence, completeness, created_at, updated_at) VALUES ('TECH_S_abd94250835d40cf', '柔性毫米波雷达平台', 'Tech-028 mRNA疫苗', NULL, '["6G通信", "光电技术"]'::json, '2019-03-03', '2021-03-28', '柔性毫米波雷达平台是光电技术领域的关键技术，具有高效率等优势，应用前景广阔。', '突破光电技术核心技术瓶颈，实现自主可控。', '["光电技术基础理论", "光电技术工程化"]'::json, '["光电技术关键工艺", "光电技术系统集成"]'::json, '转化中', '基础理论已建立', '具备完全自主知识产权', '形成完整产业链', '相比同类技术，柔性毫米波雷达平台在性能与成本上优势明显。', '规模化部署', '稳步上升', '', 0.94, 0.643, '2026-06-15T12:00:00+00:00', '2026-06-15T12:00:00+00:00');
INSERT INTO tech_dev_milestone (tech_id, milestone_date, milestone_name, contributor_keywords, milestone_content, created_at, updated_at) VALUES ('TECH_S_abd94250835d40cf', '2022-08-27', '概念提出', '["新芯创高科"]'::json, '概念提出：实现光电技术关键突破。', '2026-06-15T12:00:00+00:00', '2026-06-15T12:00:00+00:00');
INSERT INTO tech_dev_milestone (tech_id, milestone_date, milestone_name, contributor_keywords, milestone_content, created_at, updated_at) VALUES ('TECH_S_abd94250835d40cf', '2011-01-08', '实验室验证', '["东方储能集团"]'::json, '实验室验证：实现光电技术关键突破。', '2026-06-15T12:00:00+00:00', '2026-06-15T12:00:00+00:00');
INSERT INTO tech_dev_milestone (tech_id, milestone_date, milestone_name, contributor_keywords, milestone_content, created_at, updated_at) VALUES ('TECH_S_abd94250835d40cf', '2011-02-25', '工程样机', '["东方先进高科"]'::json, '工程样机：实现光电技术关键突破。', '2026-06-15T12:00:00+00:00', '2026-06-15T12:00:00+00:00');
INSERT INTO tech_dev_milestone (tech_id, milestone_date, milestone_name, contributor_keywords, milestone_content, created_at, updated_at) VALUES ('TECH_S_abd94250835d40cf', '2022-02-11', '中试成功', '["东方基因股份"]'::json, '中试成功：实现光电技术关键突破。', '2026-06-15T12:00:00+00:00', '2026-06-15T12:00:00+00:00');
INSERT INTO tech_dev_milestone (tech_id, milestone_date, milestone_name, contributor_keywords, milestone_content, created_at, updated_at) VALUES ('TECH_S_abd94250835d40cf', '2011-03-03', '产业化', '["中前沿研究院"]'::json, '产业化：实现光电技术关键突破。', '2026-06-15T12:00:00+00:00', '2026-06-15T12:00:00+00:00');
INSERT INTO tech_funding (tech_id, amount, source, created_at, updated_at) VALUES ('TECH_S_abd94250835d40cf', 15000.0, '地方专项', '2026-06-15T12:00:00+00:00', '2026-06-15T12:00:00+00:00');
INSERT INTO tech_funding (tech_id, amount, source, created_at, updated_at) VALUES ('TECH_S_abd94250835d40cf', 500.0, '国家自然科学基金', '2026-06-15T12:00:00+00:00', '2026-06-15T12:00:00+00:00');
INSERT INTO tech_academic_output (tech_id, name, publish_date, subject_keywords, image, created_at, updated_at) VALUES ('TECH_S_abd94250835d40cf', '柔性毫米波雷达平台相关研究', '2022-08-02', '["东方芯创股份"]'::json, '', '2026-06-15T12:00:00+00:00', '2026-06-15T12:00:00+00:00');
INSERT INTO tech_academic_output (tech_id, name, publish_date, subject_keywords, image, created_at, updated_at) VALUES ('TECH_S_abd94250835d40cf', '柔性毫米波雷达平台相关研究', '2020-11-17', '["北方前沿实验室"]'::json, '', '2026-06-15T12:00:00+00:00', '2026-06-15T12:00:00+00:00');
INSERT INTO tech_experiment (tech_id, content, experiment_date, result, subject_keywords, image, created_at, updated_at) VALUES ('TECH_S_abd94250835d40cf', '柔性毫米波雷达平台原理验证实验', '2021-10-27', '实验数据达到预期指标', '["光电技术"]'::json, '', '2026-06-15T12:00:00+00:00', '2026-06-15T12:00:00+00:00');
INSERT INTO entity_change_log (entity_id, entity_type, field, old_value, new_value, method, operator, source_doc_id, reason, changed_at) VALUES ('TECH_S_abd94250835d40cf', 'tech', '*', NULL, '{"action": "create"}'::json, 'rule', NULL, 'mock_seed', NULL, '2026-06-15T12:00:00+00:00');
INSERT INTO tech_profile (tech_id, tech_name_cn, tech_name_en, tech_name_other, tech_domain, invention_date, application_date, tech_summary, dev_goal, project_layout, key_points, transformation_status, basic_research_status, autonomy_capability, industrial_capability, tech_advantages, current_status, trend, remark, confidence, completeness, created_at, updated_at) VALUES ('TECH_S_dc0c3ff3a1c8ab15', '小型化神经网络芯片解决方案', 'Tech-029 固态电池', NULL, '["机器人", "基因编辑"]'::json, '2011-12-08', '2024-01-04', '小型化神经网络芯片解决方案是机器人领域的关键技术，具有低成本等优势，应用前景广阔。', '突破机器人核心技术瓶颈，实现自主可控。', '["机器人基础理论", "机器人工程化"]'::json, '["机器人关键工艺", "机器人系统集成"]'::json, '转化中', '基础理论已建立', '具备完全自主知识产权', '形成完整产业链', '相比同类技术，小型化神经网络芯片解决方案在性能与成本上优势明显。', '实验室阶段', '下降', '', 0.883, 0.775, '2026-06-15T12:00:00+00:00', '2026-06-15T12:00:00+00:00');
INSERT INTO tech_dev_milestone (tech_id, milestone_date, milestone_name, contributor_keywords, milestone_content, created_at, updated_at) VALUES ('TECH_S_dc0c3ff3a1c8ab15', '2016-04-26', '概念提出', '["中智算研究院"]'::json, '概念提出：实现机器人关键突破。', '2026-06-15T12:00:00+00:00', '2026-06-15T12:00:00+00:00');
INSERT INTO tech_dev_milestone (tech_id, milestone_date, milestone_name, contributor_keywords, milestone_content, created_at, updated_at) VALUES ('TECH_S_dc0c3ff3a1c8ab15', '2018-09-08', '实验室验证', '["东方芯创集团"]'::json, '实验室验证：实现机器人关键突破。', '2026-06-15T12:00:00+00:00', '2026-06-15T12:00:00+00:00');
INSERT INTO tech_dev_milestone (tech_id, milestone_date, milestone_name, contributor_keywords, milestone_content, created_at, updated_at) VALUES ('TECH_S_dc0c3ff3a1c8ab15', '2015-06-09', '工程样机', '["华航宇股份"]'::json, '工程样机：实现机器人关键突破。', '2026-06-15T12:00:00+00:00', '2026-06-15T12:00:00+00:00');
INSERT INTO tech_dev_milestone (tech_id, milestone_date, milestone_name, contributor_keywords, milestone_content, created_at, updated_at) VALUES ('TECH_S_dc0c3ff3a1c8ab15', '2016-08-27', '中试成功', '["华信息研究所"]'::json, '中试成功：实现机器人关键突破。', '2026-06-15T12:00:00+00:00', '2026-06-15T12:00:00+00:00');
INSERT INTO tech_dev_milestone (tech_id, milestone_date, milestone_name, contributor_keywords, milestone_content, created_at, updated_at) VALUES ('TECH_S_dc0c3ff3a1c8ab15', '2023-03-28', '产业化', '["国新材股份"]'::json, '产业化：实现机器人关键突破。', '2026-06-15T12:00:00+00:00', '2026-06-15T12:00:00+00:00');
INSERT INTO tech_funding (tech_id, amount, source, created_at, updated_at) VALUES ('TECH_S_dc0c3ff3a1c8ab15', 1000.0, '地方专项', '2026-06-15T12:00:00+00:00', '2026-06-15T12:00:00+00:00');
INSERT INTO tech_funding (tech_id, amount, source, created_at, updated_at) VALUES ('TECH_S_dc0c3ff3a1c8ab15', 1000.0, '企业自筹', '2026-06-15T12:00:00+00:00', '2026-06-15T12:00:00+00:00');
INSERT INTO tech_academic_output (tech_id, name, publish_date, subject_keywords, image, created_at, updated_at) VALUES ('TECH_S_dc0c3ff3a1c8ab15', '小型化神经网络芯片解决方案相关研究', '2021-03-14', '["中科智算工程技术中心"]'::json, '', '2026-06-15T12:00:00+00:00', '2026-06-15T12:00:00+00:00');
INSERT INTO tech_experiment (tech_id, content, experiment_date, result, subject_keywords, image, created_at, updated_at) VALUES ('TECH_S_dc0c3ff3a1c8ab15', '小型化神经网络芯片解决方案原理验证实验', '2023-09-20', '实验数据达到预期指标', '["机器人"]'::json, '', '2026-06-15T12:00:00+00:00', '2026-06-15T12:00:00+00:00');
INSERT INTO entity_change_log (entity_id, entity_type, field, old_value, new_value, method, operator, source_doc_id, reason, changed_at) VALUES ('TECH_S_dc0c3ff3a1c8ab15', 'tech', '*', NULL, '{"action": "create"}'::json, 'rule', NULL, 'mock_seed', NULL, '2026-06-15T12:00:00+00:00');
INSERT INTO tech_profile (tech_id, tech_name_cn, tech_name_en, tech_name_other, tech_domain, invention_date, application_date, tech_summary, dev_goal, project_layout, key_points, transformation_status, basic_research_status, autonomy_capability, industrial_capability, tech_advantages, current_status, trend, remark, confidence, completeness, created_at, updated_at) VALUES ('TECH_S_fb74512869e7e361', '高性能金属3D打印技术', 'Tech-030 金属3D打印', NULL, '["5G通信", "机器人"]'::json, '2017-07-13', '2021-04-02', '高性能金属3D打印技术是机器人领域的关键技术，具有低成本等优势，应用前景广阔。', '突破机器人核心技术瓶颈，实现自主可控。', '["机器人基础理论", "机器人工程化"]'::json, '["机器人关键工艺", "机器人系统集成"]'::json, '转化中', '基础理论已建立', '具备完全自主知识产权', '形成完整产业链', '相比同类技术，高性能金属3D打印技术在性能与成本上优势明显。', '中试阶段', '下降', '', 0.943, 0.908, '2026-06-15T12:00:00+00:00', '2026-06-15T12:00:00+00:00');
INSERT INTO tech_dev_milestone (tech_id, milestone_date, milestone_name, contributor_keywords, milestone_content, created_at, updated_at) VALUES ('TECH_S_fb74512869e7e361', '2014-09-08', '概念提出', '["中智算研究院"]'::json, '概念提出：实现机器人关键突破。', '2026-06-15T12:00:00+00:00', '2026-06-15T12:00:00+00:00');
INSERT INTO tech_dev_milestone (tech_id, milestone_date, milestone_name, contributor_keywords, milestone_content, created_at, updated_at) VALUES ('TECH_S_fb74512869e7e361', '2024-03-17', '实验室验证', '["航天光电股份"]'::json, '实验室验证：实现机器人关键突破。', '2026-06-15T12:00:00+00:00', '2026-06-15T12:00:00+00:00');
INSERT INTO tech_dev_milestone (tech_id, milestone_date, milestone_name, contributor_keywords, milestone_content, created_at, updated_at) VALUES ('TECH_S_fb74512869e7e361', '2014-09-22', '工程样机', '["南方脑科学科技"]'::json, '工程样机：实现机器人关键突破。', '2026-06-15T12:00:00+00:00', '2026-06-15T12:00:00+00:00');
INSERT INTO tech_dev_milestone (tech_id, milestone_date, milestone_name, contributor_keywords, milestone_content, created_at, updated_at) VALUES ('TECH_S_fb74512869e7e361', '2023-06-24', '中试成功', '["航天生医高科"]'::json, '中试成功：实现机器人关键突破。', '2026-06-15T12:00:00+00:00', '2026-06-15T12:00:00+00:00');
INSERT INTO tech_dev_milestone (tech_id, milestone_date, milestone_name, contributor_keywords, milestone_content, created_at, updated_at) VALUES ('TECH_S_fb74512869e7e361', '2019-11-22', '产业化', '["国智算股份"]'::json, '产业化：实现机器人关键突破。', '2026-06-15T12:00:00+00:00', '2026-06-15T12:00:00+00:00');
INSERT INTO tech_funding (tech_id, amount, source, created_at, updated_at) VALUES ('TECH_S_fb74512869e7e361', 3000.0, '企业自筹', '2026-06-15T12:00:00+00:00', '2026-06-15T12:00:00+00:00');
INSERT INTO tech_funding (tech_id, amount, source, created_at, updated_at) VALUES ('TECH_S_fb74512869e7e361', 500.0, '企业自筹', '2026-06-15T12:00:00+00:00', '2026-06-15T12:00:00+00:00');
INSERT INTO tech_academic_output (tech_id, name, publish_date, subject_keywords, image, created_at, updated_at) VALUES ('TECH_S_fb74512869e7e361', '高性能金属3D打印技术相关研究', '2021-02-06', '["中科智算工程技术中心"]'::json, '', '2026-06-15T12:00:00+00:00', '2026-06-15T12:00:00+00:00');
INSERT INTO tech_academic_output (tech_id, name, publish_date, subject_keywords, image, created_at, updated_at) VALUES ('TECH_S_fb74512869e7e361', '高性能金属3D打印技术相关研究', '2023-09-14', '["航天储能实验室"]'::json, '', '2026-06-15T12:00:00+00:00', '2026-06-15T12:00:00+00:00');
INSERT INTO tech_academic_output (tech_id, name, publish_date, subject_keywords, image, created_at, updated_at) VALUES ('TECH_S_fb74512869e7e361', '高性能金属3D打印技术相关研究', '2019-09-15', '["国航宇高科"]'::json, '', '2026-06-15T12:00:00+00:00', '2026-06-15T12:00:00+00:00');
INSERT INTO tech_experiment (tech_id, content, experiment_date, result, subject_keywords, image, created_at, updated_at) VALUES ('TECH_S_fb74512869e7e361', '高性能金属3D打印技术原理验证实验', '2022-11-20', '实验数据达到预期指标', '["机器人"]'::json, '', '2026-06-15T12:00:00+00:00', '2026-06-15T12:00:00+00:00');
INSERT INTO entity_change_log (entity_id, entity_type, field, old_value, new_value, method, operator, source_doc_id, reason, changed_at) VALUES ('TECH_S_fb74512869e7e361', 'tech', '*', NULL, '{"action": "create"}'::json, 'rule', NULL, 'mock_seed', NULL, '2026-06-15T12:00:00+00:00');
INSERT INTO tech_profile (tech_id, tech_name_cn, tech_name_en, tech_name_other, tech_domain, invention_date, application_date, tech_summary, dev_goal, project_layout, key_points, transformation_status, basic_research_status, autonomy_capability, industrial_capability, tech_advantages, current_status, trend, remark, confidence, completeness, created_at, updated_at) VALUES ('TECH_S_009f273803aacf94', '分布式太赫兹通信技术', 'Tech-031 碳化硅功率器件', NULL, '["脑机接口", "先进算力"]'::json, '2003-11-12', '2024-04-24', '分布式太赫兹通信技术是先进算力领域的关键技术，具有高效率等优势，应用前景广阔。', '突破先进算力核心技术瓶颈，实现自主可控。', '["先进算力基础理论", "先进算力工程化"]'::json, '["先进算力关键工艺", "先进算力系统集成"]'::json, '转化中', '基础理论已建立', '具备完全自主知识产权', '形成完整产业链', '相比同类技术，分布式太赫兹通信技术在性能与成本上优势明显。', '规模化部署', '平稳', '', 0.941, 0.711, '2026-06-15T12:00:00+00:00', '2026-06-15T12:00:00+00:00');
INSERT INTO tech_dev_milestone (tech_id, milestone_date, milestone_name, contributor_keywords, milestone_content, created_at, updated_at) VALUES ('TECH_S_009f273803aacf94', '2013-04-01', '概念提出', '["国航宇集团"]'::json, '概念提出：实现先进算力关键突破。', '2026-06-15T12:00:00+00:00', '2026-06-15T12:00:00+00:00');
INSERT INTO tech_dev_milestone (tech_id, milestone_date, milestone_name, contributor_keywords, milestone_content, created_at, updated_at) VALUES ('TECH_S_009f273803aacf94', '2022-06-14', '实验室验证', '["南方聚变股份"]'::json, '实验室验证：实现先进算力关键突破。', '2026-06-15T12:00:00+00:00', '2026-06-15T12:00:00+00:00');
INSERT INTO tech_dev_milestone (tech_id, milestone_date, milestone_name, contributor_keywords, milestone_content, created_at, updated_at) VALUES ('TECH_S_009f273803aacf94', '2010-10-20', '工程样机', '["中科未来集团"]'::json, '工程样机：实现先进算力关键突破。', '2026-06-15T12:00:00+00:00', '2026-06-15T12:00:00+00:00');
INSERT INTO tech_dev_milestone (tech_id, milestone_date, milestone_name, contributor_keywords, milestone_content, created_at, updated_at) VALUES ('TECH_S_009f273803aacf94', '2010-06-04', '中试成功', '["南方前沿集团"]'::json, '中试成功：实现先进算力关键突破。', '2026-06-15T12:00:00+00:00', '2026-06-15T12:00:00+00:00');
INSERT INTO tech_dev_milestone (tech_id, milestone_date, milestone_name, contributor_keywords, milestone_content, created_at, updated_at) VALUES ('TECH_S_009f273803aacf94', '2020-05-20', '产业化', '["国生医研究所"]'::json, '产业化：实现先进算力关键突破。', '2026-06-15T12:00:00+00:00', '2026-06-15T12:00:00+00:00');
INSERT INTO tech_funding (tech_id, amount, source, created_at, updated_at) VALUES ('TECH_S_009f273803aacf94', 8000.0, '国家重点研发计划', '2026-06-15T12:00:00+00:00', '2026-06-15T12:00:00+00:00');
INSERT INTO tech_funding (tech_id, amount, source, created_at, updated_at) VALUES ('TECH_S_009f273803aacf94', 8000.0, '国家自然科学基金', '2026-06-15T12:00:00+00:00', '2026-06-15T12:00:00+00:00');
INSERT INTO tech_academic_output (tech_id, name, publish_date, subject_keywords, image, created_at, updated_at) VALUES ('TECH_S_009f273803aacf94', '分布式太赫兹通信技术相关研究', '2019-10-08', '["航天脑科学高科"]'::json, '', '2026-06-15T12:00:00+00:00', '2026-06-15T12:00:00+00:00');
INSERT INTO tech_academic_output (tech_id, name, publish_date, subject_keywords, image, created_at, updated_at) VALUES ('TECH_S_009f273803aacf94', '分布式太赫兹通信技术相关研究', '2019-01-14', '["中前沿研究所"]'::json, '', '2026-06-15T12:00:00+00:00', '2026-06-15T12:00:00+00:00');
INSERT INTO tech_experiment (tech_id, content, experiment_date, result, subject_keywords, image, created_at, updated_at) VALUES ('TECH_S_009f273803aacf94', '分布式太赫兹通信技术原理验证实验', '2022-06-14', '实验数据达到预期指标', '["先进算力"]'::json, '', '2026-06-15T12:00:00+00:00', '2026-06-15T12:00:00+00:00');
INSERT INTO entity_change_log (entity_id, entity_type, field, old_value, new_value, method, operator, source_doc_id, reason, changed_at) VALUES ('TECH_S_009f273803aacf94', 'tech', '*', NULL, '{"action": "create"}'::json, 'rule', NULL, 'mock_seed', NULL, '2026-06-15T12:00:00+00:00');
INSERT INTO tech_profile (tech_id, tech_name_cn, tech_name_en, tech_name_other, tech_domain, invention_date, application_date, tech_summary, dev_goal, project_layout, key_points, transformation_status, basic_research_status, autonomy_capability, industrial_capability, tech_advantages, current_status, trend, remark, confidence, completeness, created_at, updated_at) VALUES ('TECH_S_a564b8c042f74ea0', '高可靠可重复使用火箭技术', 'Tech-032 碳化硅功率器件', NULL, '["量子计算", "碳捕集"]'::json, '2011-04-15', '2021-10-17', '高可靠可重复使用火箭技术是碳捕集领域的关键技术，具有高可靠性等优势，应用前景广阔。', '突破碳捕集核心技术瓶颈，实现自主可控。', '["碳捕集基础理论", "碳捕集工程化"]'::json, '["碳捕集关键工艺", "碳捕集系统集成"]'::json, '转化中', '基础理论已建立', '具备完全自主知识产权', '形成完整产业链', '相比同类技术，高可靠可重复使用火箭技术在性能与成本上优势明显。', '概念论证', '快速上升', '', 0.809, 0.558, '2026-06-15T12:00:00+00:00', '2026-06-15T12:00:00+00:00');
INSERT INTO tech_dev_milestone (tech_id, milestone_date, milestone_name, contributor_keywords, milestone_content, created_at, updated_at) VALUES ('TECH_S_a564b8c042f74ea0', '2014-04-06', '概念提出', '["东方先进高科"]'::json, '概念提出：实现碳捕集关键突破。', '2026-06-15T12:00:00+00:00', '2026-06-15T12:00:00+00:00');
INSERT INTO tech_dev_milestone (tech_id, milestone_date, milestone_name, contributor_keywords, milestone_content, created_at, updated_at) VALUES ('TECH_S_a564b8c042f74ea0', '2018-02-01', '实验室验证', '["东方储能集团"]'::json, '实验室验证：实现碳捕集关键突破。', '2026-06-15T12:00:00+00:00', '2026-06-15T12:00:00+00:00');
INSERT INTO tech_dev_milestone (tech_id, milestone_date, milestone_name, contributor_keywords, milestone_content, created_at, updated_at) VALUES ('TECH_S_a564b8c042f74ea0', '2019-03-10', '工程样机', '["华氢动实验室"]'::json, '工程样机：实现碳捕集关键突破。', '2026-06-15T12:00:00+00:00', '2026-06-15T12:00:00+00:00');
INSERT INTO tech_dev_milestone (tech_id, milestone_date, milestone_name, contributor_keywords, milestone_content, created_at, updated_at) VALUES ('TECH_S_a564b8c042f74ea0', '2016-12-24', '中试成功', '["南方量子高科"]'::json, '中试成功：实现碳捕集关键突破。', '2026-06-15T12:00:00+00:00', '2026-06-15T12:00:00+00:00');
INSERT INTO tech_dev_milestone (tech_id, milestone_date, milestone_name, contributor_keywords, milestone_content, created_at, updated_at) VALUES ('TECH_S_a564b8c042f74ea0', '2015-12-18', '产业化', '["中未来科技"]'::json, '产业化：实现碳捕集关键突破。', '2026-06-15T12:00:00+00:00', '2026-06-15T12:00:00+00:00');
INSERT INTO tech_funding (tech_id, amount, source, created_at, updated_at) VALUES ('TECH_S_a564b8c042f74ea0', 3000.0, '地方专项', '2026-06-15T12:00:00+00:00', '2026-06-15T12:00:00+00:00');
INSERT INTO tech_funding (tech_id, amount, source, created_at, updated_at) VALUES ('TECH_S_a564b8c042f74ea0', 15000.0, '国家重点研发计划', '2026-06-15T12:00:00+00:00', '2026-06-15T12:00:00+00:00');
INSERT INTO tech_academic_output (tech_id, name, publish_date, subject_keywords, image, created_at, updated_at) VALUES ('TECH_S_a564b8c042f74ea0', '高可靠可重复使用火箭技术相关研究', '2024-01-18', '["国氢动高科"]'::json, '', '2026-06-15T12:00:00+00:00', '2026-06-15T12:00:00+00:00');
INSERT INTO tech_academic_output (tech_id, name, publish_date, subject_keywords, image, created_at, updated_at) VALUES ('TECH_S_a564b8c042f74ea0', '高可靠可重复使用火箭技术相关研究', '2019-07-02', '["新光电工程技术中心"]'::json, '', '2026-06-15T12:00:00+00:00', '2026-06-15T12:00:00+00:00');
INSERT INTO tech_experiment (tech_id, content, experiment_date, result, subject_keywords, image, created_at, updated_at) VALUES ('TECH_S_a564b8c042f74ea0', '高可靠可重复使用火箭技术原理验证实验', '2022-10-21', '实验数据达到预期指标', '["碳捕集"]'::json, '', '2026-06-15T12:00:00+00:00', '2026-06-15T12:00:00+00:00');
INSERT INTO entity_change_log (entity_id, entity_type, field, old_value, new_value, method, operator, source_doc_id, reason, changed_at) VALUES ('TECH_S_a564b8c042f74ea0', 'tech', '*', NULL, '{"action": "create"}'::json, 'rule', NULL, 'mock_seed', NULL, '2026-06-15T12:00:00+00:00');
INSERT INTO tech_profile (tech_id, tech_name_cn, tech_name_en, tech_name_other, tech_domain, invention_date, application_date, tech_summary, dev_goal, project_layout, key_points, transformation_status, basic_research_status, autonomy_capability, industrial_capability, tech_advantages, current_status, trend, remark, confidence, completeness, created_at, updated_at) VALUES ('TECH_S_5cf1e98d14ef0245', '新型碳化硅功率器件装置', 'Tech-033 氢燃料电池电堆', NULL, '["网络安全", "自动驾驶"]'::json, '2006-12-14', '2018-04-07', '新型碳化硅功率器件装置是自动驾驶领域的关键技术，具有高可靠性等优势，应用前景广阔。', '突破自动驾驶核心技术瓶颈，实现自主可控。', '["自动驾驶基础理论", "自动驾驶工程化"]'::json, '["自动驾驶关键工艺", "自动驾驶系统集成"]'::json, '已转化', '基础理论已建立', '具备完全自主知识产权', '形成完整产业链', '相比同类技术，新型碳化硅功率器件装置在性能与成本上优势明显。', '中试阶段', '快速上升', '', 0.816, 0.744, '2026-06-15T12:00:00+00:00', '2026-06-15T12:00:00+00:00');
INSERT INTO tech_dev_milestone (tech_id, milestone_date, milestone_name, contributor_keywords, milestone_content, created_at, updated_at) VALUES ('TECH_S_5cf1e98d14ef0245', '2024-04-22', '概念提出', '["北方脑科学实验室"]'::json, '概念提出：实现自动驾驶关键突破。', '2026-06-15T12:00:00+00:00', '2026-06-15T12:00:00+00:00');
INSERT INTO tech_dev_milestone (tech_id, milestone_date, milestone_name, contributor_keywords, milestone_content, created_at, updated_at) VALUES ('TECH_S_5cf1e98d14ef0245', '2018-12-27', '实验室验证', '["航天聚变工程技术中心"]'::json, '实验室验证：实现自动驾驶关键突破。', '2026-06-15T12:00:00+00:00', '2026-06-15T12:00:00+00:00');
INSERT INTO tech_dev_milestone (tech_id, milestone_date, milestone_name, contributor_keywords, milestone_content, created_at, updated_at) VALUES ('TECH_S_5cf1e98d14ef0245', '2013-03-10', '工程样机', '["航天聚变工程技术中心"]'::json, '工程样机：实现自动驾驶关键突破。', '2026-06-15T12:00:00+00:00', '2026-06-15T12:00:00+00:00');
INSERT INTO tech_dev_milestone (tech_id, milestone_date, milestone_name, contributor_keywords, milestone_content, created_at, updated_at) VALUES ('TECH_S_5cf1e98d14ef0245', '2014-10-07', '中试成功', '["国生医研究所"]'::json, '中试成功：实现自动驾驶关键突破。', '2026-06-15T12:00:00+00:00', '2026-06-15T12:00:00+00:00');
INSERT INTO tech_dev_milestone (tech_id, milestone_date, milestone_name, contributor_keywords, milestone_content, created_at, updated_at) VALUES ('TECH_S_5cf1e98d14ef0245', '2019-06-19', '产业化', '["中科未来集团"]'::json, '产业化：实现自动驾驶关键突破。', '2026-06-15T12:00:00+00:00', '2026-06-15T12:00:00+00:00');
INSERT INTO tech_funding (tech_id, amount, source, created_at, updated_at) VALUES ('TECH_S_5cf1e98d14ef0245', 500.0, '国家重点研发计划', '2026-06-15T12:00:00+00:00', '2026-06-15T12:00:00+00:00');
INSERT INTO tech_funding (tech_id, amount, source, created_at, updated_at) VALUES ('TECH_S_5cf1e98d14ef0245', 3000.0, '国家重点研发计划', '2026-06-15T12:00:00+00:00', '2026-06-15T12:00:00+00:00');
INSERT INTO tech_academic_output (tech_id, name, publish_date, subject_keywords, image, created_at, updated_at) VALUES ('TECH_S_5cf1e98d14ef0245', '新型碳化硅功率器件装置相关研究', '2022-04-01', '["东方基因股份"]'::json, '', '2026-06-15T12:00:00+00:00', '2026-06-15T12:00:00+00:00');
INSERT INTO tech_academic_output (tech_id, name, publish_date, subject_keywords, image, created_at, updated_at) VALUES ('TECH_S_5cf1e98d14ef0245', '新型碳化硅功率器件装置相关研究', '2021-02-18', '["中聚变研究所"]'::json, '', '2026-06-15T12:00:00+00:00', '2026-06-15T12:00:00+00:00');
INSERT INTO tech_academic_output (tech_id, name, publish_date, subject_keywords, image, created_at, updated_at) VALUES ('TECH_S_5cf1e98d14ef0245', '新型碳化硅功率器件装置相关研究', '2020-11-03', '["新光电工程技术中心"]'::json, '', '2026-06-15T12:00:00+00:00', '2026-06-15T12:00:00+00:00');
INSERT INTO tech_experiment (tech_id, content, experiment_date, result, subject_keywords, image, created_at, updated_at) VALUES ('TECH_S_5cf1e98d14ef0245', '新型碳化硅功率器件装置原理验证实验', '2022-07-03', '实验数据达到预期指标', '["自动驾驶"]'::json, '', '2026-06-15T12:00:00+00:00', '2026-06-15T12:00:00+00:00');
INSERT INTO entity_change_log (entity_id, entity_type, field, old_value, new_value, method, operator, source_doc_id, reason, changed_at) VALUES ('TECH_S_5cf1e98d14ef0245', 'tech', '*', NULL, '{"action": "create"}'::json, 'rule', NULL, 'mock_seed', NULL, '2026-06-15T12:00:00+00:00');
INSERT INTO tech_profile (tech_id, tech_name_cn, tech_name_en, tech_name_other, tech_domain, invention_date, application_date, tech_summary, dev_goal, project_layout, key_points, transformation_status, basic_research_status, autonomy_capability, industrial_capability, tech_advantages, current_status, trend, remark, confidence, completeness, created_at, updated_at) VALUES ('TECH_S_3a877b11cd3f02c9', '分布式固态电池工艺', 'Tech-034 卫星星座组网', NULL, '["储能", "碳捕集"]'::json, '2002-07-18', '2018-02-27', '分布式固态电池工艺是储能领域的关键技术，具有高可靠性等优势，应用前景广阔。', '突破储能核心技术瓶颈，实现自主可控。', '["储能基础理论", "储能工程化"]'::json, '["储能关键工艺", "储能系统集成"]'::json, '已转化', '基础理论已建立', '具备完全自主知识产权', '形成完整产业链', '相比同类技术，分布式固态电池工艺在性能与成本上优势明显。', '概念论证', '平稳', '', 0.941, 0.671, '2026-06-15T12:00:00+00:00', '2026-06-15T12:00:00+00:00');
INSERT INTO tech_dev_milestone (tech_id, milestone_date, milestone_name, contributor_keywords, milestone_content, created_at, updated_at) VALUES ('TECH_S_3a877b11cd3f02c9', '2019-05-21', '概念提出', '["航天先进实验室"]'::json, '概念提出：实现储能关键突破。', '2026-06-15T12:00:00+00:00', '2026-06-15T12:00:00+00:00');
INSERT INTO tech_dev_milestone (tech_id, milestone_date, milestone_name, contributor_keywords, milestone_content, created_at, updated_at) VALUES ('TECH_S_3a877b11cd3f02c9', '2019-01-08', '实验室验证', '["华信息高科"]'::json, '实验室验证：实现储能关键突破。', '2026-06-15T12:00:00+00:00', '2026-06-15T12:00:00+00:00');
INSERT INTO tech_dev_milestone (tech_id, milestone_date, milestone_name, contributor_keywords, milestone_content, created_at, updated_at) VALUES ('TECH_S_3a877b11cd3f02c9', '2017-07-25', '工程样机', '["华生医实验室"]'::json, '工程样机：实现储能关键突破。', '2026-06-15T12:00:00+00:00', '2026-06-15T12:00:00+00:00');
INSERT INTO tech_dev_milestone (tech_id, milestone_date, milestone_name, contributor_keywords, milestone_content, created_at, updated_at) VALUES ('TECH_S_3a877b11cd3f02c9', '2015-08-28', '中试成功', '["中前沿研究院"]'::json, '中试成功：实现储能关键突破。', '2026-06-15T12:00:00+00:00', '2026-06-15T12:00:00+00:00');
INSERT INTO tech_dev_milestone (tech_id, milestone_date, milestone_name, contributor_keywords, milestone_content, created_at, updated_at) VALUES ('TECH_S_3a877b11cd3f02c9', '2010-03-22', '产业化', '["远生医工程技术中心"]'::json, '产业化：实现储能关键突破。', '2026-06-15T12:00:00+00:00', '2026-06-15T12:00:00+00:00');
INSERT INTO tech_funding (tech_id, amount, source, created_at, updated_at) VALUES ('TECH_S_3a877b11cd3f02c9', 1000.0, '企业自筹', '2026-06-15T12:00:00+00:00', '2026-06-15T12:00:00+00:00');
INSERT INTO tech_funding (tech_id, amount, source, created_at, updated_at) VALUES ('TECH_S_3a877b11cd3f02c9', 1000.0, '企业自筹', '2026-06-15T12:00:00+00:00', '2026-06-15T12:00:00+00:00');
INSERT INTO tech_academic_output (tech_id, name, publish_date, subject_keywords, image, created_at, updated_at) VALUES ('TECH_S_3a877b11cd3f02c9', '分布式固态电池工艺相关研究', '2023-08-21', '["新基因实验室"]'::json, '', '2026-06-15T12:00:00+00:00', '2026-06-15T12:00:00+00:00');
INSERT INTO tech_academic_output (tech_id, name, publish_date, subject_keywords, image, created_at, updated_at) VALUES ('TECH_S_3a877b11cd3f02c9', '分布式固态电池工艺相关研究', '2019-08-13', '["东方信息研究院"]'::json, '', '2026-06-15T12:00:00+00:00', '2026-06-15T12:00:00+00:00');
INSERT INTO tech_experiment (tech_id, content, experiment_date, result, subject_keywords, image, created_at, updated_at) VALUES ('TECH_S_3a877b11cd3f02c9', '分布式固态电池工艺原理验证实验', '2020-11-13', '实验数据达到预期指标', '["储能"]'::json, '', '2026-06-15T12:00:00+00:00', '2026-06-15T12:00:00+00:00');
INSERT INTO entity_change_log (entity_id, entity_type, field, old_value, new_value, method, operator, source_doc_id, reason, changed_at) VALUES ('TECH_S_3a877b11cd3f02c9', 'tech', '*', NULL, '{"action": "create"}'::json, 'rule', NULL, 'mock_seed', NULL, '2026-06-15T12:00:00+00:00');
INSERT INTO tech_profile (tech_id, tech_name_cn, tech_name_en, tech_name_other, tech_domain, invention_date, application_date, tech_summary, dev_goal, project_layout, key_points, transformation_status, basic_research_status, autonomy_capability, industrial_capability, tech_advantages, current_status, trend, remark, confidence, completeness, created_at, updated_at) VALUES ('TECH_S_d2bf3c29f44a1d88', '新型自动驾驶域控制器平台', 'Tech-035 光量子计算', NULL, '["大模型", "增材制造"]'::json, '2006-02-05', '2018-07-08', '新型自动驾驶域控制器平台是大模型领域的关键技术，具有低成本等优势，应用前景广阔。', '突破大模型核心技术瓶颈，实现自主可控。', '["大模型基础理论", "大模型工程化"]'::json, '["大模型关键工艺", "大模型系统集成"]'::json, '已转化', '基础理论已建立', '具备完全自主知识产权', '形成完整产业链', '相比同类技术，新型自动驾驶域控制器平台在性能与成本上优势明显。', '工程化应用', '波动', '', 0.721, 0.746, '2026-06-15T12:00:00+00:00', '2026-06-15T12:00:00+00:00');
INSERT INTO tech_dev_milestone (tech_id, milestone_date, milestone_name, contributor_keywords, milestone_content, created_at, updated_at) VALUES ('TECH_S_d2bf3c29f44a1d88', '2022-01-23', '概念提出', '["国前沿科技"]'::json, '概念提出：实现大模型关键突破。', '2026-06-15T12:00:00+00:00', '2026-06-15T12:00:00+00:00');
INSERT INTO tech_dev_milestone (tech_id, milestone_date, milestone_name, contributor_keywords, milestone_content, created_at, updated_at) VALUES ('TECH_S_d2bf3c29f44a1d88', '2017-12-18', '实验室验证', '["中科聚变研究所"]'::json, '实验室验证：实现大模型关键突破。', '2026-06-15T12:00:00+00:00', '2026-06-15T12:00:00+00:00');
INSERT INTO tech_dev_milestone (tech_id, milestone_date, milestone_name, contributor_keywords, milestone_content, created_at, updated_at) VALUES ('TECH_S_d2bf3c29f44a1d88', '2020-07-08', '工程样机', '["南方聚变股份"]'::json, '工程样机：实现大模型关键突破。', '2026-06-15T12:00:00+00:00', '2026-06-15T12:00:00+00:00');
INSERT INTO tech_dev_milestone (tech_id, milestone_date, milestone_name, contributor_keywords, milestone_content, created_at, updated_at) VALUES ('TECH_S_d2bf3c29f44a1d88', '2012-01-01', '中试成功', '["新基因实验室"]'::json, '中试成功：实现大模型关键突破。', '2026-06-15T12:00:00+00:00', '2026-06-15T12:00:00+00:00');
INSERT INTO tech_dev_milestone (tech_id, milestone_date, milestone_name, contributor_keywords, milestone_content, created_at, updated_at) VALUES ('TECH_S_d2bf3c29f44a1d88', '2012-01-09', '产业化', '["中智算研究院"]'::json, '产业化：实现大模型关键突破。', '2026-06-15T12:00:00+00:00', '2026-06-15T12:00:00+00:00');
INSERT INTO tech_funding (tech_id, amount, source, created_at, updated_at) VALUES ('TECH_S_d2bf3c29f44a1d88', 8000.0, '企业自筹', '2026-06-15T12:00:00+00:00', '2026-06-15T12:00:00+00:00');
INSERT INTO tech_funding (tech_id, amount, source, created_at, updated_at) VALUES ('TECH_S_d2bf3c29f44a1d88', 1000.0, '国家重点研发计划', '2026-06-15T12:00:00+00:00', '2026-06-15T12:00:00+00:00');
INSERT INTO tech_funding (tech_id, amount, source, created_at, updated_at) VALUES ('TECH_S_d2bf3c29f44a1d88', 1000.0, '国家自然科学基金', '2026-06-15T12:00:00+00:00', '2026-06-15T12:00:00+00:00');
INSERT INTO tech_academic_output (tech_id, name, publish_date, subject_keywords, image, created_at, updated_at) VALUES ('TECH_S_d2bf3c29f44a1d88', '新型自动驾驶域控制器平台相关研究', '2019-10-21', '["东方储能高科"]'::json, '', '2026-06-15T12:00:00+00:00', '2026-06-15T12:00:00+00:00');
INSERT INTO tech_academic_output (tech_id, name, publish_date, subject_keywords, image, created_at, updated_at) VALUES ('TECH_S_d2bf3c29f44a1d88', '新型自动驾驶域控制器平台相关研究', '2022-03-20', '["航天芯创实验室"]'::json, '', '2026-06-15T12:00:00+00:00', '2026-06-15T12:00:00+00:00');
INSERT INTO tech_experiment (tech_id, content, experiment_date, result, subject_keywords, image, created_at, updated_at) VALUES ('TECH_S_d2bf3c29f44a1d88', '新型自动驾驶域控制器平台原理验证实验', '2020-02-16', '实验数据达到预期指标', '["大模型"]'::json, '', '2026-06-15T12:00:00+00:00', '2026-06-15T12:00:00+00:00');
INSERT INTO entity_change_log (entity_id, entity_type, field, old_value, new_value, method, operator, source_doc_id, reason, changed_at) VALUES ('TECH_S_d2bf3c29f44a1d88', 'tech', '*', NULL, '{"action": "create"}'::json, 'rule', NULL, 'mock_seed', NULL, '2026-06-15T12:00:00+00:00');
INSERT INTO tech_profile (tech_id, tech_name_cn, tech_name_en, tech_name_other, tech_domain, invention_date, application_date, tech_summary, dev_goal, project_layout, key_points, transformation_status, basic_research_status, autonomy_capability, industrial_capability, tech_advantages, current_status, trend, remark, confidence, completeness, created_at, updated_at) VALUES ('TECH_S_c9ccf00a91d95f23', '分布式碳化硅功率器件系统', 'Tech-036 太赫兹通信', NULL, '["无人机", "人工智能"]'::json, '2008-05-13', '2025-06-25', '分布式碳化硅功率器件系统是无人机领域的关键技术，具有低成本等优势，应用前景广阔。', '突破无人机核心技术瓶颈，实现自主可控。', '["无人机基础理论", "无人机工程化"]'::json, '["无人机关键工艺", "无人机系统集成"]'::json, '转化中', '基础理论已建立', '具备完全自主知识产权', '形成完整产业链', '相比同类技术，分布式碳化硅功率器件系统在性能与成本上优势明显。', '规模化部署', '波动', '', 0.798, 0.594, '2026-06-15T12:00:00+00:00', '2026-06-15T12:00:00+00:00');
INSERT INTO tech_dev_milestone (tech_id, milestone_date, milestone_name, contributor_keywords, milestone_content, created_at, updated_at) VALUES ('TECH_S_c9ccf00a91d95f23', '2020-04-20', '概念提出', '["国生医工程技术中心"]'::json, '概念提出：实现无人机关键突破。', '2026-06-15T12:00:00+00:00', '2026-06-15T12:00:00+00:00');
INSERT INTO tech_dev_milestone (tech_id, milestone_date, milestone_name, contributor_keywords, milestone_content, created_at, updated_at) VALUES ('TECH_S_c9ccf00a91d95f23', '2015-07-12', '实验室验证', '["中科智算工程技术中心"]'::json, '实验室验证：实现无人机关键突破。', '2026-06-15T12:00:00+00:00', '2026-06-15T12:00:00+00:00');
INSERT INTO tech_dev_milestone (tech_id, milestone_date, milestone_name, contributor_keywords, milestone_content, created_at, updated_at) VALUES ('TECH_S_c9ccf00a91d95f23', '2015-10-10', '工程样机', '["华信息研究所"]'::json, '工程样机：实现无人机关键突破。', '2026-06-15T12:00:00+00:00', '2026-06-15T12:00:00+00:00');
INSERT INTO tech_dev_milestone (tech_id, milestone_date, milestone_name, contributor_keywords, milestone_content, created_at, updated_at) VALUES ('TECH_S_c9ccf00a91d95f23', '2018-03-13', '中试成功', '["华氢动实验室"]'::json, '中试成功：实现无人机关键突破。', '2026-06-15T12:00:00+00:00', '2026-06-15T12:00:00+00:00');
INSERT INTO tech_dev_milestone (tech_id, milestone_date, milestone_name, contributor_keywords, milestone_content, created_at, updated_at) VALUES ('TECH_S_c9ccf00a91d95f23', '2014-01-23', '产业化', '["南方储能实验室"]'::json, '产业化：实现无人机关键突破。', '2026-06-15T12:00:00+00:00', '2026-06-15T12:00:00+00:00');
INSERT INTO tech_funding (tech_id, amount, source, created_at, updated_at) VALUES ('TECH_S_c9ccf00a91d95f23', 15000.0, '国家自然科学基金', '2026-06-15T12:00:00+00:00', '2026-06-15T12:00:00+00:00');
INSERT INTO tech_funding (tech_id, amount, source, created_at, updated_at) VALUES ('TECH_S_c9ccf00a91d95f23', 1000.0, '企业自筹', '2026-06-15T12:00:00+00:00', '2026-06-15T12:00:00+00:00');
INSERT INTO tech_academic_output (tech_id, name, publish_date, subject_keywords, image, created_at, updated_at) VALUES ('TECH_S_c9ccf00a91d95f23', '分布式碳化硅功率器件系统相关研究', '2019-07-28', '["新脑科学实验室"]'::json, '', '2026-06-15T12:00:00+00:00', '2026-06-15T12:00:00+00:00');
INSERT INTO tech_academic_output (tech_id, name, publish_date, subject_keywords, image, created_at, updated_at) VALUES ('TECH_S_c9ccf00a91d95f23', '分布式碳化硅功率器件系统相关研究', '2019-12-25', '["远脑科学股份"]'::json, '', '2026-06-15T12:00:00+00:00', '2026-06-15T12:00:00+00:00');
INSERT INTO tech_academic_output (tech_id, name, publish_date, subject_keywords, image, created_at, updated_at) VALUES ('TECH_S_c9ccf00a91d95f23', '分布式碳化硅功率器件系统相关研究', '2024-01-24', '["东方脑科学科技"]'::json, '', '2026-06-15T12:00:00+00:00', '2026-06-15T12:00:00+00:00');
INSERT INTO tech_experiment (tech_id, content, experiment_date, result, subject_keywords, image, created_at, updated_at) VALUES ('TECH_S_c9ccf00a91d95f23', '分布式碳化硅功率器件系统原理验证实验', '2021-10-25', '实验数据达到预期指标', '["无人机"]'::json, '', '2026-06-15T12:00:00+00:00', '2026-06-15T12:00:00+00:00');
INSERT INTO entity_change_log (entity_id, entity_type, field, old_value, new_value, method, operator, source_doc_id, reason, changed_at) VALUES ('TECH_S_c9ccf00a91d95f23', 'tech', '*', NULL, '{"action": "create"}'::json, 'rule', NULL, 'mock_seed', NULL, '2026-06-15T12:00:00+00:00');
INSERT INTO tech_profile (tech_id, tech_name_cn, tech_name_en, tech_name_other, tech_domain, invention_date, application_date, tech_summary, dev_goal, project_layout, key_points, transformation_status, basic_research_status, autonomy_capability, industrial_capability, tech_advantages, current_status, trend, remark, confidence, completeness, created_at, updated_at) VALUES ('TECH_S_41fd2c5eb6ce7932', '智能化毫米波雷达平台', 'Tech-037 光量子计算', NULL, '["氢能", "碳捕集"]'::json, '2009-03-15', '2021-04-10', '智能化毫米波雷达平台是氢能领域的关键技术，具有低成本等优势，应用前景广阔。', '突破氢能核心技术瓶颈，实现自主可控。', '["氢能基础理论", "氢能工程化"]'::json, '["氢能关键工艺", "氢能系统集成"]'::json, '待转化', '基础理论已建立', '具备完全自主知识产权', '形成完整产业链', '相比同类技术，智能化毫米波雷达平台在性能与成本上优势明显。', '概念论证', '波动', '', 0.906, 0.903, '2026-06-15T12:00:00+00:00', '2026-06-15T12:00:00+00:00');
INSERT INTO tech_dev_milestone (tech_id, milestone_date, milestone_name, contributor_keywords, milestone_content, created_at, updated_at) VALUES ('TECH_S_41fd2c5eb6ce7932', '2022-05-23', '概念提出', '["航天先进实验室"]'::json, '概念提出：实现氢能关键突破。', '2026-06-15T12:00:00+00:00', '2026-06-15T12:00:00+00:00');
INSERT INTO tech_dev_milestone (tech_id, milestone_date, milestone_name, contributor_keywords, milestone_content, created_at, updated_at) VALUES ('TECH_S_41fd2c5eb6ce7932', '2012-07-12', '实验室验证', '["航天聚变工程技术中心"]'::json, '实验室验证：实现氢能关键突破。', '2026-06-15T12:00:00+00:00', '2026-06-15T12:00:00+00:00');
INSERT INTO tech_dev_milestone (tech_id, milestone_date, milestone_name, contributor_keywords, milestone_content, created_at, updated_at) VALUES ('TECH_S_41fd2c5eb6ce7932', '2021-11-24', '工程样机', '["航天聚变实验室"]'::json, '工程样机：实现氢能关键突破。', '2026-06-15T12:00:00+00:00', '2026-06-15T12:00:00+00:00');
INSERT INTO tech_dev_milestone (tech_id, milestone_date, milestone_name, contributor_keywords, milestone_content, created_at, updated_at) VALUES ('TECH_S_41fd2c5eb6ce7932', '2021-09-15', '中试成功', '["东方先进高科"]'::json, '中试成功：实现氢能关键突破。', '2026-06-15T12:00:00+00:00', '2026-06-15T12:00:00+00:00');
INSERT INTO tech_dev_milestone (tech_id, milestone_date, milestone_name, contributor_keywords, milestone_content, created_at, updated_at) VALUES ('TECH_S_41fd2c5eb6ce7932', '2011-12-02', '产业化', '["东方量子科技"]'::json, '产业化：实现氢能关键突破。', '2026-06-15T12:00:00+00:00', '2026-06-15T12:00:00+00:00');
INSERT INTO tech_funding (tech_id, amount, source, created_at, updated_at) VALUES ('TECH_S_41fd2c5eb6ce7932', 15000.0, '企业自筹', '2026-06-15T12:00:00+00:00', '2026-06-15T12:00:00+00:00');
INSERT INTO tech_academic_output (tech_id, name, publish_date, subject_keywords, image, created_at, updated_at) VALUES ('TECH_S_41fd2c5eb6ce7932', '智能化毫米波雷达平台相关研究', '2018-01-04', '["中科聚变研究所"]'::json, '', '2026-06-15T12:00:00+00:00', '2026-06-15T12:00:00+00:00');
INSERT INTO tech_academic_output (tech_id, name, publish_date, subject_keywords, image, created_at, updated_at) VALUES ('TECH_S_41fd2c5eb6ce7932', '智能化毫米波雷达平台相关研究', '2021-02-10', '["国前沿科技"]'::json, '', '2026-06-15T12:00:00+00:00', '2026-06-15T12:00:00+00:00');
INSERT INTO tech_academic_output (tech_id, name, publish_date, subject_keywords, image, created_at, updated_at) VALUES ('TECH_S_41fd2c5eb6ce7932', '智能化毫米波雷达平台相关研究', '2018-06-16', '["东方航宇研究所"]'::json, '', '2026-06-15T12:00:00+00:00', '2026-06-15T12:00:00+00:00');
INSERT INTO tech_experiment (tech_id, content, experiment_date, result, subject_keywords, image, created_at, updated_at) VALUES ('TECH_S_41fd2c5eb6ce7932', '智能化毫米波雷达平台原理验证实验', '2024-02-27', '实验数据达到预期指标', '["氢能"]'::json, '', '2026-06-15T12:00:00+00:00', '2026-06-15T12:00:00+00:00');
INSERT INTO entity_change_log (entity_id, entity_type, field, old_value, new_value, method, operator, source_doc_id, reason, changed_at) VALUES ('TECH_S_41fd2c5eb6ce7932', 'tech', '*', NULL, '{"action": "create"}'::json, 'rule', NULL, 'mock_seed', NULL, '2026-06-15T12:00:00+00:00');
INSERT INTO tech_profile (tech_id, tech_name_cn, tech_name_en, tech_name_other, tech_domain, invention_date, application_date, tech_summary, dev_goal, project_layout, key_points, transformation_status, basic_research_status, autonomy_capability, industrial_capability, tech_advantages, current_status, trend, remark, confidence, completeness, created_at, updated_at) VALUES ('TECH_S_d53d170e4245cf59', '分布式毫米波雷达技术', 'Tech-038 氢燃料电池电堆', NULL, '["5G通信", "增材制造"]'::json, '2011-03-03', '2020-05-06', '分布式毫米波雷达技术是增材制造领域的关键技术，具有高效率等优势，应用前景广阔。', '突破增材制造核心技术瓶颈，实现自主可控。', '["增材制造基础理论", "增材制造工程化"]'::json, '["增材制造关键工艺", "增材制造系统集成"]'::json, '转化中', '基础理论已建立', '具备完全自主知识产权', '形成完整产业链', '相比同类技术，分布式毫米波雷达技术在性能与成本上优势明显。', '中试阶段', '平稳', '', 0.712, 0.765, '2026-06-15T12:00:00+00:00', '2026-06-15T12:00:00+00:00');
INSERT INTO tech_dev_milestone (tech_id, milestone_date, milestone_name, contributor_keywords, milestone_content, created_at, updated_at) VALUES ('TECH_S_d53d170e4245cf59', '2024-12-21', '概念提出', '["航天光电高科"]'::json, '概念提出：实现增材制造关键突破。', '2026-06-15T12:00:00+00:00', '2026-06-15T12:00:00+00:00');
INSERT INTO tech_dev_milestone (tech_id, milestone_date, milestone_name, contributor_keywords, milestone_content, created_at, updated_at) VALUES ('TECH_S_d53d170e4245cf59', '2012-05-28', '实验室验证', '["国未来研究院"]'::json, '实验室验证：实现增材制造关键突破。', '2026-06-15T12:00:00+00:00', '2026-06-15T12:00:00+00:00');
INSERT INTO tech_dev_milestone (tech_id, milestone_date, milestone_name, contributor_keywords, milestone_content, created_at, updated_at) VALUES ('TECH_S_d53d170e4245cf59', '2016-01-22', '工程样机', '["国前沿科技"]'::json, '工程样机：实现增材制造关键突破。', '2026-06-15T12:00:00+00:00', '2026-06-15T12:00:00+00:00');
INSERT INTO tech_dev_milestone (tech_id, milestone_date, milestone_name, contributor_keywords, milestone_content, created_at, updated_at) VALUES ('TECH_S_d53d170e4245cf59', '2021-10-03', '中试成功', '["新光电工程技术中心"]'::json, '中试成功：实现增材制造关键突破。', '2026-06-15T12:00:00+00:00', '2026-06-15T12:00:00+00:00');
INSERT INTO tech_dev_milestone (tech_id, milestone_date, milestone_name, contributor_keywords, milestone_content, created_at, updated_at) VALUES ('TECH_S_d53d170e4245cf59', '2022-07-10', '产业化', '["东方未来研究院"]'::json, '产业化：实现增材制造关键突破。', '2026-06-15T12:00:00+00:00', '2026-06-15T12:00:00+00:00');
INSERT INTO tech_funding (tech_id, amount, source, created_at, updated_at) VALUES ('TECH_S_d53d170e4245cf59', 15000.0, '国家自然科学基金', '2026-06-15T12:00:00+00:00', '2026-06-15T12:00:00+00:00');
INSERT INTO tech_funding (tech_id, amount, source, created_at, updated_at) VALUES ('TECH_S_d53d170e4245cf59', 8000.0, '国家重点研发计划', '2026-06-15T12:00:00+00:00', '2026-06-15T12:00:00+00:00');
INSERT INTO tech_academic_output (tech_id, name, publish_date, subject_keywords, image, created_at, updated_at) VALUES ('TECH_S_d53d170e4245cf59', '分布式毫米波雷达技术相关研究', '2024-07-18', '["新芯创研究院"]'::json, '', '2026-06-15T12:00:00+00:00', '2026-06-15T12:00:00+00:00');
INSERT INTO tech_academic_output (tech_id, name, publish_date, subject_keywords, image, created_at, updated_at) VALUES ('TECH_S_d53d170e4245cf59', '分布式毫米波雷达技术相关研究', '2019-02-04', '["航天算力研究院"]'::json, '', '2026-06-15T12:00:00+00:00', '2026-06-15T12:00:00+00:00');
INSERT INTO tech_academic_output (tech_id, name, publish_date, subject_keywords, image, created_at, updated_at) VALUES ('TECH_S_d53d170e4245cf59', '分布式毫米波雷达技术相关研究', '2018-04-10', '["新光电集团"]'::json, '', '2026-06-15T12:00:00+00:00', '2026-06-15T12:00:00+00:00');
INSERT INTO tech_experiment (tech_id, content, experiment_date, result, subject_keywords, image, created_at, updated_at) VALUES ('TECH_S_d53d170e4245cf59', '分布式毫米波雷达技术原理验证实验', '2023-08-28', '实验数据达到预期指标', '["增材制造"]'::json, '', '2026-06-15T12:00:00+00:00', '2026-06-15T12:00:00+00:00');
INSERT INTO entity_change_log (entity_id, entity_type, field, old_value, new_value, method, operator, source_doc_id, reason, changed_at) VALUES ('TECH_S_d53d170e4245cf59', 'tech', '*', NULL, '{"action": "create"}'::json, 'rule', NULL, 'mock_seed', NULL, '2026-06-15T12:00:00+00:00');
INSERT INTO tech_profile (tech_id, tech_name_cn, tech_name_en, tech_name_other, tech_domain, invention_date, application_date, tech_summary, dev_goal, project_layout, key_points, transformation_status, basic_research_status, autonomy_capability, industrial_capability, tech_advantages, current_status, trend, remark, confidence, completeness, created_at, updated_at) VALUES ('TECH_S_ca785cee72cb2da8', '低功耗光量子计算系统', 'Tech-039 自动驾驶域控制器', NULL, '["无人机"]'::json, '2009-06-09', '2020-02-27', '低功耗光量子计算系统是无人机领域的关键技术，具有低成本等优势，应用前景广阔。', '突破无人机核心技术瓶颈，实现自主可控。', '["无人机基础理论", "无人机工程化"]'::json, '["无人机关键工艺", "无人机系统集成"]'::json, '已转化', '基础理论已建立', '具备完全自主知识产权', '形成完整产业链', '相比同类技术，低功耗光量子计算系统在性能与成本上优势明显。', '工程化应用', '快速上升', '', 0.952, 0.76, '2026-06-15T12:00:00+00:00', '2026-06-15T12:00:00+00:00');
INSERT INTO tech_dev_milestone (tech_id, milestone_date, milestone_name, contributor_keywords, milestone_content, created_at, updated_at) VALUES ('TECH_S_ca785cee72cb2da8', '2010-04-09', '概念提出', '["华信息股份"]'::json, '概念提出：实现无人机关键突破。', '2026-06-15T12:00:00+00:00', '2026-06-15T12:00:00+00:00');
INSERT INTO tech_dev_milestone (tech_id, milestone_date, milestone_name, contributor_keywords, milestone_content, created_at, updated_at) VALUES ('TECH_S_ca785cee72cb2da8', '2018-02-26', '实验室验证', '["华量子集团"]'::json, '实验室验证：实现无人机关键突破。', '2026-06-15T12:00:00+00:00', '2026-06-15T12:00:00+00:00');
INSERT INTO tech_dev_milestone (tech_id, milestone_date, milestone_name, contributor_keywords, milestone_content, created_at, updated_at) VALUES ('TECH_S_ca785cee72cb2da8', '2010-03-06', '工程样机', '["新光电集团"]'::json, '工程样机：实现无人机关键突破。', '2026-06-15T12:00:00+00:00', '2026-06-15T12:00:00+00:00');
INSERT INTO tech_dev_milestone (tech_id, milestone_date, milestone_name, contributor_keywords, milestone_content, created_at, updated_at) VALUES ('TECH_S_ca785cee72cb2da8', '2010-11-18', '中试成功', '["中光电实验室"]'::json, '中试成功：实现无人机关键突破。', '2026-06-15T12:00:00+00:00', '2026-06-15T12:00:00+00:00');
INSERT INTO tech_dev_milestone (tech_id, milestone_date, milestone_name, contributor_keywords, milestone_content, created_at, updated_at) VALUES ('TECH_S_ca785cee72cb2da8', '2010-03-03', '产业化', '["航天储能研究所"]'::json, '产业化：实现无人机关键突破。', '2026-06-15T12:00:00+00:00', '2026-06-15T12:00:00+00:00');
INSERT INTO tech_funding (tech_id, amount, source, created_at, updated_at) VALUES ('TECH_S_ca785cee72cb2da8', 500.0, '企业自筹', '2026-06-15T12:00:00+00:00', '2026-06-15T12:00:00+00:00');
INSERT INTO tech_funding (tech_id, amount, source, created_at, updated_at) VALUES ('TECH_S_ca785cee72cb2da8', 1000.0, '国家重点研发计划', '2026-06-15T12:00:00+00:00', '2026-06-15T12:00:00+00:00');
INSERT INTO tech_academic_output (tech_id, name, publish_date, subject_keywords, image, created_at, updated_at) VALUES ('TECH_S_ca785cee72cb2da8', '低功耗光量子计算系统相关研究', '2018-01-05', '["东方先进高科"]'::json, '', '2026-06-15T12:00:00+00:00', '2026-06-15T12:00:00+00:00');
INSERT INTO tech_academic_output (tech_id, name, publish_date, subject_keywords, image, created_at, updated_at) VALUES ('TECH_S_ca785cee72cb2da8', '低功耗光量子计算系统相关研究', '2021-02-28', '["北方算力研究院"]'::json, '', '2026-06-15T12:00:00+00:00', '2026-06-15T12:00:00+00:00');
INSERT INTO tech_academic_output (tech_id, name, publish_date, subject_keywords, image, created_at, updated_at) VALUES ('TECH_S_ca785cee72cb2da8', '低功耗光量子计算系统相关研究', '2018-11-22', '["中科微纳股份"]'::json, '', '2026-06-15T12:00:00+00:00', '2026-06-15T12:00:00+00:00');
INSERT INTO tech_experiment (tech_id, content, experiment_date, result, subject_keywords, image, created_at, updated_at) VALUES ('TECH_S_ca785cee72cb2da8', '低功耗光量子计算系统原理验证实验', '2020-11-10', '实验数据达到预期指标', '["无人机"]'::json, '', '2026-06-15T12:00:00+00:00', '2026-06-15T12:00:00+00:00');
INSERT INTO entity_change_log (entity_id, entity_type, field, old_value, new_value, method, operator, source_doc_id, reason, changed_at) VALUES ('TECH_S_ca785cee72cb2da8', 'tech', '*', NULL, '{"action": "create"}'::json, 'rule', NULL, 'mock_seed', NULL, '2026-06-15T12:00:00+00:00');
INSERT INTO tech_profile (tech_id, tech_name_cn, tech_name_en, tech_name_other, tech_domain, invention_date, application_date, tech_summary, dev_goal, project_layout, key_points, transformation_status, basic_research_status, autonomy_capability, industrial_capability, tech_advantages, current_status, trend, remark, confidence, completeness, created_at, updated_at) VALUES ('TECH_S_fd6c48d190ad5841', '柔性碳纳米管装置', 'Tech-040 mRNA疫苗', NULL, '["脑机接口", "增材制造"]'::json, '2003-06-21', '2018-01-26', '柔性碳纳米管装置是增材制造领域的关键技术，具有低成本等优势，应用前景广阔。', '突破增材制造核心技术瓶颈，实现自主可控。', '["增材制造基础理论", "增材制造工程化"]'::json, '["增材制造关键工艺", "增材制造系统集成"]'::json, '待转化', '基础理论已建立', '具备完全自主知识产权', '形成完整产业链', '相比同类技术，柔性碳纳米管装置在性能与成本上优势明显。', '中试阶段', '稳步上升', '', 0.877, 0.693, '2026-06-15T12:00:00+00:00', '2026-06-15T12:00:00+00:00');
INSERT INTO tech_dev_milestone (tech_id, milestone_date, milestone_name, contributor_keywords, milestone_content, created_at, updated_at) VALUES ('TECH_S_fd6c48d190ad5841', '2019-05-09', '概念提出', '["中聚变研究所"]'::json, '概念提出：实现增材制造关键突破。', '2026-06-15T12:00:00+00:00', '2026-06-15T12:00:00+00:00');
INSERT INTO tech_dev_milestone (tech_id, milestone_date, milestone_name, contributor_keywords, milestone_content, created_at, updated_at) VALUES ('TECH_S_fd6c48d190ad5841', '2017-03-16', '实验室验证', '["华氢动实验室"]'::json, '实验室验证：实现增材制造关键突破。', '2026-06-15T12:00:00+00:00', '2026-06-15T12:00:00+00:00');
INSERT INTO tech_dev_milestone (tech_id, milestone_date, milestone_name, contributor_keywords, milestone_content, created_at, updated_at) VALUES ('TECH_S_fd6c48d190ad5841', '2017-03-06', '工程样机', '["东方量子科技"]'::json, '工程样机：实现增材制造关键突破。', '2026-06-15T12:00:00+00:00', '2026-06-15T12:00:00+00:00');
INSERT INTO tech_dev_milestone (tech_id, milestone_date, milestone_name, contributor_keywords, milestone_content, created_at, updated_at) VALUES ('TECH_S_fd6c48d190ad5841', '2016-06-24', '中试成功', '["远脑科学股份"]'::json, '中试成功：实现增材制造关键突破。', '2026-06-15T12:00:00+00:00', '2026-06-15T12:00:00+00:00');
INSERT INTO tech_dev_milestone (tech_id, milestone_date, milestone_name, contributor_keywords, milestone_content, created_at, updated_at) VALUES ('TECH_S_fd6c48d190ad5841', '2019-12-04', '产业化', '["东方芯创股份"]'::json, '产业化：实现增材制造关键突破。', '2026-06-15T12:00:00+00:00', '2026-06-15T12:00:00+00:00');
INSERT INTO tech_funding (tech_id, amount, source, created_at, updated_at) VALUES ('TECH_S_fd6c48d190ad5841', 500.0, '国家重点研发计划', '2026-06-15T12:00:00+00:00', '2026-06-15T12:00:00+00:00');
INSERT INTO tech_academic_output (tech_id, name, publish_date, subject_keywords, image, created_at, updated_at) VALUES ('TECH_S_fd6c48d190ad5841', '柔性碳纳米管装置相关研究', '2021-05-27', '["中智算研究院"]'::json, '', '2026-06-15T12:00:00+00:00', '2026-06-15T12:00:00+00:00');
INSERT INTO tech_academic_output (tech_id, name, publish_date, subject_keywords, image, created_at, updated_at) VALUES ('TECH_S_fd6c48d190ad5841', '柔性碳纳米管装置相关研究', '2020-04-01', '["华信息研究所"]'::json, '', '2026-06-15T12:00:00+00:00', '2026-06-15T12:00:00+00:00');
INSERT INTO tech_experiment (tech_id, content, experiment_date, result, subject_keywords, image, created_at, updated_at) VALUES ('TECH_S_fd6c48d190ad5841', '柔性碳纳米管装置原理验证实验', '2023-05-27', '实验数据达到预期指标', '["增材制造"]'::json, '', '2026-06-15T12:00:00+00:00', '2026-06-15T12:00:00+00:00');
INSERT INTO entity_change_log (entity_id, entity_type, field, old_value, new_value, method, operator, source_doc_id, reason, changed_at) VALUES ('TECH_S_fd6c48d190ad5841', 'tech', '*', NULL, '{"action": "create"}'::json, 'rule', NULL, 'mock_seed', NULL, '2026-06-15T12:00:00+00:00');
INSERT INTO tech_profile (tech_id, tech_name_cn, tech_name_en, tech_name_other, tech_domain, invention_date, application_date, tech_summary, dev_goal, project_layout, key_points, transformation_status, basic_research_status, autonomy_capability, industrial_capability, tech_advantages, current_status, trend, remark, confidence, completeness, created_at, updated_at) VALUES ('TECH_S_36c107eaada23cba', '柔性基因剪刀方法', 'Tech-041 氢燃料电池电堆', NULL, '["碳捕集", "半导体"]'::json, '2012-04-07', '2018-02-26', '柔性基因剪刀方法是半导体领域的关键技术，具有高可靠性等优势，应用前景广阔。', '突破半导体核心技术瓶颈，实现自主可控。', '["半导体基础理论", "半导体工程化"]'::json, '["半导体关键工艺", "半导体系统集成"]'::json, '待转化', '基础理论已建立', '具备完全自主知识产权', '形成完整产业链', '相比同类技术，柔性基因剪刀方法在性能与成本上优势明显。', '实验室阶段', '稳步上升', '', 0.775, 0.555, '2026-06-15T12:00:00+00:00', '2026-06-15T12:00:00+00:00');
INSERT INTO tech_dev_milestone (tech_id, milestone_date, milestone_name, contributor_keywords, milestone_content, created_at, updated_at) VALUES ('TECH_S_36c107eaada23cba', '2011-06-23', '概念提出', '["中科智算工程技术中心"]'::json, '概念提出：实现半导体关键突破。', '2026-06-15T12:00:00+00:00', '2026-06-15T12:00:00+00:00');
INSERT INTO tech_dev_milestone (tech_id, milestone_date, milestone_name, contributor_keywords, milestone_content, created_at, updated_at) VALUES ('TECH_S_36c107eaada23cba', '2015-12-15', '实验室验证', '["东方未来研究院"]'::json, '实验室验证：实现半导体关键突破。', '2026-06-15T12:00:00+00:00', '2026-06-15T12:00:00+00:00');
INSERT INTO tech_dev_milestone (tech_id, milestone_date, milestone_name, contributor_keywords, milestone_content, created_at, updated_at) VALUES ('TECH_S_36c107eaada23cba', '2023-06-21', '工程样机', '["航天算力研究院"]'::json, '工程样机：实现半导体关键突破。', '2026-06-15T12:00:00+00:00', '2026-06-15T12:00:00+00:00');
INSERT INTO tech_dev_milestone (tech_id, milestone_date, milestone_name, contributor_keywords, milestone_content, created_at, updated_at) VALUES ('TECH_S_36c107eaada23cba', '2018-10-17', '中试成功', '["新光电工程技术中心"]'::json, '中试成功：实现半导体关键突破。', '2026-06-15T12:00:00+00:00', '2026-06-15T12:00:00+00:00');
INSERT INTO tech_dev_milestone (tech_id, milestone_date, milestone_name, contributor_keywords, milestone_content, created_at, updated_at) VALUES ('TECH_S_36c107eaada23cba', '2014-11-27', '产业化', '["国航宇高科"]'::json, '产业化：实现半导体关键突破。', '2026-06-15T12:00:00+00:00', '2026-06-15T12:00:00+00:00');
INSERT INTO tech_funding (tech_id, amount, source, created_at, updated_at) VALUES ('TECH_S_36c107eaada23cba', 1000.0, '国家重点研发计划', '2026-06-15T12:00:00+00:00', '2026-06-15T12:00:00+00:00');
INSERT INTO tech_funding (tech_id, amount, source, created_at, updated_at) VALUES ('TECH_S_36c107eaada23cba', 15000.0, '地方专项', '2026-06-15T12:00:00+00:00', '2026-06-15T12:00:00+00:00');
INSERT INTO tech_academic_output (tech_id, name, publish_date, subject_keywords, image, created_at, updated_at) VALUES ('TECH_S_36c107eaada23cba', '柔性基因剪刀方法相关研究', '2023-11-07', '["东方先进高科"]'::json, '', '2026-06-15T12:00:00+00:00', '2026-06-15T12:00:00+00:00');
INSERT INTO tech_academic_output (tech_id, name, publish_date, subject_keywords, image, created_at, updated_at) VALUES ('TECH_S_36c107eaada23cba', '柔性基因剪刀方法相关研究', '2018-10-08', '["航天聚变工程技术中心"]'::json, '', '2026-06-15T12:00:00+00:00', '2026-06-15T12:00:00+00:00');
INSERT INTO tech_experiment (tech_id, content, experiment_date, result, subject_keywords, image, created_at, updated_at) VALUES ('TECH_S_36c107eaada23cba', '柔性基因剪刀方法原理验证实验', '2023-06-01', '实验数据达到预期指标', '["半导体"]'::json, '', '2026-06-15T12:00:00+00:00', '2026-06-15T12:00:00+00:00');
INSERT INTO entity_change_log (entity_id, entity_type, field, old_value, new_value, method, operator, source_doc_id, reason, changed_at) VALUES ('TECH_S_36c107eaada23cba', 'tech', '*', NULL, '{"action": "create"}'::json, 'rule', NULL, 'mock_seed', NULL, '2026-06-15T12:00:00+00:00');
INSERT INTO tech_profile (tech_id, tech_name_cn, tech_name_en, tech_name_other, tech_domain, invention_date, application_date, tech_summary, dev_goal, project_layout, key_points, transformation_status, basic_research_status, autonomy_capability, industrial_capability, tech_advantages, current_status, trend, remark, confidence, completeness, created_at, updated_at) VALUES ('TECH_S_874432f1dd768051', '柔性mRNA疫苗工艺', 'Tech-042 固态电池', NULL, '["自动驾驶", "增材制造"]'::json, '2014-06-13', '2021-09-22', '柔性mRNA疫苗工艺是自动驾驶领域的关键技术，具有高效率等优势，应用前景广阔。', '突破自动驾驶核心技术瓶颈，实现自主可控。', '["自动驾驶基础理论", "自动驾驶工程化"]'::json, '["自动驾驶关键工艺", "自动驾驶系统集成"]'::json, '已转化', '基础理论已建立', '具备完全自主知识产权', '形成完整产业链', '相比同类技术，柔性mRNA疫苗工艺在性能与成本上优势明显。', '实验室阶段', '波动', '', 0.938, 0.873, '2026-06-15T12:00:00+00:00', '2026-06-15T12:00:00+00:00');
INSERT INTO tech_dev_milestone (tech_id, milestone_date, milestone_name, contributor_keywords, milestone_content, created_at, updated_at) VALUES ('TECH_S_874432f1dd768051', '2018-10-26', '概念提出', '["中科天网研究所"]'::json, '概念提出：实现自动驾驶关键突破。', '2026-06-15T12:00:00+00:00', '2026-06-15T12:00:00+00:00');
INSERT INTO tech_dev_milestone (tech_id, milestone_date, milestone_name, contributor_keywords, milestone_content, created_at, updated_at) VALUES ('TECH_S_874432f1dd768051', '2015-01-08', '实验室验证', '["新芯创研究院"]'::json, '实验室验证：实现自动驾驶关键突破。', '2026-06-15T12:00:00+00:00', '2026-06-15T12:00:00+00:00');
INSERT INTO tech_dev_milestone (tech_id, milestone_date, milestone_name, contributor_keywords, milestone_content, created_at, updated_at) VALUES ('TECH_S_874432f1dd768051', '2015-12-16', '工程样机', '["中前沿研究所"]'::json, '工程样机：实现自动驾驶关键突破。', '2026-06-15T12:00:00+00:00', '2026-06-15T12:00:00+00:00');
INSERT INTO tech_dev_milestone (tech_id, milestone_date, milestone_name, contributor_keywords, milestone_content, created_at, updated_at) VALUES ('TECH_S_874432f1dd768051', '2015-04-01', '中试成功', '["新芯创研究院"]'::json, '中试成功：实现自动驾驶关键突破。', '2026-06-15T12:00:00+00:00', '2026-06-15T12:00:00+00:00');
INSERT INTO tech_dev_milestone (tech_id, milestone_date, milestone_name, contributor_keywords, milestone_content, created_at, updated_at) VALUES ('TECH_S_874432f1dd768051', '2023-11-11', '产业化', '["北方脑科学工程技术中心"]'::json, '产业化：实现自动驾驶关键突破。', '2026-06-15T12:00:00+00:00', '2026-06-15T12:00:00+00:00');
INSERT INTO tech_funding (tech_id, amount, source, created_at, updated_at) VALUES ('TECH_S_874432f1dd768051', 15000.0, '企业自筹', '2026-06-15T12:00:00+00:00', '2026-06-15T12:00:00+00:00');
INSERT INTO tech_funding (tech_id, amount, source, created_at, updated_at) VALUES ('TECH_S_874432f1dd768051', 1000.0, '国家自然科学基金', '2026-06-15T12:00:00+00:00', '2026-06-15T12:00:00+00:00');
INSERT INTO tech_funding (tech_id, amount, source, created_at, updated_at) VALUES ('TECH_S_874432f1dd768051', 15000.0, '国家自然科学基金', '2026-06-15T12:00:00+00:00', '2026-06-15T12:00:00+00:00');
INSERT INTO tech_academic_output (tech_id, name, publish_date, subject_keywords, image, created_at, updated_at) VALUES ('TECH_S_874432f1dd768051', '柔性mRNA疫苗工艺相关研究', '2021-09-11', '["华氢动实验室"]'::json, '', '2026-06-15T12:00:00+00:00', '2026-06-15T12:00:00+00:00');
INSERT INTO tech_experiment (tech_id, content, experiment_date, result, subject_keywords, image, created_at, updated_at) VALUES ('TECH_S_874432f1dd768051', '柔性mRNA疫苗工艺原理验证实验', '2024-06-15', '实验数据达到预期指标', '["自动驾驶"]'::json, '', '2026-06-15T12:00:00+00:00', '2026-06-15T12:00:00+00:00');
INSERT INTO entity_change_log (entity_id, entity_type, field, old_value, new_value, method, operator, source_doc_id, reason, changed_at) VALUES ('TECH_S_874432f1dd768051', 'tech', '*', NULL, '{"action": "create"}'::json, 'rule', NULL, 'mock_seed', NULL, '2026-06-15T12:00:00+00:00');
INSERT INTO tech_profile (tech_id, tech_name_cn, tech_name_en, tech_name_other, tech_domain, invention_date, application_date, tech_summary, dev_goal, project_layout, key_points, transformation_status, basic_research_status, autonomy_capability, industrial_capability, tech_advantages, current_status, trend, remark, confidence, completeness, created_at, updated_at) VALUES ('TECH_S_35ba6ab1e6603ce7', '一体化仿生机械臂系统', 'Tech-043 神经形态芯片', NULL, '["自动驾驶", "新材料"]'::json, '2013-08-27', '2025-03-28', '一体化仿生机械臂系统是新材料领域的关键技术，具有低成本等优势，应用前景广阔。', '突破新材料核心技术瓶颈，实现自主可控。', '["新材料基础理论", "新材料工程化"]'::json, '["新材料关键工艺", "新材料系统集成"]'::json, '已转化', '基础理论已建立', '具备完全自主知识产权', '形成完整产业链', '相比同类技术，一体化仿生机械臂系统在性能与成本上优势明显。', '中试阶段', '平稳', '', 0.771, 0.69, '2026-06-15T12:00:00+00:00', '2026-06-15T12:00:00+00:00');
INSERT INTO tech_dev_milestone (tech_id, milestone_date, milestone_name, contributor_keywords, milestone_content, created_at, updated_at) VALUES ('TECH_S_35ba6ab1e6603ce7', '2016-11-27', '概念提出', '["北方脑科学工程技术中心"]'::json, '概念提出：实现新材料关键突破。', '2026-06-15T12:00:00+00:00', '2026-06-15T12:00:00+00:00');
INSERT INTO tech_dev_milestone (tech_id, milestone_date, milestone_name, contributor_keywords, milestone_content, created_at, updated_at) VALUES ('TECH_S_35ba6ab1e6603ce7', '2012-04-24', '实验室验证', '["中科天网研究所"]'::json, '实验室验证：实现新材料关键突破。', '2026-06-15T12:00:00+00:00', '2026-06-15T12:00:00+00:00');
INSERT INTO tech_dev_milestone (tech_id, milestone_date, milestone_name, contributor_keywords, milestone_content, created_at, updated_at) VALUES ('TECH_S_35ba6ab1e6603ce7', '2021-05-03', '工程样机', '["东方信息研究院"]'::json, '工程样机：实现新材料关键突破。', '2026-06-15T12:00:00+00:00', '2026-06-15T12:00:00+00:00');
INSERT INTO tech_dev_milestone (tech_id, milestone_date, milestone_name, contributor_keywords, milestone_content, created_at, updated_at) VALUES ('TECH_S_35ba6ab1e6603ce7', '2017-06-09', '中试成功', '["新光电集团"]'::json, '中试成功：实现新材料关键突破。', '2026-06-15T12:00:00+00:00', '2026-06-15T12:00:00+00:00');
INSERT INTO tech_dev_milestone (tech_id, milestone_date, milestone_name, contributor_keywords, milestone_content, created_at, updated_at) VALUES ('TECH_S_35ba6ab1e6603ce7', '2015-08-02', '产业化', '["东方脑科学科技"]'::json, '产业化：实现新材料关键突破。', '2026-06-15T12:00:00+00:00', '2026-06-15T12:00:00+00:00');
INSERT INTO tech_funding (tech_id, amount, source, created_at, updated_at) VALUES ('TECH_S_35ba6ab1e6603ce7', 1000.0, '国家自然科学基金', '2026-06-15T12:00:00+00:00', '2026-06-15T12:00:00+00:00');
INSERT INTO tech_funding (tech_id, amount, source, created_at, updated_at) VALUES ('TECH_S_35ba6ab1e6603ce7', 500.0, '企业自筹', '2026-06-15T12:00:00+00:00', '2026-06-15T12:00:00+00:00');
INSERT INTO tech_funding (tech_id, amount, source, created_at, updated_at) VALUES ('TECH_S_35ba6ab1e6603ce7', 15000.0, '国家自然科学基金', '2026-06-15T12:00:00+00:00', '2026-06-15T12:00:00+00:00');
INSERT INTO tech_academic_output (tech_id, name, publish_date, subject_keywords, image, created_at, updated_at) VALUES ('TECH_S_35ba6ab1e6603ce7', '一体化仿生机械臂系统相关研究', '2023-09-14', '["东方基因股份"]'::json, '', '2026-06-15T12:00:00+00:00', '2026-06-15T12:00:00+00:00');
INSERT INTO tech_academic_output (tech_id, name, publish_date, subject_keywords, image, created_at, updated_at) VALUES ('TECH_S_35ba6ab1e6603ce7', '一体化仿生机械臂系统相关研究', '2024-10-05', '["中科聚变研究所"]'::json, '', '2026-06-15T12:00:00+00:00', '2026-06-15T12:00:00+00:00');
INSERT INTO tech_academic_output (tech_id, name, publish_date, subject_keywords, image, created_at, updated_at) VALUES ('TECH_S_35ba6ab1e6603ce7', '一体化仿生机械臂系统相关研究', '2020-08-21', '["航天脑科学高科"]'::json, '', '2026-06-15T12:00:00+00:00', '2026-06-15T12:00:00+00:00');
INSERT INTO tech_experiment (tech_id, content, experiment_date, result, subject_keywords, image, created_at, updated_at) VALUES ('TECH_S_35ba6ab1e6603ce7', '一体化仿生机械臂系统原理验证实验', '2022-02-17', '实验数据达到预期指标', '["新材料"]'::json, '', '2026-06-15T12:00:00+00:00', '2026-06-15T12:00:00+00:00');
INSERT INTO entity_change_log (entity_id, entity_type, field, old_value, new_value, method, operator, source_doc_id, reason, changed_at) VALUES ('TECH_S_35ba6ab1e6603ce7', 'tech', '*', NULL, '{"action": "create"}'::json, 'rule', NULL, 'mock_seed', NULL, '2026-06-15T12:00:00+00:00');
INSERT INTO tech_profile (tech_id, tech_name_cn, tech_name_en, tech_name_other, tech_domain, invention_date, application_date, tech_summary, dev_goal, project_layout, key_points, transformation_status, basic_research_status, autonomy_capability, industrial_capability, tech_advantages, current_status, trend, remark, confidence, completeness, created_at, updated_at) VALUES ('TECH_S_6d002b91f2256456', '低功耗光量子计算装置', 'Tech-044 自动驾驶域控制器', NULL, '["氢能", "先进算力"]'::json, '2001-11-07', '2023-07-10', '低功耗光量子计算装置是先进算力领域的关键技术，具有低成本等优势，应用前景广阔。', '突破先进算力核心技术瓶颈，实现自主可控。', '["先进算力基础理论", "先进算力工程化"]'::json, '["先进算力关键工艺", "先进算力系统集成"]'::json, '待转化', '基础理论已建立', '具备完全自主知识产权', '形成完整产业链', '相比同类技术，低功耗光量子计算装置在性能与成本上优势明显。', '规模化部署', '稳步上升', '', 0.921, 0.661, '2026-06-15T12:00:00+00:00', '2026-06-15T12:00:00+00:00');
INSERT INTO tech_dev_milestone (tech_id, milestone_date, milestone_name, contributor_keywords, milestone_content, created_at, updated_at) VALUES ('TECH_S_6d002b91f2256456', '2011-05-02', '概念提出', '["远聚变股份"]'::json, '概念提出：实现先进算力关键突破。', '2026-06-15T12:00:00+00:00', '2026-06-15T12:00:00+00:00');
INSERT INTO tech_dev_milestone (tech_id, milestone_date, milestone_name, contributor_keywords, milestone_content, created_at, updated_at) VALUES ('TECH_S_6d002b91f2256456', '2020-06-18', '实验室验证', '["东方脑科学科技"]'::json, '实验室验证：实现先进算力关键突破。', '2026-06-15T12:00:00+00:00', '2026-06-15T12:00:00+00:00');
INSERT INTO tech_dev_milestone (tech_id, milestone_date, milestone_name, contributor_keywords, milestone_content, created_at, updated_at) VALUES ('TECH_S_6d002b91f2256456', '2021-12-20', '工程样机', '["东方航宇研究所"]'::json, '工程样机：实现先进算力关键突破。', '2026-06-15T12:00:00+00:00', '2026-06-15T12:00:00+00:00');
INSERT INTO tech_dev_milestone (tech_id, milestone_date, milestone_name, contributor_keywords, milestone_content, created_at, updated_at) VALUES ('TECH_S_6d002b91f2256456', '2016-06-15', '中试成功', '["中光电实验室"]'::json, '中试成功：实现先进算力关键突破。', '2026-06-15T12:00:00+00:00', '2026-06-15T12:00:00+00:00');
INSERT INTO tech_dev_milestone (tech_id, milestone_date, milestone_name, contributor_keywords, milestone_content, created_at, updated_at) VALUES ('TECH_S_6d002b91f2256456', '2021-09-03', '产业化', '["航天未来研究院"]'::json, '产业化：实现先进算力关键突破。', '2026-06-15T12:00:00+00:00', '2026-06-15T12:00:00+00:00');
INSERT INTO tech_funding (tech_id, amount, source, created_at, updated_at) VALUES ('TECH_S_6d002b91f2256456', 15000.0, '企业自筹', '2026-06-15T12:00:00+00:00', '2026-06-15T12:00:00+00:00');
INSERT INTO tech_funding (tech_id, amount, source, created_at, updated_at) VALUES ('TECH_S_6d002b91f2256456', 500.0, '国家重点研发计划', '2026-06-15T12:00:00+00:00', '2026-06-15T12:00:00+00:00');
INSERT INTO tech_academic_output (tech_id, name, publish_date, subject_keywords, image, created_at, updated_at) VALUES ('TECH_S_6d002b91f2256456', '低功耗光量子计算装置相关研究', '2024-11-08', '["中智算研究院"]'::json, '', '2026-06-15T12:00:00+00:00', '2026-06-15T12:00:00+00:00');
INSERT INTO tech_academic_output (tech_id, name, publish_date, subject_keywords, image, created_at, updated_at) VALUES ('TECH_S_6d002b91f2256456', '低功耗光量子计算装置相关研究', '2023-02-12', '["南方脑科学科技"]'::json, '', '2026-06-15T12:00:00+00:00', '2026-06-15T12:00:00+00:00');
INSERT INTO tech_academic_output (tech_id, name, publish_date, subject_keywords, image, created_at, updated_at) VALUES ('TECH_S_6d002b91f2256456', '低功耗光量子计算装置相关研究', '2022-11-25', '["新基因实验室"]'::json, '', '2026-06-15T12:00:00+00:00', '2026-06-15T12:00:00+00:00');
INSERT INTO tech_experiment (tech_id, content, experiment_date, result, subject_keywords, image, created_at, updated_at) VALUES ('TECH_S_6d002b91f2256456', '低功耗光量子计算装置原理验证实验', '2024-05-18', '实验数据达到预期指标', '["先进算力"]'::json, '', '2026-06-15T12:00:00+00:00', '2026-06-15T12:00:00+00:00');
INSERT INTO entity_change_log (entity_id, entity_type, field, old_value, new_value, method, operator, source_doc_id, reason, changed_at) VALUES ('TECH_S_6d002b91f2256456', 'tech', '*', NULL, '{"action": "create"}'::json, 'rule', NULL, 'mock_seed', NULL, '2026-06-15T12:00:00+00:00');
INSERT INTO tech_profile (tech_id, tech_name_cn, tech_name_en, tech_name_other, tech_domain, invention_date, application_date, tech_summary, dev_goal, project_layout, key_points, transformation_status, basic_research_status, autonomy_capability, industrial_capability, tech_advantages, current_status, trend, remark, confidence, completeness, created_at, updated_at) VALUES ('TECH_S_885c12e123dfc77f', '柔性神经形态芯片系统', 'Tech-045 mRNA疫苗', NULL, '["机器人", "先进算力"]'::json, '2016-11-25', '2018-11-21', '柔性神经形态芯片系统是机器人领域的关键技术，具有高可靠性等优势，应用前景广阔。', '突破机器人核心技术瓶颈，实现自主可控。', '["机器人基础理论", "机器人工程化"]'::json, '["机器人关键工艺", "机器人系统集成"]'::json, '转化中', '基础理论已建立', '具备完全自主知识产权', '形成完整产业链', '相比同类技术，柔性神经形态芯片系统在性能与成本上优势明显。', '中试阶段', '下降', '', 0.975, 0.766, '2026-06-15T12:00:00+00:00', '2026-06-15T12:00:00+00:00');
INSERT INTO tech_dev_milestone (tech_id, milestone_date, milestone_name, contributor_keywords, milestone_content, created_at, updated_at) VALUES ('TECH_S_885c12e123dfc77f', '2022-06-09', '概念提出', '["新基因高科"]'::json, '概念提出：实现机器人关键突破。', '2026-06-15T12:00:00+00:00', '2026-06-15T12:00:00+00:00');
INSERT INTO tech_dev_milestone (tech_id, milestone_date, milestone_name, contributor_keywords, milestone_content, created_at, updated_at) VALUES ('TECH_S_885c12e123dfc77f', '2013-07-28', '实验室验证', '["国前沿科技"]'::json, '实验室验证：实现机器人关键突破。', '2026-06-15T12:00:00+00:00', '2026-06-15T12:00:00+00:00');
INSERT INTO tech_dev_milestone (tech_id, milestone_date, milestone_name, contributor_keywords, milestone_content, created_at, updated_at) VALUES ('TECH_S_885c12e123dfc77f', '2010-02-07', '工程样机', '["新基因高科"]'::json, '工程样机：实现机器人关键突破。', '2026-06-15T12:00:00+00:00', '2026-06-15T12:00:00+00:00');
INSERT INTO tech_dev_milestone (tech_id, milestone_date, milestone_name, contributor_keywords, milestone_content, created_at, updated_at) VALUES ('TECH_S_885c12e123dfc77f', '2019-04-24', '中试成功', '["东方储能集团"]'::json, '中试成功：实现机器人关键突破。', '2026-06-15T12:00:00+00:00', '2026-06-15T12:00:00+00:00');
INSERT INTO tech_dev_milestone (tech_id, milestone_date, milestone_name, contributor_keywords, milestone_content, created_at, updated_at) VALUES ('TECH_S_885c12e123dfc77f', '2011-01-24', '产业化', '["新脑科学实验室"]'::json, '产业化：实现机器人关键突破。', '2026-06-15T12:00:00+00:00', '2026-06-15T12:00:00+00:00');
INSERT INTO tech_funding (tech_id, amount, source, created_at, updated_at) VALUES ('TECH_S_885c12e123dfc77f', 500.0, '企业自筹', '2026-06-15T12:00:00+00:00', '2026-06-15T12:00:00+00:00');
INSERT INTO tech_funding (tech_id, amount, source, created_at, updated_at) VALUES ('TECH_S_885c12e123dfc77f', 15000.0, '国家重点研发计划', '2026-06-15T12:00:00+00:00', '2026-06-15T12:00:00+00:00');
INSERT INTO tech_funding (tech_id, amount, source, created_at, updated_at) VALUES ('TECH_S_885c12e123dfc77f', 500.0, '地方专项', '2026-06-15T12:00:00+00:00', '2026-06-15T12:00:00+00:00');
INSERT INTO tech_academic_output (tech_id, name, publish_date, subject_keywords, image, created_at, updated_at) VALUES ('TECH_S_885c12e123dfc77f', '柔性神经形态芯片系统相关研究', '2018-04-18', '["中聚变研究所"]'::json, '', '2026-06-15T12:00:00+00:00', '2026-06-15T12:00:00+00:00');
INSERT INTO tech_academic_output (tech_id, name, publish_date, subject_keywords, image, created_at, updated_at) VALUES ('TECH_S_885c12e123dfc77f', '柔性神经形态芯片系统相关研究', '2018-09-27', '["远未来实验室"]'::json, '', '2026-06-15T12:00:00+00:00', '2026-06-15T12:00:00+00:00');
INSERT INTO tech_academic_output (tech_id, name, publish_date, subject_keywords, image, created_at, updated_at) VALUES ('TECH_S_885c12e123dfc77f', '柔性神经形态芯片系统相关研究', '2023-02-12', '["南方微纳实验室"]'::json, '', '2026-06-15T12:00:00+00:00', '2026-06-15T12:00:00+00:00');
INSERT INTO tech_experiment (tech_id, content, experiment_date, result, subject_keywords, image, created_at, updated_at) VALUES ('TECH_S_885c12e123dfc77f', '柔性神经形态芯片系统原理验证实验', '2024-10-11', '实验数据达到预期指标', '["机器人"]'::json, '', '2026-06-15T12:00:00+00:00', '2026-06-15T12:00:00+00:00');
INSERT INTO entity_change_log (entity_id, entity_type, field, old_value, new_value, method, operator, source_doc_id, reason, changed_at) VALUES ('TECH_S_885c12e123dfc77f', 'tech', '*', NULL, '{"action": "create"}'::json, 'rule', NULL, 'mock_seed', NULL, '2026-06-15T12:00:00+00:00');
INSERT INTO tech_profile (tech_id, tech_name_cn, tech_name_en, tech_name_other, tech_domain, invention_date, application_date, tech_summary, dev_goal, project_layout, key_points, transformation_status, basic_research_status, autonomy_capability, industrial_capability, tech_advantages, current_status, trend, remark, confidence, completeness, created_at, updated_at) VALUES ('TECH_S_b8dea00d8c57cf4b', '小型化神经网络芯片方法', 'Tech-046 自动驾驶域控制器', NULL, '["航空航天", "集成电路"]'::json, '2016-05-18', '2020-11-12', '小型化神经网络芯片方法是集成电路领域的关键技术，具有低成本等优势，应用前景广阔。', '突破集成电路核心技术瓶颈，实现自主可控。', '["集成电路基础理论", "集成电路工程化"]'::json, '["集成电路关键工艺", "集成电路系统集成"]'::json, '待转化', '基础理论已建立', '具备完全自主知识产权', '形成完整产业链', '相比同类技术，小型化神经网络芯片方法在性能与成本上优势明显。', '概念论证', '下降', '', 0.911, 0.827, '2026-06-15T12:00:00+00:00', '2026-06-15T12:00:00+00:00');
INSERT INTO tech_dev_milestone (tech_id, milestone_date, milestone_name, contributor_keywords, milestone_content, created_at, updated_at) VALUES ('TECH_S_b8dea00d8c57cf4b', '2023-08-27', '概念提出', '["远未来实验室"]'::json, '概念提出：实现集成电路关键突破。', '2026-06-15T12:00:00+00:00', '2026-06-15T12:00:00+00:00');
INSERT INTO tech_dev_milestone (tech_id, milestone_date, milestone_name, contributor_keywords, milestone_content, created_at, updated_at) VALUES ('TECH_S_b8dea00d8c57cf4b', '2023-05-01', '实验室验证', '["新基因实验室"]'::json, '实验室验证：实现集成电路关键突破。', '2026-06-15T12:00:00+00:00', '2026-06-15T12:00:00+00:00');
INSERT INTO tech_dev_milestone (tech_id, milestone_date, milestone_name, contributor_keywords, milestone_content, created_at, updated_at) VALUES ('TECH_S_b8dea00d8c57cf4b', '2019-06-18', '工程样机', '["华信息研究所"]'::json, '工程样机：实现集成电路关键突破。', '2026-06-15T12:00:00+00:00', '2026-06-15T12:00:00+00:00');
INSERT INTO tech_dev_milestone (tech_id, milestone_date, milestone_name, contributor_keywords, milestone_content, created_at, updated_at) VALUES ('TECH_S_b8dea00d8c57cf4b', '2022-01-18', '中试成功', '["东方脑科学科技"]'::json, '中试成功：实现集成电路关键突破。', '2026-06-15T12:00:00+00:00', '2026-06-15T12:00:00+00:00');
INSERT INTO tech_dev_milestone (tech_id, milestone_date, milestone_name, contributor_keywords, milestone_content, created_at, updated_at) VALUES ('TECH_S_b8dea00d8c57cf4b', '2023-11-02', '产业化', '["南方脑科学科技"]'::json, '产业化：实现集成电路关键突破。', '2026-06-15T12:00:00+00:00', '2026-06-15T12:00:00+00:00');
INSERT INTO tech_funding (tech_id, amount, source, created_at, updated_at) VALUES ('TECH_S_b8dea00d8c57cf4b', 500.0, '地方专项', '2026-06-15T12:00:00+00:00', '2026-06-15T12:00:00+00:00');
INSERT INTO tech_funding (tech_id, amount, source, created_at, updated_at) VALUES ('TECH_S_b8dea00d8c57cf4b', 1000.0, '企业自筹', '2026-06-15T12:00:00+00:00', '2026-06-15T12:00:00+00:00');
INSERT INTO tech_funding (tech_id, amount, source, created_at, updated_at) VALUES ('TECH_S_b8dea00d8c57cf4b', 8000.0, '地方专项', '2026-06-15T12:00:00+00:00', '2026-06-15T12:00:00+00:00');
INSERT INTO tech_academic_output (tech_id, name, publish_date, subject_keywords, image, created_at, updated_at) VALUES ('TECH_S_b8dea00d8c57cf4b', '小型化神经网络芯片方法相关研究', '2018-07-07', '["中科未来集团"]'::json, '', '2026-06-15T12:00:00+00:00', '2026-06-15T12:00:00+00:00');
INSERT INTO tech_experiment (tech_id, content, experiment_date, result, subject_keywords, image, created_at, updated_at) VALUES ('TECH_S_b8dea00d8c57cf4b', '小型化神经网络芯片方法原理验证实验', '2022-09-16', '实验数据达到预期指标', '["集成电路"]'::json, '', '2026-06-15T12:00:00+00:00', '2026-06-15T12:00:00+00:00');
INSERT INTO entity_change_log (entity_id, entity_type, field, old_value, new_value, method, operator, source_doc_id, reason, changed_at) VALUES ('TECH_S_b8dea00d8c57cf4b', 'tech', '*', NULL, '{"action": "create"}'::json, 'rule', NULL, 'mock_seed', NULL, '2026-06-15T12:00:00+00:00');
INSERT INTO tech_profile (tech_id, tech_name_cn, tech_name_en, tech_name_other, tech_domain, invention_date, application_date, tech_summary, dev_goal, project_layout, key_points, transformation_status, basic_research_status, autonomy_capability, industrial_capability, tech_advantages, current_status, trend, remark, confidence, completeness, created_at, updated_at) VALUES ('TECH_S_ddd794e224f34d35', '高可靠神经形态芯片装置', 'Tech-047 深海潜水器', NULL, '["集成电路", "先进算力"]'::json, '2005-07-19', '2022-08-18', '高可靠神经形态芯片装置是集成电路领域的关键技术，具有低成本等优势，应用前景广阔。', '突破集成电路核心技术瓶颈，实现自主可控。', '["集成电路基础理论", "集成电路工程化"]'::json, '["集成电路关键工艺", "集成电路系统集成"]'::json, '已转化', '基础理论已建立', '具备完全自主知识产权', '形成完整产业链', '相比同类技术，高可靠神经形态芯片装置在性能与成本上优势明显。', '概念论证', '下降', '', 0.728, 0.766, '2026-06-15T12:00:00+00:00', '2026-06-15T12:00:00+00:00');
INSERT INTO tech_dev_milestone (tech_id, milestone_date, milestone_name, contributor_keywords, milestone_content, created_at, updated_at) VALUES ('TECH_S_ddd794e224f34d35', '2010-07-18', '概念提出', '["北方航宇科技"]'::json, '概念提出：实现集成电路关键突破。', '2026-06-15T12:00:00+00:00', '2026-06-15T12:00:00+00:00');
INSERT INTO tech_dev_milestone (tech_id, milestone_date, milestone_name, contributor_keywords, milestone_content, created_at, updated_at) VALUES ('TECH_S_ddd794e224f34d35', '2010-05-04', '实验室验证', '["中未来工程技术中心"]'::json, '实验室验证：实现集成电路关键突破。', '2026-06-15T12:00:00+00:00', '2026-06-15T12:00:00+00:00');
INSERT INTO tech_dev_milestone (tech_id, milestone_date, milestone_name, contributor_keywords, milestone_content, created_at, updated_at) VALUES ('TECH_S_ddd794e224f34d35', '2013-12-09', '工程样机', '["南方微纳实验室"]'::json, '工程样机：实现集成电路关键突破。', '2026-06-15T12:00:00+00:00', '2026-06-15T12:00:00+00:00');
INSERT INTO tech_dev_milestone (tech_id, milestone_date, milestone_name, contributor_keywords, milestone_content, created_at, updated_at) VALUES ('TECH_S_ddd794e224f34d35', '2016-06-25', '中试成功', '["中生医研究所"]'::json, '中试成功：实现集成电路关键突破。', '2026-06-15T12:00:00+00:00', '2026-06-15T12:00:00+00:00');
INSERT INTO tech_dev_milestone (tech_id, milestone_date, milestone_name, contributor_keywords, milestone_content, created_at, updated_at) VALUES ('TECH_S_ddd794e224f34d35', '2024-07-24', '产业化', '["华航宇股份"]'::json, '产业化：实现集成电路关键突破。', '2026-06-15T12:00:00+00:00', '2026-06-15T12:00:00+00:00');
INSERT INTO tech_funding (tech_id, amount, source, created_at, updated_at) VALUES ('TECH_S_ddd794e224f34d35', 15000.0, '国家重点研发计划', '2026-06-15T12:00:00+00:00', '2026-06-15T12:00:00+00:00');
INSERT INTO tech_academic_output (tech_id, name, publish_date, subject_keywords, image, created_at, updated_at) VALUES ('TECH_S_ddd794e224f34d35', '高可靠神经形态芯片装置相关研究', '2020-07-15', '["东方信息研究院"]'::json, '', '2026-06-15T12:00:00+00:00', '2026-06-15T12:00:00+00:00');
INSERT INTO tech_experiment (tech_id, content, experiment_date, result, subject_keywords, image, created_at, updated_at) VALUES ('TECH_S_ddd794e224f34d35', '高可靠神经形态芯片装置原理验证实验', '2020-07-13', '实验数据达到预期指标', '["集成电路"]'::json, '', '2026-06-15T12:00:00+00:00', '2026-06-15T12:00:00+00:00');
INSERT INTO entity_change_log (entity_id, entity_type, field, old_value, new_value, method, operator, source_doc_id, reason, changed_at) VALUES ('TECH_S_ddd794e224f34d35', 'tech', '*', NULL, '{"action": "create"}'::json, 'rule', NULL, 'mock_seed', NULL, '2026-06-15T12:00:00+00:00');
INSERT INTO tech_profile (tech_id, tech_name_cn, tech_name_en, tech_name_other, tech_domain, invention_date, application_date, tech_summary, dev_goal, project_layout, key_points, transformation_status, basic_research_status, autonomy_capability, industrial_capability, tech_advantages, current_status, trend, remark, confidence, completeness, created_at, updated_at) VALUES ('TECH_S_9252bf9cde499ed0', '小型化量子纠错码工艺', 'Tech-048 碳纳米管', NULL, '["量子计算", "储能"]'::json, '2016-05-22', '2020-07-20', '小型化量子纠错码工艺是储能领域的关键技术，具有高可靠性等优势，应用前景广阔。', '突破储能核心技术瓶颈，实现自主可控。', '["储能基础理论", "储能工程化"]'::json, '["储能关键工艺", "储能系统集成"]'::json, '待转化', '基础理论已建立', '具备完全自主知识产权', '形成完整产业链', '相比同类技术，小型化量子纠错码工艺在性能与成本上优势明显。', '概念论证', '平稳', '', 0.746, 0.836, '2026-06-15T12:00:00+00:00', '2026-06-15T12:00:00+00:00');
INSERT INTO tech_dev_milestone (tech_id, milestone_date, milestone_name, contributor_keywords, milestone_content, created_at, updated_at) VALUES ('TECH_S_9252bf9cde499ed0', '2010-11-21', '概念提出', '["国生医研究所"]'::json, '概念提出：实现储能关键突破。', '2026-06-15T12:00:00+00:00', '2026-06-15T12:00:00+00:00');
INSERT INTO tech_dev_milestone (tech_id, milestone_date, milestone_name, contributor_keywords, milestone_content, created_at, updated_at) VALUES ('TECH_S_9252bf9cde499ed0', '2011-12-17', '实验室验证', '["新深海科技"]'::json, '实验室验证：实现储能关键突破。', '2026-06-15T12:00:00+00:00', '2026-06-15T12:00:00+00:00');
INSERT INTO tech_dev_milestone (tech_id, milestone_date, milestone_name, contributor_keywords, milestone_content, created_at, updated_at) VALUES ('TECH_S_9252bf9cde499ed0', '2011-04-25', '工程样机', '["北方算力研究院"]'::json, '工程样机：实现储能关键突破。', '2026-06-15T12:00:00+00:00', '2026-06-15T12:00:00+00:00');
INSERT INTO tech_dev_milestone (tech_id, milestone_date, milestone_name, contributor_keywords, milestone_content, created_at, updated_at) VALUES ('TECH_S_9252bf9cde499ed0', '2010-11-16', '中试成功', '["航天芯创实验室"]'::json, '中试成功：实现储能关键突破。', '2026-06-15T12:00:00+00:00', '2026-06-15T12:00:00+00:00');
INSERT INTO tech_dev_milestone (tech_id, milestone_date, milestone_name, contributor_keywords, milestone_content, created_at, updated_at) VALUES ('TECH_S_9252bf9cde499ed0', '2016-03-23', '产业化', '["北方储能科技"]'::json, '产业化：实现储能关键突破。', '2026-06-15T12:00:00+00:00', '2026-06-15T12:00:00+00:00');
INSERT INTO tech_funding (tech_id, amount, source, created_at, updated_at) VALUES ('TECH_S_9252bf9cde499ed0', 1000.0, '国家自然科学基金', '2026-06-15T12:00:00+00:00', '2026-06-15T12:00:00+00:00');
INSERT INTO tech_funding (tech_id, amount, source, created_at, updated_at) VALUES ('TECH_S_9252bf9cde499ed0', 500.0, '国家重点研发计划', '2026-06-15T12:00:00+00:00', '2026-06-15T12:00:00+00:00');
INSERT INTO tech_funding (tech_id, amount, source, created_at, updated_at) VALUES ('TECH_S_9252bf9cde499ed0', 15000.0, '地方专项', '2026-06-15T12:00:00+00:00', '2026-06-15T12:00:00+00:00');
INSERT INTO tech_academic_output (tech_id, name, publish_date, subject_keywords, image, created_at, updated_at) VALUES ('TECH_S_9252bf9cde499ed0', '小型化量子纠错码工艺相关研究', '2020-06-15', '["远生医工程技术中心"]'::json, '', '2026-06-15T12:00:00+00:00', '2026-06-15T12:00:00+00:00');
INSERT INTO tech_academic_output (tech_id, name, publish_date, subject_keywords, image, created_at, updated_at) VALUES ('TECH_S_9252bf9cde499ed0', '小型化量子纠错码工艺相关研究', '2022-04-20', '["远聚变股份"]'::json, '', '2026-06-15T12:00:00+00:00', '2026-06-15T12:00:00+00:00');
INSERT INTO tech_experiment (tech_id, content, experiment_date, result, subject_keywords, image, created_at, updated_at) VALUES ('TECH_S_9252bf9cde499ed0', '小型化量子纠错码工艺原理验证实验', '2024-07-17', '实验数据达到预期指标', '["储能"]'::json, '', '2026-06-15T12:00:00+00:00', '2026-06-15T12:00:00+00:00');
INSERT INTO entity_change_log (entity_id, entity_type, field, old_value, new_value, method, operator, source_doc_id, reason, changed_at) VALUES ('TECH_S_9252bf9cde499ed0', 'tech', '*', NULL, '{"action": "create"}'::json, 'rule', NULL, 'mock_seed', NULL, '2026-06-15T12:00:00+00:00');
INSERT INTO tech_profile (tech_id, tech_name_cn, tech_name_en, tech_name_other, tech_domain, invention_date, application_date, tech_summary, dev_goal, project_layout, key_points, transformation_status, basic_research_status, autonomy_capability, industrial_capability, tech_advantages, current_status, trend, remark, confidence, completeness, created_at, updated_at) VALUES ('TECH_S_1998aa446cb727d5', '智能化固态电池技术', 'Tech-049 神经形态芯片', NULL, '["网络安全", "光电技术"]'::json, '2006-02-27', '2025-05-01', '智能化固态电池技术是光电技术领域的关键技术，具有高效率等优势，应用前景广阔。', '突破光电技术核心技术瓶颈，实现自主可控。', '["光电技术基础理论", "光电技术工程化"]'::json, '["光电技术关键工艺", "光电技术系统集成"]'::json, '已转化', '基础理论已建立', '具备完全自主知识产权', '形成完整产业链', '相比同类技术，智能化固态电池技术在性能与成本上优势明显。', '中试阶段', '稳步上升', '', 0.726, 0.803, '2026-06-15T12:00:00+00:00', '2026-06-15T12:00:00+00:00');
INSERT INTO tech_dev_milestone (tech_id, milestone_date, milestone_name, contributor_keywords, milestone_content, created_at, updated_at) VALUES ('TECH_S_1998aa446cb727d5', '2012-02-24', '概念提出', '["东方先进高科"]'::json, '概念提出：实现光电技术关键突破。', '2026-06-15T12:00:00+00:00', '2026-06-15T12:00:00+00:00');
INSERT INTO tech_dev_milestone (tech_id, milestone_date, milestone_name, contributor_keywords, milestone_content, created_at, updated_at) VALUES ('TECH_S_1998aa446cb727d5', '2012-08-21', '实验室验证', '["中科未来集团"]'::json, '实验室验证：实现光电技术关键突破。', '2026-06-15T12:00:00+00:00', '2026-06-15T12:00:00+00:00');
INSERT INTO tech_dev_milestone (tech_id, milestone_date, milestone_name, contributor_keywords, milestone_content, created_at, updated_at) VALUES ('TECH_S_1998aa446cb727d5', '2011-12-16', '工程样机', '["中科智算工程技术中心"]'::json, '工程样机：实现光电技术关键突破。', '2026-06-15T12:00:00+00:00', '2026-06-15T12:00:00+00:00');
INSERT INTO tech_dev_milestone (tech_id, milestone_date, milestone_name, contributor_keywords, milestone_content, created_at, updated_at) VALUES ('TECH_S_1998aa446cb727d5', '2022-04-03', '中试成功', '["航天聚变实验室"]'::json, '中试成功：实现光电技术关键突破。', '2026-06-15T12:00:00+00:00', '2026-06-15T12:00:00+00:00');
INSERT INTO tech_dev_milestone (tech_id, milestone_date, milestone_name, contributor_keywords, milestone_content, created_at, updated_at) VALUES ('TECH_S_1998aa446cb727d5', '2020-08-25', '产业化', '["国未来研究院"]'::json, '产业化：实现光电技术关键突破。', '2026-06-15T12:00:00+00:00', '2026-06-15T12:00:00+00:00');
INSERT INTO tech_funding (tech_id, amount, source, created_at, updated_at) VALUES ('TECH_S_1998aa446cb727d5', 1000.0, '国家重点研发计划', '2026-06-15T12:00:00+00:00', '2026-06-15T12:00:00+00:00');
INSERT INTO tech_funding (tech_id, amount, source, created_at, updated_at) VALUES ('TECH_S_1998aa446cb727d5', 3000.0, '地方专项', '2026-06-15T12:00:00+00:00', '2026-06-15T12:00:00+00:00');
INSERT INTO tech_academic_output (tech_id, name, publish_date, subject_keywords, image, created_at, updated_at) VALUES ('TECH_S_1998aa446cb727d5', '智能化固态电池技术相关研究', '2024-05-19', '["中科天网研究所"]'::json, '', '2026-06-15T12:00:00+00:00', '2026-06-15T12:00:00+00:00');
INSERT INTO tech_experiment (tech_id, content, experiment_date, result, subject_keywords, image, created_at, updated_at) VALUES ('TECH_S_1998aa446cb727d5', '智能化固态电池技术原理验证实验', '2020-08-03', '实验数据达到预期指标', '["光电技术"]'::json, '', '2026-06-15T12:00:00+00:00', '2026-06-15T12:00:00+00:00');
INSERT INTO entity_change_log (entity_id, entity_type, field, old_value, new_value, method, operator, source_doc_id, reason, changed_at) VALUES ('TECH_S_1998aa446cb727d5', 'tech', '*', NULL, '{"action": "create"}'::json, 'rule', NULL, 'mock_seed', NULL, '2026-06-15T12:00:00+00:00');
INSERT INTO tech_profile (tech_id, tech_name_cn, tech_name_en, tech_name_other, tech_domain, invention_date, application_date, tech_summary, dev_goal, project_layout, key_points, transformation_status, basic_research_status, autonomy_capability, industrial_capability, tech_advantages, current_status, trend, remark, confidence, completeness, created_at, updated_at) VALUES ('TECH_S_0c2ddebb7bcd9e01', '自主可控碳化硅功率器件装置', 'Tech-050 碳化硅功率器件', NULL, '["光电技术", "半导体"]'::json, '2014-03-19', '2022-12-02', '自主可控碳化硅功率器件装置是半导体领域的关键技术，具有高可靠性等优势，应用前景广阔。', '突破半导体核心技术瓶颈，实现自主可控。', '["半导体基础理论", "半导体工程化"]'::json, '["半导体关键工艺", "半导体系统集成"]'::json, '转化中', '基础理论已建立', '具备完全自主知识产权', '形成完整产业链', '相比同类技术，自主可控碳化硅功率器件装置在性能与成本上优势明显。', '规模化部署', '平稳', '', 0.789, 0.876, '2026-06-15T12:00:00+00:00', '2026-06-15T12:00:00+00:00');
INSERT INTO tech_dev_milestone (tech_id, milestone_date, milestone_name, contributor_keywords, milestone_content, created_at, updated_at) VALUES ('TECH_S_0c2ddebb7bcd9e01', '2018-05-25', '概念提出', '["远脑科学股份"]'::json, '概念提出：实现半导体关键突破。', '2026-06-15T12:00:00+00:00', '2026-06-15T12:00:00+00:00');
INSERT INTO tech_dev_milestone (tech_id, milestone_date, milestone_name, contributor_keywords, milestone_content, created_at, updated_at) VALUES ('TECH_S_0c2ddebb7bcd9e01', '2016-09-15', '实验室验证', '["南方聚变股份"]'::json, '实验室验证：实现半导体关键突破。', '2026-06-15T12:00:00+00:00', '2026-06-15T12:00:00+00:00');
INSERT INTO tech_dev_milestone (tech_id, milestone_date, milestone_name, contributor_keywords, milestone_content, created_at, updated_at) VALUES ('TECH_S_0c2ddebb7bcd9e01', '2018-02-08', '工程样机', '["北方脑科学工程技术中心"]'::json, '工程样机：实现半导体关键突破。', '2026-06-15T12:00:00+00:00', '2026-06-15T12:00:00+00:00');
INSERT INTO tech_dev_milestone (tech_id, milestone_date, milestone_name, contributor_keywords, milestone_content, created_at, updated_at) VALUES ('TECH_S_0c2ddebb7bcd9e01', '2018-02-08', '中试成功', '["东方量子科技"]'::json, '中试成功：实现半导体关键突破。', '2026-06-15T12:00:00+00:00', '2026-06-15T12:00:00+00:00');
INSERT INTO tech_dev_milestone (tech_id, milestone_date, milestone_name, contributor_keywords, milestone_content, created_at, updated_at) VALUES ('TECH_S_0c2ddebb7bcd9e01', '2010-12-13', '产业化', '["南方航宇研究院"]'::json, '产业化：实现半导体关键突破。', '2026-06-15T12:00:00+00:00', '2026-06-15T12:00:00+00:00');
INSERT INTO tech_funding (tech_id, amount, source, created_at, updated_at) VALUES ('TECH_S_0c2ddebb7bcd9e01', 15000.0, '国家自然科学基金', '2026-06-15T12:00:00+00:00', '2026-06-15T12:00:00+00:00');
INSERT INTO tech_academic_output (tech_id, name, publish_date, subject_keywords, image, created_at, updated_at) VALUES ('TECH_S_0c2ddebb7bcd9e01', '自主可控碳化硅功率器件装置相关研究', '2018-04-03', '["新氢动高科"]'::json, '', '2026-06-15T12:00:00+00:00', '2026-06-15T12:00:00+00:00');
INSERT INTO tech_academic_output (tech_id, name, publish_date, subject_keywords, image, created_at, updated_at) VALUES ('TECH_S_0c2ddebb7bcd9e01', '自主可控碳化硅功率器件装置相关研究', '2021-10-04', '["南方微纳实验室"]'::json, '', '2026-06-15T12:00:00+00:00', '2026-06-15T12:00:00+00:00');
INSERT INTO tech_academic_output (tech_id, name, publish_date, subject_keywords, image, created_at, updated_at) VALUES ('TECH_S_0c2ddebb7bcd9e01', '自主可控碳化硅功率器件装置相关研究', '2022-02-26', '["中前沿研究院"]'::json, '', '2026-06-15T12:00:00+00:00', '2026-06-15T12:00:00+00:00');
INSERT INTO tech_experiment (tech_id, content, experiment_date, result, subject_keywords, image, created_at, updated_at) VALUES ('TECH_S_0c2ddebb7bcd9e01', '自主可控碳化硅功率器件装置原理验证实验', '2024-09-28', '实验数据达到预期指标', '["半导体"]'::json, '', '2026-06-15T12:00:00+00:00', '2026-06-15T12:00:00+00:00');
INSERT INTO entity_change_log (entity_id, entity_type, field, old_value, new_value, method, operator, source_doc_id, reason, changed_at) VALUES ('TECH_S_0c2ddebb7bcd9e01', 'tech', '*', NULL, '{"action": "create"}'::json, 'rule', NULL, 'mock_seed', NULL, '2026-06-15T12:00:00+00:00');
INSERT INTO tech_profile (tech_id, tech_name_cn, tech_name_en, tech_name_other, tech_domain, invention_date, application_date, tech_summary, dev_goal, project_layout, key_points, transformation_status, basic_research_status, autonomy_capability, industrial_capability, tech_advantages, current_status, trend, remark, confidence, completeness, created_at, updated_at) VALUES ('TECH_S_371c0c755cfb69e9', '新型mRNA疫苗系统', 'Tech-051 自动驾驶域控制器', NULL, '["机器人", "脑机接口"]'::json, '2002-01-07', '2018-08-26', '新型mRNA疫苗系统是机器人领域的关键技术，具有低成本等优势，应用前景广阔。', '突破机器人核心技术瓶颈，实现自主可控。', '["机器人基础理论", "机器人工程化"]'::json, '["机器人关键工艺", "机器人系统集成"]'::json, '待转化', '基础理论已建立', '具备完全自主知识产权', '形成完整产业链', '相比同类技术，新型mRNA疫苗系统在性能与成本上优势明显。', '概念论证', '快速上升', '', 0.835, 0.943, '2026-06-15T12:00:00+00:00', '2026-06-15T12:00:00+00:00');
INSERT INTO tech_dev_milestone (tech_id, milestone_date, milestone_name, contributor_keywords, milestone_content, created_at, updated_at) VALUES ('TECH_S_371c0c755cfb69e9', '2023-04-06', '概念提出', '["东方脑科学科技"]'::json, '概念提出：实现机器人关键突破。', '2026-06-15T12:00:00+00:00', '2026-06-15T12:00:00+00:00');
INSERT INTO tech_dev_milestone (tech_id, milestone_date, milestone_name, contributor_keywords, milestone_content, created_at, updated_at) VALUES ('TECH_S_371c0c755cfb69e9', '2018-07-26', '实验室验证', '["中科智算工程技术中心"]'::json, '实验室验证：实现机器人关键突破。', '2026-06-15T12:00:00+00:00', '2026-06-15T12:00:00+00:00');
INSERT INTO tech_dev_milestone (tech_id, milestone_date, milestone_name, contributor_keywords, milestone_content, created_at, updated_at) VALUES ('TECH_S_371c0c755cfb69e9', '2014-09-10', '工程样机', '["南方量子高科"]'::json, '工程样机：实现机器人关键突破。', '2026-06-15T12:00:00+00:00', '2026-06-15T12:00:00+00:00');
INSERT INTO tech_dev_milestone (tech_id, milestone_date, milestone_name, contributor_keywords, milestone_content, created_at, updated_at) VALUES ('TECH_S_371c0c755cfb69e9', '2024-07-14', '中试成功', '["东方未来研究院"]'::json, '中试成功：实现机器人关键突破。', '2026-06-15T12:00:00+00:00', '2026-06-15T12:00:00+00:00');
INSERT INTO tech_dev_milestone (tech_id, milestone_date, milestone_name, contributor_keywords, milestone_content, created_at, updated_at) VALUES ('TECH_S_371c0c755cfb69e9', '2010-04-03', '产业化', '["南方航宇研究院"]'::json, '产业化：实现机器人关键突破。', '2026-06-15T12:00:00+00:00', '2026-06-15T12:00:00+00:00');
INSERT INTO tech_funding (tech_id, amount, source, created_at, updated_at) VALUES ('TECH_S_371c0c755cfb69e9', 3000.0, '国家重点研发计划', '2026-06-15T12:00:00+00:00', '2026-06-15T12:00:00+00:00');
INSERT INTO tech_academic_output (tech_id, name, publish_date, subject_keywords, image, created_at, updated_at) VALUES ('TECH_S_371c0c755cfb69e9', '新型mRNA疫苗系统相关研究', '2023-05-25', '["南方量子科技"]'::json, '', '2026-06-15T12:00:00+00:00', '2026-06-15T12:00:00+00:00');
INSERT INTO tech_academic_output (tech_id, name, publish_date, subject_keywords, image, created_at, updated_at) VALUES ('TECH_S_371c0c755cfb69e9', '新型mRNA疫苗系统相关研究', '2018-10-09', '["新基因实验室"]'::json, '', '2026-06-15T12:00:00+00:00', '2026-06-15T12:00:00+00:00');
INSERT INTO tech_academic_output (tech_id, name, publish_date, subject_keywords, image, created_at, updated_at) VALUES ('TECH_S_371c0c755cfb69e9', '新型mRNA疫苗系统相关研究', '2020-11-04', '["东方未来研究院"]'::json, '', '2026-06-15T12:00:00+00:00', '2026-06-15T12:00:00+00:00');
INSERT INTO tech_experiment (tech_id, content, experiment_date, result, subject_keywords, image, created_at, updated_at) VALUES ('TECH_S_371c0c755cfb69e9', '新型mRNA疫苗系统原理验证实验', '2021-10-23', '实验数据达到预期指标', '["机器人"]'::json, '', '2026-06-15T12:00:00+00:00', '2026-06-15T12:00:00+00:00');
INSERT INTO entity_change_log (entity_id, entity_type, field, old_value, new_value, method, operator, source_doc_id, reason, changed_at) VALUES ('TECH_S_371c0c755cfb69e9', 'tech', '*', NULL, '{"action": "create"}'::json, 'rule', NULL, 'mock_seed', NULL, '2026-06-15T12:00:00+00:00');
INSERT INTO tech_profile (tech_id, tech_name_cn, tech_name_en, tech_name_other, tech_domain, invention_date, application_date, tech_summary, dev_goal, project_layout, key_points, transformation_status, basic_research_status, autonomy_capability, industrial_capability, tech_advantages, current_status, trend, remark, confidence, completeness, created_at, updated_at) VALUES ('TECH_S_345706bdb825f65c', '小型化碳纳米管装置', 'Tech-052 固态电池', NULL, '["新材料", "半导体"]'::json, '2004-10-19', '2021-02-26', '小型化碳纳米管装置是半导体领域的关键技术，具有高效率等优势，应用前景广阔。', '突破半导体核心技术瓶颈，实现自主可控。', '["半导体基础理论", "半导体工程化"]'::json, '["半导体关键工艺", "半导体系统集成"]'::json, '转化中', '基础理论已建立', '具备完全自主知识产权', '形成完整产业链', '相比同类技术，小型化碳纳米管装置在性能与成本上优势明显。', '规模化部署', '平稳', '', 0.808, 0.718, '2026-06-15T12:00:00+00:00', '2026-06-15T12:00:00+00:00');
INSERT INTO tech_dev_milestone (tech_id, milestone_date, milestone_name, contributor_keywords, milestone_content, created_at, updated_at) VALUES ('TECH_S_345706bdb825f65c', '2015-03-23', '概念提出', '["东方先进高科"]'::json, '概念提出：实现半导体关键突破。', '2026-06-15T12:00:00+00:00', '2026-06-15T12:00:00+00:00');
INSERT INTO tech_dev_milestone (tech_id, milestone_date, milestone_name, contributor_keywords, milestone_content, created_at, updated_at) VALUES ('TECH_S_345706bdb825f65c', '2017-01-18', '实验室验证', '["中聚变研究所"]'::json, '实验室验证：实现半导体关键突破。', '2026-06-15T12:00:00+00:00', '2026-06-15T12:00:00+00:00');
INSERT INTO tech_dev_milestone (tech_id, milestone_date, milestone_name, contributor_keywords, milestone_content, created_at, updated_at) VALUES ('TECH_S_345706bdb825f65c', '2017-11-26', '工程样机', '["南方航宇研究院"]'::json, '工程样机：实现半导体关键突破。', '2026-06-15T12:00:00+00:00', '2026-06-15T12:00:00+00:00');
INSERT INTO tech_dev_milestone (tech_id, milestone_date, milestone_name, contributor_keywords, milestone_content, created_at, updated_at) VALUES ('TECH_S_345706bdb825f65c', '2023-04-18', '中试成功', '["国生医研究所"]'::json, '中试成功：实现半导体关键突破。', '2026-06-15T12:00:00+00:00', '2026-06-15T12:00:00+00:00');
INSERT INTO tech_dev_milestone (tech_id, milestone_date, milestone_name, contributor_keywords, milestone_content, created_at, updated_at) VALUES ('TECH_S_345706bdb825f65c', '2017-07-23', '产业化', '["中智算研究院"]'::json, '产业化：实现半导体关键突破。', '2026-06-15T12:00:00+00:00', '2026-06-15T12:00:00+00:00');
INSERT INTO tech_funding (tech_id, amount, source, created_at, updated_at) VALUES ('TECH_S_345706bdb825f65c', 3000.0, '国家重点研发计划', '2026-06-15T12:00:00+00:00', '2026-06-15T12:00:00+00:00');
INSERT INTO tech_funding (tech_id, amount, source, created_at, updated_at) VALUES ('TECH_S_345706bdb825f65c', 8000.0, '企业自筹', '2026-06-15T12:00:00+00:00', '2026-06-15T12:00:00+00:00');
INSERT INTO tech_academic_output (tech_id, name, publish_date, subject_keywords, image, created_at, updated_at) VALUES ('TECH_S_345706bdb825f65c', '小型化碳纳米管装置相关研究', '2020-08-01', '["南方量子科技"]'::json, '', '2026-06-15T12:00:00+00:00', '2026-06-15T12:00:00+00:00');
INSERT INTO tech_academic_output (tech_id, name, publish_date, subject_keywords, image, created_at, updated_at) VALUES ('TECH_S_345706bdb825f65c', '小型化碳纳米管装置相关研究', '2018-05-07', '["南方航宇研究院"]'::json, '', '2026-06-15T12:00:00+00:00', '2026-06-15T12:00:00+00:00');
INSERT INTO tech_academic_output (tech_id, name, publish_date, subject_keywords, image, created_at, updated_at) VALUES ('TECH_S_345706bdb825f65c', '小型化碳纳米管装置相关研究', '2021-06-03', '["中科未来集团"]'::json, '', '2026-06-15T12:00:00+00:00', '2026-06-15T12:00:00+00:00');
INSERT INTO tech_experiment (tech_id, content, experiment_date, result, subject_keywords, image, created_at, updated_at) VALUES ('TECH_S_345706bdb825f65c', '小型化碳纳米管装置原理验证实验', '2020-01-02', '实验数据达到预期指标', '["半导体"]'::json, '', '2026-06-15T12:00:00+00:00', '2026-06-15T12:00:00+00:00');
INSERT INTO entity_change_log (entity_id, entity_type, field, old_value, new_value, method, operator, source_doc_id, reason, changed_at) VALUES ('TECH_S_345706bdb825f65c', 'tech', '*', NULL, '{"action": "create"}'::json, 'rule', NULL, 'mock_seed', NULL, '2026-06-15T12:00:00+00:00');
INSERT INTO tech_profile (tech_id, tech_name_cn, tech_name_en, tech_name_other, tech_domain, invention_date, application_date, tech_summary, dev_goal, project_layout, key_points, transformation_status, basic_research_status, autonomy_capability, industrial_capability, tech_advantages, current_status, trend, remark, confidence, completeness, created_at, updated_at) VALUES ('TECH_S_17014cb68aa2bc8e', '智能化碳化硅功率器件装置', 'Tech-053 钙钛矿太阳能电池', NULL, '["脑机接口", "集成电路"]'::json, '2014-01-07', '2021-03-04', '智能化碳化硅功率器件装置是脑机接口领域的关键技术，具有高效率等优势，应用前景广阔。', '突破脑机接口核心技术瓶颈，实现自主可控。', '["脑机接口基础理论", "脑机接口工程化"]'::json, '["脑机接口关键工艺", "脑机接口系统集成"]'::json, '转化中', '基础理论已建立', '具备完全自主知识产权', '形成完整产业链', '相比同类技术，智能化碳化硅功率器件装置在性能与成本上优势明显。', '概念论证', '快速上升', '', 0.819, 0.623, '2026-06-15T12:00:00+00:00', '2026-06-15T12:00:00+00:00');
INSERT INTO tech_dev_milestone (tech_id, milestone_date, milestone_name, contributor_keywords, milestone_content, created_at, updated_at) VALUES ('TECH_S_17014cb68aa2bc8e', '2018-11-27', '概念提出', '["远脑科学股份"]'::json, '概念提出：实现脑机接口关键突破。', '2026-06-15T12:00:00+00:00', '2026-06-15T12:00:00+00:00');
INSERT INTO tech_dev_milestone (tech_id, milestone_date, milestone_name, contributor_keywords, milestone_content, created_at, updated_at) VALUES ('TECH_S_17014cb68aa2bc8e', '2016-12-27', '实验室验证', '["北方算力研究院"]'::json, '实验室验证：实现脑机接口关键突破。', '2026-06-15T12:00:00+00:00', '2026-06-15T12:00:00+00:00');
INSERT INTO tech_dev_milestone (tech_id, milestone_date, milestone_name, contributor_keywords, milestone_content, created_at, updated_at) VALUES ('TECH_S_17014cb68aa2bc8e', '2024-11-04', '工程样机', '["国航宇集团"]'::json, '工程样机：实现脑机接口关键突破。', '2026-06-15T12:00:00+00:00', '2026-06-15T12:00:00+00:00');
INSERT INTO tech_dev_milestone (tech_id, milestone_date, milestone_name, contributor_keywords, milestone_content, created_at, updated_at) VALUES ('TECH_S_17014cb68aa2bc8e', '2022-06-02', '中试成功', '["中未来科技"]'::json, '中试成功：实现脑机接口关键突破。', '2026-06-15T12:00:00+00:00', '2026-06-15T12:00:00+00:00');
INSERT INTO tech_dev_milestone (tech_id, milestone_date, milestone_name, contributor_keywords, milestone_content, created_at, updated_at) VALUES ('TECH_S_17014cb68aa2bc8e', '2014-07-07', '产业化', '["航天量子集团"]'::json, '产业化：实现脑机接口关键突破。', '2026-06-15T12:00:00+00:00', '2026-06-15T12:00:00+00:00');
INSERT INTO tech_funding (tech_id, amount, source, created_at, updated_at) VALUES ('TECH_S_17014cb68aa2bc8e', 8000.0, '国家重点研发计划', '2026-06-15T12:00:00+00:00', '2026-06-15T12:00:00+00:00');
INSERT INTO tech_funding (tech_id, amount, source, created_at, updated_at) VALUES ('TECH_S_17014cb68aa2bc8e', 500.0, '国家重点研发计划', '2026-06-15T12:00:00+00:00', '2026-06-15T12:00:00+00:00');
INSERT INTO tech_funding (tech_id, amount, source, created_at, updated_at) VALUES ('TECH_S_17014cb68aa2bc8e', 1000.0, '国家自然科学基金', '2026-06-15T12:00:00+00:00', '2026-06-15T12:00:00+00:00');
INSERT INTO tech_academic_output (tech_id, name, publish_date, subject_keywords, image, created_at, updated_at) VALUES ('TECH_S_17014cb68aa2bc8e', '智能化碳化硅功率器件装置相关研究', '2019-11-02', '["国氢动高科"]'::json, '', '2026-06-15T12:00:00+00:00', '2026-06-15T12:00:00+00:00');
INSERT INTO tech_academic_output (tech_id, name, publish_date, subject_keywords, image, created_at, updated_at) VALUES ('TECH_S_17014cb68aa2bc8e', '智能化碳化硅功率器件装置相关研究', '2022-12-09', '["北方脑科学实验室"]'::json, '', '2026-06-15T12:00:00+00:00', '2026-06-15T12:00:00+00:00');
INSERT INTO tech_academic_output (tech_id, name, publish_date, subject_keywords, image, created_at, updated_at) VALUES ('TECH_S_17014cb68aa2bc8e', '智能化碳化硅功率器件装置相关研究', '2024-07-27', '["远未来实验室"]'::json, '', '2026-06-15T12:00:00+00:00', '2026-06-15T12:00:00+00:00');
INSERT INTO tech_experiment (tech_id, content, experiment_date, result, subject_keywords, image, created_at, updated_at) VALUES ('TECH_S_17014cb68aa2bc8e', '智能化碳化硅功率器件装置原理验证实验', '2021-06-08', '实验数据达到预期指标', '["脑机接口"]'::json, '', '2026-06-15T12:00:00+00:00', '2026-06-15T12:00:00+00:00');
INSERT INTO entity_change_log (entity_id, entity_type, field, old_value, new_value, method, operator, source_doc_id, reason, changed_at) VALUES ('TECH_S_17014cb68aa2bc8e', 'tech', '*', NULL, '{"action": "create"}'::json, 'rule', NULL, 'mock_seed', NULL, '2026-06-15T12:00:00+00:00');
INSERT INTO tech_profile (tech_id, tech_name_cn, tech_name_en, tech_name_other, tech_domain, invention_date, application_date, tech_summary, dev_goal, project_layout, key_points, transformation_status, basic_research_status, autonomy_capability, industrial_capability, tech_advantages, current_status, trend, remark, confidence, completeness, created_at, updated_at) VALUES ('TECH_S_928fc51af44cc957', '高可靠神经网络芯片解决方案', 'Tech-054 仿生机械臂', NULL, '["航空航天", "深海装备"]'::json, '2019-01-18', '2025-01-04', '高可靠神经网络芯片解决方案是航空航天领域的关键技术，具有低成本等优势，应用前景广阔。', '突破航空航天核心技术瓶颈，实现自主可控。', '["航空航天基础理论", "航空航天工程化"]'::json, '["航空航天关键工艺", "航空航天系统集成"]'::json, '转化中', '基础理论已建立', '具备完全自主知识产权', '形成完整产业链', '相比同类技术，高可靠神经网络芯片解决方案在性能与成本上优势明显。', '规模化部署', '下降', '', 0.866, 0.571, '2026-06-15T12:00:00+00:00', '2026-06-15T12:00:00+00:00');
INSERT INTO tech_dev_milestone (tech_id, milestone_date, milestone_name, contributor_keywords, milestone_content, created_at, updated_at) VALUES ('TECH_S_928fc51af44cc957', '2011-03-08', '概念提出', '["东方未来研究院"]'::json, '概念提出：实现航空航天关键突破。', '2026-06-15T12:00:00+00:00', '2026-06-15T12:00:00+00:00');
INSERT INTO tech_dev_milestone (tech_id, milestone_date, milestone_name, contributor_keywords, milestone_content, created_at, updated_at) VALUES ('TECH_S_928fc51af44cc957', '2011-02-07', '实验室验证', '["华信息研究所"]'::json, '实验室验证：实现航空航天关键突破。', '2026-06-15T12:00:00+00:00', '2026-06-15T12:00:00+00:00');
INSERT INTO tech_dev_milestone (tech_id, milestone_date, milestone_name, contributor_keywords, milestone_content, created_at, updated_at) VALUES ('TECH_S_928fc51af44cc957', '2011-04-25', '工程样机', '["北方光电研究所"]'::json, '工程样机：实现航空航天关键突破。', '2026-06-15T12:00:00+00:00', '2026-06-15T12:00:00+00:00');
INSERT INTO tech_dev_milestone (tech_id, milestone_date, milestone_name, contributor_keywords, milestone_content, created_at, updated_at) VALUES ('TECH_S_928fc51af44cc957', '2020-09-12', '中试成功', '["国氢动高科"]'::json, '中试成功：实现航空航天关键突破。', '2026-06-15T12:00:00+00:00', '2026-06-15T12:00:00+00:00');
INSERT INTO tech_dev_milestone (tech_id, milestone_date, milestone_name, contributor_keywords, milestone_content, created_at, updated_at) VALUES ('TECH_S_928fc51af44cc957', '2019-05-18', '产业化', '["航天算力工程技术中心"]'::json, '产业化：实现航空航天关键突破。', '2026-06-15T12:00:00+00:00', '2026-06-15T12:00:00+00:00');
INSERT INTO tech_funding (tech_id, amount, source, created_at, updated_at) VALUES ('TECH_S_928fc51af44cc957', 1000.0, '地方专项', '2026-06-15T12:00:00+00:00', '2026-06-15T12:00:00+00:00');
INSERT INTO tech_funding (tech_id, amount, source, created_at, updated_at) VALUES ('TECH_S_928fc51af44cc957', 8000.0, '地方专项', '2026-06-15T12:00:00+00:00', '2026-06-15T12:00:00+00:00');
INSERT INTO tech_academic_output (tech_id, name, publish_date, subject_keywords, image, created_at, updated_at) VALUES ('TECH_S_928fc51af44cc957', '高可靠神经网络芯片解决方案相关研究', '2021-07-11', '["东方航宇研究所"]'::json, '', '2026-06-15T12:00:00+00:00', '2026-06-15T12:00:00+00:00');
INSERT INTO tech_experiment (tech_id, content, experiment_date, result, subject_keywords, image, created_at, updated_at) VALUES ('TECH_S_928fc51af44cc957', '高可靠神经网络芯片解决方案原理验证实验', '2024-12-17', '实验数据达到预期指标', '["航空航天"]'::json, '', '2026-06-15T12:00:00+00:00', '2026-06-15T12:00:00+00:00');
INSERT INTO entity_change_log (entity_id, entity_type, field, old_value, new_value, method, operator, source_doc_id, reason, changed_at) VALUES ('TECH_S_928fc51af44cc957', 'tech', '*', NULL, '{"action": "create"}'::json, 'rule', NULL, 'mock_seed', NULL, '2026-06-15T12:00:00+00:00');
INSERT INTO tech_profile (tech_id, tech_name_cn, tech_name_en, tech_name_other, tech_domain, invention_date, application_date, tech_summary, dev_goal, project_layout, key_points, transformation_status, basic_research_status, autonomy_capability, industrial_capability, tech_advantages, current_status, trend, remark, confidence, completeness, created_at, updated_at) VALUES ('TECH_S_cfcf1e428849505d', '小型化碳纳米管平台', 'Tech-055 光量子计算', NULL, '["氢能", "先进算力"]'::json, '2003-05-16', '2018-05-22', '小型化碳纳米管平台是氢能领域的关键技术，具有高效率等优势，应用前景广阔。', '突破氢能核心技术瓶颈，实现自主可控。', '["氢能基础理论", "氢能工程化"]'::json, '["氢能关键工艺", "氢能系统集成"]'::json, '待转化', '基础理论已建立', '具备完全自主知识产权', '形成完整产业链', '相比同类技术，小型化碳纳米管平台在性能与成本上优势明显。', '工程化应用', '波动', '', 0.718, 0.793, '2026-06-15T12:00:00+00:00', '2026-06-15T12:00:00+00:00');
INSERT INTO tech_dev_milestone (tech_id, milestone_date, milestone_name, contributor_keywords, milestone_content, created_at, updated_at) VALUES ('TECH_S_cfcf1e428849505d', '2023-09-11', '概念提出', '["北方前沿实验室"]'::json, '概念提出：实现氢能关键突破。', '2026-06-15T12:00:00+00:00', '2026-06-15T12:00:00+00:00');
INSERT INTO tech_dev_milestone (tech_id, milestone_date, milestone_name, contributor_keywords, milestone_content, created_at, updated_at) VALUES ('TECH_S_cfcf1e428849505d', '2020-09-14', '实验室验证', '["国储能股份"]'::json, '实验室验证：实现氢能关键突破。', '2026-06-15T12:00:00+00:00', '2026-06-15T12:00:00+00:00');
INSERT INTO tech_dev_milestone (tech_id, milestone_date, milestone_name, contributor_keywords, milestone_content, created_at, updated_at) VALUES ('TECH_S_cfcf1e428849505d', '2015-06-09', '工程样机', '["中前沿研究所"]'::json, '工程样机：实现氢能关键突破。', '2026-06-15T12:00:00+00:00', '2026-06-15T12:00:00+00:00');
INSERT INTO tech_dev_milestone (tech_id, milestone_date, milestone_name, contributor_keywords, milestone_content, created_at, updated_at) VALUES ('TECH_S_cfcf1e428849505d', '2023-03-02', '中试成功', '["北方脑科学实验室"]'::json, '中试成功：实现氢能关键突破。', '2026-06-15T12:00:00+00:00', '2026-06-15T12:00:00+00:00');
INSERT INTO tech_dev_milestone (tech_id, milestone_date, milestone_name, contributor_keywords, milestone_content, created_at, updated_at) VALUES ('TECH_S_cfcf1e428849505d', '2014-08-28', '产业化', '["远未来实验室"]'::json, '产业化：实现氢能关键突破。', '2026-06-15T12:00:00+00:00', '2026-06-15T12:00:00+00:00');
INSERT INTO tech_funding (tech_id, amount, source, created_at, updated_at) VALUES ('TECH_S_cfcf1e428849505d', 8000.0, '地方专项', '2026-06-15T12:00:00+00:00', '2026-06-15T12:00:00+00:00');
INSERT INTO tech_funding (tech_id, amount, source, created_at, updated_at) VALUES ('TECH_S_cfcf1e428849505d', 3000.0, '地方专项', '2026-06-15T12:00:00+00:00', '2026-06-15T12:00:00+00:00');
INSERT INTO tech_funding (tech_id, amount, source, created_at, updated_at) VALUES ('TECH_S_cfcf1e428849505d', 500.0, '国家自然科学基金', '2026-06-15T12:00:00+00:00', '2026-06-15T12:00:00+00:00');
INSERT INTO tech_academic_output (tech_id, name, publish_date, subject_keywords, image, created_at, updated_at) VALUES ('TECH_S_cfcf1e428849505d', '小型化碳纳米管平台相关研究', '2020-08-26', '["新前沿实验室"]'::json, '', '2026-06-15T12:00:00+00:00', '2026-06-15T12:00:00+00:00');
INSERT INTO tech_academic_output (tech_id, name, publish_date, subject_keywords, image, created_at, updated_at) VALUES ('TECH_S_cfcf1e428849505d', '小型化碳纳米管平台相关研究', '2022-05-09', '["新前沿实验室"]'::json, '', '2026-06-15T12:00:00+00:00', '2026-06-15T12:00:00+00:00');
INSERT INTO tech_experiment (tech_id, content, experiment_date, result, subject_keywords, image, created_at, updated_at) VALUES ('TECH_S_cfcf1e428849505d', '小型化碳纳米管平台原理验证实验', '2021-11-14', '实验数据达到预期指标', '["氢能"]'::json, '', '2026-06-15T12:00:00+00:00', '2026-06-15T12:00:00+00:00');
INSERT INTO entity_change_log (entity_id, entity_type, field, old_value, new_value, method, operator, source_doc_id, reason, changed_at) VALUES ('TECH_S_cfcf1e428849505d', 'tech', '*', NULL, '{"action": "create"}'::json, 'rule', NULL, 'mock_seed', NULL, '2026-06-15T12:00:00+00:00');
INSERT INTO tech_profile (tech_id, tech_name_cn, tech_name_en, tech_name_other, tech_domain, invention_date, application_date, tech_summary, dev_goal, project_layout, key_points, transformation_status, basic_research_status, autonomy_capability, industrial_capability, tech_advantages, current_status, trend, remark, confidence, completeness, created_at, updated_at) VALUES ('TECH_S_fdf4cafc94cc9763', '高可靠自动驾驶域控制器解决方案', 'Tech-056 光量子计算', NULL, '["自动驾驶", "光电技术"]'::json, '2006-08-28', '2023-10-23', '高可靠自动驾驶域控制器解决方案是光电技术领域的关键技术，具有高效率等优势，应用前景广阔。', '突破光电技术核心技术瓶颈，实现自主可控。', '["光电技术基础理论", "光电技术工程化"]'::json, '["光电技术关键工艺", "光电技术系统集成"]'::json, '待转化', '基础理论已建立', '具备完全自主知识产权', '形成完整产业链', '相比同类技术，高可靠自动驾驶域控制器解决方案在性能与成本上优势明显。', '规模化部署', '稳步上升', '', 0.876, 0.555, '2026-06-15T12:00:00+00:00', '2026-06-15T12:00:00+00:00');
INSERT INTO tech_dev_milestone (tech_id, milestone_date, milestone_name, contributor_keywords, milestone_content, created_at, updated_at) VALUES ('TECH_S_fdf4cafc94cc9763', '2024-02-23', '概念提出', '["南方量子高科"]'::json, '概念提出：实现光电技术关键突破。', '2026-06-15T12:00:00+00:00', '2026-06-15T12:00:00+00:00');
INSERT INTO tech_dev_milestone (tech_id, milestone_date, milestone_name, contributor_keywords, milestone_content, created_at, updated_at) VALUES ('TECH_S_fdf4cafc94cc9763', '2010-08-22', '实验室验证', '["航天储能实验室"]'::json, '实验室验证：实现光电技术关键突破。', '2026-06-15T12:00:00+00:00', '2026-06-15T12:00:00+00:00');
INSERT INTO tech_dev_milestone (tech_id, milestone_date, milestone_name, contributor_keywords, milestone_content, created_at, updated_at) VALUES ('TECH_S_fdf4cafc94cc9763', '2012-01-02', '工程样机', '["国新材股份"]'::json, '工程样机：实现光电技术关键突破。', '2026-06-15T12:00:00+00:00', '2026-06-15T12:00:00+00:00');
INSERT INTO tech_dev_milestone (tech_id, milestone_date, milestone_name, contributor_keywords, milestone_content, created_at, updated_at) VALUES ('TECH_S_fdf4cafc94cc9763', '2012-07-13', '中试成功', '["东方储能集团"]'::json, '中试成功：实现光电技术关键突破。', '2026-06-15T12:00:00+00:00', '2026-06-15T12:00:00+00:00');
INSERT INTO tech_dev_milestone (tech_id, milestone_date, milestone_name, contributor_keywords, milestone_content, created_at, updated_at) VALUES ('TECH_S_fdf4cafc94cc9763', '2015-03-06', '产业化', '["国智算股份"]'::json, '产业化：实现光电技术关键突破。', '2026-06-15T12:00:00+00:00', '2026-06-15T12:00:00+00:00');
INSERT INTO tech_funding (tech_id, amount, source, created_at, updated_at) VALUES ('TECH_S_fdf4cafc94cc9763', 500.0, '地方专项', '2026-06-15T12:00:00+00:00', '2026-06-15T12:00:00+00:00');
INSERT INTO tech_funding (tech_id, amount, source, created_at, updated_at) VALUES ('TECH_S_fdf4cafc94cc9763', 15000.0, '企业自筹', '2026-06-15T12:00:00+00:00', '2026-06-15T12:00:00+00:00');
INSERT INTO tech_funding (tech_id, amount, source, created_at, updated_at) VALUES ('TECH_S_fdf4cafc94cc9763', 8000.0, '国家重点研发计划', '2026-06-15T12:00:00+00:00', '2026-06-15T12:00:00+00:00');
INSERT INTO tech_academic_output (tech_id, name, publish_date, subject_keywords, image, created_at, updated_at) VALUES ('TECH_S_fdf4cafc94cc9763', '高可靠自动驾驶域控制器解决方案相关研究', '2019-05-16', '["南方脑科学科技"]'::json, '', '2026-06-15T12:00:00+00:00', '2026-06-15T12:00:00+00:00');
INSERT INTO tech_academic_output (tech_id, name, publish_date, subject_keywords, image, created_at, updated_at) VALUES ('TECH_S_fdf4cafc94cc9763', '高可靠自动驾驶域控制器解决方案相关研究', '2020-03-28', '["航天脑科学高科"]'::json, '', '2026-06-15T12:00:00+00:00', '2026-06-15T12:00:00+00:00');
INSERT INTO tech_academic_output (tech_id, name, publish_date, subject_keywords, image, created_at, updated_at) VALUES ('TECH_S_fdf4cafc94cc9763', '高可靠自动驾驶域控制器解决方案相关研究', '2018-12-24', '["航天芯创实验室"]'::json, '', '2026-06-15T12:00:00+00:00', '2026-06-15T12:00:00+00:00');
INSERT INTO tech_experiment (tech_id, content, experiment_date, result, subject_keywords, image, created_at, updated_at) VALUES ('TECH_S_fdf4cafc94cc9763', '高可靠自动驾驶域控制器解决方案原理验证实验', '2024-05-07', '实验数据达到预期指标', '["光电技术"]'::json, '', '2026-06-15T12:00:00+00:00', '2026-06-15T12:00:00+00:00');
INSERT INTO entity_change_log (entity_id, entity_type, field, old_value, new_value, method, operator, source_doc_id, reason, changed_at) VALUES ('TECH_S_fdf4cafc94cc9763', 'tech', '*', NULL, '{"action": "create"}'::json, 'rule', NULL, 'mock_seed', NULL, '2026-06-15T12:00:00+00:00');
INSERT INTO tech_profile (tech_id, tech_name_cn, tech_name_en, tech_name_other, tech_domain, invention_date, application_date, tech_summary, dev_goal, project_layout, key_points, transformation_status, basic_research_status, autonomy_capability, industrial_capability, tech_advantages, current_status, trend, remark, confidence, completeness, created_at, updated_at) VALUES ('TECH_S_82c84b7ac623f5d8', '高可靠神经形态芯片技术', 'Tech-057 mRNA疫苗', NULL, '["先进算力", "增材制造"]'::json, '2017-09-11', '2018-12-12', '高可靠神经形态芯片技术是先进算力领域的关键技术，具有高效率等优势，应用前景广阔。', '突破先进算力核心技术瓶颈，实现自主可控。', '["先进算力基础理论", "先进算力工程化"]'::json, '["先进算力关键工艺", "先进算力系统集成"]'::json, '已转化', '基础理论已建立', '具备完全自主知识产权', '形成完整产业链', '相比同类技术，高可靠神经形态芯片技术在性能与成本上优势明显。', '工程化应用', '波动', '', 0.756, 0.577, '2026-06-15T12:00:00+00:00', '2026-06-15T12:00:00+00:00');
INSERT INTO tech_dev_milestone (tech_id, milestone_date, milestone_name, contributor_keywords, milestone_content, created_at, updated_at) VALUES ('TECH_S_82c84b7ac623f5d8', '2013-11-09', '概念提出', '["东方基因股份"]'::json, '概念提出：实现先进算力关键突破。', '2026-06-15T12:00:00+00:00', '2026-06-15T12:00:00+00:00');
INSERT INTO tech_dev_milestone (tech_id, milestone_date, milestone_name, contributor_keywords, milestone_content, created_at, updated_at) VALUES ('TECH_S_82c84b7ac623f5d8', '2012-04-22', '实验室验证', '["北方先进工程技术中心"]'::json, '实验室验证：实现先进算力关键突破。', '2026-06-15T12:00:00+00:00', '2026-06-15T12:00:00+00:00');
INSERT INTO tech_dev_milestone (tech_id, milestone_date, milestone_name, contributor_keywords, milestone_content, created_at, updated_at) VALUES ('TECH_S_82c84b7ac623f5d8', '2012-04-17', '工程样机', '["中未来科技"]'::json, '工程样机：实现先进算力关键突破。', '2026-06-15T12:00:00+00:00', '2026-06-15T12:00:00+00:00');
INSERT INTO tech_dev_milestone (tech_id, milestone_date, milestone_name, contributor_keywords, milestone_content, created_at, updated_at) VALUES ('TECH_S_82c84b7ac623f5d8', '2021-06-16', '中试成功', '["新基因实验室"]'::json, '中试成功：实现先进算力关键突破。', '2026-06-15T12:00:00+00:00', '2026-06-15T12:00:00+00:00');
INSERT INTO tech_dev_milestone (tech_id, milestone_date, milestone_name, contributor_keywords, milestone_content, created_at, updated_at) VALUES ('TECH_S_82c84b7ac623f5d8', '2014-04-18', '产业化', '["新芯创研究院"]'::json, '产业化：实现先进算力关键突破。', '2026-06-15T12:00:00+00:00', '2026-06-15T12:00:00+00:00');
INSERT INTO tech_funding (tech_id, amount, source, created_at, updated_at) VALUES ('TECH_S_82c84b7ac623f5d8', 3000.0, '地方专项', '2026-06-15T12:00:00+00:00', '2026-06-15T12:00:00+00:00');
INSERT INTO tech_funding (tech_id, amount, source, created_at, updated_at) VALUES ('TECH_S_82c84b7ac623f5d8', 1000.0, '国家自然科学基金', '2026-06-15T12:00:00+00:00', '2026-06-15T12:00:00+00:00');
INSERT INTO tech_funding (tech_id, amount, source, created_at, updated_at) VALUES ('TECH_S_82c84b7ac623f5d8', 500.0, '地方专项', '2026-06-15T12:00:00+00:00', '2026-06-15T12:00:00+00:00');
INSERT INTO tech_academic_output (tech_id, name, publish_date, subject_keywords, image, created_at, updated_at) VALUES ('TECH_S_82c84b7ac623f5d8', '高可靠神经形态芯片技术相关研究', '2018-07-13', '["国生医工程技术中心"]'::json, '', '2026-06-15T12:00:00+00:00', '2026-06-15T12:00:00+00:00');
INSERT INTO tech_experiment (tech_id, content, experiment_date, result, subject_keywords, image, created_at, updated_at) VALUES ('TECH_S_82c84b7ac623f5d8', '高可靠神经形态芯片技术原理验证实验', '2020-08-05', '实验数据达到预期指标', '["先进算力"]'::json, '', '2026-06-15T12:00:00+00:00', '2026-06-15T12:00:00+00:00');
INSERT INTO entity_change_log (entity_id, entity_type, field, old_value, new_value, method, operator, source_doc_id, reason, changed_at) VALUES ('TECH_S_82c84b7ac623f5d8', 'tech', '*', NULL, '{"action": "create"}'::json, 'rule', NULL, 'mock_seed', NULL, '2026-06-15T12:00:00+00:00');
INSERT INTO tech_profile (tech_id, tech_name_cn, tech_name_en, tech_name_other, tech_domain, invention_date, application_date, tech_summary, dev_goal, project_layout, key_points, transformation_status, basic_research_status, autonomy_capability, industrial_capability, tech_advantages, current_status, trend, remark, confidence, completeness, created_at, updated_at) VALUES ('TECH_S_bb47a2d59f08466d', '柔性自动驾驶域控制器工艺', 'Tech-058 卫星星座组网', NULL, '["生物医药", "无人机"]'::json, '2018-04-24', '2020-11-22', '柔性自动驾驶域控制器工艺是无人机领域的关键技术，具有低成本等优势，应用前景广阔。', '突破无人机核心技术瓶颈，实现自主可控。', '["无人机基础理论", "无人机工程化"]'::json, '["无人机关键工艺", "无人机系统集成"]'::json, '已转化', '基础理论已建立', '具备完全自主知识产权', '形成完整产业链', '相比同类技术，柔性自动驾驶域控制器工艺在性能与成本上优势明显。', '规模化部署', '平稳', '', 0.79, 0.932, '2026-06-15T12:00:00+00:00', '2026-06-15T12:00:00+00:00');
INSERT INTO tech_dev_milestone (tech_id, milestone_date, milestone_name, contributor_keywords, milestone_content, created_at, updated_at) VALUES ('TECH_S_bb47a2d59f08466d', '2016-12-26', '概念提出', '["航天光电高科"]'::json, '概念提出：实现无人机关键突破。', '2026-06-15T12:00:00+00:00', '2026-06-15T12:00:00+00:00');
INSERT INTO tech_dev_milestone (tech_id, milestone_date, milestone_name, contributor_keywords, milestone_content, created_at, updated_at) VALUES ('TECH_S_bb47a2d59f08466d', '2014-08-10', '实验室验证', '["中科微纳股份"]'::json, '实验室验证：实现无人机关键突破。', '2026-06-15T12:00:00+00:00', '2026-06-15T12:00:00+00:00');
INSERT INTO tech_dev_milestone (tech_id, milestone_date, milestone_name, contributor_keywords, milestone_content, created_at, updated_at) VALUES ('TECH_S_bb47a2d59f08466d', '2015-09-21', '工程样机', '["航天储能实验室"]'::json, '工程样机：实现无人机关键突破。', '2026-06-15T12:00:00+00:00', '2026-06-15T12:00:00+00:00');
INSERT INTO tech_dev_milestone (tech_id, milestone_date, milestone_name, contributor_keywords, milestone_content, created_at, updated_at) VALUES ('TECH_S_bb47a2d59f08466d', '2019-08-10', '中试成功', '["航天聚变实验室"]'::json, '中试成功：实现无人机关键突破。', '2026-06-15T12:00:00+00:00', '2026-06-15T12:00:00+00:00');
INSERT INTO tech_dev_milestone (tech_id, milestone_date, milestone_name, contributor_keywords, milestone_content, created_at, updated_at) VALUES ('TECH_S_bb47a2d59f08466d', '2011-12-15', '产业化', '["北方前沿实验室"]'::json, '产业化：实现无人机关键突破。', '2026-06-15T12:00:00+00:00', '2026-06-15T12:00:00+00:00');
INSERT INTO tech_funding (tech_id, amount, source, created_at, updated_at) VALUES ('TECH_S_bb47a2d59f08466d', 1000.0, '地方专项', '2026-06-15T12:00:00+00:00', '2026-06-15T12:00:00+00:00');
INSERT INTO tech_funding (tech_id, amount, source, created_at, updated_at) VALUES ('TECH_S_bb47a2d59f08466d', 1000.0, '国家自然科学基金', '2026-06-15T12:00:00+00:00', '2026-06-15T12:00:00+00:00');
INSERT INTO tech_funding (tech_id, amount, source, created_at, updated_at) VALUES ('TECH_S_bb47a2d59f08466d', 500.0, '地方专项', '2026-06-15T12:00:00+00:00', '2026-06-15T12:00:00+00:00');
INSERT INTO tech_academic_output (tech_id, name, publish_date, subject_keywords, image, created_at, updated_at) VALUES ('TECH_S_bb47a2d59f08466d', '柔性自动驾驶域控制器工艺相关研究', '2018-01-12', '["北方光电研究所"]'::json, '', '2026-06-15T12:00:00+00:00', '2026-06-15T12:00:00+00:00');
INSERT INTO tech_experiment (tech_id, content, experiment_date, result, subject_keywords, image, created_at, updated_at) VALUES ('TECH_S_bb47a2d59f08466d', '柔性自动驾驶域控制器工艺原理验证实验', '2024-06-05', '实验数据达到预期指标', '["无人机"]'::json, '', '2026-06-15T12:00:00+00:00', '2026-06-15T12:00:00+00:00');
INSERT INTO entity_change_log (entity_id, entity_type, field, old_value, new_value, method, operator, source_doc_id, reason, changed_at) VALUES ('TECH_S_bb47a2d59f08466d', 'tech', '*', NULL, '{"action": "create"}'::json, 'rule', NULL, 'mock_seed', NULL, '2026-06-15T12:00:00+00:00');
INSERT INTO tech_profile (tech_id, tech_name_cn, tech_name_en, tech_name_other, tech_domain, invention_date, application_date, tech_summary, dev_goal, project_layout, key_points, transformation_status, basic_research_status, autonomy_capability, industrial_capability, tech_advantages, current_status, trend, remark, confidence, completeness, created_at, updated_at) VALUES ('TECH_S_3fe4b48f3afaaf37', '低功耗光量子计算方法', 'Tech-059 毫米波雷达', NULL, '["生物医药", "氢能"]'::json, '2005-03-27', '2018-06-10', '低功耗光量子计算方法是氢能领域的关键技术，具有高效率等优势，应用前景广阔。', '突破氢能核心技术瓶颈，实现自主可控。', '["氢能基础理论", "氢能工程化"]'::json, '["氢能关键工艺", "氢能系统集成"]'::json, '待转化', '基础理论已建立', '具备完全自主知识产权', '形成完整产业链', '相比同类技术，低功耗光量子计算方法在性能与成本上优势明显。', '规模化部署', '稳步上升', '', 0.914, 0.614, '2026-06-15T12:00:00+00:00', '2026-06-15T12:00:00+00:00');
INSERT INTO tech_dev_milestone (tech_id, milestone_date, milestone_name, contributor_keywords, milestone_content, created_at, updated_at) VALUES ('TECH_S_3fe4b48f3afaaf37', '2024-11-15', '概念提出', '["航天生医高科"]'::json, '概念提出：实现氢能关键突破。', '2026-06-15T12:00:00+00:00', '2026-06-15T12:00:00+00:00');
INSERT INTO tech_dev_milestone (tech_id, milestone_date, milestone_name, contributor_keywords, milestone_content, created_at, updated_at) VALUES ('TECH_S_3fe4b48f3afaaf37', '2014-08-09', '实验室验证', '["华氢动实验室"]'::json, '实验室验证：实现氢能关键突破。', '2026-06-15T12:00:00+00:00', '2026-06-15T12:00:00+00:00');
INSERT INTO tech_dev_milestone (tech_id, milestone_date, milestone_name, contributor_keywords, milestone_content, created_at, updated_at) VALUES ('TECH_S_3fe4b48f3afaaf37', '2016-12-14', '工程样机', '["华航宇股份"]'::json, '工程样机：实现氢能关键突破。', '2026-06-15T12:00:00+00:00', '2026-06-15T12:00:00+00:00');
INSERT INTO tech_dev_milestone (tech_id, milestone_date, milestone_name, contributor_keywords, milestone_content, created_at, updated_at) VALUES ('TECH_S_3fe4b48f3afaaf37', '2015-12-20', '中试成功', '["国生医研究所"]'::json, '中试成功：实现氢能关键突破。', '2026-06-15T12:00:00+00:00', '2026-06-15T12:00:00+00:00');
INSERT INTO tech_dev_milestone (tech_id, milestone_date, milestone_name, contributor_keywords, milestone_content, created_at, updated_at) VALUES ('TECH_S_3fe4b48f3afaaf37', '2011-11-27', '产业化', '["东方芯创股份"]'::json, '产业化：实现氢能关键突破。', '2026-06-15T12:00:00+00:00', '2026-06-15T12:00:00+00:00');
INSERT INTO tech_funding (tech_id, amount, source, created_at, updated_at) VALUES ('TECH_S_3fe4b48f3afaaf37', 1000.0, '地方专项', '2026-06-15T12:00:00+00:00', '2026-06-15T12:00:00+00:00');
INSERT INTO tech_funding (tech_id, amount, source, created_at, updated_at) VALUES ('TECH_S_3fe4b48f3afaaf37', 3000.0, '国家自然科学基金', '2026-06-15T12:00:00+00:00', '2026-06-15T12:00:00+00:00');
INSERT INTO tech_funding (tech_id, amount, source, created_at, updated_at) VALUES ('TECH_S_3fe4b48f3afaaf37', 500.0, '国家自然科学基金', '2026-06-15T12:00:00+00:00', '2026-06-15T12:00:00+00:00');
INSERT INTO tech_academic_output (tech_id, name, publish_date, subject_keywords, image, created_at, updated_at) VALUES ('TECH_S_3fe4b48f3afaaf37', '低功耗光量子计算方法相关研究', '2020-10-14', '["远脑科学股份"]'::json, '', '2026-06-15T12:00:00+00:00', '2026-06-15T12:00:00+00:00');
INSERT INTO tech_experiment (tech_id, content, experiment_date, result, subject_keywords, image, created_at, updated_at) VALUES ('TECH_S_3fe4b48f3afaaf37', '低功耗光量子计算方法原理验证实验', '2020-04-08', '实验数据达到预期指标', '["氢能"]'::json, '', '2026-06-15T12:00:00+00:00', '2026-06-15T12:00:00+00:00');
INSERT INTO entity_change_log (entity_id, entity_type, field, old_value, new_value, method, operator, source_doc_id, reason, changed_at) VALUES ('TECH_S_3fe4b48f3afaaf37', 'tech', '*', NULL, '{"action": "create"}'::json, 'rule', NULL, 'mock_seed', NULL, '2026-06-15T12:00:00+00:00');
INSERT INTO tech_profile (tech_id, tech_name_cn, tech_name_en, tech_name_other, tech_domain, invention_date, application_date, tech_summary, dev_goal, project_layout, key_points, transformation_status, basic_research_status, autonomy_capability, industrial_capability, tech_advantages, current_status, trend, remark, confidence, completeness, created_at, updated_at) VALUES ('TECH_S_b759afec40664fa2', '低功耗神经形态芯片技术', 'Tech-060 固态电池', NULL, '["深海装备", "光电技术"]'::json, '2008-09-13', '2025-08-06', '低功耗神经形态芯片技术是深海装备领域的关键技术，具有低成本等优势，应用前景广阔。', '突破深海装备核心技术瓶颈，实现自主可控。', '["深海装备基础理论", "深海装备工程化"]'::json, '["深海装备关键工艺", "深海装备系统集成"]'::json, '已转化', '基础理论已建立', '具备完全自主知识产权', '形成完整产业链', '相比同类技术，低功耗神经形态芯片技术在性能与成本上优势明显。', '规模化部署', '波动', '', 0.876, 0.81, '2026-06-15T12:00:00+00:00', '2026-06-15T12:00:00+00:00');
INSERT INTO tech_dev_milestone (tech_id, milestone_date, milestone_name, contributor_keywords, milestone_content, created_at, updated_at) VALUES ('TECH_S_b759afec40664fa2', '2021-10-05', '概念提出', '["东方先进高科"]'::json, '概念提出：实现深海装备关键突破。', '2026-06-15T12:00:00+00:00', '2026-06-15T12:00:00+00:00');
INSERT INTO tech_dev_milestone (tech_id, milestone_date, milestone_name, contributor_keywords, milestone_content, created_at, updated_at) VALUES ('TECH_S_b759afec40664fa2', '2015-03-07', '实验室验证', '["中科未来集团"]'::json, '实验室验证：实现深海装备关键突破。', '2026-06-15T12:00:00+00:00', '2026-06-15T12:00:00+00:00');
INSERT INTO tech_dev_milestone (tech_id, milestone_date, milestone_name, contributor_keywords, milestone_content, created_at, updated_at) VALUES ('TECH_S_b759afec40664fa2', '2023-05-17', '工程样机', '["东方芯创股份"]'::json, '工程样机：实现深海装备关键突破。', '2026-06-15T12:00:00+00:00', '2026-06-15T12:00:00+00:00');
INSERT INTO tech_dev_milestone (tech_id, milestone_date, milestone_name, contributor_keywords, milestone_content, created_at, updated_at) VALUES ('TECH_S_b759afec40664fa2', '2022-08-01', '中试成功', '["北方脑科学工程技术中心"]'::json, '中试成功：实现深海装备关键突破。', '2026-06-15T12:00:00+00:00', '2026-06-15T12:00:00+00:00');
INSERT INTO tech_dev_milestone (tech_id, milestone_date, milestone_name, contributor_keywords, milestone_content, created_at, updated_at) VALUES ('TECH_S_b759afec40664fa2', '2016-07-09', '产业化', '["中科未来集团"]'::json, '产业化：实现深海装备关键突破。', '2026-06-15T12:00:00+00:00', '2026-06-15T12:00:00+00:00');
INSERT INTO tech_funding (tech_id, amount, source, created_at, updated_at) VALUES ('TECH_S_b759afec40664fa2', 15000.0, '国家重点研发计划', '2026-06-15T12:00:00+00:00', '2026-06-15T12:00:00+00:00');
INSERT INTO tech_funding (tech_id, amount, source, created_at, updated_at) VALUES ('TECH_S_b759afec40664fa2', 1000.0, '国家自然科学基金', '2026-06-15T12:00:00+00:00', '2026-06-15T12:00:00+00:00');
INSERT INTO tech_funding (tech_id, amount, source, created_at, updated_at) VALUES ('TECH_S_b759afec40664fa2', 3000.0, '地方专项', '2026-06-15T12:00:00+00:00', '2026-06-15T12:00:00+00:00');
INSERT INTO tech_academic_output (tech_id, name, publish_date, subject_keywords, image, created_at, updated_at) VALUES ('TECH_S_b759afec40664fa2', '低功耗神经形态芯片技术相关研究', '2023-01-28', '["航天生医高科"]'::json, '', '2026-06-15T12:00:00+00:00', '2026-06-15T12:00:00+00:00');
INSERT INTO tech_experiment (tech_id, content, experiment_date, result, subject_keywords, image, created_at, updated_at) VALUES ('TECH_S_b759afec40664fa2', '低功耗神经形态芯片技术原理验证实验', '2023-10-22', '实验数据达到预期指标', '["深海装备"]'::json, '', '2026-06-15T12:00:00+00:00', '2026-06-15T12:00:00+00:00');
INSERT INTO entity_change_log (entity_id, entity_type, field, old_value, new_value, method, operator, source_doc_id, reason, changed_at) VALUES ('TECH_S_b759afec40664fa2', 'tech', '*', NULL, '{"action": "create"}'::json, 'rule', NULL, 'mock_seed', NULL, '2026-06-15T12:00:00+00:00');
INSERT INTO tech_profile (tech_id, tech_name_cn, tech_name_en, tech_name_other, tech_domain, invention_date, application_date, tech_summary, dev_goal, project_layout, key_points, transformation_status, basic_research_status, autonomy_capability, industrial_capability, tech_advantages, current_status, trend, remark, confidence, completeness, created_at, updated_at) VALUES ('TECH_S_cd90759315aca72f', '高性能固态电池工艺', 'Tech-061 碳化硅功率器件', NULL, '["氢能", "基因编辑"]'::json, '2017-11-19', '2023-07-24', '高性能固态电池工艺是氢能领域的关键技术，具有高可靠性等优势，应用前景广阔。', '突破氢能核心技术瓶颈，实现自主可控。', '["氢能基础理论", "氢能工程化"]'::json, '["氢能关键工艺", "氢能系统集成"]'::json, '转化中', '基础理论已建立', '具备完全自主知识产权', '形成完整产业链', '相比同类技术，高性能固态电池工艺在性能与成本上优势明显。', '概念论证', '平稳', '', 0.718, 0.771, '2026-06-15T12:00:00+00:00', '2026-06-15T12:00:00+00:00');
INSERT INTO tech_dev_milestone (tech_id, milestone_date, milestone_name, contributor_keywords, milestone_content, created_at, updated_at) VALUES ('TECH_S_cd90759315aca72f', '2010-02-15', '概念提出', '["东方先进高科"]'::json, '概念提出：实现氢能关键突破。', '2026-06-15T12:00:00+00:00', '2026-06-15T12:00:00+00:00');
INSERT INTO tech_dev_milestone (tech_id, milestone_date, milestone_name, contributor_keywords, milestone_content, created_at, updated_at) VALUES ('TECH_S_cd90759315aca72f', '2011-11-22', '实验室验证', '["南方脑科学科技"]'::json, '实验室验证：实现氢能关键突破。', '2026-06-15T12:00:00+00:00', '2026-06-15T12:00:00+00:00');
INSERT INTO tech_dev_milestone (tech_id, milestone_date, milestone_name, contributor_keywords, milestone_content, created_at, updated_at) VALUES ('TECH_S_cd90759315aca72f', '2017-01-17', '工程样机', '["东方微纳股份"]'::json, '工程样机：实现氢能关键突破。', '2026-06-15T12:00:00+00:00', '2026-06-15T12:00:00+00:00');
INSERT INTO tech_dev_milestone (tech_id, milestone_date, milestone_name, contributor_keywords, milestone_content, created_at, updated_at) VALUES ('TECH_S_cd90759315aca72f', '2020-12-16', '中试成功', '["国航宇股份"]'::json, '中试成功：实现氢能关键突破。', '2026-06-15T12:00:00+00:00', '2026-06-15T12:00:00+00:00');
INSERT INTO tech_dev_milestone (tech_id, milestone_date, milestone_name, contributor_keywords, milestone_content, created_at, updated_at) VALUES ('TECH_S_cd90759315aca72f', '2022-05-10', '产业化', '["南方脑科学科技"]'::json, '产业化：实现氢能关键突破。', '2026-06-15T12:00:00+00:00', '2026-06-15T12:00:00+00:00');
INSERT INTO tech_funding (tech_id, amount, source, created_at, updated_at) VALUES ('TECH_S_cd90759315aca72f', 500.0, '国家自然科学基金', '2026-06-15T12:00:00+00:00', '2026-06-15T12:00:00+00:00');
INSERT INTO tech_funding (tech_id, amount, source, created_at, updated_at) VALUES ('TECH_S_cd90759315aca72f', 1000.0, '地方专项', '2026-06-15T12:00:00+00:00', '2026-06-15T12:00:00+00:00');
INSERT INTO tech_funding (tech_id, amount, source, created_at, updated_at) VALUES ('TECH_S_cd90759315aca72f', 3000.0, '国家重点研发计划', '2026-06-15T12:00:00+00:00', '2026-06-15T12:00:00+00:00');
INSERT INTO tech_academic_output (tech_id, name, publish_date, subject_keywords, image, created_at, updated_at) VALUES ('TECH_S_cd90759315aca72f', '高性能固态电池工艺相关研究', '2019-01-05', '["航天先进实验室"]'::json, '', '2026-06-15T12:00:00+00:00', '2026-06-15T12:00:00+00:00');
INSERT INTO tech_experiment (tech_id, content, experiment_date, result, subject_keywords, image, created_at, updated_at) VALUES ('TECH_S_cd90759315aca72f', '高性能固态电池工艺原理验证实验', '2024-06-13', '实验数据达到预期指标', '["氢能"]'::json, '', '2026-06-15T12:00:00+00:00', '2026-06-15T12:00:00+00:00');
INSERT INTO entity_change_log (entity_id, entity_type, field, old_value, new_value, method, operator, source_doc_id, reason, changed_at) VALUES ('TECH_S_cd90759315aca72f', 'tech', '*', NULL, '{"action": "create"}'::json, 'rule', NULL, 'mock_seed', NULL, '2026-06-15T12:00:00+00:00');
INSERT INTO tech_profile (tech_id, tech_name_cn, tech_name_en, tech_name_other, tech_domain, invention_date, application_date, tech_summary, dev_goal, project_layout, key_points, transformation_status, basic_research_status, autonomy_capability, industrial_capability, tech_advantages, current_status, trend, remark, confidence, completeness, created_at, updated_at) VALUES ('TECH_S_659ed1896da44a6b', '低功耗神经形态芯片技术', 'Tech-062 神经形态芯片', NULL, '["储能", "碳捕集"]'::json, '2007-05-10', '2019-02-09', '低功耗神经形态芯片技术是储能领域的关键技术，具有高可靠性等优势，应用前景广阔。', '突破储能核心技术瓶颈，实现自主可控。', '["储能基础理论", "储能工程化"]'::json, '["储能关键工艺", "储能系统集成"]'::json, '转化中', '基础理论已建立', '具备完全自主知识产权', '形成完整产业链', '相比同类技术，低功耗神经形态芯片技术在性能与成本上优势明显。', '规模化部署', '波动', '', 0.814, 0.863, '2026-06-15T12:00:00+00:00', '2026-06-15T12:00:00+00:00');
INSERT INTO tech_dev_milestone (tech_id, milestone_date, milestone_name, contributor_keywords, milestone_content, created_at, updated_at) VALUES ('TECH_S_659ed1896da44a6b', '2011-01-14', '概念提出', '["东方智算实验室"]'::json, '概念提出：实现储能关键突破。', '2026-06-15T12:00:00+00:00', '2026-06-15T12:00:00+00:00');
INSERT INTO tech_dev_milestone (tech_id, milestone_date, milestone_name, contributor_keywords, milestone_content, created_at, updated_at) VALUES ('TECH_S_659ed1896da44a6b', '2013-07-18', '实验室验证', '["国储能股份"]'::json, '实验室验证：实现储能关键突破。', '2026-06-15T12:00:00+00:00', '2026-06-15T12:00:00+00:00');
INSERT INTO tech_dev_milestone (tech_id, milestone_date, milestone_name, contributor_keywords, milestone_content, created_at, updated_at) VALUES ('TECH_S_659ed1896da44a6b', '2016-11-12', '工程样机', '["北方航宇科技"]'::json, '工程样机：实现储能关键突破。', '2026-06-15T12:00:00+00:00', '2026-06-15T12:00:00+00:00');
INSERT INTO tech_dev_milestone (tech_id, milestone_date, milestone_name, contributor_keywords, milestone_content, created_at, updated_at) VALUES ('TECH_S_659ed1896da44a6b', '2017-11-04', '中试成功', '["航天光电高科"]'::json, '中试成功：实现储能关键突破。', '2026-06-15T12:00:00+00:00', '2026-06-15T12:00:00+00:00');
INSERT INTO tech_dev_milestone (tech_id, milestone_date, milestone_name, contributor_keywords, milestone_content, created_at, updated_at) VALUES ('TECH_S_659ed1896da44a6b', '2011-05-02', '产业化', '["航天光电股份"]'::json, '产业化：实现储能关键突破。', '2026-06-15T12:00:00+00:00', '2026-06-15T12:00:00+00:00');
INSERT INTO tech_funding (tech_id, amount, source, created_at, updated_at) VALUES ('TECH_S_659ed1896da44a6b', 500.0, '企业自筹', '2026-06-15T12:00:00+00:00', '2026-06-15T12:00:00+00:00');
INSERT INTO tech_academic_output (tech_id, name, publish_date, subject_keywords, image, created_at, updated_at) VALUES ('TECH_S_659ed1896da44a6b', '低功耗神经形态芯片技术相关研究', '2019-09-02', '["航天储能研究所"]'::json, '', '2026-06-15T12:00:00+00:00', '2026-06-15T12:00:00+00:00');
INSERT INTO tech_academic_output (tech_id, name, publish_date, subject_keywords, image, created_at, updated_at) VALUES ('TECH_S_659ed1896da44a6b', '低功耗神经形态芯片技术相关研究', '2022-04-09', '["中科生医研究所"]'::json, '', '2026-06-15T12:00:00+00:00', '2026-06-15T12:00:00+00:00');
INSERT INTO tech_academic_output (tech_id, name, publish_date, subject_keywords, image, created_at, updated_at) VALUES ('TECH_S_659ed1896da44a6b', '低功耗神经形态芯片技术相关研究', '2019-09-19', '["东方未来研究院"]'::json, '', '2026-06-15T12:00:00+00:00', '2026-06-15T12:00:00+00:00');
INSERT INTO tech_experiment (tech_id, content, experiment_date, result, subject_keywords, image, created_at, updated_at) VALUES ('TECH_S_659ed1896da44a6b', '低功耗神经形态芯片技术原理验证实验', '2020-11-21', '实验数据达到预期指标', '["储能"]'::json, '', '2026-06-15T12:00:00+00:00', '2026-06-15T12:00:00+00:00');
INSERT INTO entity_change_log (entity_id, entity_type, field, old_value, new_value, method, operator, source_doc_id, reason, changed_at) VALUES ('TECH_S_659ed1896da44a6b', 'tech', '*', NULL, '{"action": "create"}'::json, 'rule', NULL, 'mock_seed', NULL, '2026-06-15T12:00:00+00:00');
INSERT INTO tech_profile (tech_id, tech_name_cn, tech_name_en, tech_name_other, tech_domain, invention_date, application_date, tech_summary, dev_goal, project_layout, key_points, transformation_status, basic_research_status, autonomy_capability, industrial_capability, tech_advantages, current_status, trend, remark, confidence, completeness, created_at, updated_at) VALUES ('TECH_S_23e80b590aa64b3c', '柔性卫星星座组网装置', 'Tech-063 仿生机械臂', NULL, '["5G通信", "卫星互联网"]'::json, '2006-12-03', '2022-12-25', '柔性卫星星座组网装置是5G通信领域的关键技术，具有低成本等优势，应用前景广阔。', '突破5G通信核心技术瓶颈，实现自主可控。', '["5G通信基础理论", "5G通信工程化"]'::json, '["5G通信关键工艺", "5G通信系统集成"]'::json, '待转化', '基础理论已建立', '具备完全自主知识产权', '形成完整产业链', '相比同类技术，柔性卫星星座组网装置在性能与成本上优势明显。', '实验室阶段', '下降', '', 0.924, 0.606, '2026-06-15T12:00:00+00:00', '2026-06-15T12:00:00+00:00');
INSERT INTO tech_dev_milestone (tech_id, milestone_date, milestone_name, contributor_keywords, milestone_content, created_at, updated_at) VALUES ('TECH_S_23e80b590aa64b3c', '2021-02-27', '概念提出', '["北方储能科技"]'::json, '概念提出：实现5G通信关键突破。', '2026-06-15T12:00:00+00:00', '2026-06-15T12:00:00+00:00');
INSERT INTO tech_dev_milestone (tech_id, milestone_date, milestone_name, contributor_keywords, milestone_content, created_at, updated_at) VALUES ('TECH_S_23e80b590aa64b3c', '2013-03-11', '实验室验证', '["国航宇集团"]'::json, '实验室验证：实现5G通信关键突破。', '2026-06-15T12:00:00+00:00', '2026-06-15T12:00:00+00:00');
INSERT INTO tech_dev_milestone (tech_id, milestone_date, milestone_name, contributor_keywords, milestone_content, created_at, updated_at) VALUES ('TECH_S_23e80b590aa64b3c', '2023-03-22', '工程样机', '["北方光电研究所"]'::json, '工程样机：实现5G通信关键突破。', '2026-06-15T12:00:00+00:00', '2026-06-15T12:00:00+00:00');
INSERT INTO tech_dev_milestone (tech_id, milestone_date, milestone_name, contributor_keywords, milestone_content, created_at, updated_at) VALUES ('TECH_S_23e80b590aa64b3c', '2021-03-04', '中试成功', '["新深海科技"]'::json, '中试成功：实现5G通信关键突破。', '2026-06-15T12:00:00+00:00', '2026-06-15T12:00:00+00:00');
INSERT INTO tech_dev_milestone (tech_id, milestone_date, milestone_name, contributor_keywords, milestone_content, created_at, updated_at) VALUES ('TECH_S_23e80b590aa64b3c', '2017-01-17', '产业化', '["华航宇股份"]'::json, '产业化：实现5G通信关键突破。', '2026-06-15T12:00:00+00:00', '2026-06-15T12:00:00+00:00');
INSERT INTO tech_funding (tech_id, amount, source, created_at, updated_at) VALUES ('TECH_S_23e80b590aa64b3c', 3000.0, '国家自然科学基金', '2026-06-15T12:00:00+00:00', '2026-06-15T12:00:00+00:00');
INSERT INTO tech_funding (tech_id, amount, source, created_at, updated_at) VALUES ('TECH_S_23e80b590aa64b3c', 1000.0, '企业自筹', '2026-06-15T12:00:00+00:00', '2026-06-15T12:00:00+00:00');
INSERT INTO tech_funding (tech_id, amount, source, created_at, updated_at) VALUES ('TECH_S_23e80b590aa64b3c', 8000.0, '国家自然科学基金', '2026-06-15T12:00:00+00:00', '2026-06-15T12:00:00+00:00');
INSERT INTO tech_academic_output (tech_id, name, publish_date, subject_keywords, image, created_at, updated_at) VALUES ('TECH_S_23e80b590aa64b3c', '柔性卫星星座组网装置相关研究', '2020-06-27', '["东方脑科学科技"]'::json, '', '2026-06-15T12:00:00+00:00', '2026-06-15T12:00:00+00:00');
INSERT INTO tech_academic_output (tech_id, name, publish_date, subject_keywords, image, created_at, updated_at) VALUES ('TECH_S_23e80b590aa64b3c', '柔性卫星星座组网装置相关研究', '2022-02-03', '["华信息股份"]'::json, '', '2026-06-15T12:00:00+00:00', '2026-06-15T12:00:00+00:00');
INSERT INTO tech_experiment (tech_id, content, experiment_date, result, subject_keywords, image, created_at, updated_at) VALUES ('TECH_S_23e80b590aa64b3c', '柔性卫星星座组网装置原理验证实验', '2024-12-19', '实验数据达到预期指标', '["5G通信"]'::json, '', '2026-06-15T12:00:00+00:00', '2026-06-15T12:00:00+00:00');
INSERT INTO entity_change_log (entity_id, entity_type, field, old_value, new_value, method, operator, source_doc_id, reason, changed_at) VALUES ('TECH_S_23e80b590aa64b3c', 'tech', '*', NULL, '{"action": "create"}'::json, 'rule', NULL, 'mock_seed', NULL, '2026-06-15T12:00:00+00:00');
INSERT INTO tech_profile (tech_id, tech_name_cn, tech_name_en, tech_name_other, tech_domain, invention_date, application_date, tech_summary, dev_goal, project_layout, key_points, transformation_status, basic_research_status, autonomy_capability, industrial_capability, tech_advantages, current_status, trend, remark, confidence, completeness, created_at, updated_at) VALUES ('TECH_S_e806323a44bff07e', '智能化自动驾驶域控制器解决方案', 'Tech-064 氢燃料电池电堆', NULL, '["5G通信", "半导体"]'::json, '2020-07-18', '2018-07-16', '智能化自动驾驶域控制器解决方案是半导体领域的关键技术，具有高效率等优势，应用前景广阔。', '突破半导体核心技术瓶颈，实现自主可控。', '["半导体基础理论", "半导体工程化"]'::json, '["半导体关键工艺", "半导体系统集成"]'::json, '转化中', '基础理论已建立', '具备完全自主知识产权', '形成完整产业链', '相比同类技术，智能化自动驾驶域控制器解决方案在性能与成本上优势明显。', '概念论证', '稳步上升', '', 0.786, 0.585, '2026-06-15T12:00:00+00:00', '2026-06-15T12:00:00+00:00');
INSERT INTO tech_dev_milestone (tech_id, milestone_date, milestone_name, contributor_keywords, milestone_content, created_at, updated_at) VALUES ('TECH_S_e806323a44bff07e', '2024-10-23', '概念提出', '["东方智算实验室"]'::json, '概念提出：实现半导体关键突破。', '2026-06-15T12:00:00+00:00', '2026-06-15T12:00:00+00:00');
INSERT INTO tech_dev_milestone (tech_id, milestone_date, milestone_name, contributor_keywords, milestone_content, created_at, updated_at) VALUES ('TECH_S_e806323a44bff07e', '2010-10-27', '实验室验证', '["国深海科技"]'::json, '实验室验证：实现半导体关键突破。', '2026-06-15T12:00:00+00:00', '2026-06-15T12:00:00+00:00');
INSERT INTO tech_dev_milestone (tech_id, milestone_date, milestone_name, contributor_keywords, milestone_content, created_at, updated_at) VALUES ('TECH_S_e806323a44bff07e', '2017-10-28', '工程样机', '["航天未来研究院"]'::json, '工程样机：实现半导体关键突破。', '2026-06-15T12:00:00+00:00', '2026-06-15T12:00:00+00:00');
INSERT INTO tech_dev_milestone (tech_id, milestone_date, milestone_name, contributor_keywords, milestone_content, created_at, updated_at) VALUES ('TECH_S_e806323a44bff07e', '2012-06-18', '中试成功', '["新深海科技"]'::json, '中试成功：实现半导体关键突破。', '2026-06-15T12:00:00+00:00', '2026-06-15T12:00:00+00:00');
INSERT INTO tech_dev_milestone (tech_id, milestone_date, milestone_name, contributor_keywords, milestone_content, created_at, updated_at) VALUES ('TECH_S_e806323a44bff07e', '2019-07-01', '产业化', '["国新材股份"]'::json, '产业化：实现半导体关键突破。', '2026-06-15T12:00:00+00:00', '2026-06-15T12:00:00+00:00');
INSERT INTO tech_funding (tech_id, amount, source, created_at, updated_at) VALUES ('TECH_S_e806323a44bff07e', 500.0, '国家重点研发计划', '2026-06-15T12:00:00+00:00', '2026-06-15T12:00:00+00:00');
INSERT INTO tech_academic_output (tech_id, name, publish_date, subject_keywords, image, created_at, updated_at) VALUES ('TECH_S_e806323a44bff07e', '智能化自动驾驶域控制器解决方案相关研究', '2019-11-26', '["中生医研究所"]'::json, '', '2026-06-15T12:00:00+00:00', '2026-06-15T12:00:00+00:00');
INSERT INTO tech_academic_output (tech_id, name, publish_date, subject_keywords, image, created_at, updated_at) VALUES ('TECH_S_e806323a44bff07e', '智能化自动驾驶域控制器解决方案相关研究', '2020-01-01', '["新基因实验室"]'::json, '', '2026-06-15T12:00:00+00:00', '2026-06-15T12:00:00+00:00');
INSERT INTO tech_academic_output (tech_id, name, publish_date, subject_keywords, image, created_at, updated_at) VALUES ('TECH_S_e806323a44bff07e', '智能化自动驾驶域控制器解决方案相关研究', '2022-09-03', '["东方芯创集团"]'::json, '', '2026-06-15T12:00:00+00:00', '2026-06-15T12:00:00+00:00');
INSERT INTO tech_experiment (tech_id, content, experiment_date, result, subject_keywords, image, created_at, updated_at) VALUES ('TECH_S_e806323a44bff07e', '智能化自动驾驶域控制器解决方案原理验证实验', '2021-07-22', '实验数据达到预期指标', '["半导体"]'::json, '', '2026-06-15T12:00:00+00:00', '2026-06-15T12:00:00+00:00');
INSERT INTO entity_change_log (entity_id, entity_type, field, old_value, new_value, method, operator, source_doc_id, reason, changed_at) VALUES ('TECH_S_e806323a44bff07e', 'tech', '*', NULL, '{"action": "create"}'::json, 'rule', NULL, 'mock_seed', NULL, '2026-06-15T12:00:00+00:00');
INSERT INTO tech_profile (tech_id, tech_name_cn, tech_name_en, tech_name_other, tech_domain, invention_date, application_date, tech_summary, dev_goal, project_layout, key_points, transformation_status, basic_research_status, autonomy_capability, industrial_capability, tech_advantages, current_status, trend, remark, confidence, completeness, created_at, updated_at) VALUES ('TECH_S_eeecae96efece61c', '高可靠钙钛矿太阳能电池工艺', 'Tech-065 固态电池', NULL, '["航空航天", "碳捕集"]'::json, '2014-02-22', '2023-11-12', '高可靠钙钛矿太阳能电池工艺是航空航天领域的关键技术，具有高效率等优势，应用前景广阔。', '突破航空航天核心技术瓶颈，实现自主可控。', '["航空航天基础理论", "航空航天工程化"]'::json, '["航空航天关键工艺", "航空航天系统集成"]'::json, '转化中', '基础理论已建立', '具备完全自主知识产权', '形成完整产业链', '相比同类技术，高可靠钙钛矿太阳能电池工艺在性能与成本上优势明显。', '工程化应用', '快速上升', '', 0.823, 0.693, '2026-06-15T12:00:00+00:00', '2026-06-15T12:00:00+00:00');
INSERT INTO tech_dev_milestone (tech_id, milestone_date, milestone_name, contributor_keywords, milestone_content, created_at, updated_at) VALUES ('TECH_S_eeecae96efece61c', '2014-05-08', '概念提出', '["中聚变研究所"]'::json, '概念提出：实现航空航天关键突破。', '2026-06-15T12:00:00+00:00', '2026-06-15T12:00:00+00:00');
INSERT INTO tech_dev_milestone (tech_id, milestone_date, milestone_name, contributor_keywords, milestone_content, created_at, updated_at) VALUES ('TECH_S_eeecae96efece61c', '2011-12-28', '实验室验证', '["远未来实验室"]'::json, '实验室验证：实现航空航天关键突破。', '2026-06-15T12:00:00+00:00', '2026-06-15T12:00:00+00:00');
INSERT INTO tech_dev_milestone (tech_id, milestone_date, milestone_name, contributor_keywords, milestone_content, created_at, updated_at) VALUES ('TECH_S_eeecae96efece61c', '2010-09-23', '工程样机', '["新芯创高科"]'::json, '工程样机：实现航空航天关键突破。', '2026-06-15T12:00:00+00:00', '2026-06-15T12:00:00+00:00');
INSERT INTO tech_dev_milestone (tech_id, milestone_date, milestone_name, contributor_keywords, milestone_content, created_at, updated_at) VALUES ('TECH_S_eeecae96efece61c', '2015-09-13', '中试成功', '["东方脑科学科技"]'::json, '中试成功：实现航空航天关键突破。', '2026-06-15T12:00:00+00:00', '2026-06-15T12:00:00+00:00');
INSERT INTO tech_dev_milestone (tech_id, milestone_date, milestone_name, contributor_keywords, milestone_content, created_at, updated_at) VALUES ('TECH_S_eeecae96efece61c', '2011-04-15', '产业化', '["中科智算工程技术中心"]'::json, '产业化：实现航空航天关键突破。', '2026-06-15T12:00:00+00:00', '2026-06-15T12:00:00+00:00');
INSERT INTO tech_funding (tech_id, amount, source, created_at, updated_at) VALUES ('TECH_S_eeecae96efece61c', 3000.0, '企业自筹', '2026-06-15T12:00:00+00:00', '2026-06-15T12:00:00+00:00');
INSERT INTO tech_funding (tech_id, amount, source, created_at, updated_at) VALUES ('TECH_S_eeecae96efece61c', 500.0, '国家自然科学基金', '2026-06-15T12:00:00+00:00', '2026-06-15T12:00:00+00:00');
INSERT INTO tech_academic_output (tech_id, name, publish_date, subject_keywords, image, created_at, updated_at) VALUES ('TECH_S_eeecae96efece61c', '高可靠钙钛矿太阳能电池工艺相关研究', '2020-09-05', '["中科聚变研究所"]'::json, '', '2026-06-15T12:00:00+00:00', '2026-06-15T12:00:00+00:00');
INSERT INTO tech_academic_output (tech_id, name, publish_date, subject_keywords, image, created_at, updated_at) VALUES ('TECH_S_eeecae96efece61c', '高可靠钙钛矿太阳能电池工艺相关研究', '2019-06-11', '["航天储能研究所"]'::json, '', '2026-06-15T12:00:00+00:00', '2026-06-15T12:00:00+00:00');
INSERT INTO tech_academic_output (tech_id, name, publish_date, subject_keywords, image, created_at, updated_at) VALUES ('TECH_S_eeecae96efece61c', '高可靠钙钛矿太阳能电池工艺相关研究', '2023-11-20', '["华航宇股份"]'::json, '', '2026-06-15T12:00:00+00:00', '2026-06-15T12:00:00+00:00');
INSERT INTO tech_experiment (tech_id, content, experiment_date, result, subject_keywords, image, created_at, updated_at) VALUES ('TECH_S_eeecae96efece61c', '高可靠钙钛矿太阳能电池工艺原理验证实验', '2020-11-13', '实验数据达到预期指标', '["航空航天"]'::json, '', '2026-06-15T12:00:00+00:00', '2026-06-15T12:00:00+00:00');
INSERT INTO entity_change_log (entity_id, entity_type, field, old_value, new_value, method, operator, source_doc_id, reason, changed_at) VALUES ('TECH_S_eeecae96efece61c', 'tech', '*', NULL, '{"action": "create"}'::json, 'rule', NULL, 'mock_seed', NULL, '2026-06-15T12:00:00+00:00');
INSERT INTO tech_profile (tech_id, tech_name_cn, tech_name_en, tech_name_other, tech_domain, invention_date, application_date, tech_summary, dev_goal, project_layout, key_points, transformation_status, basic_research_status, autonomy_capability, industrial_capability, tech_advantages, current_status, trend, remark, confidence, completeness, created_at, updated_at) VALUES ('TECH_S_16c5a9b264355565', '分布式碳纳米管方法', 'Tech-066 碳纳米管', NULL, '["集成电路", "基因编辑"]'::json, '2008-10-11', '2021-07-24', '分布式碳纳米管方法是集成电路领域的关键技术，具有高可靠性等优势，应用前景广阔。', '突破集成电路核心技术瓶颈，实现自主可控。', '["集成电路基础理论", "集成电路工程化"]'::json, '["集成电路关键工艺", "集成电路系统集成"]'::json, '待转化', '基础理论已建立', '具备完全自主知识产权', '形成完整产业链', '相比同类技术，分布式碳纳米管方法在性能与成本上优势明显。', '工程化应用', '下降', '', 0.812, 0.575, '2026-06-15T12:00:00+00:00', '2026-06-15T12:00:00+00:00');
INSERT INTO tech_dev_milestone (tech_id, milestone_date, milestone_name, contributor_keywords, milestone_content, created_at, updated_at) VALUES ('TECH_S_16c5a9b264355565', '2010-07-06', '概念提出', '["北方脑科学工程技术中心"]'::json, '概念提出：实现集成电路关键突破。', '2026-06-15T12:00:00+00:00', '2026-06-15T12:00:00+00:00');
INSERT INTO tech_dev_milestone (tech_id, milestone_date, milestone_name, contributor_keywords, milestone_content, created_at, updated_at) VALUES ('TECH_S_16c5a9b264355565', '2016-11-24', '实验室验证', '["新基因高科"]'::json, '实验室验证：实现集成电路关键突破。', '2026-06-15T12:00:00+00:00', '2026-06-15T12:00:00+00:00');
INSERT INTO tech_dev_milestone (tech_id, milestone_date, milestone_name, contributor_keywords, milestone_content, created_at, updated_at) VALUES ('TECH_S_16c5a9b264355565', '2011-09-05', '工程样机', '["北方脑科学实验室"]'::json, '工程样机：实现集成电路关键突破。', '2026-06-15T12:00:00+00:00', '2026-06-15T12:00:00+00:00');
INSERT INTO tech_dev_milestone (tech_id, milestone_date, milestone_name, contributor_keywords, milestone_content, created_at, updated_at) VALUES ('TECH_S_16c5a9b264355565', '2023-01-16', '中试成功', '["南方微纳实验室"]'::json, '中试成功：实现集成电路关键突破。', '2026-06-15T12:00:00+00:00', '2026-06-15T12:00:00+00:00');
INSERT INTO tech_dev_milestone (tech_id, milestone_date, milestone_name, contributor_keywords, milestone_content, created_at, updated_at) VALUES ('TECH_S_16c5a9b264355565', '2015-05-21', '产业化', '["中科天网研究所"]'::json, '产业化：实现集成电路关键突破。', '2026-06-15T12:00:00+00:00', '2026-06-15T12:00:00+00:00');
INSERT INTO tech_funding (tech_id, amount, source, created_at, updated_at) VALUES ('TECH_S_16c5a9b264355565', 3000.0, '企业自筹', '2026-06-15T12:00:00+00:00', '2026-06-15T12:00:00+00:00');
INSERT INTO tech_funding (tech_id, amount, source, created_at, updated_at) VALUES ('TECH_S_16c5a9b264355565', 8000.0, '企业自筹', '2026-06-15T12:00:00+00:00', '2026-06-15T12:00:00+00:00');
INSERT INTO tech_funding (tech_id, amount, source, created_at, updated_at) VALUES ('TECH_S_16c5a9b264355565', 500.0, '地方专项', '2026-06-15T12:00:00+00:00', '2026-06-15T12:00:00+00:00');
INSERT INTO tech_academic_output (tech_id, name, publish_date, subject_keywords, image, created_at, updated_at) VALUES ('TECH_S_16c5a9b264355565', '分布式碳纳米管方法相关研究', '2020-04-08', '["国新材股份"]'::json, '', '2026-06-15T12:00:00+00:00', '2026-06-15T12:00:00+00:00');
INSERT INTO tech_experiment (tech_id, content, experiment_date, result, subject_keywords, image, created_at, updated_at) VALUES ('TECH_S_16c5a9b264355565', '分布式碳纳米管方法原理验证实验', '2021-02-24', '实验数据达到预期指标', '["集成电路"]'::json, '', '2026-06-15T12:00:00+00:00', '2026-06-15T12:00:00+00:00');
INSERT INTO entity_change_log (entity_id, entity_type, field, old_value, new_value, method, operator, source_doc_id, reason, changed_at) VALUES ('TECH_S_16c5a9b264355565', 'tech', '*', NULL, '{"action": "create"}'::json, 'rule', NULL, 'mock_seed', NULL, '2026-06-15T12:00:00+00:00');
INSERT INTO tech_profile (tech_id, tech_name_cn, tech_name_en, tech_name_other, tech_domain, invention_date, application_date, tech_summary, dev_goal, project_layout, key_points, transformation_status, basic_research_status, autonomy_capability, industrial_capability, tech_advantages, current_status, trend, remark, confidence, completeness, created_at, updated_at) VALUES ('TECH_S_8965772dbdb96add', '分布式金属3D打印技术', 'Tech-067 太赫兹通信', NULL, '["无人机", "基因编辑"]'::json, '2015-07-16', '2022-05-16', '分布式金属3D打印技术是基因编辑领域的关键技术，具有高可靠性等优势，应用前景广阔。', '突破基因编辑核心技术瓶颈，实现自主可控。', '["基因编辑基础理论", "基因编辑工程化"]'::json, '["基因编辑关键工艺", "基因编辑系统集成"]'::json, '已转化', '基础理论已建立', '具备完全自主知识产权', '形成完整产业链', '相比同类技术，分布式金属3D打印技术在性能与成本上优势明显。', '工程化应用', '波动', '', 0.729, 0.779, '2026-06-15T12:00:00+00:00', '2026-06-15T12:00:00+00:00');
INSERT INTO tech_dev_milestone (tech_id, milestone_date, milestone_name, contributor_keywords, milestone_content, created_at, updated_at) VALUES ('TECH_S_8965772dbdb96add', '2022-04-27', '概念提出', '["华量子集团"]'::json, '概念提出：实现基因编辑关键突破。', '2026-06-15T12:00:00+00:00', '2026-06-15T12:00:00+00:00');
INSERT INTO tech_dev_milestone (tech_id, milestone_date, milestone_name, contributor_keywords, milestone_content, created_at, updated_at) VALUES ('TECH_S_8965772dbdb96add', '2024-02-08', '实验室验证', '["东方储能高科"]'::json, '实验室验证：实现基因编辑关键突破。', '2026-06-15T12:00:00+00:00', '2026-06-15T12:00:00+00:00');
INSERT INTO tech_dev_milestone (tech_id, milestone_date, milestone_name, contributor_keywords, milestone_content, created_at, updated_at) VALUES ('TECH_S_8965772dbdb96add', '2021-12-10', '工程样机', '["航天生医高科"]'::json, '工程样机：实现基因编辑关键突破。', '2026-06-15T12:00:00+00:00', '2026-06-15T12:00:00+00:00');
INSERT INTO tech_dev_milestone (tech_id, milestone_date, milestone_name, contributor_keywords, milestone_content, created_at, updated_at) VALUES ('TECH_S_8965772dbdb96add', '2012-10-23', '中试成功', '["中科天网研究所"]'::json, '中试成功：实现基因编辑关键突破。', '2026-06-15T12:00:00+00:00', '2026-06-15T12:00:00+00:00');
INSERT INTO tech_dev_milestone (tech_id, milestone_date, milestone_name, contributor_keywords, milestone_content, created_at, updated_at) VALUES ('TECH_S_8965772dbdb96add', '2016-07-06', '产业化', '["中未来工程技术中心"]'::json, '产业化：实现基因编辑关键突破。', '2026-06-15T12:00:00+00:00', '2026-06-15T12:00:00+00:00');
INSERT INTO tech_funding (tech_id, amount, source, created_at, updated_at) VALUES ('TECH_S_8965772dbdb96add', 500.0, '国家重点研发计划', '2026-06-15T12:00:00+00:00', '2026-06-15T12:00:00+00:00');
INSERT INTO tech_academic_output (tech_id, name, publish_date, subject_keywords, image, created_at, updated_at) VALUES ('TECH_S_8965772dbdb96add', '分布式金属3D打印技术相关研究', '2018-12-07', '["中光电实验室"]'::json, '', '2026-06-15T12:00:00+00:00', '2026-06-15T12:00:00+00:00');
INSERT INTO tech_experiment (tech_id, content, experiment_date, result, subject_keywords, image, created_at, updated_at) VALUES ('TECH_S_8965772dbdb96add', '分布式金属3D打印技术原理验证实验', '2022-10-18', '实验数据达到预期指标', '["基因编辑"]'::json, '', '2026-06-15T12:00:00+00:00', '2026-06-15T12:00:00+00:00');
INSERT INTO entity_change_log (entity_id, entity_type, field, old_value, new_value, method, operator, source_doc_id, reason, changed_at) VALUES ('TECH_S_8965772dbdb96add', 'tech', '*', NULL, '{"action": "create"}'::json, 'rule', NULL, 'mock_seed', NULL, '2026-06-15T12:00:00+00:00');
INSERT INTO tech_profile (tech_id, tech_name_cn, tech_name_en, tech_name_other, tech_domain, invention_date, application_date, tech_summary, dev_goal, project_layout, key_points, transformation_status, basic_research_status, autonomy_capability, industrial_capability, tech_advantages, current_status, trend, remark, confidence, completeness, created_at, updated_at) VALUES ('TECH_S_9c406b77f9c53242', '小型化自动驾驶域控制器技术', 'Tech-068 类脑计算架构', NULL, '["无人机", "碳捕集"]'::json, '2000-07-22', '2022-04-21', '小型化自动驾驶域控制器技术是碳捕集领域的关键技术，具有高可靠性等优势，应用前景广阔。', '突破碳捕集核心技术瓶颈，实现自主可控。', '["碳捕集基础理论", "碳捕集工程化"]'::json, '["碳捕集关键工艺", "碳捕集系统集成"]'::json, '转化中', '基础理论已建立', '具备完全自主知识产权', '形成完整产业链', '相比同类技术，小型化自动驾驶域控制器技术在性能与成本上优势明显。', '概念论证', '下降', '', 0.777, 0.681, '2026-06-15T12:00:00+00:00', '2026-06-15T12:00:00+00:00');
INSERT INTO tech_dev_milestone (tech_id, milestone_date, milestone_name, contributor_keywords, milestone_content, created_at, updated_at) VALUES ('TECH_S_9c406b77f9c53242', '2021-04-06', '概念提出', '["东方脑科学科技"]'::json, '概念提出：实现碳捕集关键突破。', '2026-06-15T12:00:00+00:00', '2026-06-15T12:00:00+00:00');
INSERT INTO tech_dev_milestone (tech_id, milestone_date, milestone_name, contributor_keywords, milestone_content, created_at, updated_at) VALUES ('TECH_S_9c406b77f9c53242', '2017-01-02', '实验室验证', '["华航宇股份"]'::json, '实验室验证：实现碳捕集关键突破。', '2026-06-15T12:00:00+00:00', '2026-06-15T12:00:00+00:00');
INSERT INTO tech_dev_milestone (tech_id, milestone_date, milestone_name, contributor_keywords, milestone_content, created_at, updated_at) VALUES ('TECH_S_9c406b77f9c53242', '2016-05-16', '工程样机', '["中科天网研究所"]'::json, '工程样机：实现碳捕集关键突破。', '2026-06-15T12:00:00+00:00', '2026-06-15T12:00:00+00:00');
INSERT INTO tech_dev_milestone (tech_id, milestone_date, milestone_name, contributor_keywords, milestone_content, created_at, updated_at) VALUES ('TECH_S_9c406b77f9c53242', '2020-01-27', '中试成功', '["北方脑科学实验室"]'::json, '中试成功：实现碳捕集关键突破。', '2026-06-15T12:00:00+00:00', '2026-06-15T12:00:00+00:00');
INSERT INTO tech_dev_milestone (tech_id, milestone_date, milestone_name, contributor_keywords, milestone_content, created_at, updated_at) VALUES ('TECH_S_9c406b77f9c53242', '2022-12-03', '产业化', '["中光电实验室"]'::json, '产业化：实现碳捕集关键突破。', '2026-06-15T12:00:00+00:00', '2026-06-15T12:00:00+00:00');
INSERT INTO tech_funding (tech_id, amount, source, created_at, updated_at) VALUES ('TECH_S_9c406b77f9c53242', 3000.0, '国家自然科学基金', '2026-06-15T12:00:00+00:00', '2026-06-15T12:00:00+00:00');
INSERT INTO tech_academic_output (tech_id, name, publish_date, subject_keywords, image, created_at, updated_at) VALUES ('TECH_S_9c406b77f9c53242', '小型化自动驾驶域控制器技术相关研究', '2019-10-18', '["华信息高科"]'::json, '', '2026-06-15T12:00:00+00:00', '2026-06-15T12:00:00+00:00');
INSERT INTO tech_academic_output (tech_id, name, publish_date, subject_keywords, image, created_at, updated_at) VALUES ('TECH_S_9c406b77f9c53242', '小型化自动驾驶域控制器技术相关研究', '2023-11-15', '["东方脑科学科技"]'::json, '', '2026-06-15T12:00:00+00:00', '2026-06-15T12:00:00+00:00');
INSERT INTO tech_academic_output (tech_id, name, publish_date, subject_keywords, image, created_at, updated_at) VALUES ('TECH_S_9c406b77f9c53242', '小型化自动驾驶域控制器技术相关研究', '2024-04-03', '["北方储能工程技术中心"]'::json, '', '2026-06-15T12:00:00+00:00', '2026-06-15T12:00:00+00:00');
INSERT INTO tech_experiment (tech_id, content, experiment_date, result, subject_keywords, image, created_at, updated_at) VALUES ('TECH_S_9c406b77f9c53242', '小型化自动驾驶域控制器技术原理验证实验', '2023-05-10', '实验数据达到预期指标', '["碳捕集"]'::json, '', '2026-06-15T12:00:00+00:00', '2026-06-15T12:00:00+00:00');
INSERT INTO entity_change_log (entity_id, entity_type, field, old_value, new_value, method, operator, source_doc_id, reason, changed_at) VALUES ('TECH_S_9c406b77f9c53242', 'tech', '*', NULL, '{"action": "create"}'::json, 'rule', NULL, 'mock_seed', NULL, '2026-06-15T12:00:00+00:00');
INSERT INTO tech_profile (tech_id, tech_name_cn, tech_name_en, tech_name_other, tech_domain, invention_date, application_date, tech_summary, dev_goal, project_layout, key_points, transformation_status, basic_research_status, autonomy_capability, industrial_capability, tech_advantages, current_status, trend, remark, confidence, completeness, created_at, updated_at) VALUES ('TECH_S_69e64e9a796be216', '柔性量子纠错码方法', 'Tech-069 卫星星座组网', NULL, '["机器人", "新材料"]'::json, '2019-10-14', '2025-11-05', '柔性量子纠错码方法是新材料领域的关键技术，具有低成本等优势，应用前景广阔。', '突破新材料核心技术瓶颈，实现自主可控。', '["新材料基础理论", "新材料工程化"]'::json, '["新材料关键工艺", "新材料系统集成"]'::json, '待转化', '基础理论已建立', '具备完全自主知识产权', '形成完整产业链', '相比同类技术，柔性量子纠错码方法在性能与成本上优势明显。', '概念论证', '下降', '', 0.782, 0.616, '2026-06-15T12:00:00+00:00', '2026-06-15T12:00:00+00:00');
INSERT INTO tech_dev_milestone (tech_id, milestone_date, milestone_name, contributor_keywords, milestone_content, created_at, updated_at) VALUES ('TECH_S_69e64e9a796be216', '2024-07-25', '概念提出', '["远聚变股份"]'::json, '概念提出：实现新材料关键突破。', '2026-06-15T12:00:00+00:00', '2026-06-15T12:00:00+00:00');
INSERT INTO tech_dev_milestone (tech_id, milestone_date, milestone_name, contributor_keywords, milestone_content, created_at, updated_at) VALUES ('TECH_S_69e64e9a796be216', '2023-01-09', '实验室验证', '["北方脑科学工程技术中心"]'::json, '实验室验证：实现新材料关键突破。', '2026-06-15T12:00:00+00:00', '2026-06-15T12:00:00+00:00');
INSERT INTO tech_dev_milestone (tech_id, milestone_date, milestone_name, contributor_keywords, milestone_content, created_at, updated_at) VALUES ('TECH_S_69e64e9a796be216', '2019-08-12', '工程样机', '["北方脑科学实验室"]'::json, '工程样机：实现新材料关键突破。', '2026-06-15T12:00:00+00:00', '2026-06-15T12:00:00+00:00');
INSERT INTO tech_dev_milestone (tech_id, milestone_date, milestone_name, contributor_keywords, milestone_content, created_at, updated_at) VALUES ('TECH_S_69e64e9a796be216', '2023-01-27', '中试成功', '["航天芯创实验室"]'::json, '中试成功：实现新材料关键突破。', '2026-06-15T12:00:00+00:00', '2026-06-15T12:00:00+00:00');
INSERT INTO tech_dev_milestone (tech_id, milestone_date, milestone_name, contributor_keywords, milestone_content, created_at, updated_at) VALUES ('TECH_S_69e64e9a796be216', '2014-12-06', '产业化', '["远生医工程技术中心"]'::json, '产业化：实现新材料关键突破。', '2026-06-15T12:00:00+00:00', '2026-06-15T12:00:00+00:00');
INSERT INTO tech_funding (tech_id, amount, source, created_at, updated_at) VALUES ('TECH_S_69e64e9a796be216', 1000.0, '企业自筹', '2026-06-15T12:00:00+00:00', '2026-06-15T12:00:00+00:00');
INSERT INTO tech_funding (tech_id, amount, source, created_at, updated_at) VALUES ('TECH_S_69e64e9a796be216', 15000.0, '国家重点研发计划', '2026-06-15T12:00:00+00:00', '2026-06-15T12:00:00+00:00');
INSERT INTO tech_academic_output (tech_id, name, publish_date, subject_keywords, image, created_at, updated_at) VALUES ('TECH_S_69e64e9a796be216', '柔性量子纠错码方法相关研究', '2019-10-24', '["远聚变股份"]'::json, '', '2026-06-15T12:00:00+00:00', '2026-06-15T12:00:00+00:00');
INSERT INTO tech_academic_output (tech_id, name, publish_date, subject_keywords, image, created_at, updated_at) VALUES ('TECH_S_69e64e9a796be216', '柔性量子纠错码方法相关研究', '2023-02-27', '["国航宇高科"]'::json, '', '2026-06-15T12:00:00+00:00', '2026-06-15T12:00:00+00:00');
INSERT INTO tech_academic_output (tech_id, name, publish_date, subject_keywords, image, created_at, updated_at) VALUES ('TECH_S_69e64e9a796be216', '柔性量子纠错码方法相关研究', '2019-06-21', '["华氢动实验室"]'::json, '', '2026-06-15T12:00:00+00:00', '2026-06-15T12:00:00+00:00');
INSERT INTO tech_experiment (tech_id, content, experiment_date, result, subject_keywords, image, created_at, updated_at) VALUES ('TECH_S_69e64e9a796be216', '柔性量子纠错码方法原理验证实验', '2023-08-21', '实验数据达到预期指标', '["新材料"]'::json, '', '2026-06-15T12:00:00+00:00', '2026-06-15T12:00:00+00:00');
INSERT INTO entity_change_log (entity_id, entity_type, field, old_value, new_value, method, operator, source_doc_id, reason, changed_at) VALUES ('TECH_S_69e64e9a796be216', 'tech', '*', NULL, '{"action": "create"}'::json, 'rule', NULL, 'mock_seed', NULL, '2026-06-15T12:00:00+00:00');
INSERT INTO tech_profile (tech_id, tech_name_cn, tech_name_en, tech_name_other, tech_domain, invention_date, application_date, tech_summary, dev_goal, project_layout, key_points, transformation_status, basic_research_status, autonomy_capability, industrial_capability, tech_advantages, current_status, trend, remark, confidence, completeness, created_at, updated_at) VALUES ('TECH_S_ae86c8781e1e6f21', '新型神经网络芯片方法', 'Tech-070 毫米波雷达', NULL, '["深海装备", "脑机接口"]'::json, '2011-03-24', '2020-09-01', '新型神经网络芯片方法是深海装备领域的关键技术，具有高效率等优势，应用前景广阔。', '突破深海装备核心技术瓶颈，实现自主可控。', '["深海装备基础理论", "深海装备工程化"]'::json, '["深海装备关键工艺", "深海装备系统集成"]'::json, '已转化', '基础理论已建立', '具备完全自主知识产权', '形成完整产业链', '相比同类技术，新型神经网络芯片方法在性能与成本上优势明显。', '规模化部署', '稳步上升', '', 0.813, 0.69, '2026-06-15T12:00:00+00:00', '2026-06-15T12:00:00+00:00');
INSERT INTO tech_dev_milestone (tech_id, milestone_date, milestone_name, contributor_keywords, milestone_content, created_at, updated_at) VALUES ('TECH_S_ae86c8781e1e6f21', '2013-12-05', '概念提出', '["新光电工程技术中心"]'::json, '概念提出：实现深海装备关键突破。', '2026-06-15T12:00:00+00:00', '2026-06-15T12:00:00+00:00');
INSERT INTO tech_dev_milestone (tech_id, milestone_date, milestone_name, contributor_keywords, milestone_content, created_at, updated_at) VALUES ('TECH_S_ae86c8781e1e6f21', '2022-01-11', '实验室验证', '["华芯创集团"]'::json, '实验室验证：实现深海装备关键突破。', '2026-06-15T12:00:00+00:00', '2026-06-15T12:00:00+00:00');
INSERT INTO tech_dev_milestone (tech_id, milestone_date, milestone_name, contributor_keywords, milestone_content, created_at, updated_at) VALUES ('TECH_S_ae86c8781e1e6f21', '2021-06-25', '工程样机', '["华量子集团"]'::json, '工程样机：实现深海装备关键突破。', '2026-06-15T12:00:00+00:00', '2026-06-15T12:00:00+00:00');
INSERT INTO tech_dev_milestone (tech_id, milestone_date, milestone_name, contributor_keywords, milestone_content, created_at, updated_at) VALUES ('TECH_S_ae86c8781e1e6f21', '2023-04-18', '中试成功', '["北方储能工程技术中心"]'::json, '中试成功：实现深海装备关键突破。', '2026-06-15T12:00:00+00:00', '2026-06-15T12:00:00+00:00');
INSERT INTO tech_dev_milestone (tech_id, milestone_date, milestone_name, contributor_keywords, milestone_content, created_at, updated_at) VALUES ('TECH_S_ae86c8781e1e6f21', '2024-02-18', '产业化', '["航天算力工程技术中心"]'::json, '产业化：实现深海装备关键突破。', '2026-06-15T12:00:00+00:00', '2026-06-15T12:00:00+00:00');
INSERT INTO tech_funding (tech_id, amount, source, created_at, updated_at) VALUES ('TECH_S_ae86c8781e1e6f21', 15000.0, '企业自筹', '2026-06-15T12:00:00+00:00', '2026-06-15T12:00:00+00:00');
INSERT INTO tech_funding (tech_id, amount, source, created_at, updated_at) VALUES ('TECH_S_ae86c8781e1e6f21', 500.0, '国家重点研发计划', '2026-06-15T12:00:00+00:00', '2026-06-15T12:00:00+00:00');
INSERT INTO tech_academic_output (tech_id, name, publish_date, subject_keywords, image, created_at, updated_at) VALUES ('TECH_S_ae86c8781e1e6f21', '新型神经网络芯片方法相关研究', '2021-05-21', '["北方先进工程技术中心"]'::json, '', '2026-06-15T12:00:00+00:00', '2026-06-15T12:00:00+00:00');
INSERT INTO tech_academic_output (tech_id, name, publish_date, subject_keywords, image, created_at, updated_at) VALUES ('TECH_S_ae86c8781e1e6f21', '新型神经网络芯片方法相关研究', '2019-08-23', '["中科天网研究所"]'::json, '', '2026-06-15T12:00:00+00:00', '2026-06-15T12:00:00+00:00');
INSERT INTO tech_academic_output (tech_id, name, publish_date, subject_keywords, image, created_at, updated_at) VALUES ('TECH_S_ae86c8781e1e6f21', '新型神经网络芯片方法相关研究', '2020-06-04', '["南方前沿集团"]'::json, '', '2026-06-15T12:00:00+00:00', '2026-06-15T12:00:00+00:00');
INSERT INTO tech_experiment (tech_id, content, experiment_date, result, subject_keywords, image, created_at, updated_at) VALUES ('TECH_S_ae86c8781e1e6f21', '新型神经网络芯片方法原理验证实验', '2020-07-21', '实验数据达到预期指标', '["深海装备"]'::json, '', '2026-06-15T12:00:00+00:00', '2026-06-15T12:00:00+00:00');
INSERT INTO entity_change_log (entity_id, entity_type, field, old_value, new_value, method, operator, source_doc_id, reason, changed_at) VALUES ('TECH_S_ae86c8781e1e6f21', 'tech', '*', NULL, '{"action": "create"}'::json, 'rule', NULL, 'mock_seed', NULL, '2026-06-15T12:00:00+00:00');
INSERT INTO tech_profile (tech_id, tech_name_cn, tech_name_en, tech_name_other, tech_domain, invention_date, application_date, tech_summary, dev_goal, project_layout, key_points, transformation_status, basic_research_status, autonomy_capability, industrial_capability, tech_advantages, current_status, trend, remark, confidence, completeness, created_at, updated_at) VALUES ('TECH_S_930db163ed00ffba', '分布式类脑计算架构工艺', 'Tech-071 量子纠错码', NULL, '["脑机接口", "自动驾驶"]'::json, '2006-03-13', '2023-09-04', '分布式类脑计算架构工艺是自动驾驶领域的关键技术，具有高效率等优势，应用前景广阔。', '突破自动驾驶核心技术瓶颈，实现自主可控。', '["自动驾驶基础理论", "自动驾驶工程化"]'::json, '["自动驾驶关键工艺", "自动驾驶系统集成"]'::json, '已转化', '基础理论已建立', '具备完全自主知识产权', '形成完整产业链', '相比同类技术，分布式类脑计算架构工艺在性能与成本上优势明显。', '工程化应用', '波动', '', 0.786, 0.788, '2026-06-15T12:00:00+00:00', '2026-06-15T12:00:00+00:00');
INSERT INTO tech_dev_milestone (tech_id, milestone_date, milestone_name, contributor_keywords, milestone_content, created_at, updated_at) VALUES ('TECH_S_930db163ed00ffba', '2022-04-10', '概念提出', '["南方微纳实验室"]'::json, '概念提出：实现自动驾驶关键突破。', '2026-06-15T12:00:00+00:00', '2026-06-15T12:00:00+00:00');
INSERT INTO tech_dev_milestone (tech_id, milestone_date, milestone_name, contributor_keywords, milestone_content, created_at, updated_at) VALUES ('TECH_S_930db163ed00ffba', '2011-07-22', '实验室验证', '["航天算力研究院"]'::json, '实验室验证：实现自动驾驶关键突破。', '2026-06-15T12:00:00+00:00', '2026-06-15T12:00:00+00:00');
INSERT INTO tech_dev_milestone (tech_id, milestone_date, milestone_name, contributor_keywords, milestone_content, created_at, updated_at) VALUES ('TECH_S_930db163ed00ffba', '2023-05-07', '工程样机', '["航天聚变实验室"]'::json, '工程样机：实现自动驾驶关键突破。', '2026-06-15T12:00:00+00:00', '2026-06-15T12:00:00+00:00');
INSERT INTO tech_dev_milestone (tech_id, milestone_date, milestone_name, contributor_keywords, milestone_content, created_at, updated_at) VALUES ('TECH_S_930db163ed00ffba', '2012-06-01', '中试成功', '["新脑科学实验室"]'::json, '中试成功：实现自动驾驶关键突破。', '2026-06-15T12:00:00+00:00', '2026-06-15T12:00:00+00:00');
INSERT INTO tech_dev_milestone (tech_id, milestone_date, milestone_name, contributor_keywords, milestone_content, created_at, updated_at) VALUES ('TECH_S_930db163ed00ffba', '2011-11-25', '产业化', '["航天聚变实验室"]'::json, '产业化：实现自动驾驶关键突破。', '2026-06-15T12:00:00+00:00', '2026-06-15T12:00:00+00:00');
INSERT INTO tech_funding (tech_id, amount, source, created_at, updated_at) VALUES ('TECH_S_930db163ed00ffba', 1000.0, '地方专项', '2026-06-15T12:00:00+00:00', '2026-06-15T12:00:00+00:00');
INSERT INTO tech_funding (tech_id, amount, source, created_at, updated_at) VALUES ('TECH_S_930db163ed00ffba', 1000.0, '国家重点研发计划', '2026-06-15T12:00:00+00:00', '2026-06-15T12:00:00+00:00');
INSERT INTO tech_academic_output (tech_id, name, publish_date, subject_keywords, image, created_at, updated_at) VALUES ('TECH_S_930db163ed00ffba', '分布式类脑计算架构工艺相关研究', '2023-09-18', '["中前沿研究院"]'::json, '', '2026-06-15T12:00:00+00:00', '2026-06-15T12:00:00+00:00');
INSERT INTO tech_academic_output (tech_id, name, publish_date, subject_keywords, image, created_at, updated_at) VALUES ('TECH_S_930db163ed00ffba', '分布式类脑计算架构工艺相关研究', '2018-04-03', '["东方芯创集团"]'::json, '', '2026-06-15T12:00:00+00:00', '2026-06-15T12:00:00+00:00');
INSERT INTO tech_experiment (tech_id, content, experiment_date, result, subject_keywords, image, created_at, updated_at) VALUES ('TECH_S_930db163ed00ffba', '分布式类脑计算架构工艺原理验证实验', '2020-04-21', '实验数据达到预期指标', '["自动驾驶"]'::json, '', '2026-06-15T12:00:00+00:00', '2026-06-15T12:00:00+00:00');
INSERT INTO entity_change_log (entity_id, entity_type, field, old_value, new_value, method, operator, source_doc_id, reason, changed_at) VALUES ('TECH_S_930db163ed00ffba', 'tech', '*', NULL, '{"action": "create"}'::json, 'rule', NULL, 'mock_seed', NULL, '2026-06-15T12:00:00+00:00');
INSERT INTO tech_profile (tech_id, tech_name_cn, tech_name_en, tech_name_other, tech_domain, invention_date, application_date, tech_summary, dev_goal, project_layout, key_points, transformation_status, basic_research_status, autonomy_capability, industrial_capability, tech_advantages, current_status, trend, remark, confidence, completeness, created_at, updated_at) VALUES ('TECH_S_bf7d0a5f5fcde4d6', '新型仿生机械臂解决方案', 'Tech-072 固态电池', NULL, '["航空航天", "量子计算"]'::json, '2014-07-23', '2024-11-25', '新型仿生机械臂解决方案是航空航天领域的关键技术，具有高效率等优势，应用前景广阔。', '突破航空航天核心技术瓶颈，实现自主可控。', '["航空航天基础理论", "航空航天工程化"]'::json, '["航空航天关键工艺", "航空航天系统集成"]'::json, '已转化', '基础理论已建立', '具备完全自主知识产权', '形成完整产业链', '相比同类技术，新型仿生机械臂解决方案在性能与成本上优势明显。', '概念论证', '平稳', '', 0.759, 0.802, '2026-06-15T12:00:00+00:00', '2026-06-15T12:00:00+00:00');
INSERT INTO tech_dev_milestone (tech_id, milestone_date, milestone_name, contributor_keywords, milestone_content, created_at, updated_at) VALUES ('TECH_S_bf7d0a5f5fcde4d6', '2023-08-27', '概念提出', '["东方脑科学科技"]'::json, '概念提出：实现航空航天关键突破。', '2026-06-15T12:00:00+00:00', '2026-06-15T12:00:00+00:00');
INSERT INTO tech_dev_milestone (tech_id, milestone_date, milestone_name, contributor_keywords, milestone_content, created_at, updated_at) VALUES ('TECH_S_bf7d0a5f5fcde4d6', '2017-11-07', '实验室验证', '["航天算力研究院"]'::json, '实验室验证：实现航空航天关键突破。', '2026-06-15T12:00:00+00:00', '2026-06-15T12:00:00+00:00');
INSERT INTO tech_dev_milestone (tech_id, milestone_date, milestone_name, contributor_keywords, milestone_content, created_at, updated_at) VALUES ('TECH_S_bf7d0a5f5fcde4d6', '2012-07-14', '工程样机', '["新基因高科"]'::json, '工程样机：实现航空航天关键突破。', '2026-06-15T12:00:00+00:00', '2026-06-15T12:00:00+00:00');
INSERT INTO tech_dev_milestone (tech_id, milestone_date, milestone_name, contributor_keywords, milestone_content, created_at, updated_at) VALUES ('TECH_S_bf7d0a5f5fcde4d6', '2017-03-01', '中试成功', '["新芯创高科"]'::json, '中试成功：实现航空航天关键突破。', '2026-06-15T12:00:00+00:00', '2026-06-15T12:00:00+00:00');
INSERT INTO tech_dev_milestone (tech_id, milestone_date, milestone_name, contributor_keywords, milestone_content, created_at, updated_at) VALUES ('TECH_S_bf7d0a5f5fcde4d6', '2022-02-27', '产业化', '["航天光电股份"]'::json, '产业化：实现航空航天关键突破。', '2026-06-15T12:00:00+00:00', '2026-06-15T12:00:00+00:00');
INSERT INTO tech_funding (tech_id, amount, source, created_at, updated_at) VALUES ('TECH_S_bf7d0a5f5fcde4d6', 3000.0, '国家重点研发计划', '2026-06-15T12:00:00+00:00', '2026-06-15T12:00:00+00:00');
INSERT INTO tech_academic_output (tech_id, name, publish_date, subject_keywords, image, created_at, updated_at) VALUES ('TECH_S_bf7d0a5f5fcde4d6', '新型仿生机械臂解决方案相关研究', '2022-01-09', '["新基因实验室"]'::json, '', '2026-06-15T12:00:00+00:00', '2026-06-15T12:00:00+00:00');
INSERT INTO tech_academic_output (tech_id, name, publish_date, subject_keywords, image, created_at, updated_at) VALUES ('TECH_S_bf7d0a5f5fcde4d6', '新型仿生机械臂解决方案相关研究', '2021-07-01', '["北方储能科技"]'::json, '', '2026-06-15T12:00:00+00:00', '2026-06-15T12:00:00+00:00');
INSERT INTO tech_academic_output (tech_id, name, publish_date, subject_keywords, image, created_at, updated_at) VALUES ('TECH_S_bf7d0a5f5fcde4d6', '新型仿生机械臂解决方案相关研究', '2022-05-05', '["中前沿研究所"]'::json, '', '2026-06-15T12:00:00+00:00', '2026-06-15T12:00:00+00:00');
INSERT INTO tech_experiment (tech_id, content, experiment_date, result, subject_keywords, image, created_at, updated_at) VALUES ('TECH_S_bf7d0a5f5fcde4d6', '新型仿生机械臂解决方案原理验证实验', '2021-05-26', '实验数据达到预期指标', '["航空航天"]'::json, '', '2026-06-15T12:00:00+00:00', '2026-06-15T12:00:00+00:00');
INSERT INTO entity_change_log (entity_id, entity_type, field, old_value, new_value, method, operator, source_doc_id, reason, changed_at) VALUES ('TECH_S_bf7d0a5f5fcde4d6', 'tech', '*', NULL, '{"action": "create"}'::json, 'rule', NULL, 'mock_seed', NULL, '2026-06-15T12:00:00+00:00');
INSERT INTO tech_profile (tech_id, tech_name_cn, tech_name_en, tech_name_other, tech_domain, invention_date, application_date, tech_summary, dev_goal, project_layout, key_points, transformation_status, basic_research_status, autonomy_capability, industrial_capability, tech_advantages, current_status, trend, remark, confidence, completeness, created_at, updated_at) VALUES ('TECH_S_2945a1a32667a4e7', '分布式基因剪刀工艺', 'Tech-073 量子纠错码', NULL, '["5G通信", "集成电路"]'::json, '2017-04-19', '2022-11-06', '分布式基因剪刀工艺是5G通信领域的关键技术，具有高可靠性等优势，应用前景广阔。', '突破5G通信核心技术瓶颈，实现自主可控。', '["5G通信基础理论", "5G通信工程化"]'::json, '["5G通信关键工艺", "5G通信系统集成"]'::json, '待转化', '基础理论已建立', '具备完全自主知识产权', '形成完整产业链', '相比同类技术，分布式基因剪刀工艺在性能与成本上优势明显。', '概念论证', '下降', '', 0.714, 0.563, '2026-06-15T12:00:00+00:00', '2026-06-15T12:00:00+00:00');
INSERT INTO tech_dev_milestone (tech_id, milestone_date, milestone_name, contributor_keywords, milestone_content, created_at, updated_at) VALUES ('TECH_S_2945a1a32667a4e7', '2013-09-06', '概念提出', '["北方脑科学实验室"]'::json, '概念提出：实现5G通信关键突破。', '2026-06-15T12:00:00+00:00', '2026-06-15T12:00:00+00:00');
INSERT INTO tech_dev_milestone (tech_id, milestone_date, milestone_name, contributor_keywords, milestone_content, created_at, updated_at) VALUES ('TECH_S_2945a1a32667a4e7', '2015-09-09', '实验室验证', '["东方储能高科"]'::json, '实验室验证：实现5G通信关键突破。', '2026-06-15T12:00:00+00:00', '2026-06-15T12:00:00+00:00');
INSERT INTO tech_dev_milestone (tech_id, milestone_date, milestone_name, contributor_keywords, milestone_content, created_at, updated_at) VALUES ('TECH_S_2945a1a32667a4e7', '2012-12-07', '工程样机', '["北方储能工程技术中心"]'::json, '工程样机：实现5G通信关键突破。', '2026-06-15T12:00:00+00:00', '2026-06-15T12:00:00+00:00');
INSERT INTO tech_dev_milestone (tech_id, milestone_date, milestone_name, contributor_keywords, milestone_content, created_at, updated_at) VALUES ('TECH_S_2945a1a32667a4e7', '2010-10-02', '中试成功', '["东方储能研究院"]'::json, '中试成功：实现5G通信关键突破。', '2026-06-15T12:00:00+00:00', '2026-06-15T12:00:00+00:00');
INSERT INTO tech_dev_milestone (tech_id, milestone_date, milestone_name, contributor_keywords, milestone_content, created_at, updated_at) VALUES ('TECH_S_2945a1a32667a4e7', '2020-10-21', '产业化', '["中科聚变研究所"]'::json, '产业化：实现5G通信关键突破。', '2026-06-15T12:00:00+00:00', '2026-06-15T12:00:00+00:00');
INSERT INTO tech_funding (tech_id, amount, source, created_at, updated_at) VALUES ('TECH_S_2945a1a32667a4e7', 500.0, '国家重点研发计划', '2026-06-15T12:00:00+00:00', '2026-06-15T12:00:00+00:00');
INSERT INTO tech_funding (tech_id, amount, source, created_at, updated_at) VALUES ('TECH_S_2945a1a32667a4e7', 3000.0, '国家自然科学基金', '2026-06-15T12:00:00+00:00', '2026-06-15T12:00:00+00:00');
INSERT INTO tech_academic_output (tech_id, name, publish_date, subject_keywords, image, created_at, updated_at) VALUES ('TECH_S_2945a1a32667a4e7', '分布式基因剪刀工艺相关研究', '2019-06-01', '["中未来科技"]'::json, '', '2026-06-15T12:00:00+00:00', '2026-06-15T12:00:00+00:00');
INSERT INTO tech_academic_output (tech_id, name, publish_date, subject_keywords, image, created_at, updated_at) VALUES ('TECH_S_2945a1a32667a4e7', '分布式基因剪刀工艺相关研究', '2019-11-21', '["中智算研究院"]'::json, '', '2026-06-15T12:00:00+00:00', '2026-06-15T12:00:00+00:00');
INSERT INTO tech_academic_output (tech_id, name, publish_date, subject_keywords, image, created_at, updated_at) VALUES ('TECH_S_2945a1a32667a4e7', '分布式基因剪刀工艺相关研究', '2020-08-22', '["华信息高科"]'::json, '', '2026-06-15T12:00:00+00:00', '2026-06-15T12:00:00+00:00');
INSERT INTO tech_experiment (tech_id, content, experiment_date, result, subject_keywords, image, created_at, updated_at) VALUES ('TECH_S_2945a1a32667a4e7', '分布式基因剪刀工艺原理验证实验', '2020-12-28', '实验数据达到预期指标', '["5G通信"]'::json, '', '2026-06-15T12:00:00+00:00', '2026-06-15T12:00:00+00:00');
INSERT INTO entity_change_log (entity_id, entity_type, field, old_value, new_value, method, operator, source_doc_id, reason, changed_at) VALUES ('TECH_S_2945a1a32667a4e7', 'tech', '*', NULL, '{"action": "create"}'::json, 'rule', NULL, 'mock_seed', NULL, '2026-06-15T12:00:00+00:00');
INSERT INTO tech_profile (tech_id, tech_name_cn, tech_name_en, tech_name_other, tech_domain, invention_date, application_date, tech_summary, dev_goal, project_layout, key_points, transformation_status, basic_research_status, autonomy_capability, industrial_capability, tech_advantages, current_status, trend, remark, confidence, completeness, created_at, updated_at) VALUES ('TECH_S_b4ab46e145a0bd1d', '新型可重复使用火箭系统', 'Tech-074 碳化硅功率器件', NULL, '["无人机", "集成电路"]'::json, '2010-04-01', '2018-12-21', '新型可重复使用火箭系统是无人机领域的关键技术，具有低成本等优势，应用前景广阔。', '突破无人机核心技术瓶颈，实现自主可控。', '["无人机基础理论", "无人机工程化"]'::json, '["无人机关键工艺", "无人机系统集成"]'::json, '待转化', '基础理论已建立', '具备完全自主知识产权', '形成完整产业链', '相比同类技术，新型可重复使用火箭系统在性能与成本上优势明显。', '工程化应用', '快速上升', '', 0.866, 0.556, '2026-06-15T12:00:00+00:00', '2026-06-15T12:00:00+00:00');
INSERT INTO tech_dev_milestone (tech_id, milestone_date, milestone_name, contributor_keywords, milestone_content, created_at, updated_at) VALUES ('TECH_S_b4ab46e145a0bd1d', '2016-09-08', '概念提出', '["航天脑科学高科"]'::json, '概念提出：实现无人机关键突破。', '2026-06-15T12:00:00+00:00', '2026-06-15T12:00:00+00:00');
INSERT INTO tech_dev_milestone (tech_id, milestone_date, milestone_name, contributor_keywords, milestone_content, created_at, updated_at) VALUES ('TECH_S_b4ab46e145a0bd1d', '2016-08-07', '实验室验证', '["中科微纳股份"]'::json, '实验室验证：实现无人机关键突破。', '2026-06-15T12:00:00+00:00', '2026-06-15T12:00:00+00:00');
INSERT INTO tech_dev_milestone (tech_id, milestone_date, milestone_name, contributor_keywords, milestone_content, created_at, updated_at) VALUES ('TECH_S_b4ab46e145a0bd1d', '2019-01-23', '工程样机', '["东方芯创集团"]'::json, '工程样机：实现无人机关键突破。', '2026-06-15T12:00:00+00:00', '2026-06-15T12:00:00+00:00');
INSERT INTO tech_dev_milestone (tech_id, milestone_date, milestone_name, contributor_keywords, milestone_content, created_at, updated_at) VALUES ('TECH_S_b4ab46e145a0bd1d', '2022-05-22', '中试成功', '["国生医工程技术中心"]'::json, '中试成功：实现无人机关键突破。', '2026-06-15T12:00:00+00:00', '2026-06-15T12:00:00+00:00');
INSERT INTO tech_dev_milestone (tech_id, milestone_date, milestone_name, contributor_keywords, milestone_content, created_at, updated_at) VALUES ('TECH_S_b4ab46e145a0bd1d', '2011-04-23', '产业化', '["新芯创研究院"]'::json, '产业化：实现无人机关键突破。', '2026-06-15T12:00:00+00:00', '2026-06-15T12:00:00+00:00');
INSERT INTO tech_funding (tech_id, amount, source, created_at, updated_at) VALUES ('TECH_S_b4ab46e145a0bd1d', 3000.0, '企业自筹', '2026-06-15T12:00:00+00:00', '2026-06-15T12:00:00+00:00');
INSERT INTO tech_academic_output (tech_id, name, publish_date, subject_keywords, image, created_at, updated_at) VALUES ('TECH_S_b4ab46e145a0bd1d', '新型可重复使用火箭系统相关研究', '2018-12-24', '["新深海科技"]'::json, '', '2026-06-15T12:00:00+00:00', '2026-06-15T12:00:00+00:00');
INSERT INTO tech_academic_output (tech_id, name, publish_date, subject_keywords, image, created_at, updated_at) VALUES ('TECH_S_b4ab46e145a0bd1d', '新型可重复使用火箭系统相关研究', '2024-03-05', '["东方智算实验室"]'::json, '', '2026-06-15T12:00:00+00:00', '2026-06-15T12:00:00+00:00');
INSERT INTO tech_academic_output (tech_id, name, publish_date, subject_keywords, image, created_at, updated_at) VALUES ('TECH_S_b4ab46e145a0bd1d', '新型可重复使用火箭系统相关研究', '2023-01-19', '["航天先进实验室"]'::json, '', '2026-06-15T12:00:00+00:00', '2026-06-15T12:00:00+00:00');
INSERT INTO tech_experiment (tech_id, content, experiment_date, result, subject_keywords, image, created_at, updated_at) VALUES ('TECH_S_b4ab46e145a0bd1d', '新型可重复使用火箭系统原理验证实验', '2021-12-07', '实验数据达到预期指标', '["无人机"]'::json, '', '2026-06-15T12:00:00+00:00', '2026-06-15T12:00:00+00:00');
INSERT INTO entity_change_log (entity_id, entity_type, field, old_value, new_value, method, operator, source_doc_id, reason, changed_at) VALUES ('TECH_S_b4ab46e145a0bd1d', 'tech', '*', NULL, '{"action": "create"}'::json, 'rule', NULL, 'mock_seed', NULL, '2026-06-15T12:00:00+00:00');
INSERT INTO tech_profile (tech_id, tech_name_cn, tech_name_en, tech_name_other, tech_domain, invention_date, application_date, tech_summary, dev_goal, project_layout, key_points, transformation_status, basic_research_status, autonomy_capability, industrial_capability, tech_advantages, current_status, trend, remark, confidence, completeness, created_at, updated_at) VALUES ('TECH_S_941f6f0c24c1a6c2', '自主可控神经形态芯片解决方案', 'Tech-075 碳纳米管', NULL, '["量子计算", "无人机"]'::json, '2010-08-22', '2021-02-06', '自主可控神经形态芯片解决方案是无人机领域的关键技术，具有高可靠性等优势，应用前景广阔。', '突破无人机核心技术瓶颈，实现自主可控。', '["无人机基础理论", "无人机工程化"]'::json, '["无人机关键工艺", "无人机系统集成"]'::json, '已转化', '基础理论已建立', '具备完全自主知识产权', '形成完整产业链', '相比同类技术，自主可控神经形态芯片解决方案在性能与成本上优势明显。', '中试阶段', '快速上升', '', 0.797, 0.643, '2026-06-15T12:00:00+00:00', '2026-06-15T12:00:00+00:00');
INSERT INTO tech_dev_milestone (tech_id, milestone_date, milestone_name, contributor_keywords, milestone_content, created_at, updated_at) VALUES ('TECH_S_941f6f0c24c1a6c2', '2012-03-01', '概念提出', '["新基因实验室"]'::json, '概念提出：实现无人机关键突破。', '2026-06-15T12:00:00+00:00', '2026-06-15T12:00:00+00:00');
INSERT INTO tech_dev_milestone (tech_id, milestone_date, milestone_name, contributor_keywords, milestone_content, created_at, updated_at) VALUES ('TECH_S_941f6f0c24c1a6c2', '2011-07-15', '实验室验证', '["东方储能集团"]'::json, '实验室验证：实现无人机关键突破。', '2026-06-15T12:00:00+00:00', '2026-06-15T12:00:00+00:00');
INSERT INTO tech_dev_milestone (tech_id, milestone_date, milestone_name, contributor_keywords, milestone_content, created_at, updated_at) VALUES ('TECH_S_941f6f0c24c1a6c2', '2020-01-15', '工程样机', '["东方微纳股份"]'::json, '工程样机：实现无人机关键突破。', '2026-06-15T12:00:00+00:00', '2026-06-15T12:00:00+00:00');
INSERT INTO tech_dev_milestone (tech_id, milestone_date, milestone_name, contributor_keywords, milestone_content, created_at, updated_at) VALUES ('TECH_S_941f6f0c24c1a6c2', '2018-04-24', '中试成功', '["新芯创研究院"]'::json, '中试成功：实现无人机关键突破。', '2026-06-15T12:00:00+00:00', '2026-06-15T12:00:00+00:00');
INSERT INTO tech_dev_milestone (tech_id, milestone_date, milestone_name, contributor_keywords, milestone_content, created_at, updated_at) VALUES ('TECH_S_941f6f0c24c1a6c2', '2023-08-28', '产业化', '["东方脑科学科技"]'::json, '产业化：实现无人机关键突破。', '2026-06-15T12:00:00+00:00', '2026-06-15T12:00:00+00:00');
INSERT INTO tech_funding (tech_id, amount, source, created_at, updated_at) VALUES ('TECH_S_941f6f0c24c1a6c2', 1000.0, '企业自筹', '2026-06-15T12:00:00+00:00', '2026-06-15T12:00:00+00:00');
INSERT INTO tech_funding (tech_id, amount, source, created_at, updated_at) VALUES ('TECH_S_941f6f0c24c1a6c2', 1000.0, '国家重点研发计划', '2026-06-15T12:00:00+00:00', '2026-06-15T12:00:00+00:00');
INSERT INTO tech_academic_output (tech_id, name, publish_date, subject_keywords, image, created_at, updated_at) VALUES ('TECH_S_941f6f0c24c1a6c2', '自主可控神经形态芯片解决方案相关研究', '2018-12-01', '["远生医工程技术中心"]'::json, '', '2026-06-15T12:00:00+00:00', '2026-06-15T12:00:00+00:00');
INSERT INTO tech_academic_output (tech_id, name, publish_date, subject_keywords, image, created_at, updated_at) VALUES ('TECH_S_941f6f0c24c1a6c2', '自主可控神经形态芯片解决方案相关研究', '2022-12-24', '["新基因实验室"]'::json, '', '2026-06-15T12:00:00+00:00', '2026-06-15T12:00:00+00:00');
INSERT INTO tech_experiment (tech_id, content, experiment_date, result, subject_keywords, image, created_at, updated_at) VALUES ('TECH_S_941f6f0c24c1a6c2', '自主可控神经形态芯片解决方案原理验证实验', '2021-03-23', '实验数据达到预期指标', '["无人机"]'::json, '', '2026-06-15T12:00:00+00:00', '2026-06-15T12:00:00+00:00');
INSERT INTO entity_change_log (entity_id, entity_type, field, old_value, new_value, method, operator, source_doc_id, reason, changed_at) VALUES ('TECH_S_941f6f0c24c1a6c2', 'tech', '*', NULL, '{"action": "create"}'::json, 'rule', NULL, 'mock_seed', NULL, '2026-06-15T12:00:00+00:00');
INSERT INTO tech_profile (tech_id, tech_name_cn, tech_name_en, tech_name_other, tech_domain, invention_date, application_date, tech_summary, dev_goal, project_layout, key_points, transformation_status, basic_research_status, autonomy_capability, industrial_capability, tech_advantages, current_status, trend, remark, confidence, completeness, created_at, updated_at) VALUES ('TECH_S_6ae760f800db7e33', '一体化深海潜水器方法', 'Tech-076 类脑计算架构', NULL, '["网络安全", "基因编辑"]'::json, '2011-04-17', '2021-04-26', '一体化深海潜水器方法是网络安全领域的关键技术，具有高效率等优势，应用前景广阔。', '突破网络安全核心技术瓶颈，实现自主可控。', '["网络安全基础理论", "网络安全工程化"]'::json, '["网络安全关键工艺", "网络安全系统集成"]'::json, '转化中', '基础理论已建立', '具备完全自主知识产权', '形成完整产业链', '相比同类技术，一体化深海潜水器方法在性能与成本上优势明显。', '工程化应用', '快速上升', '', 0.902, 0.803, '2026-06-15T12:00:00+00:00', '2026-06-15T12:00:00+00:00');
INSERT INTO tech_dev_milestone (tech_id, milestone_date, milestone_name, contributor_keywords, milestone_content, created_at, updated_at) VALUES ('TECH_S_6ae760f800db7e33', '2013-09-21', '概念提出', '["远脑科学股份"]'::json, '概念提出：实现网络安全关键突破。', '2026-06-15T12:00:00+00:00', '2026-06-15T12:00:00+00:00');
INSERT INTO tech_dev_milestone (tech_id, milestone_date, milestone_name, contributor_keywords, milestone_content, created_at, updated_at) VALUES ('TECH_S_6ae760f800db7e33', '2018-03-21', '实验室验证', '["中未来工程技术中心"]'::json, '实验室验证：实现网络安全关键突破。', '2026-06-15T12:00:00+00:00', '2026-06-15T12:00:00+00:00');
INSERT INTO tech_dev_milestone (tech_id, milestone_date, milestone_name, contributor_keywords, milestone_content, created_at, updated_at) VALUES ('TECH_S_6ae760f800db7e33', '2016-08-10', '工程样机', '["新光电工程技术中心"]'::json, '工程样机：实现网络安全关键突破。', '2026-06-15T12:00:00+00:00', '2026-06-15T12:00:00+00:00');
INSERT INTO tech_dev_milestone (tech_id, milestone_date, milestone_name, contributor_keywords, milestone_content, created_at, updated_at) VALUES ('TECH_S_6ae760f800db7e33', '2018-05-08', '中试成功', '["航天先进实验室"]'::json, '中试成功：实现网络安全关键突破。', '2026-06-15T12:00:00+00:00', '2026-06-15T12:00:00+00:00');
INSERT INTO tech_dev_milestone (tech_id, milestone_date, milestone_name, contributor_keywords, milestone_content, created_at, updated_at) VALUES ('TECH_S_6ae760f800db7e33', '2016-08-25', '产业化', '["东方未来研究院"]'::json, '产业化：实现网络安全关键突破。', '2026-06-15T12:00:00+00:00', '2026-06-15T12:00:00+00:00');
INSERT INTO tech_funding (tech_id, amount, source, created_at, updated_at) VALUES ('TECH_S_6ae760f800db7e33', 3000.0, '国家重点研发计划', '2026-06-15T12:00:00+00:00', '2026-06-15T12:00:00+00:00');
INSERT INTO tech_funding (tech_id, amount, source, created_at, updated_at) VALUES ('TECH_S_6ae760f800db7e33', 15000.0, '地方专项', '2026-06-15T12:00:00+00:00', '2026-06-15T12:00:00+00:00');
INSERT INTO tech_funding (tech_id, amount, source, created_at, updated_at) VALUES ('TECH_S_6ae760f800db7e33', 3000.0, '国家重点研发计划', '2026-06-15T12:00:00+00:00', '2026-06-15T12:00:00+00:00');
INSERT INTO tech_academic_output (tech_id, name, publish_date, subject_keywords, image, created_at, updated_at) VALUES ('TECH_S_6ae760f800db7e33', '一体化深海潜水器方法相关研究', '2019-08-03', '["北方量子工程技术中心"]'::json, '', '2026-06-15T12:00:00+00:00', '2026-06-15T12:00:00+00:00');
INSERT INTO tech_academic_output (tech_id, name, publish_date, subject_keywords, image, created_at, updated_at) VALUES ('TECH_S_6ae760f800db7e33', '一体化深海潜水器方法相关研究', '2019-07-26', '["中生医研究所"]'::json, '', '2026-06-15T12:00:00+00:00', '2026-06-15T12:00:00+00:00');
INSERT INTO tech_experiment (tech_id, content, experiment_date, result, subject_keywords, image, created_at, updated_at) VALUES ('TECH_S_6ae760f800db7e33', '一体化深海潜水器方法原理验证实验', '2024-03-05', '实验数据达到预期指标', '["网络安全"]'::json, '', '2026-06-15T12:00:00+00:00', '2026-06-15T12:00:00+00:00');
INSERT INTO entity_change_log (entity_id, entity_type, field, old_value, new_value, method, operator, source_doc_id, reason, changed_at) VALUES ('TECH_S_6ae760f800db7e33', 'tech', '*', NULL, '{"action": "create"}'::json, 'rule', NULL, 'mock_seed', NULL, '2026-06-15T12:00:00+00:00');
INSERT INTO tech_profile (tech_id, tech_name_cn, tech_name_en, tech_name_other, tech_domain, invention_date, application_date, tech_summary, dev_goal, project_layout, key_points, transformation_status, basic_research_status, autonomy_capability, industrial_capability, tech_advantages, current_status, trend, remark, confidence, completeness, created_at, updated_at) VALUES ('TECH_S_bb1e79d4ac26e58a', '高可靠仿生机械臂工艺', 'Tech-077 钙钛矿太阳能电池', NULL, '["深海装备", "先进算力"]'::json, '2000-05-01', '2018-09-12', '高可靠仿生机械臂工艺是深海装备领域的关键技术，具有低成本等优势，应用前景广阔。', '突破深海装备核心技术瓶颈，实现自主可控。', '["深海装备基础理论", "深海装备工程化"]'::json, '["深海装备关键工艺", "深海装备系统集成"]'::json, '转化中', '基础理论已建立', '具备完全自主知识产权', '形成完整产业链', '相比同类技术，高可靠仿生机械臂工艺在性能与成本上优势明显。', '规模化部署', '下降', '', 0.749, 0.578, '2026-06-15T12:00:00+00:00', '2026-06-15T12:00:00+00:00');
INSERT INTO tech_dev_milestone (tech_id, milestone_date, milestone_name, contributor_keywords, milestone_content, created_at, updated_at) VALUES ('TECH_S_bb1e79d4ac26e58a', '2011-06-20', '概念提出', '["东方先进高科"]'::json, '概念提出：实现深海装备关键突破。', '2026-06-15T12:00:00+00:00', '2026-06-15T12:00:00+00:00');
INSERT INTO tech_dev_milestone (tech_id, milestone_date, milestone_name, contributor_keywords, milestone_content, created_at, updated_at) VALUES ('TECH_S_bb1e79d4ac26e58a', '2017-04-05', '实验室验证', '["国前沿科技"]'::json, '实验室验证：实现深海装备关键突破。', '2026-06-15T12:00:00+00:00', '2026-06-15T12:00:00+00:00');
INSERT INTO tech_dev_milestone (tech_id, milestone_date, milestone_name, contributor_keywords, milestone_content, created_at, updated_at) VALUES ('TECH_S_bb1e79d4ac26e58a', '2015-02-01', '工程样机', '["新脑科学实验室"]'::json, '工程样机：实现深海装备关键突破。', '2026-06-15T12:00:00+00:00', '2026-06-15T12:00:00+00:00');
INSERT INTO tech_dev_milestone (tech_id, milestone_date, milestone_name, contributor_keywords, milestone_content, created_at, updated_at) VALUES ('TECH_S_bb1e79d4ac26e58a', '2011-07-05', '中试成功', '["国氢动高科"]'::json, '中试成功：实现深海装备关键突破。', '2026-06-15T12:00:00+00:00', '2026-06-15T12:00:00+00:00');
INSERT INTO tech_dev_milestone (tech_id, milestone_date, milestone_name, contributor_keywords, milestone_content, created_at, updated_at) VALUES ('TECH_S_bb1e79d4ac26e58a', '2015-05-19', '产业化', '["新基因实验室"]'::json, '产业化：实现深海装备关键突破。', '2026-06-15T12:00:00+00:00', '2026-06-15T12:00:00+00:00');
INSERT INTO tech_funding (tech_id, amount, source, created_at, updated_at) VALUES ('TECH_S_bb1e79d4ac26e58a', 3000.0, '国家重点研发计划', '2026-06-15T12:00:00+00:00', '2026-06-15T12:00:00+00:00');
INSERT INTO tech_funding (tech_id, amount, source, created_at, updated_at) VALUES ('TECH_S_bb1e79d4ac26e58a', 3000.0, '国家重点研发计划', '2026-06-15T12:00:00+00:00', '2026-06-15T12:00:00+00:00');
INSERT INTO tech_academic_output (tech_id, name, publish_date, subject_keywords, image, created_at, updated_at) VALUES ('TECH_S_bb1e79d4ac26e58a', '高可靠仿生机械臂工艺相关研究', '2024-03-19', '["航天储能研究所"]'::json, '', '2026-06-15T12:00:00+00:00', '2026-06-15T12:00:00+00:00');
INSERT INTO tech_academic_output (tech_id, name, publish_date, subject_keywords, image, created_at, updated_at) VALUES ('TECH_S_bb1e79d4ac26e58a', '高可靠仿生机械臂工艺相关研究', '2021-03-08', '["东方信息研究院"]'::json, '', '2026-06-15T12:00:00+00:00', '2026-06-15T12:00:00+00:00');
INSERT INTO tech_academic_output (tech_id, name, publish_date, subject_keywords, image, created_at, updated_at) VALUES ('TECH_S_bb1e79d4ac26e58a', '高可靠仿生机械臂工艺相关研究', '2019-02-09', '["南方前沿集团"]'::json, '', '2026-06-15T12:00:00+00:00', '2026-06-15T12:00:00+00:00');
INSERT INTO tech_experiment (tech_id, content, experiment_date, result, subject_keywords, image, created_at, updated_at) VALUES ('TECH_S_bb1e79d4ac26e58a', '高可靠仿生机械臂工艺原理验证实验', '2020-09-03', '实验数据达到预期指标', '["深海装备"]'::json, '', '2026-06-15T12:00:00+00:00', '2026-06-15T12:00:00+00:00');
INSERT INTO entity_change_log (entity_id, entity_type, field, old_value, new_value, method, operator, source_doc_id, reason, changed_at) VALUES ('TECH_S_bb1e79d4ac26e58a', 'tech', '*', NULL, '{"action": "create"}'::json, 'rule', NULL, 'mock_seed', NULL, '2026-06-15T12:00:00+00:00');
INSERT INTO tech_profile (tech_id, tech_name_cn, tech_name_en, tech_name_other, tech_domain, invention_date, application_date, tech_summary, dev_goal, project_layout, key_points, transformation_status, basic_research_status, autonomy_capability, industrial_capability, tech_advantages, current_status, trend, remark, confidence, completeness, created_at, updated_at) VALUES ('TECH_S_7e41caa81c137d82', '高性能类脑计算架构系统', 'Tech-078 太赫兹通信', NULL, '["网络安全", "人工智能"]'::json, '2014-05-12', '2024-09-06', '高性能类脑计算架构系统是人工智能领域的关键技术，具有高效率等优势，应用前景广阔。', '突破人工智能核心技术瓶颈，实现自主可控。', '["人工智能基础理论", "人工智能工程化"]'::json, '["人工智能关键工艺", "人工智能系统集成"]'::json, '待转化', '基础理论已建立', '具备完全自主知识产权', '形成完整产业链', '相比同类技术，高性能类脑计算架构系统在性能与成本上优势明显。', '规模化部署', '波动', '', 0.866, 0.758, '2026-06-15T12:00:00+00:00', '2026-06-15T12:00:00+00:00');
INSERT INTO tech_dev_milestone (tech_id, milestone_date, milestone_name, contributor_keywords, milestone_content, created_at, updated_at) VALUES ('TECH_S_7e41caa81c137d82', '2024-11-15', '概念提出', '["东方基因股份"]'::json, '概念提出：实现人工智能关键突破。', '2026-06-15T12:00:00+00:00', '2026-06-15T12:00:00+00:00');
INSERT INTO tech_dev_milestone (tech_id, milestone_date, milestone_name, contributor_keywords, milestone_content, created_at, updated_at) VALUES ('TECH_S_7e41caa81c137d82', '2022-08-19', '实验室验证', '["北方脑科学实验室"]'::json, '实验室验证：实现人工智能关键突破。', '2026-06-15T12:00:00+00:00', '2026-06-15T12:00:00+00:00');
INSERT INTO tech_dev_milestone (tech_id, milestone_date, milestone_name, contributor_keywords, milestone_content, created_at, updated_at) VALUES ('TECH_S_7e41caa81c137d82', '2022-11-09', '工程样机', '["新基因实验室"]'::json, '工程样机：实现人工智能关键突破。', '2026-06-15T12:00:00+00:00', '2026-06-15T12:00:00+00:00');
INSERT INTO tech_dev_milestone (tech_id, milestone_date, milestone_name, contributor_keywords, milestone_content, created_at, updated_at) VALUES ('TECH_S_7e41caa81c137d82', '2018-05-05', '中试成功', '["新芯创研究院"]'::json, '中试成功：实现人工智能关键突破。', '2026-06-15T12:00:00+00:00', '2026-06-15T12:00:00+00:00');
INSERT INTO tech_dev_milestone (tech_id, milestone_date, milestone_name, contributor_keywords, milestone_content, created_at, updated_at) VALUES ('TECH_S_7e41caa81c137d82', '2024-02-18', '产业化', '["北方脑科学实验室"]'::json, '产业化：实现人工智能关键突破。', '2026-06-15T12:00:00+00:00', '2026-06-15T12:00:00+00:00');
INSERT INTO tech_funding (tech_id, amount, source, created_at, updated_at) VALUES ('TECH_S_7e41caa81c137d82', 8000.0, '国家自然科学基金', '2026-06-15T12:00:00+00:00', '2026-06-15T12:00:00+00:00');
INSERT INTO tech_funding (tech_id, amount, source, created_at, updated_at) VALUES ('TECH_S_7e41caa81c137d82', 3000.0, '国家自然科学基金', '2026-06-15T12:00:00+00:00', '2026-06-15T12:00:00+00:00');
INSERT INTO tech_academic_output (tech_id, name, publish_date, subject_keywords, image, created_at, updated_at) VALUES ('TECH_S_7e41caa81c137d82', '高性能类脑计算架构系统相关研究', '2021-09-08', '["南方航宇研究院"]'::json, '', '2026-06-15T12:00:00+00:00', '2026-06-15T12:00:00+00:00');
INSERT INTO tech_academic_output (tech_id, name, publish_date, subject_keywords, image, created_at, updated_at) VALUES ('TECH_S_7e41caa81c137d82', '高性能类脑计算架构系统相关研究', '2018-05-19', '["南方量子高科"]'::json, '', '2026-06-15T12:00:00+00:00', '2026-06-15T12:00:00+00:00');
INSERT INTO tech_academic_output (tech_id, name, publish_date, subject_keywords, image, created_at, updated_at) VALUES ('TECH_S_7e41caa81c137d82', '高性能类脑计算架构系统相关研究', '2021-08-15', '["远储能集团"]'::json, '', '2026-06-15T12:00:00+00:00', '2026-06-15T12:00:00+00:00');
INSERT INTO tech_experiment (tech_id, content, experiment_date, result, subject_keywords, image, created_at, updated_at) VALUES ('TECH_S_7e41caa81c137d82', '高性能类脑计算架构系统原理验证实验', '2020-11-18', '实验数据达到预期指标', '["人工智能"]'::json, '', '2026-06-15T12:00:00+00:00', '2026-06-15T12:00:00+00:00');
INSERT INTO entity_change_log (entity_id, entity_type, field, old_value, new_value, method, operator, source_doc_id, reason, changed_at) VALUES ('TECH_S_7e41caa81c137d82', 'tech', '*', NULL, '{"action": "create"}'::json, 'rule', NULL, 'mock_seed', NULL, '2026-06-15T12:00:00+00:00');
INSERT INTO tech_profile (tech_id, tech_name_cn, tech_name_en, tech_name_other, tech_domain, invention_date, application_date, tech_summary, dev_goal, project_layout, key_points, transformation_status, basic_research_status, autonomy_capability, industrial_capability, tech_advantages, current_status, trend, remark, confidence, completeness, created_at, updated_at) VALUES ('TECH_S_9f14b08ed9b30fd7', '柔性仿生机械臂系统', 'Tech-079 氢燃料电池电堆', NULL, '["新能源", "卫星互联网"]'::json, '2012-07-12', '2019-12-25', '柔性仿生机械臂系统是新能源领域的关键技术，具有低成本等优势，应用前景广阔。', '突破新能源核心技术瓶颈，实现自主可控。', '["新能源基础理论", "新能源工程化"]'::json, '["新能源关键工艺", "新能源系统集成"]'::json, '已转化', '基础理论已建立', '具备完全自主知识产权', '形成完整产业链', '相比同类技术，柔性仿生机械臂系统在性能与成本上优势明显。', '工程化应用', '下降', '', 0.78, 0.772, '2026-06-15T12:00:00+00:00', '2026-06-15T12:00:00+00:00');
INSERT INTO tech_dev_milestone (tech_id, milestone_date, milestone_name, contributor_keywords, milestone_content, created_at, updated_at) VALUES ('TECH_S_9f14b08ed9b30fd7', '2020-02-26', '概念提出', '["航天未来研究院"]'::json, '概念提出：实现新能源关键突破。', '2026-06-15T12:00:00+00:00', '2026-06-15T12:00:00+00:00');
INSERT INTO tech_dev_milestone (tech_id, milestone_date, milestone_name, contributor_keywords, milestone_content, created_at, updated_at) VALUES ('TECH_S_9f14b08ed9b30fd7', '2021-11-18', '实验室验证', '["航天芯创实验室"]'::json, '实验室验证：实现新能源关键突破。', '2026-06-15T12:00:00+00:00', '2026-06-15T12:00:00+00:00');
INSERT INTO tech_dev_milestone (tech_id, milestone_date, milestone_name, contributor_keywords, milestone_content, created_at, updated_at) VALUES ('TECH_S_9f14b08ed9b30fd7', '2015-11-17', '工程样机', '["新深海科技"]'::json, '工程样机：实现新能源关键突破。', '2026-06-15T12:00:00+00:00', '2026-06-15T12:00:00+00:00');
INSERT INTO tech_dev_milestone (tech_id, milestone_date, milestone_name, contributor_keywords, milestone_content, created_at, updated_at) VALUES ('TECH_S_9f14b08ed9b30fd7', '2015-11-24', '中试成功', '["南方聚变股份"]'::json, '中试成功：实现新能源关键突破。', '2026-06-15T12:00:00+00:00', '2026-06-15T12:00:00+00:00');
INSERT INTO tech_dev_milestone (tech_id, milestone_date, milestone_name, contributor_keywords, milestone_content, created_at, updated_at) VALUES ('TECH_S_9f14b08ed9b30fd7', '2020-05-19', '产业化', '["国智算股份"]'::json, '产业化：实现新能源关键突破。', '2026-06-15T12:00:00+00:00', '2026-06-15T12:00:00+00:00');
INSERT INTO tech_funding (tech_id, amount, source, created_at, updated_at) VALUES ('TECH_S_9f14b08ed9b30fd7', 8000.0, '地方专项', '2026-06-15T12:00:00+00:00', '2026-06-15T12:00:00+00:00');
INSERT INTO tech_academic_output (tech_id, name, publish_date, subject_keywords, image, created_at, updated_at) VALUES ('TECH_S_9f14b08ed9b30fd7', '柔性仿生机械臂系统相关研究', '2023-01-02', '["新基因高科"]'::json, '', '2026-06-15T12:00:00+00:00', '2026-06-15T12:00:00+00:00');
INSERT INTO tech_experiment (tech_id, content, experiment_date, result, subject_keywords, image, created_at, updated_at) VALUES ('TECH_S_9f14b08ed9b30fd7', '柔性仿生机械臂系统原理验证实验', '2022-01-15', '实验数据达到预期指标', '["新能源"]'::json, '', '2026-06-15T12:00:00+00:00', '2026-06-15T12:00:00+00:00');
INSERT INTO entity_change_log (entity_id, entity_type, field, old_value, new_value, method, operator, source_doc_id, reason, changed_at) VALUES ('TECH_S_9f14b08ed9b30fd7', 'tech', '*', NULL, '{"action": "create"}'::json, 'rule', NULL, 'mock_seed', NULL, '2026-06-15T12:00:00+00:00');
INSERT INTO tech_profile (tech_id, tech_name_cn, tech_name_en, tech_name_other, tech_domain, invention_date, application_date, tech_summary, dev_goal, project_layout, key_points, transformation_status, basic_research_status, autonomy_capability, industrial_capability, tech_advantages, current_status, trend, remark, confidence, completeness, created_at, updated_at) VALUES ('TECH_S_b290ee179d05521d', '柔性mRNA疫苗系统', 'Tech-080 太赫兹通信', NULL, '["先进算力"]'::json, '2007-04-05', '2019-12-18', '柔性mRNA疫苗系统是先进算力领域的关键技术，具有高可靠性等优势，应用前景广阔。', '突破先进算力核心技术瓶颈，实现自主可控。', '["先进算力基础理论", "先进算力工程化"]'::json, '["先进算力关键工艺", "先进算力系统集成"]'::json, '转化中', '基础理论已建立', '具备完全自主知识产权', '形成完整产业链', '相比同类技术，柔性mRNA疫苗系统在性能与成本上优势明显。', '规模化部署', '下降', '', 0.937, 0.753, '2026-06-15T12:00:00+00:00', '2026-06-15T12:00:00+00:00');
INSERT INTO tech_dev_milestone (tech_id, milestone_date, milestone_name, contributor_keywords, milestone_content, created_at, updated_at) VALUES ('TECH_S_b290ee179d05521d', '2017-06-12', '概念提出', '["新芯创研究院"]'::json, '概念提出：实现先进算力关键突破。', '2026-06-15T12:00:00+00:00', '2026-06-15T12:00:00+00:00');
INSERT INTO tech_dev_milestone (tech_id, milestone_date, milestone_name, contributor_keywords, milestone_content, created_at, updated_at) VALUES ('TECH_S_b290ee179d05521d', '2024-06-25', '实验室验证', '["中科智算工程技术中心"]'::json, '实验室验证：实现先进算力关键突破。', '2026-06-15T12:00:00+00:00', '2026-06-15T12:00:00+00:00');
INSERT INTO tech_dev_milestone (tech_id, milestone_date, milestone_name, contributor_keywords, milestone_content, created_at, updated_at) VALUES ('TECH_S_b290ee179d05521d', '2017-10-15', '工程样机', '["华量子集团"]'::json, '工程样机：实现先进算力关键突破。', '2026-06-15T12:00:00+00:00', '2026-06-15T12:00:00+00:00');
INSERT INTO tech_dev_milestone (tech_id, milestone_date, milestone_name, contributor_keywords, milestone_content, created_at, updated_at) VALUES ('TECH_S_b290ee179d05521d', '2015-05-07', '中试成功', '["国储能股份"]'::json, '中试成功：实现先进算力关键突破。', '2026-06-15T12:00:00+00:00', '2026-06-15T12:00:00+00:00');
INSERT INTO tech_dev_milestone (tech_id, milestone_date, milestone_name, contributor_keywords, milestone_content, created_at, updated_at) VALUES ('TECH_S_b290ee179d05521d', '2012-08-13', '产业化', '["东方芯创集团"]'::json, '产业化：实现先进算力关键突破。', '2026-06-15T12:00:00+00:00', '2026-06-15T12:00:00+00:00');
INSERT INTO tech_funding (tech_id, amount, source, created_at, updated_at) VALUES ('TECH_S_b290ee179d05521d', 8000.0, '地方专项', '2026-06-15T12:00:00+00:00', '2026-06-15T12:00:00+00:00');
INSERT INTO tech_funding (tech_id, amount, source, created_at, updated_at) VALUES ('TECH_S_b290ee179d05521d', 500.0, '企业自筹', '2026-06-15T12:00:00+00:00', '2026-06-15T12:00:00+00:00');
INSERT INTO tech_academic_output (tech_id, name, publish_date, subject_keywords, image, created_at, updated_at) VALUES ('TECH_S_b290ee179d05521d', '柔性mRNA疫苗系统相关研究', '2019-10-26', '["北方储能工程技术中心"]'::json, '', '2026-06-15T12:00:00+00:00', '2026-06-15T12:00:00+00:00');
INSERT INTO tech_academic_output (tech_id, name, publish_date, subject_keywords, image, created_at, updated_at) VALUES ('TECH_S_b290ee179d05521d', '柔性mRNA疫苗系统相关研究', '2018-11-15', '["国新材股份"]'::json, '', '2026-06-15T12:00:00+00:00', '2026-06-15T12:00:00+00:00');
INSERT INTO tech_academic_output (tech_id, name, publish_date, subject_keywords, image, created_at, updated_at) VALUES ('TECH_S_b290ee179d05521d', '柔性mRNA疫苗系统相关研究', '2019-06-03', '["南方聚变股份"]'::json, '', '2026-06-15T12:00:00+00:00', '2026-06-15T12:00:00+00:00');
INSERT INTO tech_experiment (tech_id, content, experiment_date, result, subject_keywords, image, created_at, updated_at) VALUES ('TECH_S_b290ee179d05521d', '柔性mRNA疫苗系统原理验证实验', '2023-10-06', '实验数据达到预期指标', '["先进算力"]'::json, '', '2026-06-15T12:00:00+00:00', '2026-06-15T12:00:00+00:00');
INSERT INTO entity_change_log (entity_id, entity_type, field, old_value, new_value, method, operator, source_doc_id, reason, changed_at) VALUES ('TECH_S_b290ee179d05521d', 'tech', '*', NULL, '{"action": "create"}'::json, 'rule', NULL, 'mock_seed', NULL, '2026-06-15T12:00:00+00:00');
INSERT INTO tech_profile (tech_id, tech_name_cn, tech_name_en, tech_name_other, tech_domain, invention_date, application_date, tech_summary, dev_goal, project_layout, key_points, transformation_status, basic_research_status, autonomy_capability, industrial_capability, tech_advantages, current_status, trend, remark, confidence, completeness, created_at, updated_at) VALUES ('TECH_S_a6f399ca9e15f925', '新型碳化硅功率器件解决方案', 'Tech-081 自动驾驶域控制器', NULL, '["深海装备", "网络安全"]'::json, '2000-11-05', '2025-02-18', '新型碳化硅功率器件解决方案是深海装备领域的关键技术，具有高可靠性等优势，应用前景广阔。', '突破深海装备核心技术瓶颈，实现自主可控。', '["深海装备基础理论", "深海装备工程化"]'::json, '["深海装备关键工艺", "深海装备系统集成"]'::json, '待转化', '基础理论已建立', '具备完全自主知识产权', '形成完整产业链', '相比同类技术，新型碳化硅功率器件解决方案在性能与成本上优势明显。', '中试阶段', '波动', '', 0.932, 0.755, '2026-06-15T12:00:00+00:00', '2026-06-15T12:00:00+00:00');
INSERT INTO tech_dev_milestone (tech_id, milestone_date, milestone_name, contributor_keywords, milestone_content, created_at, updated_at) VALUES ('TECH_S_a6f399ca9e15f925', '2022-08-05', '概念提出', '["东方储能集团"]'::json, '概念提出：实现深海装备关键突破。', '2026-06-15T12:00:00+00:00', '2026-06-15T12:00:00+00:00');
INSERT INTO tech_dev_milestone (tech_id, milestone_date, milestone_name, contributor_keywords, milestone_content, created_at, updated_at) VALUES ('TECH_S_a6f399ca9e15f925', '2011-08-13', '实验室验证', '["国生医工程技术中心"]'::json, '实验室验证：实现深海装备关键突破。', '2026-06-15T12:00:00+00:00', '2026-06-15T12:00:00+00:00');
INSERT INTO tech_dev_milestone (tech_id, milestone_date, milestone_name, contributor_keywords, milestone_content, created_at, updated_at) VALUES ('TECH_S_a6f399ca9e15f925', '2020-05-24', '工程样机', '["北方光电研究所"]'::json, '工程样机：实现深海装备关键突破。', '2026-06-15T12:00:00+00:00', '2026-06-15T12:00:00+00:00');
INSERT INTO tech_dev_milestone (tech_id, milestone_date, milestone_name, contributor_keywords, milestone_content, created_at, updated_at) VALUES ('TECH_S_a6f399ca9e15f925', '2018-09-22', '中试成功', '["中科天网研究所"]'::json, '中试成功：实现深海装备关键突破。', '2026-06-15T12:00:00+00:00', '2026-06-15T12:00:00+00:00');
INSERT INTO tech_dev_milestone (tech_id, milestone_date, milestone_name, contributor_keywords, milestone_content, created_at, updated_at) VALUES ('TECH_S_a6f399ca9e15f925', '2012-02-28', '产业化', '["中光电实验室"]'::json, '产业化：实现深海装备关键突破。', '2026-06-15T12:00:00+00:00', '2026-06-15T12:00:00+00:00');
INSERT INTO tech_funding (tech_id, amount, source, created_at, updated_at) VALUES ('TECH_S_a6f399ca9e15f925', 3000.0, '国家重点研发计划', '2026-06-15T12:00:00+00:00', '2026-06-15T12:00:00+00:00');
INSERT INTO tech_academic_output (tech_id, name, publish_date, subject_keywords, image, created_at, updated_at) VALUES ('TECH_S_a6f399ca9e15f925', '新型碳化硅功率器件解决方案相关研究', '2021-12-23', '["北方前沿实验室"]'::json, '', '2026-06-15T12:00:00+00:00', '2026-06-15T12:00:00+00:00');
INSERT INTO tech_experiment (tech_id, content, experiment_date, result, subject_keywords, image, created_at, updated_at) VALUES ('TECH_S_a6f399ca9e15f925', '新型碳化硅功率器件解决方案原理验证实验', '2021-07-07', '实验数据达到预期指标', '["深海装备"]'::json, '', '2026-06-15T12:00:00+00:00', '2026-06-15T12:00:00+00:00');
INSERT INTO entity_change_log (entity_id, entity_type, field, old_value, new_value, method, operator, source_doc_id, reason, changed_at) VALUES ('TECH_S_a6f399ca9e15f925', 'tech', '*', NULL, '{"action": "create"}'::json, 'rule', NULL, 'mock_seed', NULL, '2026-06-15T12:00:00+00:00');
INSERT INTO tech_profile (tech_id, tech_name_cn, tech_name_en, tech_name_other, tech_domain, invention_date, application_date, tech_summary, dev_goal, project_layout, key_points, transformation_status, basic_research_status, autonomy_capability, industrial_capability, tech_advantages, current_status, trend, remark, confidence, completeness, created_at, updated_at) VALUES ('TECH_S_9ad59c9dec45ef1e', '低功耗碳化硅功率器件工艺', 'Tech-082 卫星星座组网', NULL, '["量子计算", "网络安全"]'::json, '2002-01-16', '2025-02-12', '低功耗碳化硅功率器件工艺是网络安全领域的关键技术，具有高效率等优势，应用前景广阔。', '突破网络安全核心技术瓶颈，实现自主可控。', '["网络安全基础理论", "网络安全工程化"]'::json, '["网络安全关键工艺", "网络安全系统集成"]'::json, '转化中', '基础理论已建立', '具备完全自主知识产权', '形成完整产业链', '相比同类技术，低功耗碳化硅功率器件工艺在性能与成本上优势明显。', '实验室阶段', '波动', '', 0.919, 0.662, '2026-06-15T12:00:00+00:00', '2026-06-15T12:00:00+00:00');
INSERT INTO tech_dev_milestone (tech_id, milestone_date, milestone_name, contributor_keywords, milestone_content, created_at, updated_at) VALUES ('TECH_S_9ad59c9dec45ef1e', '2021-03-22', '概念提出', '["东方航宇研究所"]'::json, '概念提出：实现网络安全关键突破。', '2026-06-15T12:00:00+00:00', '2026-06-15T12:00:00+00:00');
INSERT INTO tech_dev_milestone (tech_id, milestone_date, milestone_name, contributor_keywords, milestone_content, created_at, updated_at) VALUES ('TECH_S_9ad59c9dec45ef1e', '2019-02-24', '实验室验证', '["航天光电股份"]'::json, '实验室验证：实现网络安全关键突破。', '2026-06-15T12:00:00+00:00', '2026-06-15T12:00:00+00:00');
INSERT INTO tech_dev_milestone (tech_id, milestone_date, milestone_name, contributor_keywords, milestone_content, created_at, updated_at) VALUES ('TECH_S_9ad59c9dec45ef1e', '2012-02-24', '工程样机', '["国氢动高科"]'::json, '工程样机：实现网络安全关键突破。', '2026-06-15T12:00:00+00:00', '2026-06-15T12:00:00+00:00');
INSERT INTO tech_dev_milestone (tech_id, milestone_date, milestone_name, contributor_keywords, milestone_content, created_at, updated_at) VALUES ('TECH_S_9ad59c9dec45ef1e', '2024-12-16', '中试成功', '["航天芯创实验室"]'::json, '中试成功：实现网络安全关键突破。', '2026-06-15T12:00:00+00:00', '2026-06-15T12:00:00+00:00');
INSERT INTO tech_dev_milestone (tech_id, milestone_date, milestone_name, contributor_keywords, milestone_content, created_at, updated_at) VALUES ('TECH_S_9ad59c9dec45ef1e', '2018-02-15', '产业化', '["航天储能实验室"]'::json, '产业化：实现网络安全关键突破。', '2026-06-15T12:00:00+00:00', '2026-06-15T12:00:00+00:00');
INSERT INTO tech_funding (tech_id, amount, source, created_at, updated_at) VALUES ('TECH_S_9ad59c9dec45ef1e', 8000.0, '国家重点研发计划', '2026-06-15T12:00:00+00:00', '2026-06-15T12:00:00+00:00');
INSERT INTO tech_funding (tech_id, amount, source, created_at, updated_at) VALUES ('TECH_S_9ad59c9dec45ef1e', 8000.0, '地方专项', '2026-06-15T12:00:00+00:00', '2026-06-15T12:00:00+00:00');
INSERT INTO tech_academic_output (tech_id, name, publish_date, subject_keywords, image, created_at, updated_at) VALUES ('TECH_S_9ad59c9dec45ef1e', '低功耗碳化硅功率器件工艺相关研究', '2019-04-17', '["东方储能高科"]'::json, '', '2026-06-15T12:00:00+00:00', '2026-06-15T12:00:00+00:00');
INSERT INTO tech_academic_output (tech_id, name, publish_date, subject_keywords, image, created_at, updated_at) VALUES ('TECH_S_9ad59c9dec45ef1e', '低功耗碳化硅功率器件工艺相关研究', '2020-09-10', '["华信息研究所"]'::json, '', '2026-06-15T12:00:00+00:00', '2026-06-15T12:00:00+00:00');
INSERT INTO tech_experiment (tech_id, content, experiment_date, result, subject_keywords, image, created_at, updated_at) VALUES ('TECH_S_9ad59c9dec45ef1e', '低功耗碳化硅功率器件工艺原理验证实验', '2020-09-05', '实验数据达到预期指标', '["网络安全"]'::json, '', '2026-06-15T12:00:00+00:00', '2026-06-15T12:00:00+00:00');
INSERT INTO entity_change_log (entity_id, entity_type, field, old_value, new_value, method, operator, source_doc_id, reason, changed_at) VALUES ('TECH_S_9ad59c9dec45ef1e', 'tech', '*', NULL, '{"action": "create"}'::json, 'rule', NULL, 'mock_seed', NULL, '2026-06-15T12:00:00+00:00');
INSERT INTO tech_profile (tech_id, tech_name_cn, tech_name_en, tech_name_other, tech_domain, invention_date, application_date, tech_summary, dev_goal, project_layout, key_points, transformation_status, basic_research_status, autonomy_capability, industrial_capability, tech_advantages, current_status, trend, remark, confidence, completeness, created_at, updated_at) VALUES ('TECH_S_ca0dcc446943018c', '柔性碳化硅功率器件工艺', 'Tech-083 自动驾驶域控制器', NULL, '["人工智能", "基因编辑"]'::json, '2001-05-08', '2021-09-27', '柔性碳化硅功率器件工艺是基因编辑领域的关键技术，具有低成本等优势，应用前景广阔。', '突破基因编辑核心技术瓶颈，实现自主可控。', '["基因编辑基础理论", "基因编辑工程化"]'::json, '["基因编辑关键工艺", "基因编辑系统集成"]'::json, '已转化', '基础理论已建立', '具备完全自主知识产权', '形成完整产业链', '相比同类技术，柔性碳化硅功率器件工艺在性能与成本上优势明显。', '规模化部署', '快速上升', '', 0.924, 0.815, '2026-06-15T12:00:00+00:00', '2026-06-15T12:00:00+00:00');
INSERT INTO tech_dev_milestone (tech_id, milestone_date, milestone_name, contributor_keywords, milestone_content, created_at, updated_at) VALUES ('TECH_S_ca0dcc446943018c', '2013-06-21', '概念提出', '["航天光电高科"]'::json, '概念提出：实现基因编辑关键突破。', '2026-06-15T12:00:00+00:00', '2026-06-15T12:00:00+00:00');
INSERT INTO tech_dev_milestone (tech_id, milestone_date, milestone_name, contributor_keywords, milestone_content, created_at, updated_at) VALUES ('TECH_S_ca0dcc446943018c', '2023-12-06', '实验室验证', '["国未来研究院"]'::json, '实验室验证：实现基因编辑关键突破。', '2026-06-15T12:00:00+00:00', '2026-06-15T12:00:00+00:00');
INSERT INTO tech_dev_milestone (tech_id, milestone_date, milestone_name, contributor_keywords, milestone_content, created_at, updated_at) VALUES ('TECH_S_ca0dcc446943018c', '2017-03-28', '工程样机', '["航天聚变工程技术中心"]'::json, '工程样机：实现基因编辑关键突破。', '2026-06-15T12:00:00+00:00', '2026-06-15T12:00:00+00:00');
INSERT INTO tech_dev_milestone (tech_id, milestone_date, milestone_name, contributor_keywords, milestone_content, created_at, updated_at) VALUES ('TECH_S_ca0dcc446943018c', '2010-08-23', '中试成功', '["中科聚变研究所"]'::json, '中试成功：实现基因编辑关键突破。', '2026-06-15T12:00:00+00:00', '2026-06-15T12:00:00+00:00');
INSERT INTO tech_dev_milestone (tech_id, milestone_date, milestone_name, contributor_keywords, milestone_content, created_at, updated_at) VALUES ('TECH_S_ca0dcc446943018c', '2010-08-25', '产业化', '["中科微纳股份"]'::json, '产业化：实现基因编辑关键突破。', '2026-06-15T12:00:00+00:00', '2026-06-15T12:00:00+00:00');
INSERT INTO tech_funding (tech_id, amount, source, created_at, updated_at) VALUES ('TECH_S_ca0dcc446943018c', 3000.0, '国家重点研发计划', '2026-06-15T12:00:00+00:00', '2026-06-15T12:00:00+00:00');
INSERT INTO tech_funding (tech_id, amount, source, created_at, updated_at) VALUES ('TECH_S_ca0dcc446943018c', 8000.0, '企业自筹', '2026-06-15T12:00:00+00:00', '2026-06-15T12:00:00+00:00');
INSERT INTO tech_academic_output (tech_id, name, publish_date, subject_keywords, image, created_at, updated_at) VALUES ('TECH_S_ca0dcc446943018c', '柔性碳化硅功率器件工艺相关研究', '2022-10-25', '["北方量子工程技术中心"]'::json, '', '2026-06-15T12:00:00+00:00', '2026-06-15T12:00:00+00:00');
INSERT INTO tech_academic_output (tech_id, name, publish_date, subject_keywords, image, created_at, updated_at) VALUES ('TECH_S_ca0dcc446943018c', '柔性碳化硅功率器件工艺相关研究', '2024-11-22', '["国航宇股份"]'::json, '', '2026-06-15T12:00:00+00:00', '2026-06-15T12:00:00+00:00');
INSERT INTO tech_academic_output (tech_id, name, publish_date, subject_keywords, image, created_at, updated_at) VALUES ('TECH_S_ca0dcc446943018c', '柔性碳化硅功率器件工艺相关研究', '2018-12-09', '["新脑科学实验室"]'::json, '', '2026-06-15T12:00:00+00:00', '2026-06-15T12:00:00+00:00');
INSERT INTO tech_experiment (tech_id, content, experiment_date, result, subject_keywords, image, created_at, updated_at) VALUES ('TECH_S_ca0dcc446943018c', '柔性碳化硅功率器件工艺原理验证实验', '2022-09-18', '实验数据达到预期指标', '["基因编辑"]'::json, '', '2026-06-15T12:00:00+00:00', '2026-06-15T12:00:00+00:00');
INSERT INTO entity_change_log (entity_id, entity_type, field, old_value, new_value, method, operator, source_doc_id, reason, changed_at) VALUES ('TECH_S_ca0dcc446943018c', 'tech', '*', NULL, '{"action": "create"}'::json, 'rule', NULL, 'mock_seed', NULL, '2026-06-15T12:00:00+00:00');
INSERT INTO tech_profile (tech_id, tech_name_cn, tech_name_en, tech_name_other, tech_domain, invention_date, application_date, tech_summary, dev_goal, project_layout, key_points, transformation_status, basic_research_status, autonomy_capability, industrial_capability, tech_advantages, current_status, trend, remark, confidence, completeness, created_at, updated_at) VALUES ('TECH_S_3c4f367eb666eda5', '柔性仿生机械臂解决方案', 'Tech-084 仿生机械臂', NULL, '["集成电路", "增材制造"]'::json, '2006-12-10', '2022-02-06', '柔性仿生机械臂解决方案是增材制造领域的关键技术，具有高可靠性等优势，应用前景广阔。', '突破增材制造核心技术瓶颈，实现自主可控。', '["增材制造基础理论", "增材制造工程化"]'::json, '["增材制造关键工艺", "增材制造系统集成"]'::json, '待转化', '基础理论已建立', '具备完全自主知识产权', '形成完整产业链', '相比同类技术，柔性仿生机械臂解决方案在性能与成本上优势明显。', '概念论证', '快速上升', '', 0.733, 0.869, '2026-06-15T12:00:00+00:00', '2026-06-15T12:00:00+00:00');
INSERT INTO tech_dev_milestone (tech_id, milestone_date, milestone_name, contributor_keywords, milestone_content, created_at, updated_at) VALUES ('TECH_S_3c4f367eb666eda5', '2024-02-18', '概念提出', '["远生医工程技术中心"]'::json, '概念提出：实现增材制造关键突破。', '2026-06-15T12:00:00+00:00', '2026-06-15T12:00:00+00:00');
INSERT INTO tech_dev_milestone (tech_id, milestone_date, milestone_name, contributor_keywords, milestone_content, created_at, updated_at) VALUES ('TECH_S_3c4f367eb666eda5', '2011-07-18', '实验室验证', '["东方脑科学科技"]'::json, '实验室验证：实现增材制造关键突破。', '2026-06-15T12:00:00+00:00', '2026-06-15T12:00:00+00:00');
INSERT INTO tech_dev_milestone (tech_id, milestone_date, milestone_name, contributor_keywords, milestone_content, created_at, updated_at) VALUES ('TECH_S_3c4f367eb666eda5', '2011-06-17', '工程样机', '["北方先进工程技术中心"]'::json, '工程样机：实现增材制造关键突破。', '2026-06-15T12:00:00+00:00', '2026-06-15T12:00:00+00:00');
INSERT INTO tech_dev_milestone (tech_id, milestone_date, milestone_name, contributor_keywords, milestone_content, created_at, updated_at) VALUES ('TECH_S_3c4f367eb666eda5', '2015-04-06', '中试成功', '["东方储能集团"]'::json, '中试成功：实现增材制造关键突破。', '2026-06-15T12:00:00+00:00', '2026-06-15T12:00:00+00:00');
INSERT INTO tech_dev_milestone (tech_id, milestone_date, milestone_name, contributor_keywords, milestone_content, created_at, updated_at) VALUES ('TECH_S_3c4f367eb666eda5', '2018-02-08', '产业化', '["中科未来集团"]'::json, '产业化：实现增材制造关键突破。', '2026-06-15T12:00:00+00:00', '2026-06-15T12:00:00+00:00');
INSERT INTO tech_funding (tech_id, amount, source, created_at, updated_at) VALUES ('TECH_S_3c4f367eb666eda5', 8000.0, '国家重点研发计划', '2026-06-15T12:00:00+00:00', '2026-06-15T12:00:00+00:00');
INSERT INTO tech_academic_output (tech_id, name, publish_date, subject_keywords, image, created_at, updated_at) VALUES ('TECH_S_3c4f367eb666eda5', '柔性仿生机械臂解决方案相关研究', '2023-08-21', '["南方量子科技"]'::json, '', '2026-06-15T12:00:00+00:00', '2026-06-15T12:00:00+00:00');
INSERT INTO tech_academic_output (tech_id, name, publish_date, subject_keywords, image, created_at, updated_at) VALUES ('TECH_S_3c4f367eb666eda5', '柔性仿生机械臂解决方案相关研究', '2019-02-14', '["北方储能工程技术中心"]'::json, '', '2026-06-15T12:00:00+00:00', '2026-06-15T12:00:00+00:00');
INSERT INTO tech_academic_output (tech_id, name, publish_date, subject_keywords, image, created_at, updated_at) VALUES ('TECH_S_3c4f367eb666eda5', '柔性仿生机械臂解决方案相关研究', '2020-03-26', '["新基因实验室"]'::json, '', '2026-06-15T12:00:00+00:00', '2026-06-15T12:00:00+00:00');
INSERT INTO tech_experiment (tech_id, content, experiment_date, result, subject_keywords, image, created_at, updated_at) VALUES ('TECH_S_3c4f367eb666eda5', '柔性仿生机械臂解决方案原理验证实验', '2024-11-11', '实验数据达到预期指标', '["增材制造"]'::json, '', '2026-06-15T12:00:00+00:00', '2026-06-15T12:00:00+00:00');
INSERT INTO entity_change_log (entity_id, entity_type, field, old_value, new_value, method, operator, source_doc_id, reason, changed_at) VALUES ('TECH_S_3c4f367eb666eda5', 'tech', '*', NULL, '{"action": "create"}'::json, 'rule', NULL, 'mock_seed', NULL, '2026-06-15T12:00:00+00:00');
INSERT INTO tech_profile (tech_id, tech_name_cn, tech_name_en, tech_name_other, tech_domain, invention_date, application_date, tech_summary, dev_goal, project_layout, key_points, transformation_status, basic_research_status, autonomy_capability, industrial_capability, tech_advantages, current_status, trend, remark, confidence, completeness, created_at, updated_at) VALUES ('TECH_S_56928ec30c981824', '自主可控固态电池技术', 'Tech-085 神经形态芯片', NULL, '["深海装备", "自动驾驶"]'::json, '2005-10-20', '2022-04-28', '自主可控固态电池技术是深海装备领域的关键技术，具有高效率等优势，应用前景广阔。', '突破深海装备核心技术瓶颈，实现自主可控。', '["深海装备基础理论", "深海装备工程化"]'::json, '["深海装备关键工艺", "深海装备系统集成"]'::json, '待转化', '基础理论已建立', '具备完全自主知识产权', '形成完整产业链', '相比同类技术，自主可控固态电池技术在性能与成本上优势明显。', '工程化应用', '波动', '', 0.925, 0.77, '2026-06-15T12:00:00+00:00', '2026-06-15T12:00:00+00:00');
INSERT INTO tech_dev_milestone (tech_id, milestone_date, milestone_name, contributor_keywords, milestone_content, created_at, updated_at) VALUES ('TECH_S_56928ec30c981824', '2010-09-02', '概念提出', '["中聚变研究所"]'::json, '概念提出：实现深海装备关键突破。', '2026-06-15T12:00:00+00:00', '2026-06-15T12:00:00+00:00');
INSERT INTO tech_dev_milestone (tech_id, milestone_date, milestone_name, contributor_keywords, milestone_content, created_at, updated_at) VALUES ('TECH_S_56928ec30c981824', '2016-02-06', '实验室验证', '["航天算力工程技术中心"]'::json, '实验室验证：实现深海装备关键突破。', '2026-06-15T12:00:00+00:00', '2026-06-15T12:00:00+00:00');
INSERT INTO tech_dev_milestone (tech_id, milestone_date, milestone_name, contributor_keywords, milestone_content, created_at, updated_at) VALUES ('TECH_S_56928ec30c981824', '2020-08-26', '工程样机', '["东方智算实验室"]'::json, '工程样机：实现深海装备关键突破。', '2026-06-15T12:00:00+00:00', '2026-06-15T12:00:00+00:00');
INSERT INTO tech_dev_milestone (tech_id, milestone_date, milestone_name, contributor_keywords, milestone_content, created_at, updated_at) VALUES ('TECH_S_56928ec30c981824', '2024-09-24', '中试成功', '["新光电工程技术中心"]'::json, '中试成功：实现深海装备关键突破。', '2026-06-15T12:00:00+00:00', '2026-06-15T12:00:00+00:00');
INSERT INTO tech_dev_milestone (tech_id, milestone_date, milestone_name, contributor_keywords, milestone_content, created_at, updated_at) VALUES ('TECH_S_56928ec30c981824', '2011-04-19', '产业化', '["新芯创高科"]'::json, '产业化：实现深海装备关键突破。', '2026-06-15T12:00:00+00:00', '2026-06-15T12:00:00+00:00');
INSERT INTO tech_funding (tech_id, amount, source, created_at, updated_at) VALUES ('TECH_S_56928ec30c981824', 3000.0, '国家重点研发计划', '2026-06-15T12:00:00+00:00', '2026-06-15T12:00:00+00:00');
INSERT INTO tech_funding (tech_id, amount, source, created_at, updated_at) VALUES ('TECH_S_56928ec30c981824', 8000.0, '企业自筹', '2026-06-15T12:00:00+00:00', '2026-06-15T12:00:00+00:00');
INSERT INTO tech_funding (tech_id, amount, source, created_at, updated_at) VALUES ('TECH_S_56928ec30c981824', 1000.0, '国家自然科学基金', '2026-06-15T12:00:00+00:00', '2026-06-15T12:00:00+00:00');
INSERT INTO tech_academic_output (tech_id, name, publish_date, subject_keywords, image, created_at, updated_at) VALUES ('TECH_S_56928ec30c981824', '自主可控固态电池技术相关研究', '2023-02-25', '["远生医工程技术中心"]'::json, '', '2026-06-15T12:00:00+00:00', '2026-06-15T12:00:00+00:00');
INSERT INTO tech_experiment (tech_id, content, experiment_date, result, subject_keywords, image, created_at, updated_at) VALUES ('TECH_S_56928ec30c981824', '自主可控固态电池技术原理验证实验', '2022-11-28', '实验数据达到预期指标', '["深海装备"]'::json, '', '2026-06-15T12:00:00+00:00', '2026-06-15T12:00:00+00:00');
INSERT INTO entity_change_log (entity_id, entity_type, field, old_value, new_value, method, operator, source_doc_id, reason, changed_at) VALUES ('TECH_S_56928ec30c981824', 'tech', '*', NULL, '{"action": "create"}'::json, 'rule', NULL, 'mock_seed', NULL, '2026-06-15T12:00:00+00:00');
INSERT INTO tech_profile (tech_id, tech_name_cn, tech_name_en, tech_name_other, tech_domain, invention_date, application_date, tech_summary, dev_goal, project_layout, key_points, transformation_status, basic_research_status, autonomy_capability, industrial_capability, tech_advantages, current_status, trend, remark, confidence, completeness, created_at, updated_at) VALUES ('TECH_S_9c312b8066b158aa', '自主可控毫米波雷达工艺', 'Tech-086 可重复使用火箭', NULL, '["机器人", "先进算力"]'::json, '2013-02-15', '2021-09-19', '自主可控毫米波雷达工艺是先进算力领域的关键技术，具有低成本等优势，应用前景广阔。', '突破先进算力核心技术瓶颈，实现自主可控。', '["先进算力基础理论", "先进算力工程化"]'::json, '["先进算力关键工艺", "先进算力系统集成"]'::json, '转化中', '基础理论已建立', '具备完全自主知识产权', '形成完整产业链', '相比同类技术，自主可控毫米波雷达工艺在性能与成本上优势明显。', '实验室阶段', '快速上升', '', 0.881, 0.911, '2026-06-15T12:00:00+00:00', '2026-06-15T12:00:00+00:00');
INSERT INTO tech_dev_milestone (tech_id, milestone_date, milestone_name, contributor_keywords, milestone_content, created_at, updated_at) VALUES ('TECH_S_9c312b8066b158aa', '2019-03-10', '概念提出', '["北方光电集团"]'::json, '概念提出：实现先进算力关键突破。', '2026-06-15T12:00:00+00:00', '2026-06-15T12:00:00+00:00');
INSERT INTO tech_dev_milestone (tech_id, milestone_date, milestone_name, contributor_keywords, milestone_content, created_at, updated_at) VALUES ('TECH_S_9c312b8066b158aa', '2013-11-18', '实验室验证', '["北方量子工程技术中心"]'::json, '实验室验证：实现先进算力关键突破。', '2026-06-15T12:00:00+00:00', '2026-06-15T12:00:00+00:00');
INSERT INTO tech_dev_milestone (tech_id, milestone_date, milestone_name, contributor_keywords, milestone_content, created_at, updated_at) VALUES ('TECH_S_9c312b8066b158aa', '2020-06-09', '工程样机', '["北方储能工程技术中心"]'::json, '工程样机：实现先进算力关键突破。', '2026-06-15T12:00:00+00:00', '2026-06-15T12:00:00+00:00');
INSERT INTO tech_dev_milestone (tech_id, milestone_date, milestone_name, contributor_keywords, milestone_content, created_at, updated_at) VALUES ('TECH_S_9c312b8066b158aa', '2017-04-10', '中试成功', '["国航宇股份"]'::json, '中试成功：实现先进算力关键突破。', '2026-06-15T12:00:00+00:00', '2026-06-15T12:00:00+00:00');
INSERT INTO tech_dev_milestone (tech_id, milestone_date, milestone_name, contributor_keywords, milestone_content, created_at, updated_at) VALUES ('TECH_S_9c312b8066b158aa', '2019-05-05', '产业化', '["新基因实验室"]'::json, '产业化：实现先进算力关键突破。', '2026-06-15T12:00:00+00:00', '2026-06-15T12:00:00+00:00');
INSERT INTO tech_funding (tech_id, amount, source, created_at, updated_at) VALUES ('TECH_S_9c312b8066b158aa', 15000.0, '国家重点研发计划', '2026-06-15T12:00:00+00:00', '2026-06-15T12:00:00+00:00');
INSERT INTO tech_funding (tech_id, amount, source, created_at, updated_at) VALUES ('TECH_S_9c312b8066b158aa', 3000.0, '国家重点研发计划', '2026-06-15T12:00:00+00:00', '2026-06-15T12:00:00+00:00');
INSERT INTO tech_academic_output (tech_id, name, publish_date, subject_keywords, image, created_at, updated_at) VALUES ('TECH_S_9c312b8066b158aa', '自主可控毫米波雷达工艺相关研究', '2018-08-17', '["北方先进工程技术中心"]'::json, '', '2026-06-15T12:00:00+00:00', '2026-06-15T12:00:00+00:00');
INSERT INTO tech_experiment (tech_id, content, experiment_date, result, subject_keywords, image, created_at, updated_at) VALUES ('TECH_S_9c312b8066b158aa', '自主可控毫米波雷达工艺原理验证实验', '2022-12-27', '实验数据达到预期指标', '["先进算力"]'::json, '', '2026-06-15T12:00:00+00:00', '2026-06-15T12:00:00+00:00');
INSERT INTO entity_change_log (entity_id, entity_type, field, old_value, new_value, method, operator, source_doc_id, reason, changed_at) VALUES ('TECH_S_9c312b8066b158aa', 'tech', '*', NULL, '{"action": "create"}'::json, 'rule', NULL, 'mock_seed', NULL, '2026-06-15T12:00:00+00:00');
INSERT INTO tech_profile (tech_id, tech_name_cn, tech_name_en, tech_name_other, tech_domain, invention_date, application_date, tech_summary, dev_goal, project_layout, key_points, transformation_status, basic_research_status, autonomy_capability, industrial_capability, tech_advantages, current_status, trend, remark, confidence, completeness, created_at, updated_at) VALUES ('TECH_S_c3f32833a422d060', '高性能仿生机械臂装置', 'Tech-087 基因剪刀', NULL, '["量子计算", "网络安全"]'::json, '2006-05-24', '2022-07-07', '高性能仿生机械臂装置是网络安全领域的关键技术，具有高可靠性等优势，应用前景广阔。', '突破网络安全核心技术瓶颈，实现自主可控。', '["网络安全基础理论", "网络安全工程化"]'::json, '["网络安全关键工艺", "网络安全系统集成"]'::json, '已转化', '基础理论已建立', '具备完全自主知识产权', '形成完整产业链', '相比同类技术，高性能仿生机械臂装置在性能与成本上优势明显。', '规模化部署', '波动', '', 0.815, 0.683, '2026-06-15T12:00:00+00:00', '2026-06-15T12:00:00+00:00');
INSERT INTO tech_dev_milestone (tech_id, milestone_date, milestone_name, contributor_keywords, milestone_content, created_at, updated_at) VALUES ('TECH_S_c3f32833a422d060', '2014-12-19', '概念提出', '["国深海科技"]'::json, '概念提出：实现网络安全关键突破。', '2026-06-15T12:00:00+00:00', '2026-06-15T12:00:00+00:00');
INSERT INTO tech_dev_milestone (tech_id, milestone_date, milestone_name, contributor_keywords, milestone_content, created_at, updated_at) VALUES ('TECH_S_c3f32833a422d060', '2021-02-03', '实验室验证', '["东方先进高科"]'::json, '实验室验证：实现网络安全关键突破。', '2026-06-15T12:00:00+00:00', '2026-06-15T12:00:00+00:00');
INSERT INTO tech_dev_milestone (tech_id, milestone_date, milestone_name, contributor_keywords, milestone_content, created_at, updated_at) VALUES ('TECH_S_c3f32833a422d060', '2018-09-23', '工程样机', '["中科智算工程技术中心"]'::json, '工程样机：实现网络安全关键突破。', '2026-06-15T12:00:00+00:00', '2026-06-15T12:00:00+00:00');
INSERT INTO tech_dev_milestone (tech_id, milestone_date, milestone_name, contributor_keywords, milestone_content, created_at, updated_at) VALUES ('TECH_S_c3f32833a422d060', '2011-12-24', '中试成功', '["南方微纳实验室"]'::json, '中试成功：实现网络安全关键突破。', '2026-06-15T12:00:00+00:00', '2026-06-15T12:00:00+00:00');
INSERT INTO tech_dev_milestone (tech_id, milestone_date, milestone_name, contributor_keywords, milestone_content, created_at, updated_at) VALUES ('TECH_S_c3f32833a422d060', '2021-01-07', '产业化', '["北方光电研究所"]'::json, '产业化：实现网络安全关键突破。', '2026-06-15T12:00:00+00:00', '2026-06-15T12:00:00+00:00');
INSERT INTO tech_funding (tech_id, amount, source, created_at, updated_at) VALUES ('TECH_S_c3f32833a422d060', 3000.0, '地方专项', '2026-06-15T12:00:00+00:00', '2026-06-15T12:00:00+00:00');
INSERT INTO tech_funding (tech_id, amount, source, created_at, updated_at) VALUES ('TECH_S_c3f32833a422d060', 15000.0, '国家重点研发计划', '2026-06-15T12:00:00+00:00', '2026-06-15T12:00:00+00:00');
INSERT INTO tech_academic_output (tech_id, name, publish_date, subject_keywords, image, created_at, updated_at) VALUES ('TECH_S_c3f32833a422d060', '高性能仿生机械臂装置相关研究', '2023-05-17', '["航天先进实验室"]'::json, '', '2026-06-15T12:00:00+00:00', '2026-06-15T12:00:00+00:00');
INSERT INTO tech_academic_output (tech_id, name, publish_date, subject_keywords, image, created_at, updated_at) VALUES ('TECH_S_c3f32833a422d060', '高性能仿生机械臂装置相关研究', '2021-07-01', '["华航宇股份"]'::json, '', '2026-06-15T12:00:00+00:00', '2026-06-15T12:00:00+00:00');
INSERT INTO tech_academic_output (tech_id, name, publish_date, subject_keywords, image, created_at, updated_at) VALUES ('TECH_S_c3f32833a422d060', '高性能仿生机械臂装置相关研究', '2024-05-09', '["北方脑科学实验室"]'::json, '', '2026-06-15T12:00:00+00:00', '2026-06-15T12:00:00+00:00');
INSERT INTO tech_experiment (tech_id, content, experiment_date, result, subject_keywords, image, created_at, updated_at) VALUES ('TECH_S_c3f32833a422d060', '高性能仿生机械臂装置原理验证实验', '2024-02-10', '实验数据达到预期指标', '["网络安全"]'::json, '', '2026-06-15T12:00:00+00:00', '2026-06-15T12:00:00+00:00');
INSERT INTO entity_change_log (entity_id, entity_type, field, old_value, new_value, method, operator, source_doc_id, reason, changed_at) VALUES ('TECH_S_c3f32833a422d060', 'tech', '*', NULL, '{"action": "create"}'::json, 'rule', NULL, 'mock_seed', NULL, '2026-06-15T12:00:00+00:00');
INSERT INTO tech_profile (tech_id, tech_name_cn, tech_name_en, tech_name_other, tech_domain, invention_date, application_date, tech_summary, dev_goal, project_layout, key_points, transformation_status, basic_research_status, autonomy_capability, industrial_capability, tech_advantages, current_status, trend, remark, confidence, completeness, created_at, updated_at) VALUES ('TECH_S_620ed56dc085ced6', '柔性基因剪刀平台', 'Tech-088 固态电池', NULL, '["生物医药", "深海装备"]'::json, '2012-03-17', '2021-01-04', '柔性基因剪刀平台是深海装备领域的关键技术，具有高可靠性等优势，应用前景广阔。', '突破深海装备核心技术瓶颈，实现自主可控。', '["深海装备基础理论", "深海装备工程化"]'::json, '["深海装备关键工艺", "深海装备系统集成"]'::json, '已转化', '基础理论已建立', '具备完全自主知识产权', '形成完整产业链', '相比同类技术，柔性基因剪刀平台在性能与成本上优势明显。', '中试阶段', '下降', '', 0.934, 0.647, '2026-06-15T12:00:00+00:00', '2026-06-15T12:00:00+00:00');
INSERT INTO tech_dev_milestone (tech_id, milestone_date, milestone_name, contributor_keywords, milestone_content, created_at, updated_at) VALUES ('TECH_S_620ed56dc085ced6', '2020-06-11', '概念提出', '["航天芯创实验室"]'::json, '概念提出：实现深海装备关键突破。', '2026-06-15T12:00:00+00:00', '2026-06-15T12:00:00+00:00');
INSERT INTO tech_dev_milestone (tech_id, milestone_date, milestone_name, contributor_keywords, milestone_content, created_at, updated_at) VALUES ('TECH_S_620ed56dc085ced6', '2012-03-06', '实验室验证', '["国航宇集团"]'::json, '实验室验证：实现深海装备关键突破。', '2026-06-15T12:00:00+00:00', '2026-06-15T12:00:00+00:00');
INSERT INTO tech_dev_milestone (tech_id, milestone_date, milestone_name, contributor_keywords, milestone_content, created_at, updated_at) VALUES ('TECH_S_620ed56dc085ced6', '2016-09-04', '工程样机', '["东方基因股份"]'::json, '工程样机：实现深海装备关键突破。', '2026-06-15T12:00:00+00:00', '2026-06-15T12:00:00+00:00');
INSERT INTO tech_dev_milestone (tech_id, milestone_date, milestone_name, contributor_keywords, milestone_content, created_at, updated_at) VALUES ('TECH_S_620ed56dc085ced6', '2024-03-16', '中试成功', '["远生医工程技术中心"]'::json, '中试成功：实现深海装备关键突破。', '2026-06-15T12:00:00+00:00', '2026-06-15T12:00:00+00:00');
INSERT INTO tech_dev_milestone (tech_id, milestone_date, milestone_name, contributor_keywords, milestone_content, created_at, updated_at) VALUES ('TECH_S_620ed56dc085ced6', '2019-05-08', '产业化', '["华信息高科"]'::json, '产业化：实现深海装备关键突破。', '2026-06-15T12:00:00+00:00', '2026-06-15T12:00:00+00:00');
INSERT INTO tech_funding (tech_id, amount, source, created_at, updated_at) VALUES ('TECH_S_620ed56dc085ced6', 8000.0, '国家重点研发计划', '2026-06-15T12:00:00+00:00', '2026-06-15T12:00:00+00:00');
INSERT INTO tech_funding (tech_id, amount, source, created_at, updated_at) VALUES ('TECH_S_620ed56dc085ced6', 500.0, '国家自然科学基金', '2026-06-15T12:00:00+00:00', '2026-06-15T12:00:00+00:00');
INSERT INTO tech_funding (tech_id, amount, source, created_at, updated_at) VALUES ('TECH_S_620ed56dc085ced6', 3000.0, '企业自筹', '2026-06-15T12:00:00+00:00', '2026-06-15T12:00:00+00:00');
INSERT INTO tech_academic_output (tech_id, name, publish_date, subject_keywords, image, created_at, updated_at) VALUES ('TECH_S_620ed56dc085ced6', '柔性基因剪刀平台相关研究', '2022-08-05', '["北方脑科学实验室"]'::json, '', '2026-06-15T12:00:00+00:00', '2026-06-15T12:00:00+00:00');
INSERT INTO tech_academic_output (tech_id, name, publish_date, subject_keywords, image, created_at, updated_at) VALUES ('TECH_S_620ed56dc085ced6', '柔性基因剪刀平台相关研究', '2020-01-26', '["北方脑科学工程技术中心"]'::json, '', '2026-06-15T12:00:00+00:00', '2026-06-15T12:00:00+00:00');
INSERT INTO tech_academic_output (tech_id, name, publish_date, subject_keywords, image, created_at, updated_at) VALUES ('TECH_S_620ed56dc085ced6', '柔性基因剪刀平台相关研究', '2019-02-17', '["国航宇集团"]'::json, '', '2026-06-15T12:00:00+00:00', '2026-06-15T12:00:00+00:00');
INSERT INTO tech_experiment (tech_id, content, experiment_date, result, subject_keywords, image, created_at, updated_at) VALUES ('TECH_S_620ed56dc085ced6', '柔性基因剪刀平台原理验证实验', '2024-06-10', '实验数据达到预期指标', '["深海装备"]'::json, '', '2026-06-15T12:00:00+00:00', '2026-06-15T12:00:00+00:00');
INSERT INTO entity_change_log (entity_id, entity_type, field, old_value, new_value, method, operator, source_doc_id, reason, changed_at) VALUES ('TECH_S_620ed56dc085ced6', 'tech', '*', NULL, '{"action": "create"}'::json, 'rule', NULL, 'mock_seed', NULL, '2026-06-15T12:00:00+00:00');
INSERT INTO tech_profile (tech_id, tech_name_cn, tech_name_en, tech_name_other, tech_domain, invention_date, application_date, tech_summary, dev_goal, project_layout, key_points, transformation_status, basic_research_status, autonomy_capability, industrial_capability, tech_advantages, current_status, trend, remark, confidence, completeness, created_at, updated_at) VALUES ('TECH_S_3f52c08cd35e1a69', '柔性可重复使用火箭解决方案', 'Tech-089 碳化硅功率器件', NULL, '["新能源", "无人机"]'::json, '2013-05-06', '2019-07-15', '柔性可重复使用火箭解决方案是无人机领域的关键技术，具有低成本等优势，应用前景广阔。', '突破无人机核心技术瓶颈，实现自主可控。', '["无人机基础理论", "无人机工程化"]'::json, '["无人机关键工艺", "无人机系统集成"]'::json, '待转化', '基础理论已建立', '具备完全自主知识产权', '形成完整产业链', '相比同类技术，柔性可重复使用火箭解决方案在性能与成本上优势明显。', '规模化部署', '波动', '', 0.714, 0.653, '2026-06-15T12:00:00+00:00', '2026-06-15T12:00:00+00:00');
INSERT INTO tech_dev_milestone (tech_id, milestone_date, milestone_name, contributor_keywords, milestone_content, created_at, updated_at) VALUES ('TECH_S_3f52c08cd35e1a69', '2016-03-12', '概念提出', '["华信息研究所"]'::json, '概念提出：实现无人机关键突破。', '2026-06-15T12:00:00+00:00', '2026-06-15T12:00:00+00:00');
INSERT INTO tech_dev_milestone (tech_id, milestone_date, milestone_name, contributor_keywords, milestone_content, created_at, updated_at) VALUES ('TECH_S_3f52c08cd35e1a69', '2022-06-11', '实验室验证', '["航天芯创实验室"]'::json, '实验室验证：实现无人机关键突破。', '2026-06-15T12:00:00+00:00', '2026-06-15T12:00:00+00:00');
INSERT INTO tech_dev_milestone (tech_id, milestone_date, milestone_name, contributor_keywords, milestone_content, created_at, updated_at) VALUES ('TECH_S_3f52c08cd35e1a69', '2018-04-10', '工程样机', '["北方航宇科技"]'::json, '工程样机：实现无人机关键突破。', '2026-06-15T12:00:00+00:00', '2026-06-15T12:00:00+00:00');
INSERT INTO tech_dev_milestone (tech_id, milestone_date, milestone_name, contributor_keywords, milestone_content, created_at, updated_at) VALUES ('TECH_S_3f52c08cd35e1a69', '2016-09-28', '中试成功', '["航天未来研究院"]'::json, '中试成功：实现无人机关键突破。', '2026-06-15T12:00:00+00:00', '2026-06-15T12:00:00+00:00');
INSERT INTO tech_dev_milestone (tech_id, milestone_date, milestone_name, contributor_keywords, milestone_content, created_at, updated_at) VALUES ('TECH_S_3f52c08cd35e1a69', '2016-07-18', '产业化', '["华生医实验室"]'::json, '产业化：实现无人机关键突破。', '2026-06-15T12:00:00+00:00', '2026-06-15T12:00:00+00:00');
INSERT INTO tech_funding (tech_id, amount, source, created_at, updated_at) VALUES ('TECH_S_3f52c08cd35e1a69', 15000.0, '国家自然科学基金', '2026-06-15T12:00:00+00:00', '2026-06-15T12:00:00+00:00');
INSERT INTO tech_academic_output (tech_id, name, publish_date, subject_keywords, image, created_at, updated_at) VALUES ('TECH_S_3f52c08cd35e1a69', '柔性可重复使用火箭解决方案相关研究', '2021-05-26', '["国航宇股份"]'::json, '', '2026-06-15T12:00:00+00:00', '2026-06-15T12:00:00+00:00');
INSERT INTO tech_academic_output (tech_id, name, publish_date, subject_keywords, image, created_at, updated_at) VALUES ('TECH_S_3f52c08cd35e1a69', '柔性可重复使用火箭解决方案相关研究', '2022-02-04', '["航天光电高科"]'::json, '', '2026-06-15T12:00:00+00:00', '2026-06-15T12:00:00+00:00');
INSERT INTO tech_experiment (tech_id, content, experiment_date, result, subject_keywords, image, created_at, updated_at) VALUES ('TECH_S_3f52c08cd35e1a69', '柔性可重复使用火箭解决方案原理验证实验', '2020-08-05', '实验数据达到预期指标', '["无人机"]'::json, '', '2026-06-15T12:00:00+00:00', '2026-06-15T12:00:00+00:00');
INSERT INTO entity_change_log (entity_id, entity_type, field, old_value, new_value, method, operator, source_doc_id, reason, changed_at) VALUES ('TECH_S_3f52c08cd35e1a69', 'tech', '*', NULL, '{"action": "create"}'::json, 'rule', NULL, 'mock_seed', NULL, '2026-06-15T12:00:00+00:00');
INSERT INTO tech_profile (tech_id, tech_name_cn, tech_name_en, tech_name_other, tech_domain, invention_date, application_date, tech_summary, dev_goal, project_layout, key_points, transformation_status, basic_research_status, autonomy_capability, industrial_capability, tech_advantages, current_status, trend, remark, confidence, completeness, created_at, updated_at) VALUES ('TECH_S_6b88d9ae3428b6d9', '新型碳化硅功率器件装置', 'Tech-090 钙钛矿太阳能电池', NULL, '["量子计算", "碳捕集"]'::json, '2012-09-26', '2022-04-22', '新型碳化硅功率器件装置是碳捕集领域的关键技术，具有高效率等优势，应用前景广阔。', '突破碳捕集核心技术瓶颈，实现自主可控。', '["碳捕集基础理论", "碳捕集工程化"]'::json, '["碳捕集关键工艺", "碳捕集系统集成"]'::json, '已转化', '基础理论已建立', '具备完全自主知识产权', '形成完整产业链', '相比同类技术，新型碳化硅功率器件装置在性能与成本上优势明显。', '中试阶段', '快速上升', '', 0.871, 0.553, '2026-06-15T12:00:00+00:00', '2026-06-15T12:00:00+00:00');
INSERT INTO tech_dev_milestone (tech_id, milestone_date, milestone_name, contributor_keywords, milestone_content, created_at, updated_at) VALUES ('TECH_S_6b88d9ae3428b6d9', '2015-08-03', '概念提出', '["国航宇高科"]'::json, '概念提出：实现碳捕集关键突破。', '2026-06-15T12:00:00+00:00', '2026-06-15T12:00:00+00:00');
INSERT INTO tech_dev_milestone (tech_id, milestone_date, milestone_name, contributor_keywords, milestone_content, created_at, updated_at) VALUES ('TECH_S_6b88d9ae3428b6d9', '2010-06-14', '实验室验证', '["华生医实验室"]'::json, '实验室验证：实现碳捕集关键突破。', '2026-06-15T12:00:00+00:00', '2026-06-15T12:00:00+00:00');
INSERT INTO tech_dev_milestone (tech_id, milestone_date, milestone_name, contributor_keywords, milestone_content, created_at, updated_at) VALUES ('TECH_S_6b88d9ae3428b6d9', '2013-05-06', '工程样机', '["东方航宇研究所"]'::json, '工程样机：实现碳捕集关键突破。', '2026-06-15T12:00:00+00:00', '2026-06-15T12:00:00+00:00');
INSERT INTO tech_dev_milestone (tech_id, milestone_date, milestone_name, contributor_keywords, milestone_content, created_at, updated_at) VALUES ('TECH_S_6b88d9ae3428b6d9', '2019-08-17', '中试成功', '["华氢动实验室"]'::json, '中试成功：实现碳捕集关键突破。', '2026-06-15T12:00:00+00:00', '2026-06-15T12:00:00+00:00');
INSERT INTO tech_dev_milestone (tech_id, milestone_date, milestone_name, contributor_keywords, milestone_content, created_at, updated_at) VALUES ('TECH_S_6b88d9ae3428b6d9', '2010-01-14', '产业化', '["新光电工程技术中心"]'::json, '产业化：实现碳捕集关键突破。', '2026-06-15T12:00:00+00:00', '2026-06-15T12:00:00+00:00');
INSERT INTO tech_funding (tech_id, amount, source, created_at, updated_at) VALUES ('TECH_S_6b88d9ae3428b6d9', 1000.0, '国家重点研发计划', '2026-06-15T12:00:00+00:00', '2026-06-15T12:00:00+00:00');
INSERT INTO tech_funding (tech_id, amount, source, created_at, updated_at) VALUES ('TECH_S_6b88d9ae3428b6d9', 8000.0, '企业自筹', '2026-06-15T12:00:00+00:00', '2026-06-15T12:00:00+00:00');
INSERT INTO tech_academic_output (tech_id, name, publish_date, subject_keywords, image, created_at, updated_at) VALUES ('TECH_S_6b88d9ae3428b6d9', '新型碳化硅功率器件装置相关研究', '2023-08-11', '["中生医研究所"]'::json, '', '2026-06-15T12:00:00+00:00', '2026-06-15T12:00:00+00:00');
INSERT INTO tech_experiment (tech_id, content, experiment_date, result, subject_keywords, image, created_at, updated_at) VALUES ('TECH_S_6b88d9ae3428b6d9', '新型碳化硅功率器件装置原理验证实验', '2023-11-22', '实验数据达到预期指标', '["碳捕集"]'::json, '', '2026-06-15T12:00:00+00:00', '2026-06-15T12:00:00+00:00');
INSERT INTO entity_change_log (entity_id, entity_type, field, old_value, new_value, method, operator, source_doc_id, reason, changed_at) VALUES ('TECH_S_6b88d9ae3428b6d9', 'tech', '*', NULL, '{"action": "create"}'::json, 'rule', NULL, 'mock_seed', NULL, '2026-06-15T12:00:00+00:00');
INSERT INTO tech_profile (tech_id, tech_name_cn, tech_name_en, tech_name_other, tech_domain, invention_date, application_date, tech_summary, dev_goal, project_layout, key_points, transformation_status, basic_research_status, autonomy_capability, industrial_capability, tech_advantages, current_status, trend, remark, confidence, completeness, created_at, updated_at) VALUES ('TECH_S_f0fc043d27444288', '小型化自动驾驶域控制器方法', 'Tech-091 碳化硅功率器件', NULL, '["深海装备", "基因编辑"]'::json, '2016-06-24', '2024-12-04', '小型化自动驾驶域控制器方法是深海装备领域的关键技术，具有低成本等优势，应用前景广阔。', '突破深海装备核心技术瓶颈，实现自主可控。', '["深海装备基础理论", "深海装备工程化"]'::json, '["深海装备关键工艺", "深海装备系统集成"]'::json, '已转化', '基础理论已建立', '具备完全自主知识产权', '形成完整产业链', '相比同类技术，小型化自动驾驶域控制器方法在性能与成本上优势明显。', '概念论证', '波动', '', 0.925, 0.943, '2026-06-15T12:00:00+00:00', '2026-06-15T12:00:00+00:00');
INSERT INTO tech_dev_milestone (tech_id, milestone_date, milestone_name, contributor_keywords, milestone_content, created_at, updated_at) VALUES ('TECH_S_f0fc043d27444288', '2019-08-25', '概念提出', '["国前沿科技"]'::json, '概念提出：实现深海装备关键突破。', '2026-06-15T12:00:00+00:00', '2026-06-15T12:00:00+00:00');
INSERT INTO tech_dev_milestone (tech_id, milestone_date, milestone_name, contributor_keywords, milestone_content, created_at, updated_at) VALUES ('TECH_S_f0fc043d27444288', '2015-10-17', '实验室验证', '["新光电工程技术中心"]'::json, '实验室验证：实现深海装备关键突破。', '2026-06-15T12:00:00+00:00', '2026-06-15T12:00:00+00:00');
INSERT INTO tech_dev_milestone (tech_id, milestone_date, milestone_name, contributor_keywords, milestone_content, created_at, updated_at) VALUES ('TECH_S_f0fc043d27444288', '2015-04-28', '工程样机', '["新芯创高科"]'::json, '工程样机：实现深海装备关键突破。', '2026-06-15T12:00:00+00:00', '2026-06-15T12:00:00+00:00');
INSERT INTO tech_dev_milestone (tech_id, milestone_date, milestone_name, contributor_keywords, milestone_content, created_at, updated_at) VALUES ('TECH_S_f0fc043d27444288', '2020-07-18', '中试成功', '["南方量子高科"]'::json, '中试成功：实现深海装备关键突破。', '2026-06-15T12:00:00+00:00', '2026-06-15T12:00:00+00:00');
INSERT INTO tech_dev_milestone (tech_id, milestone_date, milestone_name, contributor_keywords, milestone_content, created_at, updated_at) VALUES ('TECH_S_f0fc043d27444288', '2010-06-12', '产业化', '["华芯创集团"]'::json, '产业化：实现深海装备关键突破。', '2026-06-15T12:00:00+00:00', '2026-06-15T12:00:00+00:00');
INSERT INTO tech_funding (tech_id, amount, source, created_at, updated_at) VALUES ('TECH_S_f0fc043d27444288', 8000.0, '国家自然科学基金', '2026-06-15T12:00:00+00:00', '2026-06-15T12:00:00+00:00');
INSERT INTO tech_funding (tech_id, amount, source, created_at, updated_at) VALUES ('TECH_S_f0fc043d27444288', 1000.0, '国家自然科学基金', '2026-06-15T12:00:00+00:00', '2026-06-15T12:00:00+00:00');
INSERT INTO tech_funding (tech_id, amount, source, created_at, updated_at) VALUES ('TECH_S_f0fc043d27444288', 3000.0, '国家重点研发计划', '2026-06-15T12:00:00+00:00', '2026-06-15T12:00:00+00:00');
INSERT INTO tech_academic_output (tech_id, name, publish_date, subject_keywords, image, created_at, updated_at) VALUES ('TECH_S_f0fc043d27444288', '小型化自动驾驶域控制器方法相关研究', '2022-06-06', '["新基因高科"]'::json, '', '2026-06-15T12:00:00+00:00', '2026-06-15T12:00:00+00:00');
INSERT INTO tech_academic_output (tech_id, name, publish_date, subject_keywords, image, created_at, updated_at) VALUES ('TECH_S_f0fc043d27444288', '小型化自动驾驶域控制器方法相关研究', '2021-07-28', '["北方光电集团"]'::json, '', '2026-06-15T12:00:00+00:00', '2026-06-15T12:00:00+00:00');
INSERT INTO tech_academic_output (tech_id, name, publish_date, subject_keywords, image, created_at, updated_at) VALUES ('TECH_S_f0fc043d27444288', '小型化自动驾驶域控制器方法相关研究', '2019-02-08', '["国航宇高科"]'::json, '', '2026-06-15T12:00:00+00:00', '2026-06-15T12:00:00+00:00');
INSERT INTO tech_experiment (tech_id, content, experiment_date, result, subject_keywords, image, created_at, updated_at) VALUES ('TECH_S_f0fc043d27444288', '小型化自动驾驶域控制器方法原理验证实验', '2020-01-16', '实验数据达到预期指标', '["深海装备"]'::json, '', '2026-06-15T12:00:00+00:00', '2026-06-15T12:00:00+00:00');
INSERT INTO entity_change_log (entity_id, entity_type, field, old_value, new_value, method, operator, source_doc_id, reason, changed_at) VALUES ('TECH_S_f0fc043d27444288', 'tech', '*', NULL, '{"action": "create"}'::json, 'rule', NULL, 'mock_seed', NULL, '2026-06-15T12:00:00+00:00');
INSERT INTO tech_profile (tech_id, tech_name_cn, tech_name_en, tech_name_other, tech_domain, invention_date, application_date, tech_summary, dev_goal, project_layout, key_points, transformation_status, basic_research_status, autonomy_capability, industrial_capability, tech_advantages, current_status, trend, remark, confidence, completeness, created_at, updated_at) VALUES ('TECH_S_1fdf0810f2e943bd', '自主可控固态电池方法', 'Tech-092 mRNA疫苗', NULL, '["碳捕集", "光电技术"]'::json, '2014-06-23', '2022-08-10', '自主可控固态电池方法是碳捕集领域的关键技术，具有低成本等优势，应用前景广阔。', '突破碳捕集核心技术瓶颈，实现自主可控。', '["碳捕集基础理论", "碳捕集工程化"]'::json, '["碳捕集关键工艺", "碳捕集系统集成"]'::json, '转化中', '基础理论已建立', '具备完全自主知识产权', '形成完整产业链', '相比同类技术，自主可控固态电池方法在性能与成本上优势明显。', '概念论证', '快速上升', '', 0.75, 0.948, '2026-06-15T12:00:00+00:00', '2026-06-15T12:00:00+00:00');
INSERT INTO tech_dev_milestone (tech_id, milestone_date, milestone_name, contributor_keywords, milestone_content, created_at, updated_at) VALUES ('TECH_S_1fdf0810f2e943bd', '2016-06-15', '概念提出', '["北方航宇科技"]'::json, '概念提出：实现碳捕集关键突破。', '2026-06-15T12:00:00+00:00', '2026-06-15T12:00:00+00:00');
INSERT INTO tech_dev_milestone (tech_id, milestone_date, milestone_name, contributor_keywords, milestone_content, created_at, updated_at) VALUES ('TECH_S_1fdf0810f2e943bd', '2020-07-02', '实验室验证', '["国前沿科技"]'::json, '实验室验证：实现碳捕集关键突破。', '2026-06-15T12:00:00+00:00', '2026-06-15T12:00:00+00:00');
INSERT INTO tech_dev_milestone (tech_id, milestone_date, milestone_name, contributor_keywords, milestone_content, created_at, updated_at) VALUES ('TECH_S_1fdf0810f2e943bd', '2019-11-16', '工程样机', '["南方脑科学科技"]'::json, '工程样机：实现碳捕集关键突破。', '2026-06-15T12:00:00+00:00', '2026-06-15T12:00:00+00:00');
INSERT INTO tech_dev_milestone (tech_id, milestone_date, milestone_name, contributor_keywords, milestone_content, created_at, updated_at) VALUES ('TECH_S_1fdf0810f2e943bd', '2013-04-03', '中试成功', '["东方储能研究院"]'::json, '中试成功：实现碳捕集关键突破。', '2026-06-15T12:00:00+00:00', '2026-06-15T12:00:00+00:00');
INSERT INTO tech_dev_milestone (tech_id, milestone_date, milestone_name, contributor_keywords, milestone_content, created_at, updated_at) VALUES ('TECH_S_1fdf0810f2e943bd', '2017-07-03', '产业化', '["国未来研究院"]'::json, '产业化：实现碳捕集关键突破。', '2026-06-15T12:00:00+00:00', '2026-06-15T12:00:00+00:00');
INSERT INTO tech_funding (tech_id, amount, source, created_at, updated_at) VALUES ('TECH_S_1fdf0810f2e943bd', 8000.0, '企业自筹', '2026-06-15T12:00:00+00:00', '2026-06-15T12:00:00+00:00');
INSERT INTO tech_funding (tech_id, amount, source, created_at, updated_at) VALUES ('TECH_S_1fdf0810f2e943bd', 3000.0, '地方专项', '2026-06-15T12:00:00+00:00', '2026-06-15T12:00:00+00:00');
INSERT INTO tech_funding (tech_id, amount, source, created_at, updated_at) VALUES ('TECH_S_1fdf0810f2e943bd', 1000.0, '国家重点研发计划', '2026-06-15T12:00:00+00:00', '2026-06-15T12:00:00+00:00');
INSERT INTO tech_academic_output (tech_id, name, publish_date, subject_keywords, image, created_at, updated_at) VALUES ('TECH_S_1fdf0810f2e943bd', '自主可控固态电池方法相关研究', '2020-05-26', '["华航宇股份"]'::json, '', '2026-06-15T12:00:00+00:00', '2026-06-15T12:00:00+00:00');
INSERT INTO tech_academic_output (tech_id, name, publish_date, subject_keywords, image, created_at, updated_at) VALUES ('TECH_S_1fdf0810f2e943bd', '自主可控固态电池方法相关研究', '2024-08-24', '["新氢动高科"]'::json, '', '2026-06-15T12:00:00+00:00', '2026-06-15T12:00:00+00:00');
INSERT INTO tech_experiment (tech_id, content, experiment_date, result, subject_keywords, image, created_at, updated_at) VALUES ('TECH_S_1fdf0810f2e943bd', '自主可控固态电池方法原理验证实验', '2023-03-23', '实验数据达到预期指标', '["碳捕集"]'::json, '', '2026-06-15T12:00:00+00:00', '2026-06-15T12:00:00+00:00');
INSERT INTO entity_change_log (entity_id, entity_type, field, old_value, new_value, method, operator, source_doc_id, reason, changed_at) VALUES ('TECH_S_1fdf0810f2e943bd', 'tech', '*', NULL, '{"action": "create"}'::json, 'rule', NULL, 'mock_seed', NULL, '2026-06-15T12:00:00+00:00');
INSERT INTO tech_profile (tech_id, tech_name_cn, tech_name_en, tech_name_other, tech_domain, invention_date, application_date, tech_summary, dev_goal, project_layout, key_points, transformation_status, basic_research_status, autonomy_capability, industrial_capability, tech_advantages, current_status, trend, remark, confidence, completeness, created_at, updated_at) VALUES ('TECH_S_82a5fc40699e4caf', '高性能量子纠错码技术', 'Tech-093 金属3D打印', NULL, '["生物医药", "氢能"]'::json, '2011-09-17', '2019-02-07', '高性能量子纠错码技术是生物医药领域的关键技术，具有高效率等优势，应用前景广阔。', '突破生物医药核心技术瓶颈，实现自主可控。', '["生物医药基础理论", "生物医药工程化"]'::json, '["生物医药关键工艺", "生物医药系统集成"]'::json, '转化中', '基础理论已建立', '具备完全自主知识产权', '形成完整产业链', '相比同类技术，高性能量子纠错码技术在性能与成本上优势明显。', '中试阶段', '平稳', '', 0.883, 0.747, '2026-06-15T12:00:00+00:00', '2026-06-15T12:00:00+00:00');
INSERT INTO tech_dev_milestone (tech_id, milestone_date, milestone_name, contributor_keywords, milestone_content, created_at, updated_at) VALUES ('TECH_S_82a5fc40699e4caf', '2015-02-18', '概念提出', '["新芯创高科"]'::json, '概念提出：实现生物医药关键突破。', '2026-06-15T12:00:00+00:00', '2026-06-15T12:00:00+00:00');
INSERT INTO tech_dev_milestone (tech_id, milestone_date, milestone_name, contributor_keywords, milestone_content, created_at, updated_at) VALUES ('TECH_S_82a5fc40699e4caf', '2015-03-06', '实验室验证', '["航天聚变实验室"]'::json, '实验室验证：实现生物医药关键突破。', '2026-06-15T12:00:00+00:00', '2026-06-15T12:00:00+00:00');
INSERT INTO tech_dev_milestone (tech_id, milestone_date, milestone_name, contributor_keywords, milestone_content, created_at, updated_at) VALUES ('TECH_S_82a5fc40699e4caf', '2017-11-27', '工程样机', '["航天算力研究院"]'::json, '工程样机：实现生物医药关键突破。', '2026-06-15T12:00:00+00:00', '2026-06-15T12:00:00+00:00');
INSERT INTO tech_dev_milestone (tech_id, milestone_date, milestone_name, contributor_keywords, milestone_content, created_at, updated_at) VALUES ('TECH_S_82a5fc40699e4caf', '2024-08-22', '中试成功', '["国新材股份"]'::json, '中试成功：实现生物医药关键突破。', '2026-06-15T12:00:00+00:00', '2026-06-15T12:00:00+00:00');
INSERT INTO tech_dev_milestone (tech_id, milestone_date, milestone_name, contributor_keywords, milestone_content, created_at, updated_at) VALUES ('TECH_S_82a5fc40699e4caf', '2019-11-10', '产业化', '["北方前沿实验室"]'::json, '产业化：实现生物医药关键突破。', '2026-06-15T12:00:00+00:00', '2026-06-15T12:00:00+00:00');
INSERT INTO tech_funding (tech_id, amount, source, created_at, updated_at) VALUES ('TECH_S_82a5fc40699e4caf', 500.0, '地方专项', '2026-06-15T12:00:00+00:00', '2026-06-15T12:00:00+00:00');
INSERT INTO tech_academic_output (tech_id, name, publish_date, subject_keywords, image, created_at, updated_at) VALUES ('TECH_S_82a5fc40699e4caf', '高性能量子纠错码技术相关研究', '2023-06-20', '["东方航宇研究所"]'::json, '', '2026-06-15T12:00:00+00:00', '2026-06-15T12:00:00+00:00');
INSERT INTO tech_academic_output (tech_id, name, publish_date, subject_keywords, image, created_at, updated_at) VALUES ('TECH_S_82a5fc40699e4caf', '高性能量子纠错码技术相关研究', '2022-04-18', '["华生医实验室"]'::json, '', '2026-06-15T12:00:00+00:00', '2026-06-15T12:00:00+00:00');
INSERT INTO tech_academic_output (tech_id, name, publish_date, subject_keywords, image, created_at, updated_at) VALUES ('TECH_S_82a5fc40699e4caf', '高性能量子纠错码技术相关研究', '2021-06-05', '["航天聚变实验室"]'::json, '', '2026-06-15T12:00:00+00:00', '2026-06-15T12:00:00+00:00');
INSERT INTO tech_experiment (tech_id, content, experiment_date, result, subject_keywords, image, created_at, updated_at) VALUES ('TECH_S_82a5fc40699e4caf', '高性能量子纠错码技术原理验证实验', '2022-02-24', '实验数据达到预期指标', '["生物医药"]'::json, '', '2026-06-15T12:00:00+00:00', '2026-06-15T12:00:00+00:00');
INSERT INTO entity_change_log (entity_id, entity_type, field, old_value, new_value, method, operator, source_doc_id, reason, changed_at) VALUES ('TECH_S_82a5fc40699e4caf', 'tech', '*', NULL, '{"action": "create"}'::json, 'rule', NULL, 'mock_seed', NULL, '2026-06-15T12:00:00+00:00');
INSERT INTO tech_profile (tech_id, tech_name_cn, tech_name_en, tech_name_other, tech_domain, invention_date, application_date, tech_summary, dev_goal, project_layout, key_points, transformation_status, basic_research_status, autonomy_capability, industrial_capability, tech_advantages, current_status, trend, remark, confidence, completeness, created_at, updated_at) VALUES ('TECH_S_302bfdf4aebe6908', '高可靠太赫兹通信平台', 'Tech-094 钙钛矿太阳能电池', NULL, '["量子计算", "增材制造"]'::json, '2003-10-26', '2021-03-10', '高可靠太赫兹通信平台是增材制造领域的关键技术，具有高可靠性等优势，应用前景广阔。', '突破增材制造核心技术瓶颈，实现自主可控。', '["增材制造基础理论", "增材制造工程化"]'::json, '["增材制造关键工艺", "增材制造系统集成"]'::json, '转化中', '基础理论已建立', '具备完全自主知识产权', '形成完整产业链', '相比同类技术，高可靠太赫兹通信平台在性能与成本上优势明显。', '实验室阶段', '快速上升', '', 0.805, 0.892, '2026-06-15T12:00:00+00:00', '2026-06-15T12:00:00+00:00');
INSERT INTO tech_dev_milestone (tech_id, milestone_date, milestone_name, contributor_keywords, milestone_content, created_at, updated_at) VALUES ('TECH_S_302bfdf4aebe6908', '2019-04-11', '概念提出', '["东方脑科学科技"]'::json, '概念提出：实现增材制造关键突破。', '2026-06-15T12:00:00+00:00', '2026-06-15T12:00:00+00:00');
INSERT INTO tech_dev_milestone (tech_id, milestone_date, milestone_name, contributor_keywords, milestone_content, created_at, updated_at) VALUES ('TECH_S_302bfdf4aebe6908', '2017-01-22', '实验室验证', '["国航宇高科"]'::json, '实验室验证：实现增材制造关键突破。', '2026-06-15T12:00:00+00:00', '2026-06-15T12:00:00+00:00');
INSERT INTO tech_dev_milestone (tech_id, milestone_date, milestone_name, contributor_keywords, milestone_content, created_at, updated_at) VALUES ('TECH_S_302bfdf4aebe6908', '2010-02-13', '工程样机', '["中生医研究所"]'::json, '工程样机：实现增材制造关键突破。', '2026-06-15T12:00:00+00:00', '2026-06-15T12:00:00+00:00');
INSERT INTO tech_dev_milestone (tech_id, milestone_date, milestone_name, contributor_keywords, milestone_content, created_at, updated_at) VALUES ('TECH_S_302bfdf4aebe6908', '2021-11-03', '中试成功', '["北方储能科技"]'::json, '中试成功：实现增材制造关键突破。', '2026-06-15T12:00:00+00:00', '2026-06-15T12:00:00+00:00');
INSERT INTO tech_dev_milestone (tech_id, milestone_date, milestone_name, contributor_keywords, milestone_content, created_at, updated_at) VALUES ('TECH_S_302bfdf4aebe6908', '2020-12-10', '产业化', '["南方脑科学科技"]'::json, '产业化：实现增材制造关键突破。', '2026-06-15T12:00:00+00:00', '2026-06-15T12:00:00+00:00');
INSERT INTO tech_funding (tech_id, amount, source, created_at, updated_at) VALUES ('TECH_S_302bfdf4aebe6908', 15000.0, '国家重点研发计划', '2026-06-15T12:00:00+00:00', '2026-06-15T12:00:00+00:00');
INSERT INTO tech_funding (tech_id, amount, source, created_at, updated_at) VALUES ('TECH_S_302bfdf4aebe6908', 3000.0, '国家自然科学基金', '2026-06-15T12:00:00+00:00', '2026-06-15T12:00:00+00:00');
INSERT INTO tech_academic_output (tech_id, name, publish_date, subject_keywords, image, created_at, updated_at) VALUES ('TECH_S_302bfdf4aebe6908', '高可靠太赫兹通信平台相关研究', '2019-08-15', '["东方芯创集团"]'::json, '', '2026-06-15T12:00:00+00:00', '2026-06-15T12:00:00+00:00');
INSERT INTO tech_academic_output (tech_id, name, publish_date, subject_keywords, image, created_at, updated_at) VALUES ('TECH_S_302bfdf4aebe6908', '高可靠太赫兹通信平台相关研究', '2022-08-26', '["东方芯创集团"]'::json, '', '2026-06-15T12:00:00+00:00', '2026-06-15T12:00:00+00:00');
INSERT INTO tech_experiment (tech_id, content, experiment_date, result, subject_keywords, image, created_at, updated_at) VALUES ('TECH_S_302bfdf4aebe6908', '高可靠太赫兹通信平台原理验证实验', '2021-01-02', '实验数据达到预期指标', '["增材制造"]'::json, '', '2026-06-15T12:00:00+00:00', '2026-06-15T12:00:00+00:00');
INSERT INTO entity_change_log (entity_id, entity_type, field, old_value, new_value, method, operator, source_doc_id, reason, changed_at) VALUES ('TECH_S_302bfdf4aebe6908', 'tech', '*', NULL, '{"action": "create"}'::json, 'rule', NULL, 'mock_seed', NULL, '2026-06-15T12:00:00+00:00');
INSERT INTO tech_profile (tech_id, tech_name_cn, tech_name_en, tech_name_other, tech_domain, invention_date, application_date, tech_summary, dev_goal, project_layout, key_points, transformation_status, basic_research_status, autonomy_capability, industrial_capability, tech_advantages, current_status, trend, remark, confidence, completeness, created_at, updated_at) VALUES ('TECH_S_fb44f70467a73ad0', '自主可控固态电池平台', 'Tech-095 mRNA疫苗', NULL, '["5G通信", "光电技术"]'::json, '2019-08-11', '2025-07-20', '自主可控固态电池平台是光电技术领域的关键技术，具有高效率等优势，应用前景广阔。', '突破光电技术核心技术瓶颈，实现自主可控。', '["光电技术基础理论", "光电技术工程化"]'::json, '["光电技术关键工艺", "光电技术系统集成"]'::json, '已转化', '基础理论已建立', '具备完全自主知识产权', '形成完整产业链', '相比同类技术，自主可控固态电池平台在性能与成本上优势明显。', '实验室阶段', '快速上升', '', 0.94, 0.689, '2026-06-15T12:00:00+00:00', '2026-06-15T12:00:00+00:00');
INSERT INTO tech_dev_milestone (tech_id, milestone_date, milestone_name, contributor_keywords, milestone_content, created_at, updated_at) VALUES ('TECH_S_fb44f70467a73ad0', '2014-11-16', '概念提出', '["南方航宇研究院"]'::json, '概念提出：实现光电技术关键突破。', '2026-06-15T12:00:00+00:00', '2026-06-15T12:00:00+00:00');
INSERT INTO tech_dev_milestone (tech_id, milestone_date, milestone_name, contributor_keywords, milestone_content, created_at, updated_at) VALUES ('TECH_S_fb44f70467a73ad0', '2020-04-15', '实验室验证', '["新基因高科"]'::json, '实验室验证：实现光电技术关键突破。', '2026-06-15T12:00:00+00:00', '2026-06-15T12:00:00+00:00');
INSERT INTO tech_dev_milestone (tech_id, milestone_date, milestone_name, contributor_keywords, milestone_content, created_at, updated_at) VALUES ('TECH_S_fb44f70467a73ad0', '2015-02-02', '工程样机', '["中智算研究院"]'::json, '工程样机：实现光电技术关键突破。', '2026-06-15T12:00:00+00:00', '2026-06-15T12:00:00+00:00');
INSERT INTO tech_dev_milestone (tech_id, milestone_date, milestone_name, contributor_keywords, milestone_content, created_at, updated_at) VALUES ('TECH_S_fb44f70467a73ad0', '2013-02-03', '中试成功', '["华信息研究所"]'::json, '中试成功：实现光电技术关键突破。', '2026-06-15T12:00:00+00:00', '2026-06-15T12:00:00+00:00');
INSERT INTO tech_dev_milestone (tech_id, milestone_date, milestone_name, contributor_keywords, milestone_content, created_at, updated_at) VALUES ('TECH_S_fb44f70467a73ad0', '2017-04-15', '产业化', '["华量子集团"]'::json, '产业化：实现光电技术关键突破。', '2026-06-15T12:00:00+00:00', '2026-06-15T12:00:00+00:00');
INSERT INTO tech_funding (tech_id, amount, source, created_at, updated_at) VALUES ('TECH_S_fb44f70467a73ad0', 500.0, '国家自然科学基金', '2026-06-15T12:00:00+00:00', '2026-06-15T12:00:00+00:00');
INSERT INTO tech_academic_output (tech_id, name, publish_date, subject_keywords, image, created_at, updated_at) VALUES ('TECH_S_fb44f70467a73ad0', '自主可控固态电池平台相关研究', '2018-04-17', '["航天量子集团"]'::json, '', '2026-06-15T12:00:00+00:00', '2026-06-15T12:00:00+00:00');
INSERT INTO tech_academic_output (tech_id, name, publish_date, subject_keywords, image, created_at, updated_at) VALUES ('TECH_S_fb44f70467a73ad0', '自主可控固态电池平台相关研究', '2020-11-12', '["新光电工程技术中心"]'::json, '', '2026-06-15T12:00:00+00:00', '2026-06-15T12:00:00+00:00');
INSERT INTO tech_experiment (tech_id, content, experiment_date, result, subject_keywords, image, created_at, updated_at) VALUES ('TECH_S_fb44f70467a73ad0', '自主可控固态电池平台原理验证实验', '2021-11-27', '实验数据达到预期指标', '["光电技术"]'::json, '', '2026-06-15T12:00:00+00:00', '2026-06-15T12:00:00+00:00');
INSERT INTO entity_change_log (entity_id, entity_type, field, old_value, new_value, method, operator, source_doc_id, reason, changed_at) VALUES ('TECH_S_fb44f70467a73ad0', 'tech', '*', NULL, '{"action": "create"}'::json, 'rule', NULL, 'mock_seed', NULL, '2026-06-15T12:00:00+00:00');
INSERT INTO tech_profile (tech_id, tech_name_cn, tech_name_en, tech_name_other, tech_domain, invention_date, application_date, tech_summary, dev_goal, project_layout, key_points, transformation_status, basic_research_status, autonomy_capability, industrial_capability, tech_advantages, current_status, trend, remark, confidence, completeness, created_at, updated_at) VALUES ('TECH_S_ac1cb8361a5cba9b', '小型化金属3D打印解决方案', 'Tech-096 自动驾驶域控制器', NULL, '["量子计算", "自动驾驶"]'::json, '2006-02-26', '2024-12-14', '小型化金属3D打印解决方案是自动驾驶领域的关键技术，具有高效率等优势，应用前景广阔。', '突破自动驾驶核心技术瓶颈，实现自主可控。', '["自动驾驶基础理论", "自动驾驶工程化"]'::json, '["自动驾驶关键工艺", "自动驾驶系统集成"]'::json, '待转化', '基础理论已建立', '具备完全自主知识产权', '形成完整产业链', '相比同类技术，小型化金属3D打印解决方案在性能与成本上优势明显。', '实验室阶段', '波动', '', 0.739, 0.677, '2026-06-15T12:00:00+00:00', '2026-06-15T12:00:00+00:00');
INSERT INTO tech_dev_milestone (tech_id, milestone_date, milestone_name, contributor_keywords, milestone_content, created_at, updated_at) VALUES ('TECH_S_ac1cb8361a5cba9b', '2015-07-01', '概念提出', '["东方脑科学科技"]'::json, '概念提出：实现自动驾驶关键突破。', '2026-06-15T12:00:00+00:00', '2026-06-15T12:00:00+00:00');
INSERT INTO tech_dev_milestone (tech_id, milestone_date, milestone_name, contributor_keywords, milestone_content, created_at, updated_at) VALUES ('TECH_S_ac1cb8361a5cba9b', '2022-01-02', '实验室验证', '["北方先进工程技术中心"]'::json, '实验室验证：实现自动驾驶关键突破。', '2026-06-15T12:00:00+00:00', '2026-06-15T12:00:00+00:00');
INSERT INTO tech_dev_milestone (tech_id, milestone_date, milestone_name, contributor_keywords, milestone_content, created_at, updated_at) VALUES ('TECH_S_ac1cb8361a5cba9b', '2020-12-24', '工程样机', '["远生医工程技术中心"]'::json, '工程样机：实现自动驾驶关键突破。', '2026-06-15T12:00:00+00:00', '2026-06-15T12:00:00+00:00');
INSERT INTO tech_dev_milestone (tech_id, milestone_date, milestone_name, contributor_keywords, milestone_content, created_at, updated_at) VALUES ('TECH_S_ac1cb8361a5cba9b', '2023-10-26', '中试成功', '["航天算力工程技术中心"]'::json, '中试成功：实现自动驾驶关键突破。', '2026-06-15T12:00:00+00:00', '2026-06-15T12:00:00+00:00');
INSERT INTO tech_dev_milestone (tech_id, milestone_date, milestone_name, contributor_keywords, milestone_content, created_at, updated_at) VALUES ('TECH_S_ac1cb8361a5cba9b', '2014-04-26', '产业化', '["东方芯创集团"]'::json, '产业化：实现自动驾驶关键突破。', '2026-06-15T12:00:00+00:00', '2026-06-15T12:00:00+00:00');
INSERT INTO tech_funding (tech_id, amount, source, created_at, updated_at) VALUES ('TECH_S_ac1cb8361a5cba9b', 8000.0, '国家自然科学基金', '2026-06-15T12:00:00+00:00', '2026-06-15T12:00:00+00:00');
INSERT INTO tech_academic_output (tech_id, name, publish_date, subject_keywords, image, created_at, updated_at) VALUES ('TECH_S_ac1cb8361a5cba9b', '小型化金属3D打印解决方案相关研究', '2021-06-08', '["东方先进高科"]'::json, '', '2026-06-15T12:00:00+00:00', '2026-06-15T12:00:00+00:00');
INSERT INTO tech_experiment (tech_id, content, experiment_date, result, subject_keywords, image, created_at, updated_at) VALUES ('TECH_S_ac1cb8361a5cba9b', '小型化金属3D打印解决方案原理验证实验', '2020-04-15', '实验数据达到预期指标', '["自动驾驶"]'::json, '', '2026-06-15T12:00:00+00:00', '2026-06-15T12:00:00+00:00');
INSERT INTO entity_change_log (entity_id, entity_type, field, old_value, new_value, method, operator, source_doc_id, reason, changed_at) VALUES ('TECH_S_ac1cb8361a5cba9b', 'tech', '*', NULL, '{"action": "create"}'::json, 'rule', NULL, 'mock_seed', NULL, '2026-06-15T12:00:00+00:00');
INSERT INTO tech_profile (tech_id, tech_name_cn, tech_name_en, tech_name_other, tech_domain, invention_date, application_date, tech_summary, dev_goal, project_layout, key_points, transformation_status, basic_research_status, autonomy_capability, industrial_capability, tech_advantages, current_status, trend, remark, confidence, completeness, created_at, updated_at) VALUES ('TECH_S_e00eccacf7a05be2', '柔性光量子计算平台', 'Tech-097 基因剪刀', NULL, '["储能", "光电技术"]'::json, '2009-08-15', '2025-07-06', '柔性光量子计算平台是光电技术领域的关键技术，具有低成本等优势，应用前景广阔。', '突破光电技术核心技术瓶颈，实现自主可控。', '["光电技术基础理论", "光电技术工程化"]'::json, '["光电技术关键工艺", "光电技术系统集成"]'::json, '已转化', '基础理论已建立', '具备完全自主知识产权', '形成完整产业链', '相比同类技术，柔性光量子计算平台在性能与成本上优势明显。', '实验室阶段', '平稳', '', 0.766, 0.86, '2026-06-15T12:00:00+00:00', '2026-06-15T12:00:00+00:00');
INSERT INTO tech_dev_milestone (tech_id, milestone_date, milestone_name, contributor_keywords, milestone_content, created_at, updated_at) VALUES ('TECH_S_e00eccacf7a05be2', '2012-02-15', '概念提出', '["新基因实验室"]'::json, '概念提出：实现光电技术关键突破。', '2026-06-15T12:00:00+00:00', '2026-06-15T12:00:00+00:00');
INSERT INTO tech_dev_milestone (tech_id, milestone_date, milestone_name, contributor_keywords, milestone_content, created_at, updated_at) VALUES ('TECH_S_e00eccacf7a05be2', '2013-02-21', '实验室验证', '["北方脑科学实验室"]'::json, '实验室验证：实现光电技术关键突破。', '2026-06-15T12:00:00+00:00', '2026-06-15T12:00:00+00:00');
INSERT INTO tech_dev_milestone (tech_id, milestone_date, milestone_name, contributor_keywords, milestone_content, created_at, updated_at) VALUES ('TECH_S_e00eccacf7a05be2', '2022-05-25', '工程样机', '["国生医工程技术中心"]'::json, '工程样机：实现光电技术关键突破。', '2026-06-15T12:00:00+00:00', '2026-06-15T12:00:00+00:00');
INSERT INTO tech_dev_milestone (tech_id, milestone_date, milestone_name, contributor_keywords, milestone_content, created_at, updated_at) VALUES ('TECH_S_e00eccacf7a05be2', '2014-02-09', '中试成功', '["东方航宇研究所"]'::json, '中试成功：实现光电技术关键突破。', '2026-06-15T12:00:00+00:00', '2026-06-15T12:00:00+00:00');
INSERT INTO tech_dev_milestone (tech_id, milestone_date, milestone_name, contributor_keywords, milestone_content, created_at, updated_at) VALUES ('TECH_S_e00eccacf7a05be2', '2014-06-25', '产业化', '["华信息研究所"]'::json, '产业化：实现光电技术关键突破。', '2026-06-15T12:00:00+00:00', '2026-06-15T12:00:00+00:00');
INSERT INTO tech_funding (tech_id, amount, source, created_at, updated_at) VALUES ('TECH_S_e00eccacf7a05be2', 3000.0, '企业自筹', '2026-06-15T12:00:00+00:00', '2026-06-15T12:00:00+00:00');
INSERT INTO tech_funding (tech_id, amount, source, created_at, updated_at) VALUES ('TECH_S_e00eccacf7a05be2', 500.0, '国家自然科学基金', '2026-06-15T12:00:00+00:00', '2026-06-15T12:00:00+00:00');
INSERT INTO tech_funding (tech_id, amount, source, created_at, updated_at) VALUES ('TECH_S_e00eccacf7a05be2', 500.0, '企业自筹', '2026-06-15T12:00:00+00:00', '2026-06-15T12:00:00+00:00');
INSERT INTO tech_academic_output (tech_id, name, publish_date, subject_keywords, image, created_at, updated_at) VALUES ('TECH_S_e00eccacf7a05be2', '柔性光量子计算平台相关研究', '2021-08-12', '["北方量子工程技术中心"]'::json, '', '2026-06-15T12:00:00+00:00', '2026-06-15T12:00:00+00:00');
INSERT INTO tech_experiment (tech_id, content, experiment_date, result, subject_keywords, image, created_at, updated_at) VALUES ('TECH_S_e00eccacf7a05be2', '柔性光量子计算平台原理验证实验', '2023-11-01', '实验数据达到预期指标', '["光电技术"]'::json, '', '2026-06-15T12:00:00+00:00', '2026-06-15T12:00:00+00:00');
INSERT INTO entity_change_log (entity_id, entity_type, field, old_value, new_value, method, operator, source_doc_id, reason, changed_at) VALUES ('TECH_S_e00eccacf7a05be2', 'tech', '*', NULL, '{"action": "create"}'::json, 'rule', NULL, 'mock_seed', NULL, '2026-06-15T12:00:00+00:00');
INSERT INTO tech_profile (tech_id, tech_name_cn, tech_name_en, tech_name_other, tech_domain, invention_date, application_date, tech_summary, dev_goal, project_layout, key_points, transformation_status, basic_research_status, autonomy_capability, industrial_capability, tech_advantages, current_status, trend, remark, confidence, completeness, created_at, updated_at) VALUES ('TECH_S_ed9d2032960eef20', '分布式氢燃料电池电堆解决方案', 'Tech-098 自动驾驶域控制器', NULL, '["无人机", "光电技术"]'::json, '2019-03-21', '2020-07-06', '分布式氢燃料电池电堆解决方案是光电技术领域的关键技术，具有低成本等优势，应用前景广阔。', '突破光电技术核心技术瓶颈，实现自主可控。', '["光电技术基础理论", "光电技术工程化"]'::json, '["光电技术关键工艺", "光电技术系统集成"]'::json, '待转化', '基础理论已建立', '具备完全自主知识产权', '形成完整产业链', '相比同类技术，分布式氢燃料电池电堆解决方案在性能与成本上优势明显。', '规模化部署', '平稳', '', 0.836, 0.722, '2026-06-15T12:00:00+00:00', '2026-06-15T12:00:00+00:00');
INSERT INTO tech_dev_milestone (tech_id, milestone_date, milestone_name, contributor_keywords, milestone_content, created_at, updated_at) VALUES ('TECH_S_ed9d2032960eef20', '2019-06-01', '概念提出', '["新芯创研究院"]'::json, '概念提出：实现光电技术关键突破。', '2026-06-15T12:00:00+00:00', '2026-06-15T12:00:00+00:00');
INSERT INTO tech_dev_milestone (tech_id, milestone_date, milestone_name, contributor_keywords, milestone_content, created_at, updated_at) VALUES ('TECH_S_ed9d2032960eef20', '2023-02-19', '实验室验证', '["中未来科技"]'::json, '实验室验证：实现光电技术关键突破。', '2026-06-15T12:00:00+00:00', '2026-06-15T12:00:00+00:00');
INSERT INTO tech_dev_milestone (tech_id, milestone_date, milestone_name, contributor_keywords, milestone_content, created_at, updated_at) VALUES ('TECH_S_ed9d2032960eef20', '2021-12-26', '工程样机', '["国未来研究院"]'::json, '工程样机：实现光电技术关键突破。', '2026-06-15T12:00:00+00:00', '2026-06-15T12:00:00+00:00');
INSERT INTO tech_dev_milestone (tech_id, milestone_date, milestone_name, contributor_keywords, milestone_content, created_at, updated_at) VALUES ('TECH_S_ed9d2032960eef20', '2018-07-06', '中试成功', '["中生医研究所"]'::json, '中试成功：实现光电技术关键突破。', '2026-06-15T12:00:00+00:00', '2026-06-15T12:00:00+00:00');
INSERT INTO tech_dev_milestone (tech_id, milestone_date, milestone_name, contributor_keywords, milestone_content, created_at, updated_at) VALUES ('TECH_S_ed9d2032960eef20', '2022-04-09', '产业化', '["国智算股份"]'::json, '产业化：实现光电技术关键突破。', '2026-06-15T12:00:00+00:00', '2026-06-15T12:00:00+00:00');
INSERT INTO tech_funding (tech_id, amount, source, created_at, updated_at) VALUES ('TECH_S_ed9d2032960eef20', 500.0, '地方专项', '2026-06-15T12:00:00+00:00', '2026-06-15T12:00:00+00:00');
INSERT INTO tech_funding (tech_id, amount, source, created_at, updated_at) VALUES ('TECH_S_ed9d2032960eef20', 3000.0, '企业自筹', '2026-06-15T12:00:00+00:00', '2026-06-15T12:00:00+00:00');
INSERT INTO tech_academic_output (tech_id, name, publish_date, subject_keywords, image, created_at, updated_at) VALUES ('TECH_S_ed9d2032960eef20', '分布式氢燃料电池电堆解决方案相关研究', '2020-06-19', '["东方基因股份"]'::json, '', '2026-06-15T12:00:00+00:00', '2026-06-15T12:00:00+00:00');
INSERT INTO tech_academic_output (tech_id, name, publish_date, subject_keywords, image, created_at, updated_at) VALUES ('TECH_S_ed9d2032960eef20', '分布式氢燃料电池电堆解决方案相关研究', '2018-12-04', '["航天未来研究院"]'::json, '', '2026-06-15T12:00:00+00:00', '2026-06-15T12:00:00+00:00');
INSERT INTO tech_experiment (tech_id, content, experiment_date, result, subject_keywords, image, created_at, updated_at) VALUES ('TECH_S_ed9d2032960eef20', '分布式氢燃料电池电堆解决方案原理验证实验', '2022-01-05', '实验数据达到预期指标', '["光电技术"]'::json, '', '2026-06-15T12:00:00+00:00', '2026-06-15T12:00:00+00:00');
INSERT INTO entity_change_log (entity_id, entity_type, field, old_value, new_value, method, operator, source_doc_id, reason, changed_at) VALUES ('TECH_S_ed9d2032960eef20', 'tech', '*', NULL, '{"action": "create"}'::json, 'rule', NULL, 'mock_seed', NULL, '2026-06-15T12:00:00+00:00');
INSERT INTO tech_profile (tech_id, tech_name_cn, tech_name_en, tech_name_other, tech_domain, invention_date, application_date, tech_summary, dev_goal, project_layout, key_points, transformation_status, basic_research_status, autonomy_capability, industrial_capability, tech_advantages, current_status, trend, remark, confidence, completeness, created_at, updated_at) VALUES ('TECH_S_4312cec6aa647bfd', '新型毫米波雷达工艺', 'Tech-099 仿生机械臂', NULL, '["新能源", "自动驾驶"]'::json, '2005-05-07', '2021-05-11', '新型毫米波雷达工艺是新能源领域的关键技术，具有高可靠性等优势，应用前景广阔。', '突破新能源核心技术瓶颈，实现自主可控。', '["新能源基础理论", "新能源工程化"]'::json, '["新能源关键工艺", "新能源系统集成"]'::json, '已转化', '基础理论已建立', '具备完全自主知识产权', '形成完整产业链', '相比同类技术，新型毫米波雷达工艺在性能与成本上优势明显。', '概念论证', '下降', '', 0.852, 0.888, '2026-06-15T12:00:00+00:00', '2026-06-15T12:00:00+00:00');
INSERT INTO tech_dev_milestone (tech_id, milestone_date, milestone_name, contributor_keywords, milestone_content, created_at, updated_at) VALUES ('TECH_S_4312cec6aa647bfd', '2014-03-08', '概念提出', '["华航宇股份"]'::json, '概念提出：实现新能源关键突破。', '2026-06-15T12:00:00+00:00', '2026-06-15T12:00:00+00:00');
INSERT INTO tech_dev_milestone (tech_id, milestone_date, milestone_name, contributor_keywords, milestone_content, created_at, updated_at) VALUES ('TECH_S_4312cec6aa647bfd', '2010-07-13', '实验室验证', '["中科聚变研究所"]'::json, '实验室验证：实现新能源关键突破。', '2026-06-15T12:00:00+00:00', '2026-06-15T12:00:00+00:00');
INSERT INTO tech_dev_milestone (tech_id, milestone_date, milestone_name, contributor_keywords, milestone_content, created_at, updated_at) VALUES ('TECH_S_4312cec6aa647bfd', '2022-01-19', '工程样机', '["远储能集团"]'::json, '工程样机：实现新能源关键突破。', '2026-06-15T12:00:00+00:00', '2026-06-15T12:00:00+00:00');
INSERT INTO tech_dev_milestone (tech_id, milestone_date, milestone_name, contributor_keywords, milestone_content, created_at, updated_at) VALUES ('TECH_S_4312cec6aa647bfd', '2010-08-18', '中试成功', '["中芯创集团"]'::json, '中试成功：实现新能源关键突破。', '2026-06-15T12:00:00+00:00', '2026-06-15T12:00:00+00:00');
INSERT INTO tech_dev_milestone (tech_id, milestone_date, milestone_name, contributor_keywords, milestone_content, created_at, updated_at) VALUES ('TECH_S_4312cec6aa647bfd', '2012-05-02', '产业化', '["东方智算实验室"]'::json, '产业化：实现新能源关键突破。', '2026-06-15T12:00:00+00:00', '2026-06-15T12:00:00+00:00');
INSERT INTO tech_funding (tech_id, amount, source, created_at, updated_at) VALUES ('TECH_S_4312cec6aa647bfd', 3000.0, '国家重点研发计划', '2026-06-15T12:00:00+00:00', '2026-06-15T12:00:00+00:00');
INSERT INTO tech_funding (tech_id, amount, source, created_at, updated_at) VALUES ('TECH_S_4312cec6aa647bfd', 15000.0, '国家重点研发计划', '2026-06-15T12:00:00+00:00', '2026-06-15T12:00:00+00:00');
INSERT INTO tech_academic_output (tech_id, name, publish_date, subject_keywords, image, created_at, updated_at) VALUES ('TECH_S_4312cec6aa647bfd', '新型毫米波雷达工艺相关研究', '2021-09-10', '["中科生医研究所"]'::json, '', '2026-06-15T12:00:00+00:00', '2026-06-15T12:00:00+00:00');
INSERT INTO tech_academic_output (tech_id, name, publish_date, subject_keywords, image, created_at, updated_at) VALUES ('TECH_S_4312cec6aa647bfd', '新型毫米波雷达工艺相关研究', '2023-07-18', '["北方储能工程技术中心"]'::json, '', '2026-06-15T12:00:00+00:00', '2026-06-15T12:00:00+00:00');
INSERT INTO tech_academic_output (tech_id, name, publish_date, subject_keywords, image, created_at, updated_at) VALUES ('TECH_S_4312cec6aa647bfd', '新型毫米波雷达工艺相关研究', '2023-02-26', '["华氢动实验室"]'::json, '', '2026-06-15T12:00:00+00:00', '2026-06-15T12:00:00+00:00');
INSERT INTO tech_experiment (tech_id, content, experiment_date, result, subject_keywords, image, created_at, updated_at) VALUES ('TECH_S_4312cec6aa647bfd', '新型毫米波雷达工艺原理验证实验', '2021-08-07', '实验数据达到预期指标', '["新能源"]'::json, '', '2026-06-15T12:00:00+00:00', '2026-06-15T12:00:00+00:00');
INSERT INTO entity_change_log (entity_id, entity_type, field, old_value, new_value, method, operator, source_doc_id, reason, changed_at) VALUES ('TECH_S_4312cec6aa647bfd', 'tech', '*', NULL, '{"action": "create"}'::json, 'rule', NULL, 'mock_seed', NULL, '2026-06-15T12:00:00+00:00');

-- ── 项目 ──
INSERT INTO project_profile (project_id, name_cn, name_en, name_other, tech_domain, sub_tech_domain, start_date, cancel_date, finish_date, status, budget_activities, project_no, main_orgs, undertaking_orgs, undertaking_enterprises, managers, researchers, background, research_goal, research_content, keywords, progress, application_prospect, key_dates, total_budget_million_usd, invested_million_usd, parent_package_name, previous_phase_name, confidence, completeness, created_at, updated_at) VALUES ('PROJECT_S_adceea187470c2ac', '["先导类脑计算架构课题"]'::json, '["Project-000"]'::json, '[]'::json, '["航空航天", "氢能"]'::json, '["储能", "自动驾驶"]'::json, '2024-08-20', NULL, NULL, '["结束"]'::json, '["先期部件研制与样机开发BA-4"]'::json, 10000, '["中光电实验室"]'::json, '["东方芯创股份", "中未来工程技术中心"]'::json, '[]'::json, '["谢超"]'::json, '["马磊", "黄霞", "杨俊杰"]'::json, '["针对氢能领域关键需求立项"]'::json, '突破氢能关键技术，形成自主可控能力。', '["氢能理论研究", "氢能工程化", "氢能应用验证"]'::json, '["航空航天", "氢能"]'::json, '["2024年完成方案论证", "2025年进入工程研制"]'::json, '成果可应用于相关产业领域。', '["2021-07-15"]'::json, 300.0, 10.0, '重大专项', NULL, 0.739, 0.775, '2026-06-15T12:00:00+00:00', '2026-06-15T12:00:00+00:00');
INSERT INTO project_history (project_id, change_date, change_description, created_at, updated_at) VALUES ('PROJECT_S_adceea187470c2ac', '2024-05-18', '立项批复', '2026-06-15T12:00:00+00:00', '2026-06-15T12:00:00+00:00');
INSERT INTO project_history (project_id, change_date, change_description, created_at, updated_at) VALUES ('PROJECT_S_adceea187470c2ac', '2021-03-27', '通过中期评审', '2026-06-15T12:00:00+00:00', '2026-06-15T12:00:00+00:00');
INSERT INTO project_history (project_id, change_date, change_description, created_at, updated_at) VALUES ('PROJECT_S_adceea187470c2ac', '2024-03-16', '转入工程阶段', '2026-06-15T12:00:00+00:00', '2026-06-15T12:00:00+00:00');
INSERT INTO project_budget (project_id, budget_date, amount, created_at, updated_at) VALUES ('PROJECT_S_adceea187470c2ac', '2021-10-13', 800.0, '2026-06-15T12:00:00+00:00', '2026-06-15T12:00:00+00:00');
INSERT INTO project_budget (project_id, budget_date, amount, created_at, updated_at) VALUES ('PROJECT_S_adceea187470c2ac', '2020-12-23', 800.0, '2026-06-15T12:00:00+00:00', '2026-06-15T12:00:00+00:00');
INSERT INTO project_budget (project_id, budget_date, amount, created_at, updated_at) VALUES ('PROJECT_S_adceea187470c2ac', '2021-05-20', 50.0, '2026-06-15T12:00:00+00:00', '2026-06-15T12:00:00+00:00');
INSERT INTO project_output (project_id, name_history, formed_at, tech_domains, owner_orgs, related_projects, attachments, created_at, updated_at) VALUES ('PROJECT_S_adceea187470c2ac', '氢能样机', '2021-04-14', '["航空航天", "氢能"]'::json, '["中光电实验室"]'::json, '[]'::json, '[]'::json, '2026-06-15T12:00:00+00:00', '2026-06-15T12:00:00+00:00');
INSERT INTO project_output (project_id, name_history, formed_at, tech_domains, owner_orgs, related_projects, attachments, created_at, updated_at) VALUES ('PROJECT_S_adceea187470c2ac', '氢能关键技术', '2024-12-27', '["航空航天", "氢能"]'::json, '["中光电实验室"]'::json, '[]'::json, '[]'::json, '2026-06-15T12:00:00+00:00', '2026-06-15T12:00:00+00:00');
INSERT INTO project_output (project_id, name_history, formed_at, tech_domains, owner_orgs, related_projects, attachments, created_at, updated_at) VALUES ('PROJECT_S_adceea187470c2ac', '氢能关键技术', '2023-03-26', '["航空航天", "氢能"]'::json, '["中光电实验室"]'::json, '[]'::json, '[]'::json, '2026-06-15T12:00:00+00:00', '2026-06-15T12:00:00+00:00');
INSERT INTO entity_change_log (entity_id, entity_type, field, old_value, new_value, method, operator, source_doc_id, reason, changed_at) VALUES ('PROJECT_S_adceea187470c2ac', 'project', '*', NULL, '{"action": "create"}'::json, 'rule', NULL, 'mock_seed', NULL, '2026-06-15T12:00:00+00:00');
INSERT INTO project_profile (project_id, name_cn, name_en, name_other, tech_domain, sub_tech_domain, start_date, cancel_date, finish_date, status, budget_activities, project_no, main_orgs, undertaking_orgs, undertaking_enterprises, managers, researchers, background, research_goal, research_content, keywords, progress, application_prospect, key_dates, total_budget_million_usd, invested_million_usd, parent_package_name, previous_phase_name, confidence, completeness, created_at, updated_at) VALUES ('PROJECT_S_542020822aa3a9e4', '["重点卫星星座组网项目"]'::json, '["Project-001"]'::json, '[]'::json, '["人工智能", "碳捕集"]'::json, '["脑机接口", "6G通信"]'::json, '2021-07-06', NULL, NULL, '["进行中"]'::json, '["先期技术开发BA-3"]'::json, 10001, '["中智算研究院"]'::json, '["新脑科学实验室"]'::json, '[]'::json, '["韩艳强"]'::json, '["唐宇航桂英", "王勇晓东", "周刚斌"]'::json, '["针对碳捕集领域关键需求立项"]'::json, '突破碳捕集关键技术，形成自主可控能力。', '["碳捕集理论研究", "碳捕集工程化", "碳捕集应用验证"]'::json, '["人工智能", "碳捕集"]'::json, '["2021年完成方案论证", "2022年进入工程研制"]'::json, '成果可应用于相关产业领域。', '["2020-10-25"]'::json, 50.0, 10.0, '重点研发', NULL, 0.844, 0.641, '2026-06-15T12:00:00+00:00', '2026-06-15T12:00:00+00:00');
INSERT INTO project_history (project_id, change_date, change_description, created_at, updated_at) VALUES ('PROJECT_S_542020822aa3a9e4', '2021-06-27', '立项批复', '2026-06-15T12:00:00+00:00', '2026-06-15T12:00:00+00:00');
INSERT INTO project_history (project_id, change_date, change_description, created_at, updated_at) VALUES ('PROJECT_S_542020822aa3a9e4', '2023-03-28', '通过中期评审', '2026-06-15T12:00:00+00:00', '2026-06-15T12:00:00+00:00');
INSERT INTO project_history (project_id, change_date, change_description, created_at, updated_at) VALUES ('PROJECT_S_542020822aa3a9e4', '2023-12-19', '转入工程阶段', '2026-06-15T12:00:00+00:00', '2026-06-15T12:00:00+00:00');
INSERT INTO project_budget (project_id, budget_date, amount, created_at, updated_at) VALUES ('PROJECT_S_542020822aa3a9e4', '2024-12-08', 800.0, '2026-06-15T12:00:00+00:00', '2026-06-15T12:00:00+00:00');
INSERT INTO project_budget (project_id, budget_date, amount, created_at, updated_at) VALUES ('PROJECT_S_542020822aa3a9e4', '2020-01-05', 800.0, '2026-06-15T12:00:00+00:00', '2026-06-15T12:00:00+00:00');
INSERT INTO project_budget (project_id, budget_date, amount, created_at, updated_at) VALUES ('PROJECT_S_542020822aa3a9e4', '2020-11-10', 800.0, '2026-06-15T12:00:00+00:00', '2026-06-15T12:00:00+00:00');
INSERT INTO project_output (project_id, name_history, formed_at, tech_domains, owner_orgs, related_projects, attachments, created_at, updated_at) VALUES ('PROJECT_S_542020822aa3a9e4', '碳捕集样机', '2023-06-03', '["人工智能", "碳捕集"]'::json, '["中智算研究院"]'::json, '[]'::json, '[]'::json, '2026-06-15T12:00:00+00:00', '2026-06-15T12:00:00+00:00');
INSERT INTO project_output (project_id, name_history, formed_at, tech_domains, owner_orgs, related_projects, attachments, created_at, updated_at) VALUES ('PROJECT_S_542020822aa3a9e4', '碳捕集成果', '2024-04-28', '["人工智能", "碳捕集"]'::json, '["中智算研究院"]'::json, '[]'::json, '[]'::json, '2026-06-15T12:00:00+00:00', '2026-06-15T12:00:00+00:00');
INSERT INTO project_output (project_id, name_history, formed_at, tech_domains, owner_orgs, related_projects, attachments, created_at, updated_at) VALUES ('PROJECT_S_542020822aa3a9e4', '碳捕集成果', '2022-01-05', '["人工智能", "碳捕集"]'::json, '["中智算研究院"]'::json, '[]'::json, '[]'::json, '2026-06-15T12:00:00+00:00', '2026-06-15T12:00:00+00:00');
INSERT INTO entity_change_log (entity_id, entity_type, field, old_value, new_value, method, operator, source_doc_id, reason, changed_at) VALUES ('PROJECT_S_542020822aa3a9e4', 'project', '*', NULL, '{"action": "create"}'::json, 'rule', NULL, 'mock_seed', NULL, '2026-06-15T12:00:00+00:00');
INSERT INTO project_profile (project_id, name_cn, name_en, name_other, tech_domain, sub_tech_domain, start_date, cancel_date, finish_date, status, budget_activities, project_no, main_orgs, undertaking_orgs, undertaking_enterprises, managers, researchers, background, research_goal, research_content, keywords, progress, application_prospect, key_dates, total_budget_million_usd, invested_million_usd, parent_package_name, previous_phase_name, confidence, completeness, created_at, updated_at) VALUES ('PROJECT_S_906ff063a0db2074', '["重大固态电池计划"]'::json, '["Project-002"]'::json, '[]'::json, '["卫星互联网", "基因编辑"]'::json, '["量子计算"]'::json, '2020-02-02', NULL, '2020-02-02', '["结束"]'::json, '["先期部件研制与样机开发BA-4"]'::json, 10002, '["国智算股份"]'::json, '["北方储能工程技术中心", "南方前沿集团"]'::json, '[]'::json, '["韩艳强"]'::json, '["王刚", "陈涛"]'::json, '["针对卫星互联网领域关键需求立项"]'::json, '突破卫星互联网关键技术，形成自主可控能力。', '["卫星互联网理论研究", "卫星互联网工程化", "卫星互联网应用验证"]'::json, '["卫星互联网", "基因编辑"]'::json, '["2020年完成方案论证", "2021年进入工程研制"]'::json, '成果可应用于相关产业领域。', '["2022-01-03", "2024-03-21"]'::json, 50.0, 30.0, '重点研发', NULL, 0.797, 0.684, '2026-06-15T12:00:00+00:00', '2026-06-15T12:00:00+00:00');
INSERT INTO project_history (project_id, change_date, change_description, created_at, updated_at) VALUES ('PROJECT_S_906ff063a0db2074', '2024-04-18', '立项批复', '2026-06-15T12:00:00+00:00', '2026-06-15T12:00:00+00:00');
INSERT INTO project_history (project_id, change_date, change_description, created_at, updated_at) VALUES ('PROJECT_S_906ff063a0db2074', '2021-05-20', '通过中期评审', '2026-06-15T12:00:00+00:00', '2026-06-15T12:00:00+00:00');
INSERT INTO project_history (project_id, change_date, change_description, created_at, updated_at) VALUES ('PROJECT_S_906ff063a0db2074', '2019-05-14', '转入工程阶段', '2026-06-15T12:00:00+00:00', '2026-06-15T12:00:00+00:00');
INSERT INTO project_budget (project_id, budget_date, amount, created_at, updated_at) VALUES ('PROJECT_S_906ff063a0db2074', '2023-08-10', 800.0, '2026-06-15T12:00:00+00:00', '2026-06-15T12:00:00+00:00');
INSERT INTO project_budget (project_id, budget_date, amount, created_at, updated_at) VALUES ('PROJECT_S_906ff063a0db2074', '2021-04-10', 2000.0, '2026-06-15T12:00:00+00:00', '2026-06-15T12:00:00+00:00');
INSERT INTO project_budget (project_id, budget_date, amount, created_at, updated_at) VALUES ('PROJECT_S_906ff063a0db2074', '2024-09-03', 50.0, '2026-06-15T12:00:00+00:00', '2026-06-15T12:00:00+00:00');
INSERT INTO project_output (project_id, name_history, formed_at, tech_domains, owner_orgs, related_projects, attachments, created_at, updated_at) VALUES ('PROJECT_S_906ff063a0db2074', '卫星互联网成果', '2024-04-11', '["卫星互联网", "基因编辑"]'::json, '["国智算股份"]'::json, '[]'::json, '[]'::json, '2026-06-15T12:00:00+00:00', '2026-06-15T12:00:00+00:00');
INSERT INTO entity_change_log (entity_id, entity_type, field, old_value, new_value, method, operator, source_doc_id, reason, changed_at) VALUES ('PROJECT_S_906ff063a0db2074', 'project', '*', NULL, '{"action": "create"}'::json, 'rule', NULL, 'mock_seed', NULL, '2026-06-15T12:00:00+00:00');
INSERT INTO project_profile (project_id, name_cn, name_en, name_other, tech_domain, sub_tech_domain, start_date, cancel_date, finish_date, status, budget_activities, project_no, main_orgs, undertaking_orgs, undertaking_enterprises, managers, researchers, background, research_goal, research_content, keywords, progress, application_prospect, key_dates, total_budget_million_usd, invested_million_usd, parent_package_name, previous_phase_name, confidence, completeness, created_at, updated_at) VALUES ('PROJECT_S_16fd38f2e981330b', '["先导mRNA疫苗课题"]'::json, '["Project-003"]'::json, '[]'::json, '["氢能", "光电技术"]'::json, '["深海装备", "光电技术"]'::json, '2024-11-19', NULL, NULL, '["结束"]'::json, '["软件研究/开发/测试和评估试点BA-8"]'::json, 10003, '["航天算力研究院"]'::json, '["航天聚变工程技术中心"]'::json, '[]'::json, '["许建华涛", "马文博"]'::json, '["邓宁", "郑洋"]'::json, '["针对光电技术领域关键需求立项"]'::json, '突破光电技术关键技术，形成自主可控能力。', '["光电技术理论研究", "光电技术工程化", "光电技术应用验证"]'::json, '["氢能", "光电技术"]'::json, '["2024年完成方案论证", "2025年进入工程研制"]'::json, '成果可应用于相关产业领域。', '["2022-10-08"]'::json, 50.0, 80.0, '重点研发', NULL, 0.736, 0.788, '2026-06-15T12:00:00+00:00', '2026-06-15T12:00:00+00:00');
INSERT INTO project_history (project_id, change_date, change_description, created_at, updated_at) VALUES ('PROJECT_S_16fd38f2e981330b', '2019-07-10', '立项批复', '2026-06-15T12:00:00+00:00', '2026-06-15T12:00:00+00:00');
INSERT INTO project_history (project_id, change_date, change_description, created_at, updated_at) VALUES ('PROJECT_S_16fd38f2e981330b', '2020-06-17', '通过中期评审', '2026-06-15T12:00:00+00:00', '2026-06-15T12:00:00+00:00');
INSERT INTO project_history (project_id, change_date, change_description, created_at, updated_at) VALUES ('PROJECT_S_16fd38f2e981330b', '2020-12-04', '转入工程阶段', '2026-06-15T12:00:00+00:00', '2026-06-15T12:00:00+00:00');
INSERT INTO project_budget (project_id, budget_date, amount, created_at, updated_at) VALUES ('PROJECT_S_16fd38f2e981330b', '2023-08-22', 200.0, '2026-06-15T12:00:00+00:00', '2026-06-15T12:00:00+00:00');
INSERT INTO project_output (project_id, name_history, formed_at, tech_domains, owner_orgs, related_projects, attachments, created_at, updated_at) VALUES ('PROJECT_S_16fd38f2e981330b', '光电技术成果', '2024-09-16', '["氢能", "光电技术"]'::json, '["航天算力研究院"]'::json, '[]'::json, '[]'::json, '2026-06-15T12:00:00+00:00', '2026-06-15T12:00:00+00:00');
INSERT INTO project_output (project_id, name_history, formed_at, tech_domains, owner_orgs, related_projects, attachments, created_at, updated_at) VALUES ('PROJECT_S_16fd38f2e981330b', '光电技术成果', '2022-07-16', '["氢能", "光电技术"]'::json, '["航天算力研究院"]'::json, '[]'::json, '[]'::json, '2026-06-15T12:00:00+00:00', '2026-06-15T12:00:00+00:00');
INSERT INTO entity_change_log (entity_id, entity_type, field, old_value, new_value, method, operator, source_doc_id, reason, changed_at) VALUES ('PROJECT_S_16fd38f2e981330b', 'project', '*', NULL, '{"action": "create"}'::json, 'rule', NULL, 'mock_seed', NULL, '2026-06-15T12:00:00+00:00');
INSERT INTO project_profile (project_id, name_cn, name_en, name_other, tech_domain, sub_tech_domain, start_date, cancel_date, finish_date, status, budget_activities, project_no, main_orgs, undertaking_orgs, undertaking_enterprises, managers, researchers, background, research_goal, research_content, keywords, progress, application_prospect, key_dates, total_budget_million_usd, invested_million_usd, parent_package_name, previous_phase_name, confidence, completeness, created_at, updated_at) VALUES ('PROJECT_S_fe710ad9cb700eed', '["先导毫米波雷达项目"]'::json, '["Project-004"]'::json, '[]'::json, '["航空航天", "氢能"]'::json, '["半导体", "增材制造"]'::json, '2022-11-03', NULL, NULL, '["进行中"]'::json, '["先期技术开发BA-3"]'::json, 10004, '["北方脑科学工程技术中心"]'::json, '["北方储能工程技术中心", "中科生医研究所"]'::json, '[]'::json, '["郭娟雪松"]'::json, '["何宁斌", "高杰", "吴海燕宇航", "许建华涛"]'::json, '["针对氢能领域关键需求立项"]'::json, '突破氢能关键技术，形成自主可控能力。', '["氢能理论研究", "氢能工程化", "氢能应用验证"]'::json, '["航空航天", "氢能"]'::json, '["2022年完成方案论证", "2023年进入工程研制"]'::json, '成果可应用于相关产业领域。', '["2024-01-17", "2022-06-15"]'::json, 300.0, 10.0, '重大专项', NULL, 0.85, 0.58, '2026-06-15T12:00:00+00:00', '2026-06-15T12:00:00+00:00');
INSERT INTO project_history (project_id, change_date, change_description, created_at, updated_at) VALUES ('PROJECT_S_fe710ad9cb700eed', '2023-11-22', '立项批复', '2026-06-15T12:00:00+00:00', '2026-06-15T12:00:00+00:00');
INSERT INTO project_history (project_id, change_date, change_description, created_at, updated_at) VALUES ('PROJECT_S_fe710ad9cb700eed', '2023-08-16', '通过中期评审', '2026-06-15T12:00:00+00:00', '2026-06-15T12:00:00+00:00');
INSERT INTO project_history (project_id, change_date, change_description, created_at, updated_at) VALUES ('PROJECT_S_fe710ad9cb700eed', '2019-09-12', '转入工程阶段', '2026-06-15T12:00:00+00:00', '2026-06-15T12:00:00+00:00');
INSERT INTO project_budget (project_id, budget_date, amount, created_at, updated_at) VALUES ('PROJECT_S_fe710ad9cb700eed', '2022-09-09', 200.0, '2026-06-15T12:00:00+00:00', '2026-06-15T12:00:00+00:00');
INSERT INTO project_output (project_id, name_history, formed_at, tech_domains, owner_orgs, related_projects, attachments, created_at, updated_at) VALUES ('PROJECT_S_fe710ad9cb700eed', '氢能样机', '2022-05-09', '["航空航天", "氢能"]'::json, '["北方脑科学工程技术中心"]'::json, '[]'::json, '[]'::json, '2026-06-15T12:00:00+00:00', '2026-06-15T12:00:00+00:00');
INSERT INTO entity_change_log (entity_id, entity_type, field, old_value, new_value, method, operator, source_doc_id, reason, changed_at) VALUES ('PROJECT_S_fe710ad9cb700eed', 'project', '*', NULL, '{"action": "create"}'::json, 'rule', NULL, 'mock_seed', NULL, '2026-06-15T12:00:00+00:00');
INSERT INTO project_profile (project_id, name_cn, name_en, name_other, tech_domain, sub_tech_domain, start_date, cancel_date, finish_date, status, budget_activities, project_no, main_orgs, undertaking_orgs, undertaking_enterprises, managers, researchers, background, research_goal, research_content, keywords, progress, application_prospect, key_dates, total_budget_million_usd, invested_million_usd, parent_package_name, previous_phase_name, confidence, completeness, created_at, updated_at) VALUES ('PROJECT_S_b8184030df1c99f4', '["应用类脑计算架构项目"]'::json, '["Project-005"]'::json, '[]'::json, '["氢能", "网络安全"]'::json, '["航空航天"]'::json, '2020-03-11', NULL, NULL, '["成果已转化"]'::json, '["先期技术开发BA-3"]'::json, 10005, '["南方量子高科"]'::json, '["南方量子科技", "东方航宇研究所"]'::json, '[]'::json, '["彭娟瑞"]'::json, '["徐伟强", "刘军"]'::json, '["针对网络安全领域关键需求立项"]'::json, '突破网络安全关键技术，形成自主可控能力。', '["网络安全理论研究", "网络安全工程化", "网络安全应用验证"]'::json, '["氢能", "网络安全"]'::json, '["2020年完成方案论证", "2021年进入工程研制"]'::json, '成果可应用于相关产业领域。', '["2022-09-19", "2023-12-28", "2021-02-01"]'::json, 300.0, 10.0, '重点研发', NULL, 0.847, 0.932, '2026-06-15T12:00:00+00:00', '2026-06-15T12:00:00+00:00');
INSERT INTO project_history (project_id, change_date, change_description, created_at, updated_at) VALUES ('PROJECT_S_b8184030df1c99f4', '2023-08-01', '立项批复', '2026-06-15T12:00:00+00:00', '2026-06-15T12:00:00+00:00');
INSERT INTO project_history (project_id, change_date, change_description, created_at, updated_at) VALUES ('PROJECT_S_b8184030df1c99f4', '2024-08-19', '通过中期评审', '2026-06-15T12:00:00+00:00', '2026-06-15T12:00:00+00:00');
INSERT INTO project_history (project_id, change_date, change_description, created_at, updated_at) VALUES ('PROJECT_S_b8184030df1c99f4', '2022-07-26', '转入工程阶段', '2026-06-15T12:00:00+00:00', '2026-06-15T12:00:00+00:00');
INSERT INTO project_budget (project_id, budget_date, amount, created_at, updated_at) VALUES ('PROJECT_S_b8184030df1c99f4', '2023-12-26', 800.0, '2026-06-15T12:00:00+00:00', '2026-06-15T12:00:00+00:00');
INSERT INTO project_budget (project_id, budget_date, amount, created_at, updated_at) VALUES ('PROJECT_S_b8184030df1c99f4', '2020-01-11', 50.0, '2026-06-15T12:00:00+00:00', '2026-06-15T12:00:00+00:00');
INSERT INTO project_output (project_id, name_history, formed_at, tech_domains, owner_orgs, related_projects, attachments, created_at, updated_at) VALUES ('PROJECT_S_b8184030df1c99f4', '网络安全关键技术', '2022-02-06', '["氢能", "网络安全"]'::json, '["南方量子高科"]'::json, '[]'::json, '[]'::json, '2026-06-15T12:00:00+00:00', '2026-06-15T12:00:00+00:00');
INSERT INTO project_output (project_id, name_history, formed_at, tech_domains, owner_orgs, related_projects, attachments, created_at, updated_at) VALUES ('PROJECT_S_b8184030df1c99f4', '网络安全关键技术', '2022-05-07', '["氢能", "网络安全"]'::json, '["南方量子高科"]'::json, '[]'::json, '[]'::json, '2026-06-15T12:00:00+00:00', '2026-06-15T12:00:00+00:00');
INSERT INTO entity_change_log (entity_id, entity_type, field, old_value, new_value, method, operator, source_doc_id, reason, changed_at) VALUES ('PROJECT_S_b8184030df1c99f4', 'project', '*', NULL, '{"action": "create"}'::json, 'rule', NULL, 'mock_seed', NULL, '2026-06-15T12:00:00+00:00');
INSERT INTO project_profile (project_id, name_cn, name_en, name_other, tech_domain, sub_tech_domain, start_date, cancel_date, finish_date, status, budget_activities, project_no, main_orgs, undertaking_orgs, undertaking_enterprises, managers, researchers, background, research_goal, research_content, keywords, progress, application_prospect, key_dates, total_budget_million_usd, invested_million_usd, parent_package_name, previous_phase_name, confidence, completeness, created_at, updated_at) VALUES ('PROJECT_S_16dcefd46719e5ea', '["攻关mRNA疫苗计划"]'::json, '["Project-006"]'::json, '[]'::json, '["5G通信", "自动驾驶"]'::json, '["新材料", "无人机"]'::json, '2021-07-17', NULL, NULL, '["成果已转化"]'::json, '["基础技术研究BA-1"]'::json, 10006, '["航天芯创实验室"]'::json, '["国氢动高科"]'::json, '[]'::json, '["唐洋"]'::json, '["张磊", "彭雪松", "冯平"]'::json, '["针对自动驾驶领域关键需求立项"]'::json, '突破自动驾驶关键技术，形成自主可控能力。', '["自动驾驶理论研究", "自动驾驶工程化", "自动驾驶应用验证"]'::json, '["5G通信", "自动驾驶"]'::json, '["2021年完成方案论证", "2022年进入工程研制"]'::json, '成果可应用于相关产业领域。', '["2022-06-14", "2023-06-16"]'::json, 120.0, 30.0, '重点研发', NULL, 0.735, 0.715, '2026-06-15T12:00:00+00:00', '2026-06-15T12:00:00+00:00');
INSERT INTO project_history (project_id, change_date, change_description, created_at, updated_at) VALUES ('PROJECT_S_16dcefd46719e5ea', '2021-01-28', '立项批复', '2026-06-15T12:00:00+00:00', '2026-06-15T12:00:00+00:00');
INSERT INTO project_history (project_id, change_date, change_description, created_at, updated_at) VALUES ('PROJECT_S_16dcefd46719e5ea', '2024-06-01', '通过中期评审', '2026-06-15T12:00:00+00:00', '2026-06-15T12:00:00+00:00');
INSERT INTO project_history (project_id, change_date, change_description, created_at, updated_at) VALUES ('PROJECT_S_16dcefd46719e5ea', '2023-07-10', '转入工程阶段', '2026-06-15T12:00:00+00:00', '2026-06-15T12:00:00+00:00');
INSERT INTO project_budget (project_id, budget_date, amount, created_at, updated_at) VALUES ('PROJECT_S_16dcefd46719e5ea', '2020-12-06', 2000.0, '2026-06-15T12:00:00+00:00', '2026-06-15T12:00:00+00:00');
INSERT INTO project_output (project_id, name_history, formed_at, tech_domains, owner_orgs, related_projects, attachments, created_at, updated_at) VALUES ('PROJECT_S_16dcefd46719e5ea', '自动驾驶样机', '2022-12-11', '["5G通信", "自动驾驶"]'::json, '["航天芯创实验室"]'::json, '[]'::json, '[]'::json, '2026-06-15T12:00:00+00:00', '2026-06-15T12:00:00+00:00');
INSERT INTO entity_change_log (entity_id, entity_type, field, old_value, new_value, method, operator, source_doc_id, reason, changed_at) VALUES ('PROJECT_S_16dcefd46719e5ea', 'project', '*', NULL, '{"action": "create"}'::json, 'rule', NULL, 'mock_seed', NULL, '2026-06-15T12:00:00+00:00');
INSERT INTO project_profile (project_id, name_cn, name_en, name_other, tech_domain, sub_tech_domain, start_date, cancel_date, finish_date, status, budget_activities, project_no, main_orgs, undertaking_orgs, undertaking_enterprises, managers, researchers, background, research_goal, research_content, keywords, progress, application_prospect, key_dates, total_budget_million_usd, invested_million_usd, parent_package_name, previous_phase_name, confidence, completeness, created_at, updated_at) VALUES ('PROJECT_S_06110e0ffa117033', '["前沿类脑计算架构计划"]'::json, '["Project-007"]'::json, '[]'::json, '["机器人", "大模型"]'::json, '["碳捕集"]'::json, '2019-07-16', NULL, NULL, '["进行中"]'::json, '["应用技术研究BA-2"]'::json, 10007, '["国新材股份"]'::json, '["新基因实验室", "航天储能研究所"]'::json, '[]'::json, '["周桂英"]'::json, '["王娟刚", "马海燕刚"]'::json, '["针对机器人领域关键需求立项"]'::json, '突破机器人关键技术，形成自主可控能力。', '["机器人理论研究", "机器人工程化", "机器人应用验证"]'::json, '["机器人", "大模型"]'::json, '["2019年完成方案论证", "2020年进入工程研制"]'::json, '成果可应用于相关产业领域。', '["2020-08-08", "2022-09-28"]'::json, 5.0, 2.0, '重点研发', NULL, 0.865, 0.682, '2026-06-15T12:00:00+00:00', '2026-06-15T12:00:00+00:00');
INSERT INTO project_history (project_id, change_date, change_description, created_at, updated_at) VALUES ('PROJECT_S_06110e0ffa117033', '2019-06-17', '立项批复', '2026-06-15T12:00:00+00:00', '2026-06-15T12:00:00+00:00');
INSERT INTO project_history (project_id, change_date, change_description, created_at, updated_at) VALUES ('PROJECT_S_06110e0ffa117033', '2021-01-27', '通过中期评审', '2026-06-15T12:00:00+00:00', '2026-06-15T12:00:00+00:00');
INSERT INTO project_history (project_id, change_date, change_description, created_at, updated_at) VALUES ('PROJECT_S_06110e0ffa117033', '2020-01-06', '转入工程阶段', '2026-06-15T12:00:00+00:00', '2026-06-15T12:00:00+00:00');
INSERT INTO project_budget (project_id, budget_date, amount, created_at, updated_at) VALUES ('PROJECT_S_06110e0ffa117033', '2020-12-03', 200.0, '2026-06-15T12:00:00+00:00', '2026-06-15T12:00:00+00:00');
INSERT INTO project_budget (project_id, budget_date, amount, created_at, updated_at) VALUES ('PROJECT_S_06110e0ffa117033', '2022-03-11', 50.0, '2026-06-15T12:00:00+00:00', '2026-06-15T12:00:00+00:00');
INSERT INTO project_budget (project_id, budget_date, amount, created_at, updated_at) VALUES ('PROJECT_S_06110e0ffa117033', '2021-03-15', 200.0, '2026-06-15T12:00:00+00:00', '2026-06-15T12:00:00+00:00');
INSERT INTO project_output (project_id, name_history, formed_at, tech_domains, owner_orgs, related_projects, attachments, created_at, updated_at) VALUES ('PROJECT_S_06110e0ffa117033', '机器人成果', '2023-05-10', '["机器人", "大模型"]'::json, '["国新材股份"]'::json, '[]'::json, '[]'::json, '2026-06-15T12:00:00+00:00', '2026-06-15T12:00:00+00:00');
INSERT INTO project_output (project_id, name_history, formed_at, tech_domains, owner_orgs, related_projects, attachments, created_at, updated_at) VALUES ('PROJECT_S_06110e0ffa117033', '机器人关键技术', '2022-07-14', '["机器人", "大模型"]'::json, '["国新材股份"]'::json, '[]'::json, '[]'::json, '2026-06-15T12:00:00+00:00', '2026-06-15T12:00:00+00:00');
INSERT INTO project_output (project_id, name_history, formed_at, tech_domains, owner_orgs, related_projects, attachments, created_at, updated_at) VALUES ('PROJECT_S_06110e0ffa117033', '机器人样机', '2021-10-14', '["机器人", "大模型"]'::json, '["国新材股份"]'::json, '[]'::json, '[]'::json, '2026-06-15T12:00:00+00:00', '2026-06-15T12:00:00+00:00');
INSERT INTO entity_change_log (entity_id, entity_type, field, old_value, new_value, method, operator, source_doc_id, reason, changed_at) VALUES ('PROJECT_S_06110e0ffa117033', 'project', '*', NULL, '{"action": "create"}'::json, 'rule', NULL, 'mock_seed', NULL, '2026-06-15T12:00:00+00:00');
INSERT INTO project_profile (project_id, name_cn, name_en, name_other, tech_domain, sub_tech_domain, start_date, cancel_date, finish_date, status, budget_activities, project_no, main_orgs, undertaking_orgs, undertaking_enterprises, managers, researchers, background, research_goal, research_content, keywords, progress, application_prospect, key_dates, total_budget_million_usd, invested_million_usd, parent_package_name, previous_phase_name, confidence, completeness, created_at, updated_at) VALUES ('PROJECT_S_5a7d61ea5d203d16', '["专项基因剪刀项目"]'::json, '["Project-008"]'::json, '[]'::json, '["无人机", "先进算力"]'::json, '["增材制造"]'::json, '2024-10-23', NULL, NULL, '["结束"]'::json, '["先期部件研制与样机开发BA-4"]'::json, 10008, '["新基因实验室"]'::json, '["中科微纳股份"]'::json, '[]'::json, '["何宁斌", "何宁平"]'::json, '["邓刚文博", "王娟"]'::json, '["针对无人机领域关键需求立项"]'::json, '突破无人机关键技术，形成自主可控能力。', '["无人机理论研究", "无人机工程化", "无人机应用验证"]'::json, '["无人机", "先进算力"]'::json, '["2024年完成方案论证", "2025年进入工程研制"]'::json, '成果可应用于相关产业领域。', '["2023-06-09", "2022-11-03"]'::json, 300.0, 80.0, '重点研发', NULL, 0.85, 0.617, '2026-06-15T12:00:00+00:00', '2026-06-15T12:00:00+00:00');
INSERT INTO project_history (project_id, change_date, change_description, created_at, updated_at) VALUES ('PROJECT_S_5a7d61ea5d203d16', '2020-02-03', '立项批复', '2026-06-15T12:00:00+00:00', '2026-06-15T12:00:00+00:00');
INSERT INTO project_history (project_id, change_date, change_description, created_at, updated_at) VALUES ('PROJECT_S_5a7d61ea5d203d16', '2021-02-19', '通过中期评审', '2026-06-15T12:00:00+00:00', '2026-06-15T12:00:00+00:00');
INSERT INTO project_history (project_id, change_date, change_description, created_at, updated_at) VALUES ('PROJECT_S_5a7d61ea5d203d16', '2020-06-06', '转入工程阶段', '2026-06-15T12:00:00+00:00', '2026-06-15T12:00:00+00:00');
INSERT INTO project_budget (project_id, budget_date, amount, created_at, updated_at) VALUES ('PROJECT_S_5a7d61ea5d203d16', '2020-02-06', 2000.0, '2026-06-15T12:00:00+00:00', '2026-06-15T12:00:00+00:00');
INSERT INTO project_budget (project_id, budget_date, amount, created_at, updated_at) VALUES ('PROJECT_S_5a7d61ea5d203d16', '2020-05-25', 2000.0, '2026-06-15T12:00:00+00:00', '2026-06-15T12:00:00+00:00');
INSERT INTO project_output (project_id, name_history, formed_at, tech_domains, owner_orgs, related_projects, attachments, created_at, updated_at) VALUES ('PROJECT_S_5a7d61ea5d203d16', '无人机样机', '2022-06-15', '["无人机", "先进算力"]'::json, '["新基因实验室"]'::json, '[]'::json, '[]'::json, '2026-06-15T12:00:00+00:00', '2026-06-15T12:00:00+00:00');
INSERT INTO project_output (project_id, name_history, formed_at, tech_domains, owner_orgs, related_projects, attachments, created_at, updated_at) VALUES ('PROJECT_S_5a7d61ea5d203d16', '无人机成果', '2021-04-25', '["无人机", "先进算力"]'::json, '["新基因实验室"]'::json, '[]'::json, '[]'::json, '2026-06-15T12:00:00+00:00', '2026-06-15T12:00:00+00:00');
INSERT INTO entity_change_log (entity_id, entity_type, field, old_value, new_value, method, operator, source_doc_id, reason, changed_at) VALUES ('PROJECT_S_5a7d61ea5d203d16', 'project', '*', NULL, '{"action": "create"}'::json, 'rule', NULL, 'mock_seed', NULL, '2026-06-15T12:00:00+00:00');
INSERT INTO project_profile (project_id, name_cn, name_en, name_other, tech_domain, sub_tech_domain, start_date, cancel_date, finish_date, status, budget_activities, project_no, main_orgs, undertaking_orgs, undertaking_enterprises, managers, researchers, background, research_goal, research_content, keywords, progress, application_prospect, key_dates, total_budget_million_usd, invested_million_usd, parent_package_name, previous_phase_name, confidence, completeness, created_at, updated_at) VALUES ('PROJECT_S_e2d3677a263ff373', '["专项碳化硅功率器件项目"]'::json, '["Project-009"]'::json, '[]'::json, '["碳捕集"]'::json, '["无人机"]'::json, '2022-07-23', NULL, NULL, '["进行中"]'::json, '["先期部件研制与样机开发BA-4"]'::json, 10009, '["南方航宇研究院"]'::json, '["南方脑科学科技", "南方量子高科"]'::json, '[]'::json, '["徐强"]'::json, '["马宇航建华", "赵昊洋", "韩桂英雪松"]'::json, '["针对碳捕集领域关键需求立项"]'::json, '突破碳捕集关键技术，形成自主可控能力。', '["碳捕集理论研究", "碳捕集工程化", "碳捕集应用验证"]'::json, '["碳捕集"]'::json, '["2022年完成方案论证", "2023年进入工程研制"]'::json, '成果可应用于相关产业领域。', '["2024-10-27"]'::json, 300.0, 2.0, '重大专项', NULL, 0.801, 0.833, '2026-06-15T12:00:00+00:00', '2026-06-15T12:00:00+00:00');
INSERT INTO project_history (project_id, change_date, change_description, created_at, updated_at) VALUES ('PROJECT_S_e2d3677a263ff373', '2024-01-05', '立项批复', '2026-06-15T12:00:00+00:00', '2026-06-15T12:00:00+00:00');
INSERT INTO project_history (project_id, change_date, change_description, created_at, updated_at) VALUES ('PROJECT_S_e2d3677a263ff373', '2020-12-16', '通过中期评审', '2026-06-15T12:00:00+00:00', '2026-06-15T12:00:00+00:00');
INSERT INTO project_history (project_id, change_date, change_description, created_at, updated_at) VALUES ('PROJECT_S_e2d3677a263ff373', '2019-05-24', '转入工程阶段', '2026-06-15T12:00:00+00:00', '2026-06-15T12:00:00+00:00');
INSERT INTO project_budget (project_id, budget_date, amount, created_at, updated_at) VALUES ('PROJECT_S_e2d3677a263ff373', '2022-04-28', 50.0, '2026-06-15T12:00:00+00:00', '2026-06-15T12:00:00+00:00');
INSERT INTO project_budget (project_id, budget_date, amount, created_at, updated_at) VALUES ('PROJECT_S_e2d3677a263ff373', '2024-06-14', 800.0, '2026-06-15T12:00:00+00:00', '2026-06-15T12:00:00+00:00');
INSERT INTO project_budget (project_id, budget_date, amount, created_at, updated_at) VALUES ('PROJECT_S_e2d3677a263ff373', '2022-04-19', 200.0, '2026-06-15T12:00:00+00:00', '2026-06-15T12:00:00+00:00');
INSERT INTO project_output (project_id, name_history, formed_at, tech_domains, owner_orgs, related_projects, attachments, created_at, updated_at) VALUES ('PROJECT_S_e2d3677a263ff373', '碳捕集样机', '2023-12-14', '["碳捕集"]'::json, '["南方航宇研究院"]'::json, '[]'::json, '[]'::json, '2026-06-15T12:00:00+00:00', '2026-06-15T12:00:00+00:00');
INSERT INTO entity_change_log (entity_id, entity_type, field, old_value, new_value, method, operator, source_doc_id, reason, changed_at) VALUES ('PROJECT_S_e2d3677a263ff373', 'project', '*', NULL, '{"action": "create"}'::json, 'rule', NULL, 'mock_seed', NULL, '2026-06-15T12:00:00+00:00');
INSERT INTO project_profile (project_id, name_cn, name_en, name_other, tech_domain, sub_tech_domain, start_date, cancel_date, finish_date, status, budget_activities, project_no, main_orgs, undertaking_orgs, undertaking_enterprises, managers, researchers, background, research_goal, research_content, keywords, progress, application_prospect, key_dates, total_budget_million_usd, invested_million_usd, parent_package_name, previous_phase_name, confidence, completeness, created_at, updated_at) VALUES ('PROJECT_S_dc4316c697e16f25', '["先导神经形态芯片专项"]'::json, '["Project-010"]'::json, '[]'::json, '["卫星互联网", "网络安全"]'::json, '["增材制造", "自动驾驶"]'::json, '2023-09-07', NULL, NULL, '["成果已转化"]'::json, '["基础技术研究BA-1"]'::json, 10010, '["南方前沿集团"]'::json, '["东方储能高科"]'::json, '[]'::json, '["冯平"]'::json, '["张磊", "刘娟伟"]'::json, '["针对网络安全领域关键需求立项"]'::json, '突破网络安全关键技术，形成自主可控能力。', '["网络安全理论研究", "网络安全工程化", "网络安全应用验证"]'::json, '["卫星互联网", "网络安全"]'::json, '["2023年完成方案论证", "2024年进入工程研制"]'::json, '成果可应用于相关产业领域。', '["2023-12-10", "2021-11-04"]'::json, 300.0, 2.0, '重大专项', NULL, 0.819, 0.57, '2026-06-15T12:00:00+00:00', '2026-06-15T12:00:00+00:00');
INSERT INTO project_history (project_id, change_date, change_description, created_at, updated_at) VALUES ('PROJECT_S_dc4316c697e16f25', '2023-04-19', '立项批复', '2026-06-15T12:00:00+00:00', '2026-06-15T12:00:00+00:00');
INSERT INTO project_history (project_id, change_date, change_description, created_at, updated_at) VALUES ('PROJECT_S_dc4316c697e16f25', '2020-01-07', '通过中期评审', '2026-06-15T12:00:00+00:00', '2026-06-15T12:00:00+00:00');
INSERT INTO project_history (project_id, change_date, change_description, created_at, updated_at) VALUES ('PROJECT_S_dc4316c697e16f25', '2024-06-18', '转入工程阶段', '2026-06-15T12:00:00+00:00', '2026-06-15T12:00:00+00:00');
INSERT INTO project_budget (project_id, budget_date, amount, created_at, updated_at) VALUES ('PROJECT_S_dc4316c697e16f25', '2023-12-02', 800.0, '2026-06-15T12:00:00+00:00', '2026-06-15T12:00:00+00:00');
INSERT INTO project_budget (project_id, budget_date, amount, created_at, updated_at) VALUES ('PROJECT_S_dc4316c697e16f25', '2020-04-08', 200.0, '2026-06-15T12:00:00+00:00', '2026-06-15T12:00:00+00:00');
INSERT INTO project_output (project_id, name_history, formed_at, tech_domains, owner_orgs, related_projects, attachments, created_at, updated_at) VALUES ('PROJECT_S_dc4316c697e16f25', '网络安全样机', '2024-02-09', '["卫星互联网", "网络安全"]'::json, '["南方前沿集团"]'::json, '[]'::json, '[]'::json, '2026-06-15T12:00:00+00:00', '2026-06-15T12:00:00+00:00');
INSERT INTO project_output (project_id, name_history, formed_at, tech_domains, owner_orgs, related_projects, attachments, created_at, updated_at) VALUES ('PROJECT_S_dc4316c697e16f25', '网络安全关键技术', '2022-09-22', '["卫星互联网", "网络安全"]'::json, '["南方前沿集团"]'::json, '[]'::json, '[]'::json, '2026-06-15T12:00:00+00:00', '2026-06-15T12:00:00+00:00');
INSERT INTO project_output (project_id, name_history, formed_at, tech_domains, owner_orgs, related_projects, attachments, created_at, updated_at) VALUES ('PROJECT_S_dc4316c697e16f25', '网络安全成果', '2021-04-10', '["卫星互联网", "网络安全"]'::json, '["南方前沿集团"]'::json, '[]'::json, '[]'::json, '2026-06-15T12:00:00+00:00', '2026-06-15T12:00:00+00:00');
INSERT INTO entity_change_log (entity_id, entity_type, field, old_value, new_value, method, operator, source_doc_id, reason, changed_at) VALUES ('PROJECT_S_dc4316c697e16f25', 'project', '*', NULL, '{"action": "create"}'::json, 'rule', NULL, 'mock_seed', NULL, '2026-06-15T12:00:00+00:00');
INSERT INTO project_profile (project_id, name_cn, name_en, name_other, tech_domain, sub_tech_domain, start_date, cancel_date, finish_date, status, budget_activities, project_no, main_orgs, undertaking_orgs, undertaking_enterprises, managers, researchers, background, research_goal, research_content, keywords, progress, application_prospect, key_dates, total_budget_million_usd, invested_million_usd, parent_package_name, previous_phase_name, confidence, completeness, created_at, updated_at) VALUES ('PROJECT_S_be2785635e5555ad', '["重点仿生机械臂任务"]'::json, '["Project-011"]'::json, '[]'::json, '["生物医药", "集成电路"]'::json, '["脑机接口"]'::json, '2018-03-04', NULL, NULL, '["成果已转化"]'::json, '["软件研究/开发/测试和评估试点BA-8"]'::json, 10011, '["华信息研究所"]'::json, '["南方微纳实验室", "北方光电研究所"]'::json, '[]'::json, '["梁娟军", "周磊"]'::json, '["韩桂英雪松", "何艳涛"]'::json, '["针对生物医药领域关键需求立项"]'::json, '突破生物医药关键技术，形成自主可控能力。', '["生物医药理论研究", "生物医药工程化", "生物医药应用验证"]'::json, '["生物医药", "集成电路"]'::json, '["2018年完成方案论证", "2019年进入工程研制"]'::json, '成果可应用于相关产业领域。', '["2021-11-14", "2020-05-22", "2021-12-23"]'::json, 5.0, 80.0, '重点研发', NULL, 0.762, 0.573, '2026-06-15T12:00:00+00:00', '2026-06-15T12:00:00+00:00');
INSERT INTO project_history (project_id, change_date, change_description, created_at, updated_at) VALUES ('PROJECT_S_be2785635e5555ad', '2024-12-08', '立项批复', '2026-06-15T12:00:00+00:00', '2026-06-15T12:00:00+00:00');
INSERT INTO project_history (project_id, change_date, change_description, created_at, updated_at) VALUES ('PROJECT_S_be2785635e5555ad', '2024-05-11', '通过中期评审', '2026-06-15T12:00:00+00:00', '2026-06-15T12:00:00+00:00');
INSERT INTO project_history (project_id, change_date, change_description, created_at, updated_at) VALUES ('PROJECT_S_be2785635e5555ad', '2022-09-17', '转入工程阶段', '2026-06-15T12:00:00+00:00', '2026-06-15T12:00:00+00:00');
INSERT INTO project_budget (project_id, budget_date, amount, created_at, updated_at) VALUES ('PROJECT_S_be2785635e5555ad', '2023-12-06', 800.0, '2026-06-15T12:00:00+00:00', '2026-06-15T12:00:00+00:00');
INSERT INTO project_budget (project_id, budget_date, amount, created_at, updated_at) VALUES ('PROJECT_S_be2785635e5555ad', '2023-12-20', 2000.0, '2026-06-15T12:00:00+00:00', '2026-06-15T12:00:00+00:00');
INSERT INTO project_output (project_id, name_history, formed_at, tech_domains, owner_orgs, related_projects, attachments, created_at, updated_at) VALUES ('PROJECT_S_be2785635e5555ad', '生物医药样机', '2021-01-22', '["生物医药", "集成电路"]'::json, '["华信息研究所"]'::json, '[]'::json, '[]'::json, '2026-06-15T12:00:00+00:00', '2026-06-15T12:00:00+00:00');
INSERT INTO entity_change_log (entity_id, entity_type, field, old_value, new_value, method, operator, source_doc_id, reason, changed_at) VALUES ('PROJECT_S_be2785635e5555ad', 'project', '*', NULL, '{"action": "create"}'::json, 'rule', NULL, 'mock_seed', NULL, '2026-06-15T12:00:00+00:00');
INSERT INTO project_profile (project_id, name_cn, name_en, name_other, tech_domain, sub_tech_domain, start_date, cancel_date, finish_date, status, budget_activities, project_no, main_orgs, undertaking_orgs, undertaking_enterprises, managers, researchers, background, research_goal, research_content, keywords, progress, application_prospect, key_dates, total_budget_million_usd, invested_million_usd, parent_package_name, previous_phase_name, confidence, completeness, created_at, updated_at) VALUES ('PROJECT_S_5b7edcebc80f9399', '["重点碳纳米管专项"]'::json, '["Project-012"]'::json, '[]'::json, '["脑机接口", "增材制造"]'::json, '["自动驾驶"]'::json, '2020-09-25', NULL, NULL, '["成果已转化"]'::json, '["先期技术开发BA-3"]'::json, 10012, '["航天光电高科"]'::json, '["航天先进实验室"]'::json, '[]'::json, '["唐刚", "朱宁"]'::json, '["王娟刚", "林瑞"]'::json, '["针对脑机接口领域关键需求立项"]'::json, '突破脑机接口关键技术，形成自主可控能力。', '["脑机接口理论研究", "脑机接口工程化", "脑机接口应用验证"]'::json, '["脑机接口", "增材制造"]'::json, '["2020年完成方案论证", "2021年进入工程研制"]'::json, '成果可应用于相关产业领域。', '["2024-07-17"]'::json, 20.0, 80.0, '重点研发', NULL, 0.9, 0.869, '2026-06-15T12:00:00+00:00', '2026-06-15T12:00:00+00:00');
INSERT INTO project_history (project_id, change_date, change_description, created_at, updated_at) VALUES ('PROJECT_S_5b7edcebc80f9399', '2023-08-16', '立项批复', '2026-06-15T12:00:00+00:00', '2026-06-15T12:00:00+00:00');
INSERT INTO project_history (project_id, change_date, change_description, created_at, updated_at) VALUES ('PROJECT_S_5b7edcebc80f9399', '2021-02-28', '通过中期评审', '2026-06-15T12:00:00+00:00', '2026-06-15T12:00:00+00:00');
INSERT INTO project_history (project_id, change_date, change_description, created_at, updated_at) VALUES ('PROJECT_S_5b7edcebc80f9399', '2021-02-12', '转入工程阶段', '2026-06-15T12:00:00+00:00', '2026-06-15T12:00:00+00:00');
INSERT INTO project_budget (project_id, budget_date, amount, created_at, updated_at) VALUES ('PROJECT_S_5b7edcebc80f9399', '2022-05-27', 50.0, '2026-06-15T12:00:00+00:00', '2026-06-15T12:00:00+00:00');
INSERT INTO project_output (project_id, name_history, formed_at, tech_domains, owner_orgs, related_projects, attachments, created_at, updated_at) VALUES ('PROJECT_S_5b7edcebc80f9399', '脑机接口样机', '2022-07-18', '["脑机接口", "增材制造"]'::json, '["航天光电高科"]'::json, '[]'::json, '[]'::json, '2026-06-15T12:00:00+00:00', '2026-06-15T12:00:00+00:00');
INSERT INTO project_output (project_id, name_history, formed_at, tech_domains, owner_orgs, related_projects, attachments, created_at, updated_at) VALUES ('PROJECT_S_5b7edcebc80f9399', '脑机接口关键技术', '2021-07-10', '["脑机接口", "增材制造"]'::json, '["航天光电高科"]'::json, '[]'::json, '[]'::json, '2026-06-15T12:00:00+00:00', '2026-06-15T12:00:00+00:00');
INSERT INTO entity_change_log (entity_id, entity_type, field, old_value, new_value, method, operator, source_doc_id, reason, changed_at) VALUES ('PROJECT_S_5b7edcebc80f9399', 'project', '*', NULL, '{"action": "create"}'::json, 'rule', NULL, 'mock_seed', NULL, '2026-06-15T12:00:00+00:00');
INSERT INTO project_profile (project_id, name_cn, name_en, name_other, tech_domain, sub_tech_domain, start_date, cancel_date, finish_date, status, budget_activities, project_no, main_orgs, undertaking_orgs, undertaking_enterprises, managers, researchers, background, research_goal, research_content, keywords, progress, application_prospect, key_dates, total_budget_million_usd, invested_million_usd, parent_package_name, previous_phase_name, confidence, completeness, created_at, updated_at) VALUES ('PROJECT_S_d47c6bf1daa01ef3', '["基础固态电池项目"]'::json, '["Project-013"]'::json, '[]'::json, '["氢能", "大模型"]'::json, '["新材料", "机器人"]'::json, '2022-12-09', NULL, NULL, '["成果已转化"]'::json, '["基础技术研究BA-1"]'::json, 10013, '["远未来实验室"]'::json, '["中科聚变研究所"]'::json, '[]'::json, '["马海燕刚"]'::json, '["郑洋", "李娟杰", "谢伟"]'::json, '["针对大模型领域关键需求立项"]'::json, '突破大模型关键技术，形成自主可控能力。', '["大模型理论研究", "大模型工程化", "大模型应用验证"]'::json, '["氢能", "大模型"]'::json, '["2022年完成方案论证", "2023年进入工程研制"]'::json, '成果可应用于相关产业领域。', '["2024-12-12"]'::json, 20.0, 10.0, '重点研发', NULL, 0.937, 0.587, '2026-06-15T12:00:00+00:00', '2026-06-15T12:00:00+00:00');
INSERT INTO project_history (project_id, change_date, change_description, created_at, updated_at) VALUES ('PROJECT_S_d47c6bf1daa01ef3', '2019-08-07', '立项批复', '2026-06-15T12:00:00+00:00', '2026-06-15T12:00:00+00:00');
INSERT INTO project_history (project_id, change_date, change_description, created_at, updated_at) VALUES ('PROJECT_S_d47c6bf1daa01ef3', '2020-07-05', '通过中期评审', '2026-06-15T12:00:00+00:00', '2026-06-15T12:00:00+00:00');
INSERT INTO project_history (project_id, change_date, change_description, created_at, updated_at) VALUES ('PROJECT_S_d47c6bf1daa01ef3', '2023-10-16', '转入工程阶段', '2026-06-15T12:00:00+00:00', '2026-06-15T12:00:00+00:00');
INSERT INTO project_budget (project_id, budget_date, amount, created_at, updated_at) VALUES ('PROJECT_S_d47c6bf1daa01ef3', '2022-03-02', 800.0, '2026-06-15T12:00:00+00:00', '2026-06-15T12:00:00+00:00');
INSERT INTO project_budget (project_id, budget_date, amount, created_at, updated_at) VALUES ('PROJECT_S_d47c6bf1daa01ef3', '2020-09-21', 50.0, '2026-06-15T12:00:00+00:00', '2026-06-15T12:00:00+00:00');
INSERT INTO project_budget (project_id, budget_date, amount, created_at, updated_at) VALUES ('PROJECT_S_d47c6bf1daa01ef3', '2020-08-04', 50.0, '2026-06-15T12:00:00+00:00', '2026-06-15T12:00:00+00:00');
INSERT INTO project_output (project_id, name_history, formed_at, tech_domains, owner_orgs, related_projects, attachments, created_at, updated_at) VALUES ('PROJECT_S_d47c6bf1daa01ef3', '大模型关键技术', '2021-09-22', '["氢能", "大模型"]'::json, '["远未来实验室"]'::json, '[]'::json, '[]'::json, '2026-06-15T12:00:00+00:00', '2026-06-15T12:00:00+00:00');
INSERT INTO project_output (project_id, name_history, formed_at, tech_domains, owner_orgs, related_projects, attachments, created_at, updated_at) VALUES ('PROJECT_S_d47c6bf1daa01ef3', '大模型关键技术', '2024-06-08', '["氢能", "大模型"]'::json, '["远未来实验室"]'::json, '[]'::json, '[]'::json, '2026-06-15T12:00:00+00:00', '2026-06-15T12:00:00+00:00');
INSERT INTO entity_change_log (entity_id, entity_type, field, old_value, new_value, method, operator, source_doc_id, reason, changed_at) VALUES ('PROJECT_S_d47c6bf1daa01ef3', 'project', '*', NULL, '{"action": "create"}'::json, 'rule', NULL, 'mock_seed', NULL, '2026-06-15T12:00:00+00:00');
INSERT INTO project_profile (project_id, name_cn, name_en, name_other, tech_domain, sub_tech_domain, start_date, cancel_date, finish_date, status, budget_activities, project_no, main_orgs, undertaking_orgs, undertaking_enterprises, managers, researchers, background, research_goal, research_content, keywords, progress, application_prospect, key_dates, total_budget_million_usd, invested_million_usd, parent_package_name, previous_phase_name, confidence, completeness, created_at, updated_at) VALUES ('PROJECT_S_7b432ca8220bae57', '["专项太赫兹通信任务"]'::json, '["Project-014"]'::json, '[]'::json, '["新能源", "增材制造"]'::json, '["集成电路"]'::json, '2018-04-26', NULL, NULL, '["成果已转化"]'::json, '["软件研究/开发/测试和评估试点BA-8"]'::json, 10014, '["远聚变股份"]'::json, '["东方航宇研究所", "新前沿实验室"]'::json, '[]'::json, '["何雪松宇航", "马文博"]'::json, '["林瑞", "徐强"]'::json, '["针对增材制造领域关键需求立项"]'::json, '突破增材制造关键技术，形成自主可控能力。', '["增材制造理论研究", "增材制造工程化", "增材制造应用验证"]'::json, '["新能源", "增材制造"]'::json, '["2018年完成方案论证", "2019年进入工程研制"]'::json, '成果可应用于相关产业领域。', '["2020-03-12"]'::json, 50.0, 30.0, '重点研发', NULL, 0.711, 0.564, '2026-06-15T12:00:00+00:00', '2026-06-15T12:00:00+00:00');
INSERT INTO project_history (project_id, change_date, change_description, created_at, updated_at) VALUES ('PROJECT_S_7b432ca8220bae57', '2022-11-21', '立项批复', '2026-06-15T12:00:00+00:00', '2026-06-15T12:00:00+00:00');
INSERT INTO project_history (project_id, change_date, change_description, created_at, updated_at) VALUES ('PROJECT_S_7b432ca8220bae57', '2019-01-20', '通过中期评审', '2026-06-15T12:00:00+00:00', '2026-06-15T12:00:00+00:00');
INSERT INTO project_history (project_id, change_date, change_description, created_at, updated_at) VALUES ('PROJECT_S_7b432ca8220bae57', '2019-01-01', '转入工程阶段', '2026-06-15T12:00:00+00:00', '2026-06-15T12:00:00+00:00');
INSERT INTO project_budget (project_id, budget_date, amount, created_at, updated_at) VALUES ('PROJECT_S_7b432ca8220bae57', '2021-05-17', 2000.0, '2026-06-15T12:00:00+00:00', '2026-06-15T12:00:00+00:00');
INSERT INTO project_output (project_id, name_history, formed_at, tech_domains, owner_orgs, related_projects, attachments, created_at, updated_at) VALUES ('PROJECT_S_7b432ca8220bae57', '增材制造关键技术', '2021-07-16', '["新能源", "增材制造"]'::json, '["远聚变股份"]'::json, '[]'::json, '[]'::json, '2026-06-15T12:00:00+00:00', '2026-06-15T12:00:00+00:00');
INSERT INTO entity_change_log (entity_id, entity_type, field, old_value, new_value, method, operator, source_doc_id, reason, changed_at) VALUES ('PROJECT_S_7b432ca8220bae57', 'project', '*', NULL, '{"action": "create"}'::json, 'rule', NULL, 'mock_seed', NULL, '2026-06-15T12:00:00+00:00');
INSERT INTO project_profile (project_id, name_cn, name_en, name_other, tech_domain, sub_tech_domain, start_date, cancel_date, finish_date, status, budget_activities, project_no, main_orgs, undertaking_orgs, undertaking_enterprises, managers, researchers, background, research_goal, research_content, keywords, progress, application_prospect, key_dates, total_budget_million_usd, invested_million_usd, parent_package_name, previous_phase_name, confidence, completeness, created_at, updated_at) VALUES ('PROJECT_S_69cd1fc5deecf337', '["先导可重复使用火箭任务"]'::json, '["Project-015"]'::json, '[]'::json, '["新能源", "自动驾驶"]'::json, '["光电技术", "氢能"]'::json, '2022-12-25', NULL, NULL, '["结束"]'::json, '["先期技术开发BA-3"]'::json, 10015, '["新芯创高科"]'::json, '["东方储能高科"]'::json, '[]'::json, '["唐建华", "马宇航建华"]'::json, '["周桂英峰", "林峰", "吴海燕宇航", "吴明"]'::json, '["针对新能源领域关键需求立项"]'::json, '突破新能源关键技术，形成自主可控能力。', '["新能源理论研究", "新能源工程化", "新能源应用验证"]'::json, '["新能源", "自动驾驶"]'::json, '["2022年完成方案论证", "2023年进入工程研制"]'::json, '成果可应用于相关产业领域。', '["2023-09-03", "2021-12-07"]'::json, 5.0, 30.0, NULL, NULL, 0.773, 0.832, '2026-06-15T12:00:00+00:00', '2026-06-15T12:00:00+00:00');
INSERT INTO project_history (project_id, change_date, change_description, created_at, updated_at) VALUES ('PROJECT_S_69cd1fc5deecf337', '2022-01-25', '立项批复', '2026-06-15T12:00:00+00:00', '2026-06-15T12:00:00+00:00');
INSERT INTO project_history (project_id, change_date, change_description, created_at, updated_at) VALUES ('PROJECT_S_69cd1fc5deecf337', '2021-03-04', '通过中期评审', '2026-06-15T12:00:00+00:00', '2026-06-15T12:00:00+00:00');
INSERT INTO project_history (project_id, change_date, change_description, created_at, updated_at) VALUES ('PROJECT_S_69cd1fc5deecf337', '2020-02-06', '转入工程阶段', '2026-06-15T12:00:00+00:00', '2026-06-15T12:00:00+00:00');
INSERT INTO project_budget (project_id, budget_date, amount, created_at, updated_at) VALUES ('PROJECT_S_69cd1fc5deecf337', '2024-12-25', 2000.0, '2026-06-15T12:00:00+00:00', '2026-06-15T12:00:00+00:00');
INSERT INTO project_budget (project_id, budget_date, amount, created_at, updated_at) VALUES ('PROJECT_S_69cd1fc5deecf337', '2024-10-23', 50.0, '2026-06-15T12:00:00+00:00', '2026-06-15T12:00:00+00:00');
INSERT INTO project_budget (project_id, budget_date, amount, created_at, updated_at) VALUES ('PROJECT_S_69cd1fc5deecf337', '2020-09-24', 800.0, '2026-06-15T12:00:00+00:00', '2026-06-15T12:00:00+00:00');
INSERT INTO project_output (project_id, name_history, formed_at, tech_domains, owner_orgs, related_projects, attachments, created_at, updated_at) VALUES ('PROJECT_S_69cd1fc5deecf337', '新能源成果', '2024-07-20', '["新能源", "自动驾驶"]'::json, '["新芯创高科"]'::json, '[]'::json, '[]'::json, '2026-06-15T12:00:00+00:00', '2026-06-15T12:00:00+00:00');
INSERT INTO project_output (project_id, name_history, formed_at, tech_domains, owner_orgs, related_projects, attachments, created_at, updated_at) VALUES ('PROJECT_S_69cd1fc5deecf337', '新能源成果', '2022-06-16', '["新能源", "自动驾驶"]'::json, '["新芯创高科"]'::json, '[]'::json, '[]'::json, '2026-06-15T12:00:00+00:00', '2026-06-15T12:00:00+00:00');
INSERT INTO project_output (project_id, name_history, formed_at, tech_domains, owner_orgs, related_projects, attachments, created_at, updated_at) VALUES ('PROJECT_S_69cd1fc5deecf337', '新能源关键技术', '2021-01-08', '["新能源", "自动驾驶"]'::json, '["新芯创高科"]'::json, '[]'::json, '[]'::json, '2026-06-15T12:00:00+00:00', '2026-06-15T12:00:00+00:00');
INSERT INTO entity_change_log (entity_id, entity_type, field, old_value, new_value, method, operator, source_doc_id, reason, changed_at) VALUES ('PROJECT_S_69cd1fc5deecf337', 'project', '*', NULL, '{"action": "create"}'::json, 'rule', NULL, 'mock_seed', NULL, '2026-06-15T12:00:00+00:00');
INSERT INTO project_profile (project_id, name_cn, name_en, name_other, tech_domain, sub_tech_domain, start_date, cancel_date, finish_date, status, budget_activities, project_no, main_orgs, undertaking_orgs, undertaking_enterprises, managers, researchers, background, research_goal, research_content, keywords, progress, application_prospect, key_dates, total_budget_million_usd, invested_million_usd, parent_package_name, previous_phase_name, confidence, completeness, created_at, updated_at) VALUES ('PROJECT_S_b67bb64c0117daef', '["先导仿生机械臂专项"]'::json, '["Project-016"]'::json, '[]'::json, '["航空航天", "集成电路"]'::json, '["光电技术", "人工智能"]'::json, '2024-06-10', NULL, NULL, '["进行中"]'::json, '["软件研究/开发/测试和评估试点BA-8"]'::json, 10016, '["东方航宇研究所"]'::json, '["东方芯创股份"]'::json, '[]'::json, '["吴艳伟", "韩艳强"]'::json, '["梁桂英军", "唐建华", "徐强"]'::json, '["针对集成电路领域关键需求立项"]'::json, '突破集成电路关键技术，形成自主可控能力。', '["集成电路理论研究", "集成电路工程化", "集成电路应用验证"]'::json, '["航空航天", "集成电路"]'::json, '["2024年完成方案论证", "2025年进入工程研制"]'::json, '成果可应用于相关产业领域。', '["2021-05-20", "2020-08-22", "2020-06-17"]'::json, 50.0, 2.0, NULL, NULL, 0.877, 0.735, '2026-06-15T12:00:00+00:00', '2026-06-15T12:00:00+00:00');
INSERT INTO project_history (project_id, change_date, change_description, created_at, updated_at) VALUES ('PROJECT_S_b67bb64c0117daef', '2020-10-07', '立项批复', '2026-06-15T12:00:00+00:00', '2026-06-15T12:00:00+00:00');
INSERT INTO project_history (project_id, change_date, change_description, created_at, updated_at) VALUES ('PROJECT_S_b67bb64c0117daef', '2019-12-19', '通过中期评审', '2026-06-15T12:00:00+00:00', '2026-06-15T12:00:00+00:00');
INSERT INTO project_history (project_id, change_date, change_description, created_at, updated_at) VALUES ('PROJECT_S_b67bb64c0117daef', '2019-02-19', '转入工程阶段', '2026-06-15T12:00:00+00:00', '2026-06-15T12:00:00+00:00');
INSERT INTO project_budget (project_id, budget_date, amount, created_at, updated_at) VALUES ('PROJECT_S_b67bb64c0117daef', '2022-02-22', 200.0, '2026-06-15T12:00:00+00:00', '2026-06-15T12:00:00+00:00');
INSERT INTO project_output (project_id, name_history, formed_at, tech_domains, owner_orgs, related_projects, attachments, created_at, updated_at) VALUES ('PROJECT_S_b67bb64c0117daef', '集成电路样机', '2024-03-04', '["航空航天", "集成电路"]'::json, '["东方航宇研究所"]'::json, '[]'::json, '[]'::json, '2026-06-15T12:00:00+00:00', '2026-06-15T12:00:00+00:00');
INSERT INTO project_output (project_id, name_history, formed_at, tech_domains, owner_orgs, related_projects, attachments, created_at, updated_at) VALUES ('PROJECT_S_b67bb64c0117daef', '集成电路关键技术', '2023-10-21', '["航空航天", "集成电路"]'::json, '["东方航宇研究所"]'::json, '[]'::json, '[]'::json, '2026-06-15T12:00:00+00:00', '2026-06-15T12:00:00+00:00');
INSERT INTO project_output (project_id, name_history, formed_at, tech_domains, owner_orgs, related_projects, attachments, created_at, updated_at) VALUES ('PROJECT_S_b67bb64c0117daef', '集成电路样机', '2024-06-03', '["航空航天", "集成电路"]'::json, '["东方航宇研究所"]'::json, '[]'::json, '[]'::json, '2026-06-15T12:00:00+00:00', '2026-06-15T12:00:00+00:00');
INSERT INTO entity_change_log (entity_id, entity_type, field, old_value, new_value, method, operator, source_doc_id, reason, changed_at) VALUES ('PROJECT_S_b67bb64c0117daef', 'project', '*', NULL, '{"action": "create"}'::json, 'rule', NULL, 'mock_seed', NULL, '2026-06-15T12:00:00+00:00');
INSERT INTO project_profile (project_id, name_cn, name_en, name_other, tech_domain, sub_tech_domain, start_date, cancel_date, finish_date, status, budget_activities, project_no, main_orgs, undertaking_orgs, undertaking_enterprises, managers, researchers, background, research_goal, research_content, keywords, progress, application_prospect, key_dates, total_budget_million_usd, invested_million_usd, parent_package_name, previous_phase_name, confidence, completeness, created_at, updated_at) VALUES ('PROJECT_S_83b1f24266e3f319', '["基础mRNA疫苗专项"]'::json, '["Project-017"]'::json, '[]'::json, '["量子计算", "网络安全"]'::json, '["氢能", "深海装备"]'::json, '2018-03-20', NULL, '2018-03-20', '["进行中"]'::json, '["应用技术研究BA-2"]'::json, 10017, '["航天算力工程技术中心"]'::json, '["新芯创高科"]'::json, '[]'::json, '["马文博", "黄勇"]'::json, '["赵昊洋", "张磊"]'::json, '["针对量子计算领域关键需求立项"]'::json, '突破量子计算关键技术，形成自主可控能力。', '["量子计算理论研究", "量子计算工程化", "量子计算应用验证"]'::json, '["量子计算", "网络安全"]'::json, '["2018年完成方案论证", "2019年进入工程研制"]'::json, '成果可应用于相关产业领域。', '["2023-11-04", "2024-09-01", "2021-08-24"]'::json, 50.0, 30.0, '重大专项', NULL, 0.798, 0.575, '2026-06-15T12:00:00+00:00', '2026-06-15T12:00:00+00:00');
INSERT INTO project_history (project_id, change_date, change_description, created_at, updated_at) VALUES ('PROJECT_S_83b1f24266e3f319', '2022-08-14', '立项批复', '2026-06-15T12:00:00+00:00', '2026-06-15T12:00:00+00:00');
INSERT INTO project_history (project_id, change_date, change_description, created_at, updated_at) VALUES ('PROJECT_S_83b1f24266e3f319', '2023-10-10', '通过中期评审', '2026-06-15T12:00:00+00:00', '2026-06-15T12:00:00+00:00');
INSERT INTO project_history (project_id, change_date, change_description, created_at, updated_at) VALUES ('PROJECT_S_83b1f24266e3f319', '2021-07-21', '转入工程阶段', '2026-06-15T12:00:00+00:00', '2026-06-15T12:00:00+00:00');
INSERT INTO project_budget (project_id, budget_date, amount, created_at, updated_at) VALUES ('PROJECT_S_83b1f24266e3f319', '2020-03-04', 200.0, '2026-06-15T12:00:00+00:00', '2026-06-15T12:00:00+00:00');
INSERT INTO project_output (project_id, name_history, formed_at, tech_domains, owner_orgs, related_projects, attachments, created_at, updated_at) VALUES ('PROJECT_S_83b1f24266e3f319', '量子计算成果', '2023-05-01', '["量子计算", "网络安全"]'::json, '["航天算力工程技术中心"]'::json, '[]'::json, '[]'::json, '2026-06-15T12:00:00+00:00', '2026-06-15T12:00:00+00:00');
INSERT INTO project_output (project_id, name_history, formed_at, tech_domains, owner_orgs, related_projects, attachments, created_at, updated_at) VALUES ('PROJECT_S_83b1f24266e3f319', '量子计算关键技术', '2024-06-17', '["量子计算", "网络安全"]'::json, '["航天算力工程技术中心"]'::json, '[]'::json, '[]'::json, '2026-06-15T12:00:00+00:00', '2026-06-15T12:00:00+00:00');
INSERT INTO entity_change_log (entity_id, entity_type, field, old_value, new_value, method, operator, source_doc_id, reason, changed_at) VALUES ('PROJECT_S_83b1f24266e3f319', 'project', '*', NULL, '{"action": "create"}'::json, 'rule', NULL, 'mock_seed', NULL, '2026-06-15T12:00:00+00:00');
INSERT INTO project_profile (project_id, name_cn, name_en, name_other, tech_domain, sub_tech_domain, start_date, cancel_date, finish_date, status, budget_activities, project_no, main_orgs, undertaking_orgs, undertaking_enterprises, managers, researchers, background, research_goal, research_content, keywords, progress, application_prospect, key_dates, total_budget_million_usd, invested_million_usd, parent_package_name, previous_phase_name, confidence, completeness, created_at, updated_at) VALUES ('PROJECT_S_b37f99526460406b', '["重点太赫兹通信课题"]'::json, '["Project-018"]'::json, '[]'::json, '["5G通信", "脑机接口"]'::json, '["人工智能"]'::json, '2019-12-14', NULL, NULL, '["成果已转化"]'::json, '["应用技术研究BA-2"]'::json, 10018, '["远生医工程技术中心"]'::json, '["新脑科学实验室"]'::json, '[]'::json, '["李志强勇", "吴俊杰"]'::json, '["王刚", "梁娟", "郑洋", "谢杰"]'::json, '["针对脑机接口领域关键需求立项"]'::json, '突破脑机接口关键技术，形成自主可控能力。', '["脑机接口理论研究", "脑机接口工程化", "脑机接口应用验证"]'::json, '["5G通信", "脑机接口"]'::json, '["2019年完成方案论证", "2020年进入工程研制"]'::json, '成果可应用于相关产业领域。', '["2022-08-15", "2021-06-14"]'::json, 120.0, 80.0, NULL, NULL, 0.924, 0.868, '2026-06-15T12:00:00+00:00', '2026-06-15T12:00:00+00:00');
INSERT INTO project_history (project_id, change_date, change_description, created_at, updated_at) VALUES ('PROJECT_S_b37f99526460406b', '2022-05-23', '立项批复', '2026-06-15T12:00:00+00:00', '2026-06-15T12:00:00+00:00');
INSERT INTO project_history (project_id, change_date, change_description, created_at, updated_at) VALUES ('PROJECT_S_b37f99526460406b', '2022-07-03', '通过中期评审', '2026-06-15T12:00:00+00:00', '2026-06-15T12:00:00+00:00');
INSERT INTO project_history (project_id, change_date, change_description, created_at, updated_at) VALUES ('PROJECT_S_b37f99526460406b', '2023-05-15', '转入工程阶段', '2026-06-15T12:00:00+00:00', '2026-06-15T12:00:00+00:00');
INSERT INTO project_budget (project_id, budget_date, amount, created_at, updated_at) VALUES ('PROJECT_S_b37f99526460406b', '2020-05-11', 200.0, '2026-06-15T12:00:00+00:00', '2026-06-15T12:00:00+00:00');
INSERT INTO project_output (project_id, name_history, formed_at, tech_domains, owner_orgs, related_projects, attachments, created_at, updated_at) VALUES ('PROJECT_S_b37f99526460406b', '脑机接口成果', '2021-09-21', '["5G通信", "脑机接口"]'::json, '["远生医工程技术中心"]'::json, '[]'::json, '[]'::json, '2026-06-15T12:00:00+00:00', '2026-06-15T12:00:00+00:00');
INSERT INTO project_output (project_id, name_history, formed_at, tech_domains, owner_orgs, related_projects, attachments, created_at, updated_at) VALUES ('PROJECT_S_b37f99526460406b', '脑机接口成果', '2023-12-15', '["5G通信", "脑机接口"]'::json, '["远生医工程技术中心"]'::json, '[]'::json, '[]'::json, '2026-06-15T12:00:00+00:00', '2026-06-15T12:00:00+00:00');
INSERT INTO entity_change_log (entity_id, entity_type, field, old_value, new_value, method, operator, source_doc_id, reason, changed_at) VALUES ('PROJECT_S_b37f99526460406b', 'project', '*', NULL, '{"action": "create"}'::json, 'rule', NULL, 'mock_seed', NULL, '2026-06-15T12:00:00+00:00');
INSERT INTO project_profile (project_id, name_cn, name_en, name_other, tech_domain, sub_tech_domain, start_date, cancel_date, finish_date, status, budget_activities, project_no, main_orgs, undertaking_orgs, undertaking_enterprises, managers, researchers, background, research_goal, research_content, keywords, progress, application_prospect, key_dates, total_budget_million_usd, invested_million_usd, parent_package_name, previous_phase_name, confidence, completeness, created_at, updated_at) VALUES ('PROJECT_S_3885787e1d0e7558', '["重点碳纳米管任务"]'::json, '["Project-019"]'::json, '[]'::json, '["储能", "光电技术"]'::json, '["无人机", "航空航天"]'::json, '2021-05-16', NULL, NULL, '["进行中"]'::json, '["软件研究/开发/测试和评估试点BA-8"]'::json, 10019, '["华生医实验室"]'::json, '["中智算研究院", "东方未来研究院"]'::json, '[]'::json, '["黄勇"]'::json, '["吴昊", "韩涛", "郑洋"]'::json, '["针对光电技术领域关键需求立项"]'::json, '突破光电技术关键技术，形成自主可控能力。', '["光电技术理论研究", "光电技术工程化", "光电技术应用验证"]'::json, '["储能", "光电技术"]'::json, '["2021年完成方案论证", "2022年进入工程研制"]'::json, '成果可应用于相关产业领域。', '["2023-10-05", "2021-11-19", "2023-06-26"]'::json, 20.0, 10.0, NULL, NULL, 0.812, 0.893, '2026-06-15T12:00:00+00:00', '2026-06-15T12:00:00+00:00');
INSERT INTO project_history (project_id, change_date, change_description, created_at, updated_at) VALUES ('PROJECT_S_3885787e1d0e7558', '2024-10-27', '立项批复', '2026-06-15T12:00:00+00:00', '2026-06-15T12:00:00+00:00');
INSERT INTO project_history (project_id, change_date, change_description, created_at, updated_at) VALUES ('PROJECT_S_3885787e1d0e7558', '2021-06-24', '通过中期评审', '2026-06-15T12:00:00+00:00', '2026-06-15T12:00:00+00:00');
INSERT INTO project_history (project_id, change_date, change_description, created_at, updated_at) VALUES ('PROJECT_S_3885787e1d0e7558', '2022-08-16', '转入工程阶段', '2026-06-15T12:00:00+00:00', '2026-06-15T12:00:00+00:00');
INSERT INTO project_budget (project_id, budget_date, amount, created_at, updated_at) VALUES ('PROJECT_S_3885787e1d0e7558', '2020-07-23', 200.0, '2026-06-15T12:00:00+00:00', '2026-06-15T12:00:00+00:00');
INSERT INTO project_budget (project_id, budget_date, amount, created_at, updated_at) VALUES ('PROJECT_S_3885787e1d0e7558', '2024-09-06', 800.0, '2026-06-15T12:00:00+00:00', '2026-06-15T12:00:00+00:00');
INSERT INTO project_budget (project_id, budget_date, amount, created_at, updated_at) VALUES ('PROJECT_S_3885787e1d0e7558', '2021-02-10', 2000.0, '2026-06-15T12:00:00+00:00', '2026-06-15T12:00:00+00:00');
INSERT INTO project_output (project_id, name_history, formed_at, tech_domains, owner_orgs, related_projects, attachments, created_at, updated_at) VALUES ('PROJECT_S_3885787e1d0e7558', '光电技术关键技术', '2024-08-22', '["储能", "光电技术"]'::json, '["华生医实验室"]'::json, '[]'::json, '[]'::json, '2026-06-15T12:00:00+00:00', '2026-06-15T12:00:00+00:00');
INSERT INTO project_output (project_id, name_history, formed_at, tech_domains, owner_orgs, related_projects, attachments, created_at, updated_at) VALUES ('PROJECT_S_3885787e1d0e7558', '光电技术样机', '2024-10-23', '["储能", "光电技术"]'::json, '["华生医实验室"]'::json, '[]'::json, '[]'::json, '2026-06-15T12:00:00+00:00', '2026-06-15T12:00:00+00:00');
INSERT INTO entity_change_log (entity_id, entity_type, field, old_value, new_value, method, operator, source_doc_id, reason, changed_at) VALUES ('PROJECT_S_3885787e1d0e7558', 'project', '*', NULL, '{"action": "create"}'::json, 'rule', NULL, 'mock_seed', NULL, '2026-06-15T12:00:00+00:00');
INSERT INTO project_profile (project_id, name_cn, name_en, name_other, tech_domain, sub_tech_domain, start_date, cancel_date, finish_date, status, budget_activities, project_no, main_orgs, undertaking_orgs, undertaking_enterprises, managers, researchers, background, research_goal, research_content, keywords, progress, application_prospect, key_dates, total_budget_million_usd, invested_million_usd, parent_package_name, previous_phase_name, confidence, completeness, created_at, updated_at) VALUES ('PROJECT_S_4d7ee14a6fb72ced', '["专项毫米波雷达任务"]'::json, '["Project-020"]'::json, '[]'::json, '["航空航天", "大模型"]'::json, '["新材料", "5G通信"]'::json, '2023-04-14', NULL, '2023-04-14', '["进行中"]'::json, '["先期部件研制与样机开发BA-4"]'::json, 10020, '["中聚变研究所"]'::json, '["东方储能集团", "中前沿研究院"]'::json, '[]'::json, '["何艳涛", "吴霞"]'::json, '["韩涛", "徐斌", "高杰", "黄军"]'::json, '["针对大模型领域关键需求立项"]'::json, '突破大模型关键技术，形成自主可控能力。', '["大模型理论研究", "大模型工程化", "大模型应用验证"]'::json, '["航空航天", "大模型"]'::json, '["2023年完成方案论证", "2024年进入工程研制"]'::json, '成果可应用于相关产业领域。', '["2021-05-11", "2022-04-18", "2020-05-04"]'::json, 5.0, 80.0, NULL, NULL, 0.848, 0.765, '2026-06-15T12:00:00+00:00', '2026-06-15T12:00:00+00:00');
INSERT INTO project_history (project_id, change_date, change_description, created_at, updated_at) VALUES ('PROJECT_S_4d7ee14a6fb72ced', '2023-02-03', '立项批复', '2026-06-15T12:00:00+00:00', '2026-06-15T12:00:00+00:00');
INSERT INTO project_history (project_id, change_date, change_description, created_at, updated_at) VALUES ('PROJECT_S_4d7ee14a6fb72ced', '2019-03-07', '通过中期评审', '2026-06-15T12:00:00+00:00', '2026-06-15T12:00:00+00:00');
INSERT INTO project_history (project_id, change_date, change_description, created_at, updated_at) VALUES ('PROJECT_S_4d7ee14a6fb72ced', '2021-08-28', '转入工程阶段', '2026-06-15T12:00:00+00:00', '2026-06-15T12:00:00+00:00');
INSERT INTO project_budget (project_id, budget_date, amount, created_at, updated_at) VALUES ('PROJECT_S_4d7ee14a6fb72ced', '2023-09-28', 800.0, '2026-06-15T12:00:00+00:00', '2026-06-15T12:00:00+00:00');
INSERT INTO project_budget (project_id, budget_date, amount, created_at, updated_at) VALUES ('PROJECT_S_4d7ee14a6fb72ced', '2023-10-22', 200.0, '2026-06-15T12:00:00+00:00', '2026-06-15T12:00:00+00:00');
INSERT INTO project_output (project_id, name_history, formed_at, tech_domains, owner_orgs, related_projects, attachments, created_at, updated_at) VALUES ('PROJECT_S_4d7ee14a6fb72ced', '大模型成果', '2023-12-01', '["航空航天", "大模型"]'::json, '["中聚变研究所"]'::json, '[]'::json, '[]'::json, '2026-06-15T12:00:00+00:00', '2026-06-15T12:00:00+00:00');
INSERT INTO project_output (project_id, name_history, formed_at, tech_domains, owner_orgs, related_projects, attachments, created_at, updated_at) VALUES ('PROJECT_S_4d7ee14a6fb72ced', '大模型样机', '2024-12-15', '["航空航天", "大模型"]'::json, '["中聚变研究所"]'::json, '[]'::json, '[]'::json, '2026-06-15T12:00:00+00:00', '2026-06-15T12:00:00+00:00');
INSERT INTO project_output (project_id, name_history, formed_at, tech_domains, owner_orgs, related_projects, attachments, created_at, updated_at) VALUES ('PROJECT_S_4d7ee14a6fb72ced', '大模型关键技术', '2021-02-10', '["航空航天", "大模型"]'::json, '["中聚变研究所"]'::json, '[]'::json, '[]'::json, '2026-06-15T12:00:00+00:00', '2026-06-15T12:00:00+00:00');
INSERT INTO entity_change_log (entity_id, entity_type, field, old_value, new_value, method, operator, source_doc_id, reason, changed_at) VALUES ('PROJECT_S_4d7ee14a6fb72ced', 'project', '*', NULL, '{"action": "create"}'::json, 'rule', NULL, 'mock_seed', NULL, '2026-06-15T12:00:00+00:00');
INSERT INTO project_profile (project_id, name_cn, name_en, name_other, tech_domain, sub_tech_domain, start_date, cancel_date, finish_date, status, budget_activities, project_no, main_orgs, undertaking_orgs, undertaking_enterprises, managers, researchers, background, research_goal, research_content, keywords, progress, application_prospect, key_dates, total_budget_million_usd, invested_million_usd, parent_package_name, previous_phase_name, confidence, completeness, created_at, updated_at) VALUES ('PROJECT_S_efe08e7a5f61e921', '["应用仿生机械臂课题"]'::json, '["Project-021"]'::json, '[]'::json, '["半导体", "增材制造"]'::json, '["生物医药", "量子计算"]'::json, '2019-05-10', NULL, NULL, '["进行中"]'::json, '["系统开发与演示验证BA-5"]'::json, 10021, '["华氢动实验室"]'::json, '["航天生医高科", "国储能股份"]'::json, '[]'::json, '["吴霞", "唐宇航桂英"]'::json, '["徐晓东", "许明瑞", "邓文博建华"]'::json, '["针对增材制造领域关键需求立项"]'::json, '突破增材制造关键技术，形成自主可控能力。', '["增材制造理论研究", "增材制造工程化", "增材制造应用验证"]'::json, '["半导体", "增材制造"]'::json, '["2019年完成方案论证", "2020年进入工程研制"]'::json, '成果可应用于相关产业领域。', '["2021-02-22", "2022-05-26", "2021-06-14"]'::json, 5.0, 80.0, '重点研发', NULL, 0.943, 0.705, '2026-06-15T12:00:00+00:00', '2026-06-15T12:00:00+00:00');
INSERT INTO project_history (project_id, change_date, change_description, created_at, updated_at) VALUES ('PROJECT_S_efe08e7a5f61e921', '2020-01-16', '立项批复', '2026-06-15T12:00:00+00:00', '2026-06-15T12:00:00+00:00');
INSERT INTO project_history (project_id, change_date, change_description, created_at, updated_at) VALUES ('PROJECT_S_efe08e7a5f61e921', '2020-06-14', '通过中期评审', '2026-06-15T12:00:00+00:00', '2026-06-15T12:00:00+00:00');
INSERT INTO project_history (project_id, change_date, change_description, created_at, updated_at) VALUES ('PROJECT_S_efe08e7a5f61e921', '2024-06-03', '转入工程阶段', '2026-06-15T12:00:00+00:00', '2026-06-15T12:00:00+00:00');
INSERT INTO project_budget (project_id, budget_date, amount, created_at, updated_at) VALUES ('PROJECT_S_efe08e7a5f61e921', '2024-08-25', 50.0, '2026-06-15T12:00:00+00:00', '2026-06-15T12:00:00+00:00');
INSERT INTO project_budget (project_id, budget_date, amount, created_at, updated_at) VALUES ('PROJECT_S_efe08e7a5f61e921', '2024-03-27', 800.0, '2026-06-15T12:00:00+00:00', '2026-06-15T12:00:00+00:00');
INSERT INTO project_budget (project_id, budget_date, amount, created_at, updated_at) VALUES ('PROJECT_S_efe08e7a5f61e921', '2024-12-10', 200.0, '2026-06-15T12:00:00+00:00', '2026-06-15T12:00:00+00:00');
INSERT INTO project_output (project_id, name_history, formed_at, tech_domains, owner_orgs, related_projects, attachments, created_at, updated_at) VALUES ('PROJECT_S_efe08e7a5f61e921', '增材制造成果', '2024-08-01', '["半导体", "增材制造"]'::json, '["华氢动实验室"]'::json, '[]'::json, '[]'::json, '2026-06-15T12:00:00+00:00', '2026-06-15T12:00:00+00:00');
INSERT INTO project_output (project_id, name_history, formed_at, tech_domains, owner_orgs, related_projects, attachments, created_at, updated_at) VALUES ('PROJECT_S_efe08e7a5f61e921', '增材制造关键技术', '2023-03-25', '["半导体", "增材制造"]'::json, '["华氢动实验室"]'::json, '[]'::json, '[]'::json, '2026-06-15T12:00:00+00:00', '2026-06-15T12:00:00+00:00');
INSERT INTO entity_change_log (entity_id, entity_type, field, old_value, new_value, method, operator, source_doc_id, reason, changed_at) VALUES ('PROJECT_S_efe08e7a5f61e921', 'project', '*', NULL, '{"action": "create"}'::json, 'rule', NULL, 'mock_seed', NULL, '2026-06-15T12:00:00+00:00');
INSERT INTO project_profile (project_id, name_cn, name_en, name_other, tech_domain, sub_tech_domain, start_date, cancel_date, finish_date, status, budget_activities, project_no, main_orgs, undertaking_orgs, undertaking_enterprises, managers, researchers, background, research_goal, research_content, keywords, progress, application_prospect, key_dates, total_budget_million_usd, invested_million_usd, parent_package_name, previous_phase_name, confidence, completeness, created_at, updated_at) VALUES ('PROJECT_S_1944b0055f1cdc12', '["前沿卫星星座组网课题"]'::json, '["Project-022"]'::json, '[]'::json, '["航空航天", "卫星互联网"]'::json, '["基因编辑"]'::json, '2018-07-23', NULL, NULL, '["成果已转化"]'::json, '["软件研究/开发/测试和评估试点BA-8"]'::json, 10022, '["北方前沿实验室"]'::json, '["航天算力工程技术中心", "南方脑科学科技"]'::json, '[]'::json, '["曹杰志强", "马磊"]'::json, '["唐刚", "马霞建华", "罗瑞文博", "许昊"]'::json, '["针对航空航天领域关键需求立项"]'::json, '突破航空航天关键技术，形成自主可控能力。', '["航空航天理论研究", "航空航天工程化", "航空航天应用验证"]'::json, '["航空航天", "卫星互联网"]'::json, '["2018年完成方案论证", "2019年进入工程研制"]'::json, '成果可应用于相关产业领域。', '["2021-07-21"]'::json, 120.0, 10.0, NULL, NULL, 0.855, 0.933, '2026-06-15T12:00:00+00:00', '2026-06-15T12:00:00+00:00');
INSERT INTO project_history (project_id, change_date, change_description, created_at, updated_at) VALUES ('PROJECT_S_1944b0055f1cdc12', '2021-01-06', '立项批复', '2026-06-15T12:00:00+00:00', '2026-06-15T12:00:00+00:00');
INSERT INTO project_history (project_id, change_date, change_description, created_at, updated_at) VALUES ('PROJECT_S_1944b0055f1cdc12', '2024-04-04', '通过中期评审', '2026-06-15T12:00:00+00:00', '2026-06-15T12:00:00+00:00');
INSERT INTO project_history (project_id, change_date, change_description, created_at, updated_at) VALUES ('PROJECT_S_1944b0055f1cdc12', '2023-09-17', '转入工程阶段', '2026-06-15T12:00:00+00:00', '2026-06-15T12:00:00+00:00');
INSERT INTO project_budget (project_id, budget_date, amount, created_at, updated_at) VALUES ('PROJECT_S_1944b0055f1cdc12', '2023-01-05', 50.0, '2026-06-15T12:00:00+00:00', '2026-06-15T12:00:00+00:00');
INSERT INTO project_budget (project_id, budget_date, amount, created_at, updated_at) VALUES ('PROJECT_S_1944b0055f1cdc12', '2021-06-12', 200.0, '2026-06-15T12:00:00+00:00', '2026-06-15T12:00:00+00:00');
INSERT INTO project_output (project_id, name_history, formed_at, tech_domains, owner_orgs, related_projects, attachments, created_at, updated_at) VALUES ('PROJECT_S_1944b0055f1cdc12', '航空航天关键技术', '2023-05-25', '["航空航天", "卫星互联网"]'::json, '["北方前沿实验室"]'::json, '[]'::json, '[]'::json, '2026-06-15T12:00:00+00:00', '2026-06-15T12:00:00+00:00');
INSERT INTO project_output (project_id, name_history, formed_at, tech_domains, owner_orgs, related_projects, attachments, created_at, updated_at) VALUES ('PROJECT_S_1944b0055f1cdc12', '航空航天成果', '2023-07-10', '["航空航天", "卫星互联网"]'::json, '["北方前沿实验室"]'::json, '[]'::json, '[]'::json, '2026-06-15T12:00:00+00:00', '2026-06-15T12:00:00+00:00');
INSERT INTO project_output (project_id, name_history, formed_at, tech_domains, owner_orgs, related_projects, attachments, created_at, updated_at) VALUES ('PROJECT_S_1944b0055f1cdc12', '航空航天关键技术', '2021-05-10', '["航空航天", "卫星互联网"]'::json, '["北方前沿实验室"]'::json, '[]'::json, '[]'::json, '2026-06-15T12:00:00+00:00', '2026-06-15T12:00:00+00:00');
INSERT INTO entity_change_log (entity_id, entity_type, field, old_value, new_value, method, operator, source_doc_id, reason, changed_at) VALUES ('PROJECT_S_1944b0055f1cdc12', 'project', '*', NULL, '{"action": "create"}'::json, 'rule', NULL, 'mock_seed', NULL, '2026-06-15T12:00:00+00:00');
INSERT INTO project_profile (project_id, name_cn, name_en, name_other, tech_domain, sub_tech_domain, start_date, cancel_date, finish_date, status, budget_activities, project_no, main_orgs, undertaking_orgs, undertaking_enterprises, managers, researchers, background, research_goal, research_content, keywords, progress, application_prospect, key_dates, total_budget_million_usd, invested_million_usd, parent_package_name, previous_phase_name, confidence, completeness, created_at, updated_at) VALUES ('PROJECT_S_b96c4f528ed32bb0', '["重点基因剪刀工程"]'::json, '["Project-023"]'::json, '[]'::json, '["大模型", "基因编辑"]'::json, '["自动驾驶", "无人机"]'::json, '2023-07-04', NULL, NULL, '["进行中"]'::json, '["先期部件研制与样机开发BA-4"]'::json, 10023, '["航天算力研究院"]'::json, '["华氢动实验室"]'::json, '[]'::json, '["周桂英峰", "林瑞"]'::json, '["黄霞", "刘军"]'::json, '["针对大模型领域关键需求立项"]'::json, '突破大模型关键技术，形成自主可控能力。', '["大模型理论研究", "大模型工程化", "大模型应用验证"]'::json, '["大模型", "基因编辑"]'::json, '["2023年完成方案论证", "2024年进入工程研制"]'::json, '成果可应用于相关产业领域。', '["2024-03-05"]'::json, 5.0, 30.0, NULL, NULL, 0.96, 0.59, '2026-06-15T12:00:00+00:00', '2026-06-15T12:00:00+00:00');
INSERT INTO project_history (project_id, change_date, change_description, created_at, updated_at) VALUES ('PROJECT_S_b96c4f528ed32bb0', '2024-11-21', '立项批复', '2026-06-15T12:00:00+00:00', '2026-06-15T12:00:00+00:00');
INSERT INTO project_history (project_id, change_date, change_description, created_at, updated_at) VALUES ('PROJECT_S_b96c4f528ed32bb0', '2024-04-04', '通过中期评审', '2026-06-15T12:00:00+00:00', '2026-06-15T12:00:00+00:00');
INSERT INTO project_history (project_id, change_date, change_description, created_at, updated_at) VALUES ('PROJECT_S_b96c4f528ed32bb0', '2020-02-03', '转入工程阶段', '2026-06-15T12:00:00+00:00', '2026-06-15T12:00:00+00:00');
INSERT INTO project_budget (project_id, budget_date, amount, created_at, updated_at) VALUES ('PROJECT_S_b96c4f528ed32bb0', '2021-05-16', 800.0, '2026-06-15T12:00:00+00:00', '2026-06-15T12:00:00+00:00');
INSERT INTO project_budget (project_id, budget_date, amount, created_at, updated_at) VALUES ('PROJECT_S_b96c4f528ed32bb0', '2023-02-20', 2000.0, '2026-06-15T12:00:00+00:00', '2026-06-15T12:00:00+00:00');
INSERT INTO project_budget (project_id, budget_date, amount, created_at, updated_at) VALUES ('PROJECT_S_b96c4f528ed32bb0', '2020-11-02', 2000.0, '2026-06-15T12:00:00+00:00', '2026-06-15T12:00:00+00:00');
INSERT INTO project_output (project_id, name_history, formed_at, tech_domains, owner_orgs, related_projects, attachments, created_at, updated_at) VALUES ('PROJECT_S_b96c4f528ed32bb0', '大模型关键技术', '2023-07-06', '["大模型", "基因编辑"]'::json, '["航天算力研究院"]'::json, '[]'::json, '[]'::json, '2026-06-15T12:00:00+00:00', '2026-06-15T12:00:00+00:00');
INSERT INTO entity_change_log (entity_id, entity_type, field, old_value, new_value, method, operator, source_doc_id, reason, changed_at) VALUES ('PROJECT_S_b96c4f528ed32bb0', 'project', '*', NULL, '{"action": "create"}'::json, 'rule', NULL, 'mock_seed', NULL, '2026-06-15T12:00:00+00:00');
INSERT INTO project_profile (project_id, name_cn, name_en, name_other, tech_domain, sub_tech_domain, start_date, cancel_date, finish_date, status, budget_activities, project_no, main_orgs, undertaking_orgs, undertaking_enterprises, managers, researchers, background, research_goal, research_content, keywords, progress, application_prospect, key_dates, total_budget_million_usd, invested_million_usd, parent_package_name, previous_phase_name, confidence, completeness, created_at, updated_at) VALUES ('PROJECT_S_9649f3ebb8408be0', '["先导碳化硅功率器件课题"]'::json, '["Project-024"]'::json, '[]'::json, '["量子计算", "氢能"]'::json, '["生物医药", "新能源"]'::json, '2019-08-09', NULL, NULL, '["成果已转化"]'::json, '["先期技术开发BA-3"]'::json, 10024, '["远脑科学股份"]'::json, '["东方脑科学科技", "航天聚变实验室"]'::json, '[]'::json, '["张海燕"]'::json, '["吴昊", "吴艳伟", "赵平"]'::json, '["针对量子计算领域关键需求立项"]'::json, '突破量子计算关键技术，形成自主可控能力。', '["量子计算理论研究", "量子计算工程化", "量子计算应用验证"]'::json, '["量子计算", "氢能"]'::json, '["2019年完成方案论证", "2020年进入工程研制"]'::json, '成果可应用于相关产业领域。', '["2024-06-08"]'::json, 300.0, 80.0, '重大专项', NULL, 0.779, 0.615, '2026-06-15T12:00:00+00:00', '2026-06-15T12:00:00+00:00');
INSERT INTO project_history (project_id, change_date, change_description, created_at, updated_at) VALUES ('PROJECT_S_9649f3ebb8408be0', '2019-05-07', '立项批复', '2026-06-15T12:00:00+00:00', '2026-06-15T12:00:00+00:00');
INSERT INTO project_history (project_id, change_date, change_description, created_at, updated_at) VALUES ('PROJECT_S_9649f3ebb8408be0', '2021-02-10', '通过中期评审', '2026-06-15T12:00:00+00:00', '2026-06-15T12:00:00+00:00');
INSERT INTO project_history (project_id, change_date, change_description, created_at, updated_at) VALUES ('PROJECT_S_9649f3ebb8408be0', '2020-04-12', '转入工程阶段', '2026-06-15T12:00:00+00:00', '2026-06-15T12:00:00+00:00');
INSERT INTO project_budget (project_id, budget_date, amount, created_at, updated_at) VALUES ('PROJECT_S_9649f3ebb8408be0', '2023-05-08', 2000.0, '2026-06-15T12:00:00+00:00', '2026-06-15T12:00:00+00:00');
INSERT INTO project_budget (project_id, budget_date, amount, created_at, updated_at) VALUES ('PROJECT_S_9649f3ebb8408be0', '2024-10-11', 800.0, '2026-06-15T12:00:00+00:00', '2026-06-15T12:00:00+00:00');
INSERT INTO project_budget (project_id, budget_date, amount, created_at, updated_at) VALUES ('PROJECT_S_9649f3ebb8408be0', '2024-08-09', 800.0, '2026-06-15T12:00:00+00:00', '2026-06-15T12:00:00+00:00');
INSERT INTO project_output (project_id, name_history, formed_at, tech_domains, owner_orgs, related_projects, attachments, created_at, updated_at) VALUES ('PROJECT_S_9649f3ebb8408be0', '量子计算关键技术', '2023-02-08', '["量子计算", "氢能"]'::json, '["远脑科学股份"]'::json, '[]'::json, '[]'::json, '2026-06-15T12:00:00+00:00', '2026-06-15T12:00:00+00:00');
INSERT INTO project_output (project_id, name_history, formed_at, tech_domains, owner_orgs, related_projects, attachments, created_at, updated_at) VALUES ('PROJECT_S_9649f3ebb8408be0', '量子计算成果', '2021-10-13', '["量子计算", "氢能"]'::json, '["远脑科学股份"]'::json, '[]'::json, '[]'::json, '2026-06-15T12:00:00+00:00', '2026-06-15T12:00:00+00:00');
INSERT INTO entity_change_log (entity_id, entity_type, field, old_value, new_value, method, operator, source_doc_id, reason, changed_at) VALUES ('PROJECT_S_9649f3ebb8408be0', 'project', '*', NULL, '{"action": "create"}'::json, 'rule', NULL, 'mock_seed', NULL, '2026-06-15T12:00:00+00:00');
INSERT INTO project_profile (project_id, name_cn, name_en, name_other, tech_domain, sub_tech_domain, start_date, cancel_date, finish_date, status, budget_activities, project_no, main_orgs, undertaking_orgs, undertaking_enterprises, managers, researchers, background, research_goal, research_content, keywords, progress, application_prospect, key_dates, total_budget_million_usd, invested_million_usd, parent_package_name, previous_phase_name, confidence, completeness, created_at, updated_at) VALUES ('PROJECT_S_648bc0dc3dc3ddf4', '["重大mRNA疫苗任务"]'::json, '["Project-025"]'::json, '[]'::json, '["5G通信", "半导体"]'::json, '["集成电路", "网络安全"]'::json, '2020-12-11', NULL, NULL, '["进行中"]'::json, '["应用技术研究BA-2"]'::json, 10025, '["航天储能实验室"]'::json, '["中芯创集团"]'::json, '[]'::json, '["邓斌", "彭雪松"]'::json, '["吴俊杰", "吴明", "吴艳伟"]'::json, '["针对半导体领域关键需求立项"]'::json, '突破半导体关键技术，形成自主可控能力。', '["半导体理论研究", "半导体工程化", "半导体应用验证"]'::json, '["5G通信", "半导体"]'::json, '["2020年完成方案论证", "2021年进入工程研制"]'::json, '成果可应用于相关产业领域。', '["2024-05-27"]'::json, 120.0, 10.0, NULL, NULL, 0.893, 0.709, '2026-06-15T12:00:00+00:00', '2026-06-15T12:00:00+00:00');
INSERT INTO project_history (project_id, change_date, change_description, created_at, updated_at) VALUES ('PROJECT_S_648bc0dc3dc3ddf4', '2020-02-28', '立项批复', '2026-06-15T12:00:00+00:00', '2026-06-15T12:00:00+00:00');
INSERT INTO project_history (project_id, change_date, change_description, created_at, updated_at) VALUES ('PROJECT_S_648bc0dc3dc3ddf4', '2022-04-16', '通过中期评审', '2026-06-15T12:00:00+00:00', '2026-06-15T12:00:00+00:00');
INSERT INTO project_history (project_id, change_date, change_description, created_at, updated_at) VALUES ('PROJECT_S_648bc0dc3dc3ddf4', '2022-07-12', '转入工程阶段', '2026-06-15T12:00:00+00:00', '2026-06-15T12:00:00+00:00');
INSERT INTO project_budget (project_id, budget_date, amount, created_at, updated_at) VALUES ('PROJECT_S_648bc0dc3dc3ddf4', '2024-12-12', 2000.0, '2026-06-15T12:00:00+00:00', '2026-06-15T12:00:00+00:00');
INSERT INTO project_output (project_id, name_history, formed_at, tech_domains, owner_orgs, related_projects, attachments, created_at, updated_at) VALUES ('PROJECT_S_648bc0dc3dc3ddf4', '半导体样机', '2024-03-07', '["5G通信", "半导体"]'::json, '["航天储能实验室"]'::json, '[]'::json, '[]'::json, '2026-06-15T12:00:00+00:00', '2026-06-15T12:00:00+00:00');
INSERT INTO entity_change_log (entity_id, entity_type, field, old_value, new_value, method, operator, source_doc_id, reason, changed_at) VALUES ('PROJECT_S_648bc0dc3dc3ddf4', 'project', '*', NULL, '{"action": "create"}'::json, 'rule', NULL, 'mock_seed', NULL, '2026-06-15T12:00:00+00:00');
INSERT INTO project_profile (project_id, name_cn, name_en, name_other, tech_domain, sub_tech_domain, start_date, cancel_date, finish_date, status, budget_activities, project_no, main_orgs, undertaking_orgs, undertaking_enterprises, managers, researchers, background, research_goal, research_content, keywords, progress, application_prospect, key_dates, total_budget_million_usd, invested_million_usd, parent_package_name, previous_phase_name, confidence, completeness, created_at, updated_at) VALUES ('PROJECT_S_c57bada5956f1f40', '["应用仿生机械臂工程"]'::json, '["Project-026"]'::json, '[]'::json, '["生物医药", "半导体"]'::json, '["生物医药"]'::json, '2024-04-14', NULL, '2024-04-14', '["进行中"]'::json, '["先期技术开发BA-3"]'::json, 10026, '["东方基因股份"]'::json, '["国航宇高科", "北方储能科技"]'::json, '[]'::json, '["李娟杰"]'::json, '["梁桂英军", "邓文博建华", "张俊杰超"]'::json, '["针对生物医药领域关键需求立项"]'::json, '突破生物医药关键技术，形成自主可控能力。', '["生物医药理论研究", "生物医药工程化", "生物医药应用验证"]'::json, '["生物医药", "半导体"]'::json, '["2024年完成方案论证", "2025年进入工程研制"]'::json, '成果可应用于相关产业领域。', '["2024-10-28", "2020-08-25"]'::json, 50.0, 80.0, '重点研发', NULL, 0.734, 0.592, '2026-06-15T12:00:00+00:00', '2026-06-15T12:00:00+00:00');
INSERT INTO project_history (project_id, change_date, change_description, created_at, updated_at) VALUES ('PROJECT_S_c57bada5956f1f40', '2019-10-27', '立项批复', '2026-06-15T12:00:00+00:00', '2026-06-15T12:00:00+00:00');
INSERT INTO project_history (project_id, change_date, change_description, created_at, updated_at) VALUES ('PROJECT_S_c57bada5956f1f40', '2021-03-26', '通过中期评审', '2026-06-15T12:00:00+00:00', '2026-06-15T12:00:00+00:00');
INSERT INTO project_history (project_id, change_date, change_description, created_at, updated_at) VALUES ('PROJECT_S_c57bada5956f1f40', '2024-07-03', '转入工程阶段', '2026-06-15T12:00:00+00:00', '2026-06-15T12:00:00+00:00');
INSERT INTO project_budget (project_id, budget_date, amount, created_at, updated_at) VALUES ('PROJECT_S_c57bada5956f1f40', '2021-03-16', 50.0, '2026-06-15T12:00:00+00:00', '2026-06-15T12:00:00+00:00');
INSERT INTO project_budget (project_id, budget_date, amount, created_at, updated_at) VALUES ('PROJECT_S_c57bada5956f1f40', '2021-04-09', 50.0, '2026-06-15T12:00:00+00:00', '2026-06-15T12:00:00+00:00');
INSERT INTO project_budget (project_id, budget_date, amount, created_at, updated_at) VALUES ('PROJECT_S_c57bada5956f1f40', '2022-10-16', 800.0, '2026-06-15T12:00:00+00:00', '2026-06-15T12:00:00+00:00');
INSERT INTO project_output (project_id, name_history, formed_at, tech_domains, owner_orgs, related_projects, attachments, created_at, updated_at) VALUES ('PROJECT_S_c57bada5956f1f40', '生物医药关键技术', '2023-04-02', '["生物医药", "半导体"]'::json, '["东方基因股份"]'::json, '[]'::json, '[]'::json, '2026-06-15T12:00:00+00:00', '2026-06-15T12:00:00+00:00');
INSERT INTO project_output (project_id, name_history, formed_at, tech_domains, owner_orgs, related_projects, attachments, created_at, updated_at) VALUES ('PROJECT_S_c57bada5956f1f40', '生物医药关键技术', '2022-09-26', '["生物医药", "半导体"]'::json, '["东方基因股份"]'::json, '[]'::json, '[]'::json, '2026-06-15T12:00:00+00:00', '2026-06-15T12:00:00+00:00');
INSERT INTO project_output (project_id, name_history, formed_at, tech_domains, owner_orgs, related_projects, attachments, created_at, updated_at) VALUES ('PROJECT_S_c57bada5956f1f40', '生物医药关键技术', '2021-04-19', '["生物医药", "半导体"]'::json, '["东方基因股份"]'::json, '[]'::json, '[]'::json, '2026-06-15T12:00:00+00:00', '2026-06-15T12:00:00+00:00');
INSERT INTO entity_change_log (entity_id, entity_type, field, old_value, new_value, method, operator, source_doc_id, reason, changed_at) VALUES ('PROJECT_S_c57bada5956f1f40', 'project', '*', NULL, '{"action": "create"}'::json, 'rule', NULL, 'mock_seed', NULL, '2026-06-15T12:00:00+00:00');
INSERT INTO project_profile (project_id, name_cn, name_en, name_other, tech_domain, sub_tech_domain, start_date, cancel_date, finish_date, status, budget_activities, project_no, main_orgs, undertaking_orgs, undertaking_enterprises, managers, researchers, background, research_goal, research_content, keywords, progress, application_prospect, key_dates, total_budget_million_usd, invested_million_usd, parent_package_name, previous_phase_name, confidence, completeness, created_at, updated_at) VALUES ('PROJECT_S_b1fd4ccb4b11abd0', '["先导氢燃料电池电堆任务"]'::json, '["Project-027"]'::json, '[]'::json, '["网络安全"]'::json, '["储能", "脑机接口"]'::json, '2022-09-17', NULL, NULL, '["成果已转化"]'::json, '["软件研究/开发/测试和评估试点BA-8"]'::json, 10027, '["航天算力工程技术中心"]'::json, '["中光电实验室", "远聚变股份"]'::json, '[]'::json, '["彭娟瑞"]'::json, '["王娟", "郭娟雪松", "朱宁", "周刚斌"]'::json, '["针对网络安全领域关键需求立项"]'::json, '突破网络安全关键技术，形成自主可控能力。', '["网络安全理论研究", "网络安全工程化", "网络安全应用验证"]'::json, '["网络安全"]'::json, '["2022年完成方案论证", "2023年进入工程研制"]'::json, '成果可应用于相关产业领域。', '["2022-07-25", "2024-04-21", "2023-12-13"]'::json, 5.0, 2.0, NULL, NULL, 0.968, 0.79, '2026-06-15T12:00:00+00:00', '2026-06-15T12:00:00+00:00');
INSERT INTO project_history (project_id, change_date, change_description, created_at, updated_at) VALUES ('PROJECT_S_b1fd4ccb4b11abd0', '2024-07-18', '立项批复', '2026-06-15T12:00:00+00:00', '2026-06-15T12:00:00+00:00');
INSERT INTO project_history (project_id, change_date, change_description, created_at, updated_at) VALUES ('PROJECT_S_b1fd4ccb4b11abd0', '2022-05-19', '通过中期评审', '2026-06-15T12:00:00+00:00', '2026-06-15T12:00:00+00:00');
INSERT INTO project_history (project_id, change_date, change_description, created_at, updated_at) VALUES ('PROJECT_S_b1fd4ccb4b11abd0', '2021-04-06', '转入工程阶段', '2026-06-15T12:00:00+00:00', '2026-06-15T12:00:00+00:00');
INSERT INTO project_budget (project_id, budget_date, amount, created_at, updated_at) VALUES ('PROJECT_S_b1fd4ccb4b11abd0', '2020-02-16', 50.0, '2026-06-15T12:00:00+00:00', '2026-06-15T12:00:00+00:00');
INSERT INTO project_budget (project_id, budget_date, amount, created_at, updated_at) VALUES ('PROJECT_S_b1fd4ccb4b11abd0', '2022-06-05', 200.0, '2026-06-15T12:00:00+00:00', '2026-06-15T12:00:00+00:00');
INSERT INTO project_output (project_id, name_history, formed_at, tech_domains, owner_orgs, related_projects, attachments, created_at, updated_at) VALUES ('PROJECT_S_b1fd4ccb4b11abd0', '网络安全样机', '2023-12-08', '["网络安全"]'::json, '["航天算力工程技术中心"]'::json, '[]'::json, '[]'::json, '2026-06-15T12:00:00+00:00', '2026-06-15T12:00:00+00:00');
INSERT INTO project_output (project_id, name_history, formed_at, tech_domains, owner_orgs, related_projects, attachments, created_at, updated_at) VALUES ('PROJECT_S_b1fd4ccb4b11abd0', '网络安全成果', '2022-09-06', '["网络安全"]'::json, '["航天算力工程技术中心"]'::json, '[]'::json, '[]'::json, '2026-06-15T12:00:00+00:00', '2026-06-15T12:00:00+00:00');
INSERT INTO entity_change_log (entity_id, entity_type, field, old_value, new_value, method, operator, source_doc_id, reason, changed_at) VALUES ('PROJECT_S_b1fd4ccb4b11abd0', 'project', '*', NULL, '{"action": "create"}'::json, 'rule', NULL, 'mock_seed', NULL, '2026-06-15T12:00:00+00:00');
INSERT INTO project_profile (project_id, name_cn, name_en, name_other, tech_domain, sub_tech_domain, start_date, cancel_date, finish_date, status, budget_activities, project_no, main_orgs, undertaking_orgs, undertaking_enterprises, managers, researchers, background, research_goal, research_content, keywords, progress, application_prospect, key_dates, total_budget_million_usd, invested_million_usd, parent_package_name, previous_phase_name, confidence, completeness, created_at, updated_at) VALUES ('PROJECT_S_8aecd3a9452dee89', '["应用量子纠错码任务"]'::json, '["Project-028"]'::json, '[]'::json, '["航空航天", "碳捕集"]'::json, '["网络安全"]'::json, '2020-10-01', NULL, NULL, '["结束"]'::json, '["应用技术研究BA-2"]'::json, 10028, '["中科未来集团"]'::json, '["国航宇高科", "远脑科学股份"]'::json, '[]'::json, '["李昊强"]'::json, '["吴明", "谢伟"]'::json, '["针对航空航天领域关键需求立项"]'::json, '突破航空航天关键技术，形成自主可控能力。', '["航空航天理论研究", "航空航天工程化", "航空航天应用验证"]'::json, '["航空航天", "碳捕集"]'::json, '["2020年完成方案论证", "2021年进入工程研制"]'::json, '成果可应用于相关产业领域。', '["2022-08-20", "2021-07-06", "2022-11-16"]'::json, 120.0, 80.0, NULL, NULL, 0.91, 0.745, '2026-06-15T12:00:00+00:00', '2026-06-15T12:00:00+00:00');
INSERT INTO project_history (project_id, change_date, change_description, created_at, updated_at) VALUES ('PROJECT_S_8aecd3a9452dee89', '2020-12-05', '立项批复', '2026-06-15T12:00:00+00:00', '2026-06-15T12:00:00+00:00');
INSERT INTO project_history (project_id, change_date, change_description, created_at, updated_at) VALUES ('PROJECT_S_8aecd3a9452dee89', '2022-06-17', '通过中期评审', '2026-06-15T12:00:00+00:00', '2026-06-15T12:00:00+00:00');
INSERT INTO project_history (project_id, change_date, change_description, created_at, updated_at) VALUES ('PROJECT_S_8aecd3a9452dee89', '2024-12-01', '转入工程阶段', '2026-06-15T12:00:00+00:00', '2026-06-15T12:00:00+00:00');
INSERT INTO project_budget (project_id, budget_date, amount, created_at, updated_at) VALUES ('PROJECT_S_8aecd3a9452dee89', '2022-07-01', 50.0, '2026-06-15T12:00:00+00:00', '2026-06-15T12:00:00+00:00');
INSERT INTO project_output (project_id, name_history, formed_at, tech_domains, owner_orgs, related_projects, attachments, created_at, updated_at) VALUES ('PROJECT_S_8aecd3a9452dee89', '航空航天样机', '2022-05-14', '["航空航天", "碳捕集"]'::json, '["中科未来集团"]'::json, '[]'::json, '[]'::json, '2026-06-15T12:00:00+00:00', '2026-06-15T12:00:00+00:00');
INSERT INTO project_output (project_id, name_history, formed_at, tech_domains, owner_orgs, related_projects, attachments, created_at, updated_at) VALUES ('PROJECT_S_8aecd3a9452dee89', '航空航天成果', '2021-08-11', '["航空航天", "碳捕集"]'::json, '["中科未来集团"]'::json, '[]'::json, '[]'::json, '2026-06-15T12:00:00+00:00', '2026-06-15T12:00:00+00:00');
INSERT INTO project_output (project_id, name_history, formed_at, tech_domains, owner_orgs, related_projects, attachments, created_at, updated_at) VALUES ('PROJECT_S_8aecd3a9452dee89', '航空航天关键技术', '2022-12-12', '["航空航天", "碳捕集"]'::json, '["中科未来集团"]'::json, '[]'::json, '[]'::json, '2026-06-15T12:00:00+00:00', '2026-06-15T12:00:00+00:00');
INSERT INTO entity_change_log (entity_id, entity_type, field, old_value, new_value, method, operator, source_doc_id, reason, changed_at) VALUES ('PROJECT_S_8aecd3a9452dee89', 'project', '*', NULL, '{"action": "create"}'::json, 'rule', NULL, 'mock_seed', NULL, '2026-06-15T12:00:00+00:00');
INSERT INTO project_profile (project_id, name_cn, name_en, name_other, tech_domain, sub_tech_domain, start_date, cancel_date, finish_date, status, budget_activities, project_no, main_orgs, undertaking_orgs, undertaking_enterprises, managers, researchers, background, research_goal, research_content, keywords, progress, application_prospect, key_dates, total_budget_million_usd, invested_million_usd, parent_package_name, previous_phase_name, confidence, completeness, created_at, updated_at) VALUES ('PROJECT_S_c700feb8d5c52602', '["专项氢燃料电池电堆课题"]'::json, '["Project-029"]'::json, '[]'::json, '["脑机接口", "半导体"]'::json, '["自动驾驶"]'::json, '2020-01-13', NULL, NULL, '["成果已转化"]'::json, '["基础技术研究BA-1"]'::json, 10029, '["新基因高科"]'::json, '["航天算力工程技术中心", "远聚变股份"]'::json, '[]'::json, '["王娟刚"]'::json, '["马海燕刚", "赵平"]'::json, '["针对脑机接口领域关键需求立项"]'::json, '突破脑机接口关键技术，形成自主可控能力。', '["脑机接口理论研究", "脑机接口工程化", "脑机接口应用验证"]'::json, '["脑机接口", "半导体"]'::json, '["2020年完成方案论证", "2021年进入工程研制"]'::json, '成果可应用于相关产业领域。', '["2024-08-20"]'::json, 5.0, 10.0, NULL, NULL, 0.755, 0.659, '2026-06-15T12:00:00+00:00', '2026-06-15T12:00:00+00:00');
INSERT INTO project_history (project_id, change_date, change_description, created_at, updated_at) VALUES ('PROJECT_S_c700feb8d5c52602', '2021-10-09', '立项批复', '2026-06-15T12:00:00+00:00', '2026-06-15T12:00:00+00:00');
INSERT INTO project_history (project_id, change_date, change_description, created_at, updated_at) VALUES ('PROJECT_S_c700feb8d5c52602', '2020-10-14', '通过中期评审', '2026-06-15T12:00:00+00:00', '2026-06-15T12:00:00+00:00');
INSERT INTO project_history (project_id, change_date, change_description, created_at, updated_at) VALUES ('PROJECT_S_c700feb8d5c52602', '2023-12-04', '转入工程阶段', '2026-06-15T12:00:00+00:00', '2026-06-15T12:00:00+00:00');
INSERT INTO project_budget (project_id, budget_date, amount, created_at, updated_at) VALUES ('PROJECT_S_c700feb8d5c52602', '2021-12-25', 800.0, '2026-06-15T12:00:00+00:00', '2026-06-15T12:00:00+00:00');
INSERT INTO project_budget (project_id, budget_date, amount, created_at, updated_at) VALUES ('PROJECT_S_c700feb8d5c52602', '2020-11-04', 2000.0, '2026-06-15T12:00:00+00:00', '2026-06-15T12:00:00+00:00');
INSERT INTO project_budget (project_id, budget_date, amount, created_at, updated_at) VALUES ('PROJECT_S_c700feb8d5c52602', '2022-08-03', 2000.0, '2026-06-15T12:00:00+00:00', '2026-06-15T12:00:00+00:00');
INSERT INTO project_output (project_id, name_history, formed_at, tech_domains, owner_orgs, related_projects, attachments, created_at, updated_at) VALUES ('PROJECT_S_c700feb8d5c52602', '脑机接口关键技术', '2023-06-28', '["脑机接口", "半导体"]'::json, '["新基因高科"]'::json, '[]'::json, '[]'::json, '2026-06-15T12:00:00+00:00', '2026-06-15T12:00:00+00:00');
INSERT INTO entity_change_log (entity_id, entity_type, field, old_value, new_value, method, operator, source_doc_id, reason, changed_at) VALUES ('PROJECT_S_c700feb8d5c52602', 'project', '*', NULL, '{"action": "create"}'::json, 'rule', NULL, 'mock_seed', NULL, '2026-06-15T12:00:00+00:00');
INSERT INTO project_profile (project_id, name_cn, name_en, name_other, tech_domain, sub_tech_domain, start_date, cancel_date, finish_date, status, budget_activities, project_no, main_orgs, undertaking_orgs, undertaking_enterprises, managers, researchers, background, research_goal, research_content, keywords, progress, application_prospect, key_dates, total_budget_million_usd, invested_million_usd, parent_package_name, previous_phase_name, confidence, completeness, created_at, updated_at) VALUES ('PROJECT_S_1f9300ecb2c2218a', '["应用金属3D打印专项"]'::json, '["Project-030"]'::json, '[]'::json, '["氢能", "深海装备"]'::json, '["5G通信"]'::json, '2022-02-03', NULL, NULL, '["成果已转化"]'::json, '["基础技术研究BA-1"]'::json, 10030, '["航天脑科学高科"]'::json, '["华生医实验室", "航天算力研究院"]'::json, '[]'::json, '["赵平"]'::json, '["吴俊杰", "唐宇航桂英", "胡晓东"]'::json, '["针对氢能领域关键需求立项"]'::json, '突破氢能关键技术，形成自主可控能力。', '["氢能理论研究", "氢能工程化", "氢能应用验证"]'::json, '["氢能", "深海装备"]'::json, '["2022年完成方案论证", "2023年进入工程研制"]'::json, '成果可应用于相关产业领域。', '["2021-04-25", "2023-09-12", "2023-04-03"]'::json, 300.0, 10.0, NULL, NULL, 0.842, 0.775, '2026-06-15T12:00:00+00:00', '2026-06-15T12:00:00+00:00');
INSERT INTO project_history (project_id, change_date, change_description, created_at, updated_at) VALUES ('PROJECT_S_1f9300ecb2c2218a', '2024-04-19', '立项批复', '2026-06-15T12:00:00+00:00', '2026-06-15T12:00:00+00:00');
INSERT INTO project_history (project_id, change_date, change_description, created_at, updated_at) VALUES ('PROJECT_S_1f9300ecb2c2218a', '2021-04-26', '通过中期评审', '2026-06-15T12:00:00+00:00', '2026-06-15T12:00:00+00:00');
INSERT INTO project_history (project_id, change_date, change_description, created_at, updated_at) VALUES ('PROJECT_S_1f9300ecb2c2218a', '2021-07-16', '转入工程阶段', '2026-06-15T12:00:00+00:00', '2026-06-15T12:00:00+00:00');
INSERT INTO project_budget (project_id, budget_date, amount, created_at, updated_at) VALUES ('PROJECT_S_1f9300ecb2c2218a', '2023-12-08', 800.0, '2026-06-15T12:00:00+00:00', '2026-06-15T12:00:00+00:00');
INSERT INTO project_output (project_id, name_history, formed_at, tech_domains, owner_orgs, related_projects, attachments, created_at, updated_at) VALUES ('PROJECT_S_1f9300ecb2c2218a', '氢能成果', '2021-09-06', '["氢能", "深海装备"]'::json, '["航天脑科学高科"]'::json, '[]'::json, '[]'::json, '2026-06-15T12:00:00+00:00', '2026-06-15T12:00:00+00:00');
INSERT INTO project_output (project_id, name_history, formed_at, tech_domains, owner_orgs, related_projects, attachments, created_at, updated_at) VALUES ('PROJECT_S_1f9300ecb2c2218a', '氢能关键技术', '2024-12-12', '["氢能", "深海装备"]'::json, '["航天脑科学高科"]'::json, '[]'::json, '[]'::json, '2026-06-15T12:00:00+00:00', '2026-06-15T12:00:00+00:00');
INSERT INTO entity_change_log (entity_id, entity_type, field, old_value, new_value, method, operator, source_doc_id, reason, changed_at) VALUES ('PROJECT_S_1f9300ecb2c2218a', 'project', '*', NULL, '{"action": "create"}'::json, 'rule', NULL, 'mock_seed', NULL, '2026-06-15T12:00:00+00:00');
INSERT INTO project_profile (project_id, name_cn, name_en, name_other, tech_domain, sub_tech_domain, start_date, cancel_date, finish_date, status, budget_activities, project_no, main_orgs, undertaking_orgs, undertaking_enterprises, managers, researchers, background, research_goal, research_content, keywords, progress, application_prospect, key_dates, total_budget_million_usd, invested_million_usd, parent_package_name, previous_phase_name, confidence, completeness, created_at, updated_at) VALUES ('PROJECT_S_892689a9fe5fcd06', '["前沿固态电池计划"]'::json, '["Project-031"]'::json, '[]'::json, '["航空航天", "储能"]'::json, '["自动驾驶", "储能"]'::json, '2021-07-19', NULL, NULL, '["结束"]'::json, '["系统开发与演示验证BA-5"]'::json, 10031, '["东方量子科技"]'::json, '["中前沿研究所"]'::json, '[]'::json, '["吴海燕宇航"]'::json, '["王刚", "彭雪松", "黄军", "唐刚"]'::json, '["针对储能领域关键需求立项"]'::json, '突破储能关键技术，形成自主可控能力。', '["储能理论研究", "储能工程化", "储能应用验证"]'::json, '["航空航天", "储能"]'::json, '["2021年完成方案论证", "2022年进入工程研制"]'::json, '成果可应用于相关产业领域。', '["2020-01-14", "2021-05-15"]'::json, 20.0, 10.0, '重大专项', NULL, 0.931, 0.858, '2026-06-15T12:00:00+00:00', '2026-06-15T12:00:00+00:00');
INSERT INTO project_history (project_id, change_date, change_description, created_at, updated_at) VALUES ('PROJECT_S_892689a9fe5fcd06', '2024-09-11', '立项批复', '2026-06-15T12:00:00+00:00', '2026-06-15T12:00:00+00:00');
INSERT INTO project_history (project_id, change_date, change_description, created_at, updated_at) VALUES ('PROJECT_S_892689a9fe5fcd06', '2020-12-08', '通过中期评审', '2026-06-15T12:00:00+00:00', '2026-06-15T12:00:00+00:00');
INSERT INTO project_history (project_id, change_date, change_description, created_at, updated_at) VALUES ('PROJECT_S_892689a9fe5fcd06', '2024-09-10', '转入工程阶段', '2026-06-15T12:00:00+00:00', '2026-06-15T12:00:00+00:00');
INSERT INTO project_budget (project_id, budget_date, amount, created_at, updated_at) VALUES ('PROJECT_S_892689a9fe5fcd06', '2020-09-23', 50.0, '2026-06-15T12:00:00+00:00', '2026-06-15T12:00:00+00:00');
INSERT INTO project_budget (project_id, budget_date, amount, created_at, updated_at) VALUES ('PROJECT_S_892689a9fe5fcd06', '2024-10-25', 2000.0, '2026-06-15T12:00:00+00:00', '2026-06-15T12:00:00+00:00');
INSERT INTO project_budget (project_id, budget_date, amount, created_at, updated_at) VALUES ('PROJECT_S_892689a9fe5fcd06', '2023-04-23', 50.0, '2026-06-15T12:00:00+00:00', '2026-06-15T12:00:00+00:00');
INSERT INTO project_output (project_id, name_history, formed_at, tech_domains, owner_orgs, related_projects, attachments, created_at, updated_at) VALUES ('PROJECT_S_892689a9fe5fcd06', '储能关键技术', '2021-10-11', '["航空航天", "储能"]'::json, '["东方量子科技"]'::json, '[]'::json, '[]'::json, '2026-06-15T12:00:00+00:00', '2026-06-15T12:00:00+00:00');
INSERT INTO project_output (project_id, name_history, formed_at, tech_domains, owner_orgs, related_projects, attachments, created_at, updated_at) VALUES ('PROJECT_S_892689a9fe5fcd06', '储能样机', '2024-12-09', '["航空航天", "储能"]'::json, '["东方量子科技"]'::json, '[]'::json, '[]'::json, '2026-06-15T12:00:00+00:00', '2026-06-15T12:00:00+00:00');
INSERT INTO project_output (project_id, name_history, formed_at, tech_domains, owner_orgs, related_projects, attachments, created_at, updated_at) VALUES ('PROJECT_S_892689a9fe5fcd06', '储能样机', '2024-04-17', '["航空航天", "储能"]'::json, '["东方量子科技"]'::json, '[]'::json, '[]'::json, '2026-06-15T12:00:00+00:00', '2026-06-15T12:00:00+00:00');
INSERT INTO entity_change_log (entity_id, entity_type, field, old_value, new_value, method, operator, source_doc_id, reason, changed_at) VALUES ('PROJECT_S_892689a9fe5fcd06', 'project', '*', NULL, '{"action": "create"}'::json, 'rule', NULL, 'mock_seed', NULL, '2026-06-15T12:00:00+00:00');
INSERT INTO project_profile (project_id, name_cn, name_en, name_other, tech_domain, sub_tech_domain, start_date, cancel_date, finish_date, status, budget_activities, project_no, main_orgs, undertaking_orgs, undertaking_enterprises, managers, researchers, background, research_goal, research_content, keywords, progress, application_prospect, key_dates, total_budget_million_usd, invested_million_usd, parent_package_name, previous_phase_name, confidence, completeness, created_at, updated_at) VALUES ('PROJECT_S_67ed2a549cc5547a', '["应用太赫兹通信课题"]'::json, '["Project-032"]'::json, '[]'::json, '["生物医药", "5G通信"]'::json, '["氢能", "无人机"]'::json, '2022-01-01', NULL, NULL, '["结束"]'::json, '["系统开发与演示验证BA-5"]'::json, 10032, '["北方量子工程技术中心"]'::json, '["远未来实验室"]'::json, '[]'::json, '["马宇航建华", "周强"]'::json, '["邓艳志强", "马霞建华", "韩勇斌"]'::json, '["针对5G通信领域关键需求立项"]'::json, '突破5G通信关键技术，形成自主可控能力。', '["5G通信理论研究", "5G通信工程化", "5G通信应用验证"]'::json, '["生物医药", "5G通信"]'::json, '["2022年完成方案论证", "2023年进入工程研制"]'::json, '成果可应用于相关产业领域。', '["2020-03-01", "2020-08-28", "2020-07-27"]'::json, 120.0, 2.0, '重点研发', NULL, 0.934, 0.69, '2026-06-15T12:00:00+00:00', '2026-06-15T12:00:00+00:00');
INSERT INTO project_history (project_id, change_date, change_description, created_at, updated_at) VALUES ('PROJECT_S_67ed2a549cc5547a', '2022-04-06', '立项批复', '2026-06-15T12:00:00+00:00', '2026-06-15T12:00:00+00:00');
INSERT INTO project_history (project_id, change_date, change_description, created_at, updated_at) VALUES ('PROJECT_S_67ed2a549cc5547a', '2020-05-15', '通过中期评审', '2026-06-15T12:00:00+00:00', '2026-06-15T12:00:00+00:00');
INSERT INTO project_history (project_id, change_date, change_description, created_at, updated_at) VALUES ('PROJECT_S_67ed2a549cc5547a', '2021-11-19', '转入工程阶段', '2026-06-15T12:00:00+00:00', '2026-06-15T12:00:00+00:00');
INSERT INTO project_budget (project_id, budget_date, amount, created_at, updated_at) VALUES ('PROJECT_S_67ed2a549cc5547a', '2023-10-09', 800.0, '2026-06-15T12:00:00+00:00', '2026-06-15T12:00:00+00:00');
INSERT INTO project_budget (project_id, budget_date, amount, created_at, updated_at) VALUES ('PROJECT_S_67ed2a549cc5547a', '2021-03-27', 800.0, '2026-06-15T12:00:00+00:00', '2026-06-15T12:00:00+00:00');
INSERT INTO project_budget (project_id, budget_date, amount, created_at, updated_at) VALUES ('PROJECT_S_67ed2a549cc5547a', '2021-05-10', 2000.0, '2026-06-15T12:00:00+00:00', '2026-06-15T12:00:00+00:00');
INSERT INTO project_output (project_id, name_history, formed_at, tech_domains, owner_orgs, related_projects, attachments, created_at, updated_at) VALUES ('PROJECT_S_67ed2a549cc5547a', '5G通信成果', '2024-07-02', '["生物医药", "5G通信"]'::json, '["北方量子工程技术中心"]'::json, '[]'::json, '[]'::json, '2026-06-15T12:00:00+00:00', '2026-06-15T12:00:00+00:00');
INSERT INTO project_output (project_id, name_history, formed_at, tech_domains, owner_orgs, related_projects, attachments, created_at, updated_at) VALUES ('PROJECT_S_67ed2a549cc5547a', '5G通信关键技术', '2022-08-12', '["生物医药", "5G通信"]'::json, '["北方量子工程技术中心"]'::json, '[]'::json, '[]'::json, '2026-06-15T12:00:00+00:00', '2026-06-15T12:00:00+00:00');
INSERT INTO entity_change_log (entity_id, entity_type, field, old_value, new_value, method, operator, source_doc_id, reason, changed_at) VALUES ('PROJECT_S_67ed2a549cc5547a', 'project', '*', NULL, '{"action": "create"}'::json, 'rule', NULL, 'mock_seed', NULL, '2026-06-15T12:00:00+00:00');
INSERT INTO project_profile (project_id, name_cn, name_en, name_other, tech_domain, sub_tech_domain, start_date, cancel_date, finish_date, status, budget_activities, project_no, main_orgs, undertaking_orgs, undertaking_enterprises, managers, researchers, background, research_goal, research_content, keywords, progress, application_prospect, key_dates, total_budget_million_usd, invested_million_usd, parent_package_name, previous_phase_name, confidence, completeness, created_at, updated_at) VALUES ('PROJECT_S_6f569d6f7685ab99', '["专项自动驾驶域控制器专项"]'::json, '["Project-033"]'::json, '[]'::json, '["6G通信", "半导体"]'::json, '["量子计算"]'::json, '2019-11-09', NULL, NULL, '["进行中"]'::json, '["先期部件研制与样机开发BA-4"]'::json, 10033, '["国未来研究院"]'::json, '["新基因实验室"]'::json, '[]'::json, '["张桂英", "韩勇"]'::json, '["邓艳志强", "黄娟"]'::json, '["针对半导体领域关键需求立项"]'::json, '突破半导体关键技术，形成自主可控能力。', '["半导体理论研究", "半导体工程化", "半导体应用验证"]'::json, '["6G通信", "半导体"]'::json, '["2019年完成方案论证", "2020年进入工程研制"]'::json, '成果可应用于相关产业领域。', '["2021-11-09"]'::json, 20.0, 2.0, '重大专项', NULL, 0.961, 0.669, '2026-06-15T12:00:00+00:00', '2026-06-15T12:00:00+00:00');
INSERT INTO project_history (project_id, change_date, change_description, created_at, updated_at) VALUES ('PROJECT_S_6f569d6f7685ab99', '2022-09-01', '立项批复', '2026-06-15T12:00:00+00:00', '2026-06-15T12:00:00+00:00');
INSERT INTO project_history (project_id, change_date, change_description, created_at, updated_at) VALUES ('PROJECT_S_6f569d6f7685ab99', '2023-02-08', '通过中期评审', '2026-06-15T12:00:00+00:00', '2026-06-15T12:00:00+00:00');
INSERT INTO project_history (project_id, change_date, change_description, created_at, updated_at) VALUES ('PROJECT_S_6f569d6f7685ab99', '2021-06-06', '转入工程阶段', '2026-06-15T12:00:00+00:00', '2026-06-15T12:00:00+00:00');
INSERT INTO project_budget (project_id, budget_date, amount, created_at, updated_at) VALUES ('PROJECT_S_6f569d6f7685ab99', '2023-06-13', 2000.0, '2026-06-15T12:00:00+00:00', '2026-06-15T12:00:00+00:00');
INSERT INTO project_budget (project_id, budget_date, amount, created_at, updated_at) VALUES ('PROJECT_S_6f569d6f7685ab99', '2023-12-14', 2000.0, '2026-06-15T12:00:00+00:00', '2026-06-15T12:00:00+00:00');
INSERT INTO project_output (project_id, name_history, formed_at, tech_domains, owner_orgs, related_projects, attachments, created_at, updated_at) VALUES ('PROJECT_S_6f569d6f7685ab99', '半导体样机', '2023-02-27', '["6G通信", "半导体"]'::json, '["国未来研究院"]'::json, '[]'::json, '[]'::json, '2026-06-15T12:00:00+00:00', '2026-06-15T12:00:00+00:00');
INSERT INTO project_output (project_id, name_history, formed_at, tech_domains, owner_orgs, related_projects, attachments, created_at, updated_at) VALUES ('PROJECT_S_6f569d6f7685ab99', '半导体样机', '2024-08-22', '["6G通信", "半导体"]'::json, '["国未来研究院"]'::json, '[]'::json, '[]'::json, '2026-06-15T12:00:00+00:00', '2026-06-15T12:00:00+00:00');
INSERT INTO entity_change_log (entity_id, entity_type, field, old_value, new_value, method, operator, source_doc_id, reason, changed_at) VALUES ('PROJECT_S_6f569d6f7685ab99', 'project', '*', NULL, '{"action": "create"}'::json, 'rule', NULL, 'mock_seed', NULL, '2026-06-15T12:00:00+00:00');
INSERT INTO project_profile (project_id, name_cn, name_en, name_other, tech_domain, sub_tech_domain, start_date, cancel_date, finish_date, status, budget_activities, project_no, main_orgs, undertaking_orgs, undertaking_enterprises, managers, researchers, background, research_goal, research_content, keywords, progress, application_prospect, key_dates, total_budget_million_usd, invested_million_usd, parent_package_name, previous_phase_name, confidence, completeness, created_at, updated_at) VALUES ('PROJECT_S_611ee8d169e44278', '["专项深海潜水器计划"]'::json, '["Project-034"]'::json, '[]'::json, '["生物医药", "基因编辑"]'::json, '["6G通信"]'::json, '2021-05-10', NULL, '2021-05-10', '["结束"]'::json, '["先期技术开发BA-3"]'::json, 10034, '["新氢动高科"]'::json, '["远聚变股份"]'::json, '[]'::json, '["王勇晓东"]'::json, '["许明瑞", "韩涛"]'::json, '["针对生物医药领域关键需求立项"]'::json, '突破生物医药关键技术，形成自主可控能力。', '["生物医药理论研究", "生物医药工程化", "生物医药应用验证"]'::json, '["生物医药", "基因编辑"]'::json, '["2021年完成方案论证", "2022年进入工程研制"]'::json, '成果可应用于相关产业领域。', '["2023-10-17", "2022-04-27", "2020-11-23"]'::json, 5.0, 80.0, '重点研发', NULL, 0.947, 0.732, '2026-06-15T12:00:00+00:00', '2026-06-15T12:00:00+00:00');
INSERT INTO project_history (project_id, change_date, change_description, created_at, updated_at) VALUES ('PROJECT_S_611ee8d169e44278', '2023-01-15', '立项批复', '2026-06-15T12:00:00+00:00', '2026-06-15T12:00:00+00:00');
INSERT INTO project_history (project_id, change_date, change_description, created_at, updated_at) VALUES ('PROJECT_S_611ee8d169e44278', '2020-03-21', '通过中期评审', '2026-06-15T12:00:00+00:00', '2026-06-15T12:00:00+00:00');
INSERT INTO project_history (project_id, change_date, change_description, created_at, updated_at) VALUES ('PROJECT_S_611ee8d169e44278', '2022-03-24', '转入工程阶段', '2026-06-15T12:00:00+00:00', '2026-06-15T12:00:00+00:00');
INSERT INTO project_budget (project_id, budget_date, amount, created_at, updated_at) VALUES ('PROJECT_S_611ee8d169e44278', '2021-09-04', 800.0, '2026-06-15T12:00:00+00:00', '2026-06-15T12:00:00+00:00');
INSERT INTO project_budget (project_id, budget_date, amount, created_at, updated_at) VALUES ('PROJECT_S_611ee8d169e44278', '2024-04-16', 2000.0, '2026-06-15T12:00:00+00:00', '2026-06-15T12:00:00+00:00');
INSERT INTO project_budget (project_id, budget_date, amount, created_at, updated_at) VALUES ('PROJECT_S_611ee8d169e44278', '2020-06-18', 50.0, '2026-06-15T12:00:00+00:00', '2026-06-15T12:00:00+00:00');
INSERT INTO project_output (project_id, name_history, formed_at, tech_domains, owner_orgs, related_projects, attachments, created_at, updated_at) VALUES ('PROJECT_S_611ee8d169e44278', '生物医药样机', '2024-01-17', '["生物医药", "基因编辑"]'::json, '["新氢动高科"]'::json, '[]'::json, '[]'::json, '2026-06-15T12:00:00+00:00', '2026-06-15T12:00:00+00:00');
INSERT INTO project_output (project_id, name_history, formed_at, tech_domains, owner_orgs, related_projects, attachments, created_at, updated_at) VALUES ('PROJECT_S_611ee8d169e44278', '生物医药样机', '2021-02-13', '["生物医药", "基因编辑"]'::json, '["新氢动高科"]'::json, '[]'::json, '[]'::json, '2026-06-15T12:00:00+00:00', '2026-06-15T12:00:00+00:00');
INSERT INTO project_output (project_id, name_history, formed_at, tech_domains, owner_orgs, related_projects, attachments, created_at, updated_at) VALUES ('PROJECT_S_611ee8d169e44278', '生物医药样机', '2024-02-02', '["生物医药", "基因编辑"]'::json, '["新氢动高科"]'::json, '[]'::json, '[]'::json, '2026-06-15T12:00:00+00:00', '2026-06-15T12:00:00+00:00');
INSERT INTO entity_change_log (entity_id, entity_type, field, old_value, new_value, method, operator, source_doc_id, reason, changed_at) VALUES ('PROJECT_S_611ee8d169e44278', 'project', '*', NULL, '{"action": "create"}'::json, 'rule', NULL, 'mock_seed', NULL, '2026-06-15T12:00:00+00:00');
INSERT INTO project_profile (project_id, name_cn, name_en, name_other, tech_domain, sub_tech_domain, start_date, cancel_date, finish_date, status, budget_activities, project_no, main_orgs, undertaking_orgs, undertaking_enterprises, managers, researchers, background, research_goal, research_content, keywords, progress, application_prospect, key_dates, total_budget_million_usd, invested_million_usd, parent_package_name, previous_phase_name, confidence, completeness, created_at, updated_at) VALUES ('PROJECT_S_73aba9117852e803', '["先导金属3D打印项目"]'::json, '["Project-035"]'::json, '[]'::json, '["碳捕集", "先进算力"]'::json, '["自动驾驶"]'::json, '2018-05-25', NULL, NULL, '["成果已转化"]'::json, '["先期技术开发BA-3"]'::json, 10035, '["南方聚变股份"]'::json, '["航天聚变实验室", "新基因实验室"]'::json, '[]'::json, '["吴昊"]'::json, '["黄勇", "王刚"]'::json, '["针对先进算力领域关键需求立项"]'::json, '突破先进算力关键技术，形成自主可控能力。', '["先进算力理论研究", "先进算力工程化", "先进算力应用验证"]'::json, '["碳捕集", "先进算力"]'::json, '["2018年完成方案论证", "2019年进入工程研制"]'::json, '成果可应用于相关产业领域。', '["2023-07-13"]'::json, 50.0, 30.0, NULL, NULL, 0.871, 0.724, '2026-06-15T12:00:00+00:00', '2026-06-15T12:00:00+00:00');
INSERT INTO project_history (project_id, change_date, change_description, created_at, updated_at) VALUES ('PROJECT_S_73aba9117852e803', '2020-12-04', '立项批复', '2026-06-15T12:00:00+00:00', '2026-06-15T12:00:00+00:00');
INSERT INTO project_history (project_id, change_date, change_description, created_at, updated_at) VALUES ('PROJECT_S_73aba9117852e803', '2022-11-28', '通过中期评审', '2026-06-15T12:00:00+00:00', '2026-06-15T12:00:00+00:00');
INSERT INTO project_history (project_id, change_date, change_description, created_at, updated_at) VALUES ('PROJECT_S_73aba9117852e803', '2024-03-20', '转入工程阶段', '2026-06-15T12:00:00+00:00', '2026-06-15T12:00:00+00:00');
INSERT INTO project_budget (project_id, budget_date, amount, created_at, updated_at) VALUES ('PROJECT_S_73aba9117852e803', '2020-11-18', 200.0, '2026-06-15T12:00:00+00:00', '2026-06-15T12:00:00+00:00');
INSERT INTO project_budget (project_id, budget_date, amount, created_at, updated_at) VALUES ('PROJECT_S_73aba9117852e803', '2020-02-14', 800.0, '2026-06-15T12:00:00+00:00', '2026-06-15T12:00:00+00:00');
INSERT INTO project_output (project_id, name_history, formed_at, tech_domains, owner_orgs, related_projects, attachments, created_at, updated_at) VALUES ('PROJECT_S_73aba9117852e803', '先进算力关键技术', '2024-04-26', '["碳捕集", "先进算力"]'::json, '["南方聚变股份"]'::json, '[]'::json, '[]'::json, '2026-06-15T12:00:00+00:00', '2026-06-15T12:00:00+00:00');
INSERT INTO project_output (project_id, name_history, formed_at, tech_domains, owner_orgs, related_projects, attachments, created_at, updated_at) VALUES ('PROJECT_S_73aba9117852e803', '先进算力关键技术', '2022-11-08', '["碳捕集", "先进算力"]'::json, '["南方聚变股份"]'::json, '[]'::json, '[]'::json, '2026-06-15T12:00:00+00:00', '2026-06-15T12:00:00+00:00');
INSERT INTO entity_change_log (entity_id, entity_type, field, old_value, new_value, method, operator, source_doc_id, reason, changed_at) VALUES ('PROJECT_S_73aba9117852e803', 'project', '*', NULL, '{"action": "create"}'::json, 'rule', NULL, 'mock_seed', NULL, '2026-06-15T12:00:00+00:00');
INSERT INTO project_profile (project_id, name_cn, name_en, name_other, tech_domain, sub_tech_domain, start_date, cancel_date, finish_date, status, budget_activities, project_no, main_orgs, undertaking_orgs, undertaking_enterprises, managers, researchers, background, research_goal, research_content, keywords, progress, application_prospect, key_dates, total_budget_million_usd, invested_million_usd, parent_package_name, previous_phase_name, confidence, completeness, created_at, updated_at) VALUES ('PROJECT_S_84433821c1dd82eb', '["前沿神经形态芯片课题"]'::json, '["Project-036"]'::json, '[]'::json, '["网络安全", "人工智能"]'::json, '["生物医药"]'::json, '2022-10-03', NULL, NULL, '["成果已转化"]'::json, '["先期部件研制与样机开发BA-4"]'::json, 10036, '["国生医工程技术中心"]'::json, '["北方储能工程技术中心", "新氢动高科"]'::json, '[]'::json, '["林峰", "谢超"]'::json, '["梁娟军", "李志强勇"]'::json, '["针对网络安全领域关键需求立项"]'::json, '突破网络安全关键技术，形成自主可控能力。', '["网络安全理论研究", "网络安全工程化", "网络安全应用验证"]'::json, '["网络安全", "人工智能"]'::json, '["2022年完成方案论证", "2023年进入工程研制"]'::json, '成果可应用于相关产业领域。', '["2022-05-12", "2023-09-05"]'::json, 20.0, 30.0, '重点研发', NULL, 0.881, 0.868, '2026-06-15T12:00:00+00:00', '2026-06-15T12:00:00+00:00');
INSERT INTO project_history (project_id, change_date, change_description, created_at, updated_at) VALUES ('PROJECT_S_84433821c1dd82eb', '2024-08-23', '立项批复', '2026-06-15T12:00:00+00:00', '2026-06-15T12:00:00+00:00');
INSERT INTO project_history (project_id, change_date, change_description, created_at, updated_at) VALUES ('PROJECT_S_84433821c1dd82eb', '2019-09-13', '通过中期评审', '2026-06-15T12:00:00+00:00', '2026-06-15T12:00:00+00:00');
INSERT INTO project_history (project_id, change_date, change_description, created_at, updated_at) VALUES ('PROJECT_S_84433821c1dd82eb', '2022-05-05', '转入工程阶段', '2026-06-15T12:00:00+00:00', '2026-06-15T12:00:00+00:00');
INSERT INTO project_budget (project_id, budget_date, amount, created_at, updated_at) VALUES ('PROJECT_S_84433821c1dd82eb', '2021-06-18', 50.0, '2026-06-15T12:00:00+00:00', '2026-06-15T12:00:00+00:00');
INSERT INTO project_output (project_id, name_history, formed_at, tech_domains, owner_orgs, related_projects, attachments, created_at, updated_at) VALUES ('PROJECT_S_84433821c1dd82eb', '网络安全成果', '2022-01-18', '["网络安全", "人工智能"]'::json, '["国生医工程技术中心"]'::json, '[]'::json, '[]'::json, '2026-06-15T12:00:00+00:00', '2026-06-15T12:00:00+00:00');
INSERT INTO entity_change_log (entity_id, entity_type, field, old_value, new_value, method, operator, source_doc_id, reason, changed_at) VALUES ('PROJECT_S_84433821c1dd82eb', 'project', '*', NULL, '{"action": "create"}'::json, 'rule', NULL, 'mock_seed', NULL, '2026-06-15T12:00:00+00:00');
INSERT INTO project_profile (project_id, name_cn, name_en, name_other, tech_domain, sub_tech_domain, start_date, cancel_date, finish_date, status, budget_activities, project_no, main_orgs, undertaking_orgs, undertaking_enterprises, managers, researchers, background, research_goal, research_content, keywords, progress, application_prospect, key_dates, total_budget_million_usd, invested_million_usd, parent_package_name, previous_phase_name, confidence, completeness, created_at, updated_at) VALUES ('PROJECT_S_92f409554e9d9da1', '["重点卫星星座组网任务"]'::json, '["Project-037"]'::json, '[]'::json, '["航空航天", "基因编辑"]'::json, '["无人机"]'::json, '2023-04-06', NULL, NULL, '["成果已转化"]'::json, '["应用技术研究BA-2"]'::json, 10037, '["中科微纳股份"]'::json, '["中光电实验室"]'::json, '[]'::json, '["黄霞"]'::json, '["唐建华", "邓斌"]'::json, '["针对航空航天领域关键需求立项"]'::json, '突破航空航天关键技术，形成自主可控能力。', '["航空航天理论研究", "航空航天工程化", "航空航天应用验证"]'::json, '["航空航天", "基因编辑"]'::json, '["2023年完成方案论证", "2024年进入工程研制"]'::json, '成果可应用于相关产业领域。', '["2020-08-09"]'::json, 5.0, 80.0, '重大专项', NULL, 0.903, 0.62, '2026-06-15T12:00:00+00:00', '2026-06-15T12:00:00+00:00');
INSERT INTO project_history (project_id, change_date, change_description, created_at, updated_at) VALUES ('PROJECT_S_92f409554e9d9da1', '2020-06-04', '立项批复', '2026-06-15T12:00:00+00:00', '2026-06-15T12:00:00+00:00');
INSERT INTO project_history (project_id, change_date, change_description, created_at, updated_at) VALUES ('PROJECT_S_92f409554e9d9da1', '2020-06-10', '通过中期评审', '2026-06-15T12:00:00+00:00', '2026-06-15T12:00:00+00:00');
INSERT INTO project_history (project_id, change_date, change_description, created_at, updated_at) VALUES ('PROJECT_S_92f409554e9d9da1', '2019-08-21', '转入工程阶段', '2026-06-15T12:00:00+00:00', '2026-06-15T12:00:00+00:00');
INSERT INTO project_budget (project_id, budget_date, amount, created_at, updated_at) VALUES ('PROJECT_S_92f409554e9d9da1', '2020-08-09', 800.0, '2026-06-15T12:00:00+00:00', '2026-06-15T12:00:00+00:00');
INSERT INTO project_budget (project_id, budget_date, amount, created_at, updated_at) VALUES ('PROJECT_S_92f409554e9d9da1', '2024-01-10', 50.0, '2026-06-15T12:00:00+00:00', '2026-06-15T12:00:00+00:00');
INSERT INTO project_budget (project_id, budget_date, amount, created_at, updated_at) VALUES ('PROJECT_S_92f409554e9d9da1', '2022-09-26', 2000.0, '2026-06-15T12:00:00+00:00', '2026-06-15T12:00:00+00:00');
INSERT INTO project_output (project_id, name_history, formed_at, tech_domains, owner_orgs, related_projects, attachments, created_at, updated_at) VALUES ('PROJECT_S_92f409554e9d9da1', '航空航天样机', '2023-06-23', '["航空航天", "基因编辑"]'::json, '["中科微纳股份"]'::json, '[]'::json, '[]'::json, '2026-06-15T12:00:00+00:00', '2026-06-15T12:00:00+00:00');
INSERT INTO entity_change_log (entity_id, entity_type, field, old_value, new_value, method, operator, source_doc_id, reason, changed_at) VALUES ('PROJECT_S_92f409554e9d9da1', 'project', '*', NULL, '{"action": "create"}'::json, 'rule', NULL, 'mock_seed', NULL, '2026-06-15T12:00:00+00:00');
INSERT INTO project_profile (project_id, name_cn, name_en, name_other, tech_domain, sub_tech_domain, start_date, cancel_date, finish_date, status, budget_activities, project_no, main_orgs, undertaking_orgs, undertaking_enterprises, managers, researchers, background, research_goal, research_content, keywords, progress, application_prospect, key_dates, total_budget_million_usd, invested_million_usd, parent_package_name, previous_phase_name, confidence, completeness, created_at, updated_at) VALUES ('PROJECT_S_71c7de96cf835f15', '["专项太赫兹通信专项"]'::json, '["Project-038"]'::json, '[]'::json, '["量子计算", "氢能"]'::json, '["碳捕集"]'::json, '2023-07-04', NULL, NULL, '["成果已转化"]'::json, '["先期部件研制与样机开发BA-4"]'::json, 10038, '["东方脑科学科技"]'::json, '["航天算力研究院"]'::json, '[]'::json, '["徐斌"]'::json, '["陈峰", "彭雪松", "许昊"]'::json, '["针对量子计算领域关键需求立项"]'::json, '突破量子计算关键技术，形成自主可控能力。', '["量子计算理论研究", "量子计算工程化", "量子计算应用验证"]'::json, '["量子计算", "氢能"]'::json, '["2023年完成方案论证", "2024年进入工程研制"]'::json, '成果可应用于相关产业领域。', '["2020-10-17", "2022-08-23", "2021-06-25"]'::json, 300.0, 80.0, NULL, NULL, 0.783, 0.641, '2026-06-15T12:00:00+00:00', '2026-06-15T12:00:00+00:00');
INSERT INTO project_history (project_id, change_date, change_description, created_at, updated_at) VALUES ('PROJECT_S_71c7de96cf835f15', '2022-03-01', '立项批复', '2026-06-15T12:00:00+00:00', '2026-06-15T12:00:00+00:00');
INSERT INTO project_history (project_id, change_date, change_description, created_at, updated_at) VALUES ('PROJECT_S_71c7de96cf835f15', '2023-09-03', '通过中期评审', '2026-06-15T12:00:00+00:00', '2026-06-15T12:00:00+00:00');
INSERT INTO project_history (project_id, change_date, change_description, created_at, updated_at) VALUES ('PROJECT_S_71c7de96cf835f15', '2020-03-18', '转入工程阶段', '2026-06-15T12:00:00+00:00', '2026-06-15T12:00:00+00:00');
INSERT INTO project_budget (project_id, budget_date, amount, created_at, updated_at) VALUES ('PROJECT_S_71c7de96cf835f15', '2023-09-02', 50.0, '2026-06-15T12:00:00+00:00', '2026-06-15T12:00:00+00:00');
INSERT INTO project_budget (project_id, budget_date, amount, created_at, updated_at) VALUES ('PROJECT_S_71c7de96cf835f15', '2023-09-07', 200.0, '2026-06-15T12:00:00+00:00', '2026-06-15T12:00:00+00:00');
INSERT INTO project_output (project_id, name_history, formed_at, tech_domains, owner_orgs, related_projects, attachments, created_at, updated_at) VALUES ('PROJECT_S_71c7de96cf835f15', '量子计算样机', '2021-08-04', '["量子计算", "氢能"]'::json, '["东方脑科学科技"]'::json, '[]'::json, '[]'::json, '2026-06-15T12:00:00+00:00', '2026-06-15T12:00:00+00:00');
INSERT INTO entity_change_log (entity_id, entity_type, field, old_value, new_value, method, operator, source_doc_id, reason, changed_at) VALUES ('PROJECT_S_71c7de96cf835f15', 'project', '*', NULL, '{"action": "create"}'::json, 'rule', NULL, 'mock_seed', NULL, '2026-06-15T12:00:00+00:00');
INSERT INTO project_profile (project_id, name_cn, name_en, name_other, tech_domain, sub_tech_domain, start_date, cancel_date, finish_date, status, budget_activities, project_no, main_orgs, undertaking_orgs, undertaking_enterprises, managers, researchers, background, research_goal, research_content, keywords, progress, application_prospect, key_dates, total_budget_million_usd, invested_million_usd, parent_package_name, previous_phase_name, confidence, completeness, created_at, updated_at) VALUES ('PROJECT_S_0189a082416879ef', '["重点金属3D打印课题"]'::json, '["Project-039"]'::json, '[]'::json, '["新材料", "半导体"]'::json, '["新能源"]'::json, '2024-10-19', NULL, NULL, '["结束"]'::json, '["基础技术研究BA-1"]'::json, 10039, '["中科天网研究所"]'::json, '["东方脑科学科技", "航天光电高科"]'::json, '[]'::json, '["何雪松宇航", "胡晓东"]'::json, '["梁娟", "唐洋"]'::json, '["针对半导体领域关键需求立项"]'::json, '突破半导体关键技术，形成自主可控能力。', '["半导体理论研究", "半导体工程化", "半导体应用验证"]'::json, '["新材料", "半导体"]'::json, '["2024年完成方案论证", "2025年进入工程研制"]'::json, '成果可应用于相关产业领域。', '["2021-09-09"]'::json, 5.0, 80.0, '重点研发', NULL, 0.755, 0.871, '2026-06-15T12:00:00+00:00', '2026-06-15T12:00:00+00:00');
INSERT INTO project_history (project_id, change_date, change_description, created_at, updated_at) VALUES ('PROJECT_S_0189a082416879ef', '2023-11-07', '立项批复', '2026-06-15T12:00:00+00:00', '2026-06-15T12:00:00+00:00');
INSERT INTO project_history (project_id, change_date, change_description, created_at, updated_at) VALUES ('PROJECT_S_0189a082416879ef', '2022-06-24', '通过中期评审', '2026-06-15T12:00:00+00:00', '2026-06-15T12:00:00+00:00');
INSERT INTO project_history (project_id, change_date, change_description, created_at, updated_at) VALUES ('PROJECT_S_0189a082416879ef', '2022-02-18', '转入工程阶段', '2026-06-15T12:00:00+00:00', '2026-06-15T12:00:00+00:00');
INSERT INTO project_budget (project_id, budget_date, amount, created_at, updated_at) VALUES ('PROJECT_S_0189a082416879ef', '2020-05-18', 200.0, '2026-06-15T12:00:00+00:00', '2026-06-15T12:00:00+00:00');
INSERT INTO project_budget (project_id, budget_date, amount, created_at, updated_at) VALUES ('PROJECT_S_0189a082416879ef', '2020-11-25', 50.0, '2026-06-15T12:00:00+00:00', '2026-06-15T12:00:00+00:00');
INSERT INTO project_budget (project_id, budget_date, amount, created_at, updated_at) VALUES ('PROJECT_S_0189a082416879ef', '2022-04-08', 50.0, '2026-06-15T12:00:00+00:00', '2026-06-15T12:00:00+00:00');
INSERT INTO project_output (project_id, name_history, formed_at, tech_domains, owner_orgs, related_projects, attachments, created_at, updated_at) VALUES ('PROJECT_S_0189a082416879ef', '半导体成果', '2024-07-08', '["新材料", "半导体"]'::json, '["中科天网研究所"]'::json, '[]'::json, '[]'::json, '2026-06-15T12:00:00+00:00', '2026-06-15T12:00:00+00:00');
INSERT INTO entity_change_log (entity_id, entity_type, field, old_value, new_value, method, operator, source_doc_id, reason, changed_at) VALUES ('PROJECT_S_0189a082416879ef', 'project', '*', NULL, '{"action": "create"}'::json, 'rule', NULL, 'mock_seed', NULL, '2026-06-15T12:00:00+00:00');
INSERT INTO project_profile (project_id, name_cn, name_en, name_other, tech_domain, sub_tech_domain, start_date, cancel_date, finish_date, status, budget_activities, project_no, main_orgs, undertaking_orgs, undertaking_enterprises, managers, researchers, background, research_goal, research_content, keywords, progress, application_prospect, key_dates, total_budget_million_usd, invested_million_usd, parent_package_name, previous_phase_name, confidence, completeness, created_at, updated_at) VALUES ('PROJECT_S_e7ba05180cea5d3f', '["先导卫星星座组网项目"]'::json, '["Project-040"]'::json, '[]'::json, '["新能源", "基因编辑"]'::json, '["大模型"]'::json, '2020-05-28', NULL, NULL, '["进行中"]'::json, '["基础技术研究BA-1"]'::json, 10040, '["航天生医高科"]'::json, '["国前沿科技"]'::json, '[]'::json, '["韩勇斌"]'::json, '["林峰", "周磊", "唐娟超", "刘军"]'::json, '["针对基因编辑领域关键需求立项"]'::json, '突破基因编辑关键技术，形成自主可控能力。', '["基因编辑理论研究", "基因编辑工程化", "基因编辑应用验证"]'::json, '["新能源", "基因编辑"]'::json, '["2020年完成方案论证", "2021年进入工程研制"]'::json, '成果可应用于相关产业领域。', '["2021-04-23", "2024-11-22"]'::json, 300.0, 2.0, NULL, NULL, 0.918, 0.789, '2026-06-15T12:00:00+00:00', '2026-06-15T12:00:00+00:00');
INSERT INTO project_history (project_id, change_date, change_description, created_at, updated_at) VALUES ('PROJECT_S_e7ba05180cea5d3f', '2019-08-01', '立项批复', '2026-06-15T12:00:00+00:00', '2026-06-15T12:00:00+00:00');
INSERT INTO project_history (project_id, change_date, change_description, created_at, updated_at) VALUES ('PROJECT_S_e7ba05180cea5d3f', '2020-07-18', '通过中期评审', '2026-06-15T12:00:00+00:00', '2026-06-15T12:00:00+00:00');
INSERT INTO project_history (project_id, change_date, change_description, created_at, updated_at) VALUES ('PROJECT_S_e7ba05180cea5d3f', '2019-01-16', '转入工程阶段', '2026-06-15T12:00:00+00:00', '2026-06-15T12:00:00+00:00');
INSERT INTO project_budget (project_id, budget_date, amount, created_at, updated_at) VALUES ('PROJECT_S_e7ba05180cea5d3f', '2021-12-26', 2000.0, '2026-06-15T12:00:00+00:00', '2026-06-15T12:00:00+00:00');
INSERT INTO project_budget (project_id, budget_date, amount, created_at, updated_at) VALUES ('PROJECT_S_e7ba05180cea5d3f', '2024-08-07', 50.0, '2026-06-15T12:00:00+00:00', '2026-06-15T12:00:00+00:00');
INSERT INTO project_output (project_id, name_history, formed_at, tech_domains, owner_orgs, related_projects, attachments, created_at, updated_at) VALUES ('PROJECT_S_e7ba05180cea5d3f', '基因编辑样机', '2021-02-28', '["新能源", "基因编辑"]'::json, '["航天生医高科"]'::json, '[]'::json, '[]'::json, '2026-06-15T12:00:00+00:00', '2026-06-15T12:00:00+00:00');
INSERT INTO entity_change_log (entity_id, entity_type, field, old_value, new_value, method, operator, source_doc_id, reason, changed_at) VALUES ('PROJECT_S_e7ba05180cea5d3f', 'project', '*', NULL, '{"action": "create"}'::json, 'rule', NULL, 'mock_seed', NULL, '2026-06-15T12:00:00+00:00');
INSERT INTO project_profile (project_id, name_cn, name_en, name_other, tech_domain, sub_tech_domain, start_date, cancel_date, finish_date, status, budget_activities, project_no, main_orgs, undertaking_orgs, undertaking_enterprises, managers, researchers, background, research_goal, research_content, keywords, progress, application_prospect, key_dates, total_budget_million_usd, invested_million_usd, parent_package_name, previous_phase_name, confidence, completeness, created_at, updated_at) VALUES ('PROJECT_S_c08fbe19d1c847d4', '["攻关太赫兹通信计划"]'::json, '["Project-041"]'::json, '[]'::json, '["无人机", "深海装备"]'::json, '["新能源", "基因编辑"]'::json, '2024-07-25', NULL, NULL, '["成果已转化"]'::json, '["软件研究/开发/测试和评估试点BA-8"]'::json, 10041, '["中智算研究院"]'::json, '["中科生医研究所", "北方算力研究院"]'::json, '[]'::json, '["梁娟军", "马磊"]'::json, '["李娟杰", "吴俊杰"]'::json, '["针对深海装备领域关键需求立项"]'::json, '突破深海装备关键技术，形成自主可控能力。', '["深海装备理论研究", "深海装备工程化", "深海装备应用验证"]'::json, '["无人机", "深海装备"]'::json, '["2024年完成方案论证", "2025年进入工程研制"]'::json, '成果可应用于相关产业领域。', '["2024-10-03", "2023-06-22"]'::json, 50.0, 10.0, '重点研发', NULL, 0.913, 0.891, '2026-06-15T12:00:00+00:00', '2026-06-15T12:00:00+00:00');
INSERT INTO project_history (project_id, change_date, change_description, created_at, updated_at) VALUES ('PROJECT_S_c08fbe19d1c847d4', '2022-07-06', '立项批复', '2026-06-15T12:00:00+00:00', '2026-06-15T12:00:00+00:00');
INSERT INTO project_history (project_id, change_date, change_description, created_at, updated_at) VALUES ('PROJECT_S_c08fbe19d1c847d4', '2021-11-09', '通过中期评审', '2026-06-15T12:00:00+00:00', '2026-06-15T12:00:00+00:00');
INSERT INTO project_history (project_id, change_date, change_description, created_at, updated_at) VALUES ('PROJECT_S_c08fbe19d1c847d4', '2021-01-28', '转入工程阶段', '2026-06-15T12:00:00+00:00', '2026-06-15T12:00:00+00:00');
INSERT INTO project_budget (project_id, budget_date, amount, created_at, updated_at) VALUES ('PROJECT_S_c08fbe19d1c847d4', '2021-05-22', 2000.0, '2026-06-15T12:00:00+00:00', '2026-06-15T12:00:00+00:00');
INSERT INTO project_budget (project_id, budget_date, amount, created_at, updated_at) VALUES ('PROJECT_S_c08fbe19d1c847d4', '2023-12-20', 800.0, '2026-06-15T12:00:00+00:00', '2026-06-15T12:00:00+00:00');
INSERT INTO project_budget (project_id, budget_date, amount, created_at, updated_at) VALUES ('PROJECT_S_c08fbe19d1c847d4', '2024-02-10', 800.0, '2026-06-15T12:00:00+00:00', '2026-06-15T12:00:00+00:00');
INSERT INTO project_output (project_id, name_history, formed_at, tech_domains, owner_orgs, related_projects, attachments, created_at, updated_at) VALUES ('PROJECT_S_c08fbe19d1c847d4', '深海装备样机', '2021-10-17', '["无人机", "深海装备"]'::json, '["中智算研究院"]'::json, '[]'::json, '[]'::json, '2026-06-15T12:00:00+00:00', '2026-06-15T12:00:00+00:00');
INSERT INTO entity_change_log (entity_id, entity_type, field, old_value, new_value, method, operator, source_doc_id, reason, changed_at) VALUES ('PROJECT_S_c08fbe19d1c847d4', 'project', '*', NULL, '{"action": "create"}'::json, 'rule', NULL, 'mock_seed', NULL, '2026-06-15T12:00:00+00:00');
INSERT INTO project_profile (project_id, name_cn, name_en, name_other, tech_domain, sub_tech_domain, start_date, cancel_date, finish_date, status, budget_activities, project_no, main_orgs, undertaking_orgs, undertaking_enterprises, managers, researchers, background, research_goal, research_content, keywords, progress, application_prospect, key_dates, total_budget_million_usd, invested_million_usd, parent_package_name, previous_phase_name, confidence, completeness, created_at, updated_at) VALUES ('PROJECT_S_7b081155e624ee5c', '["攻关mRNA疫苗工程"]'::json, '["Project-042"]'::json, '[]'::json, '["深海装备", "脑机接口"]'::json, '["集成电路", "基因编辑"]'::json, '2020-05-07', NULL, NULL, '["成果已转化"]'::json, '["先期技术开发BA-3"]'::json, 10042, '["航天未来研究院"]'::json, '["国未来研究院"]'::json, '[]'::json, '["徐晓东"]'::json, '["唐刚", "黄刚", "张俊杰超", "徐强"]'::json, '["针对深海装备领域关键需求立项"]'::json, '突破深海装备关键技术，形成自主可控能力。', '["深海装备理论研究", "深海装备工程化", "深海装备应用验证"]'::json, '["深海装备", "脑机接口"]'::json, '["2020年完成方案论证", "2021年进入工程研制"]'::json, '成果可应用于相关产业领域。', '["2023-01-12", "2021-09-03", "2021-05-19"]'::json, 120.0, 2.0, '重大专项', NULL, 0.844, 0.936, '2026-06-15T12:00:00+00:00', '2026-06-15T12:00:00+00:00');
INSERT INTO project_history (project_id, change_date, change_description, created_at, updated_at) VALUES ('PROJECT_S_7b081155e624ee5c', '2020-03-28', '立项批复', '2026-06-15T12:00:00+00:00', '2026-06-15T12:00:00+00:00');
INSERT INTO project_history (project_id, change_date, change_description, created_at, updated_at) VALUES ('PROJECT_S_7b081155e624ee5c', '2022-10-20', '通过中期评审', '2026-06-15T12:00:00+00:00', '2026-06-15T12:00:00+00:00');
INSERT INTO project_history (project_id, change_date, change_description, created_at, updated_at) VALUES ('PROJECT_S_7b081155e624ee5c', '2020-06-17', '转入工程阶段', '2026-06-15T12:00:00+00:00', '2026-06-15T12:00:00+00:00');
INSERT INTO project_budget (project_id, budget_date, amount, created_at, updated_at) VALUES ('PROJECT_S_7b081155e624ee5c', '2024-01-14', 200.0, '2026-06-15T12:00:00+00:00', '2026-06-15T12:00:00+00:00');
INSERT INTO project_budget (project_id, budget_date, amount, created_at, updated_at) VALUES ('PROJECT_S_7b081155e624ee5c', '2023-12-28', 50.0, '2026-06-15T12:00:00+00:00', '2026-06-15T12:00:00+00:00');
INSERT INTO project_output (project_id, name_history, formed_at, tech_domains, owner_orgs, related_projects, attachments, created_at, updated_at) VALUES ('PROJECT_S_7b081155e624ee5c', '深海装备成果', '2023-05-26', '["深海装备", "脑机接口"]'::json, '["航天未来研究院"]'::json, '[]'::json, '[]'::json, '2026-06-15T12:00:00+00:00', '2026-06-15T12:00:00+00:00');
INSERT INTO project_output (project_id, name_history, formed_at, tech_domains, owner_orgs, related_projects, attachments, created_at, updated_at) VALUES ('PROJECT_S_7b081155e624ee5c', '深海装备样机', '2023-12-09', '["深海装备", "脑机接口"]'::json, '["航天未来研究院"]'::json, '[]'::json, '[]'::json, '2026-06-15T12:00:00+00:00', '2026-06-15T12:00:00+00:00');
INSERT INTO entity_change_log (entity_id, entity_type, field, old_value, new_value, method, operator, source_doc_id, reason, changed_at) VALUES ('PROJECT_S_7b081155e624ee5c', 'project', '*', NULL, '{"action": "create"}'::json, 'rule', NULL, 'mock_seed', NULL, '2026-06-15T12:00:00+00:00');
INSERT INTO project_profile (project_id, name_cn, name_en, name_other, tech_domain, sub_tech_domain, start_date, cancel_date, finish_date, status, budget_activities, project_no, main_orgs, undertaking_orgs, undertaking_enterprises, managers, researchers, background, research_goal, research_content, keywords, progress, application_prospect, key_dates, total_budget_million_usd, invested_million_usd, parent_package_name, previous_phase_name, confidence, completeness, created_at, updated_at) VALUES ('PROJECT_S_f41e94dbc8747cc3', '["重点钙钛矿太阳能电池专项"]'::json, '["Project-043"]'::json, '[]'::json, '["碳捕集", "增材制造"]'::json, '["基因编辑"]'::json, '2022-01-24', NULL, NULL, '["结束"]'::json, '["应用技术研究BA-2"]'::json, 10043, '["北方储能科技"]'::json, '["中芯创集团"]'::json, '[]'::json, '["李昊强"]'::json, '["何宁平", "吴霞", "何宁斌", "李昊强"]'::json, '["针对增材制造领域关键需求立项"]'::json, '突破增材制造关键技术，形成自主可控能力。', '["增材制造理论研究", "增材制造工程化", "增材制造应用验证"]'::json, '["碳捕集", "增材制造"]'::json, '["2022年完成方案论证", "2023年进入工程研制"]'::json, '成果可应用于相关产业领域。', '["2020-02-21", "2024-02-21", "2024-12-14"]'::json, 50.0, 80.0, '重点研发', NULL, 0.881, 0.851, '2026-06-15T12:00:00+00:00', '2026-06-15T12:00:00+00:00');
INSERT INTO project_history (project_id, change_date, change_description, created_at, updated_at) VALUES ('PROJECT_S_f41e94dbc8747cc3', '2020-03-27', '立项批复', '2026-06-15T12:00:00+00:00', '2026-06-15T12:00:00+00:00');
INSERT INTO project_history (project_id, change_date, change_description, created_at, updated_at) VALUES ('PROJECT_S_f41e94dbc8747cc3', '2024-09-19', '通过中期评审', '2026-06-15T12:00:00+00:00', '2026-06-15T12:00:00+00:00');
INSERT INTO project_history (project_id, change_date, change_description, created_at, updated_at) VALUES ('PROJECT_S_f41e94dbc8747cc3', '2023-02-01', '转入工程阶段', '2026-06-15T12:00:00+00:00', '2026-06-15T12:00:00+00:00');
INSERT INTO project_budget (project_id, budget_date, amount, created_at, updated_at) VALUES ('PROJECT_S_f41e94dbc8747cc3', '2020-12-07', 200.0, '2026-06-15T12:00:00+00:00', '2026-06-15T12:00:00+00:00');
INSERT INTO project_output (project_id, name_history, formed_at, tech_domains, owner_orgs, related_projects, attachments, created_at, updated_at) VALUES ('PROJECT_S_f41e94dbc8747cc3', '增材制造关键技术', '2023-10-27', '["碳捕集", "增材制造"]'::json, '["北方储能科技"]'::json, '[]'::json, '[]'::json, '2026-06-15T12:00:00+00:00', '2026-06-15T12:00:00+00:00');
INSERT INTO project_output (project_id, name_history, formed_at, tech_domains, owner_orgs, related_projects, attachments, created_at, updated_at) VALUES ('PROJECT_S_f41e94dbc8747cc3', '增材制造成果', '2023-11-25', '["碳捕集", "增材制造"]'::json, '["北方储能科技"]'::json, '[]'::json, '[]'::json, '2026-06-15T12:00:00+00:00', '2026-06-15T12:00:00+00:00');
INSERT INTO project_output (project_id, name_history, formed_at, tech_domains, owner_orgs, related_projects, attachments, created_at, updated_at) VALUES ('PROJECT_S_f41e94dbc8747cc3', '增材制造样机', '2023-05-10', '["碳捕集", "增材制造"]'::json, '["北方储能科技"]'::json, '[]'::json, '[]'::json, '2026-06-15T12:00:00+00:00', '2026-06-15T12:00:00+00:00');
INSERT INTO entity_change_log (entity_id, entity_type, field, old_value, new_value, method, operator, source_doc_id, reason, changed_at) VALUES ('PROJECT_S_f41e94dbc8747cc3', 'project', '*', NULL, '{"action": "create"}'::json, 'rule', NULL, 'mock_seed', NULL, '2026-06-15T12:00:00+00:00');
INSERT INTO project_profile (project_id, name_cn, name_en, name_other, tech_domain, sub_tech_domain, start_date, cancel_date, finish_date, status, budget_activities, project_no, main_orgs, undertaking_orgs, undertaking_enterprises, managers, researchers, background, research_goal, research_content, keywords, progress, application_prospect, key_dates, total_budget_million_usd, invested_million_usd, parent_package_name, previous_phase_name, confidence, completeness, created_at, updated_at) VALUES ('PROJECT_S_caeb19f746e215ff', '["基础类脑计算架构计划"]'::json, '["Project-044"]'::json, '[]'::json, '["自动驾驶", "碳捕集"]'::json, '["自动驾驶"]'::json, '2019-07-13', NULL, NULL, '["成果已转化"]'::json, '["先期技术开发BA-3"]'::json, 10044, '["华信息研究所"]'::json, '["国生医研究所", "东方智算实验室"]'::json, '[]'::json, '["唐建华"]'::json, '["周桂英峰", "胡晓东"]'::json, '["针对自动驾驶领域关键需求立项"]'::json, '突破自动驾驶关键技术，形成自主可控能力。', '["自动驾驶理论研究", "自动驾驶工程化", "自动驾驶应用验证"]'::json, '["自动驾驶", "碳捕集"]'::json, '["2019年完成方案论证", "2020年进入工程研制"]'::json, '成果可应用于相关产业领域。', '["2020-10-05", "2021-08-16", "2021-05-13"]'::json, 120.0, 80.0, NULL, NULL, 0.938, 0.701, '2026-06-15T12:00:00+00:00', '2026-06-15T12:00:00+00:00');
INSERT INTO project_history (project_id, change_date, change_description, created_at, updated_at) VALUES ('PROJECT_S_caeb19f746e215ff', '2021-01-23', '立项批复', '2026-06-15T12:00:00+00:00', '2026-06-15T12:00:00+00:00');
INSERT INTO project_history (project_id, change_date, change_description, created_at, updated_at) VALUES ('PROJECT_S_caeb19f746e215ff', '2019-04-15', '通过中期评审', '2026-06-15T12:00:00+00:00', '2026-06-15T12:00:00+00:00');
INSERT INTO project_history (project_id, change_date, change_description, created_at, updated_at) VALUES ('PROJECT_S_caeb19f746e215ff', '2022-12-10', '转入工程阶段', '2026-06-15T12:00:00+00:00', '2026-06-15T12:00:00+00:00');
INSERT INTO project_budget (project_id, budget_date, amount, created_at, updated_at) VALUES ('PROJECT_S_caeb19f746e215ff', '2024-10-20', 50.0, '2026-06-15T12:00:00+00:00', '2026-06-15T12:00:00+00:00');
INSERT INTO project_budget (project_id, budget_date, amount, created_at, updated_at) VALUES ('PROJECT_S_caeb19f746e215ff', '2023-02-14', 2000.0, '2026-06-15T12:00:00+00:00', '2026-06-15T12:00:00+00:00');
INSERT INTO project_output (project_id, name_history, formed_at, tech_domains, owner_orgs, related_projects, attachments, created_at, updated_at) VALUES ('PROJECT_S_caeb19f746e215ff', '自动驾驶成果', '2024-10-21', '["自动驾驶", "碳捕集"]'::json, '["华信息研究所"]'::json, '[]'::json, '[]'::json, '2026-06-15T12:00:00+00:00', '2026-06-15T12:00:00+00:00');
INSERT INTO project_output (project_id, name_history, formed_at, tech_domains, owner_orgs, related_projects, attachments, created_at, updated_at) VALUES ('PROJECT_S_caeb19f746e215ff', '自动驾驶关键技术', '2024-06-15', '["自动驾驶", "碳捕集"]'::json, '["华信息研究所"]'::json, '[]'::json, '[]'::json, '2026-06-15T12:00:00+00:00', '2026-06-15T12:00:00+00:00');
INSERT INTO entity_change_log (entity_id, entity_type, field, old_value, new_value, method, operator, source_doc_id, reason, changed_at) VALUES ('PROJECT_S_caeb19f746e215ff', 'project', '*', NULL, '{"action": "create"}'::json, 'rule', NULL, 'mock_seed', NULL, '2026-06-15T12:00:00+00:00');
INSERT INTO project_profile (project_id, name_cn, name_en, name_other, tech_domain, sub_tech_domain, start_date, cancel_date, finish_date, status, budget_activities, project_no, main_orgs, undertaking_orgs, undertaking_enterprises, managers, researchers, background, research_goal, research_content, keywords, progress, application_prospect, key_dates, total_budget_million_usd, invested_million_usd, parent_package_name, previous_phase_name, confidence, completeness, created_at, updated_at) VALUES ('PROJECT_S_12c6a6fbc8224f59', '["重点碳纳米管计划"]'::json, '["Project-045"]'::json, '[]'::json, '["量子计算", "人工智能"]'::json, '["先进算力"]'::json, '2024-01-12', NULL, NULL, '["结束"]'::json, '["基础技术研究BA-1"]'::json, 10045, '["华量子集团"]'::json, '["航天光电股份"]'::json, '[]'::json, '["吴艳伟"]'::json, '["许昊", "王勇晓东", "韩艳强", "何艳涛"]'::json, '["针对人工智能领域关键需求立项"]'::json, '突破人工智能关键技术，形成自主可控能力。', '["人工智能理论研究", "人工智能工程化", "人工智能应用验证"]'::json, '["量子计算", "人工智能"]'::json, '["2024年完成方案论证", "2025年进入工程研制"]'::json, '成果可应用于相关产业领域。', '["2020-07-06", "2023-09-03"]'::json, 300.0, 30.0, '重大专项', NULL, 0.703, 0.713, '2026-06-15T12:00:00+00:00', '2026-06-15T12:00:00+00:00');
INSERT INTO project_history (project_id, change_date, change_description, created_at, updated_at) VALUES ('PROJECT_S_12c6a6fbc8224f59', '2022-12-14', '立项批复', '2026-06-15T12:00:00+00:00', '2026-06-15T12:00:00+00:00');
INSERT INTO project_history (project_id, change_date, change_description, created_at, updated_at) VALUES ('PROJECT_S_12c6a6fbc8224f59', '2023-07-09', '通过中期评审', '2026-06-15T12:00:00+00:00', '2026-06-15T12:00:00+00:00');
INSERT INTO project_history (project_id, change_date, change_description, created_at, updated_at) VALUES ('PROJECT_S_12c6a6fbc8224f59', '2022-01-06', '转入工程阶段', '2026-06-15T12:00:00+00:00', '2026-06-15T12:00:00+00:00');
INSERT INTO project_budget (project_id, budget_date, amount, created_at, updated_at) VALUES ('PROJECT_S_12c6a6fbc8224f59', '2023-04-26', 200.0, '2026-06-15T12:00:00+00:00', '2026-06-15T12:00:00+00:00');
INSERT INTO project_budget (project_id, budget_date, amount, created_at, updated_at) VALUES ('PROJECT_S_12c6a6fbc8224f59', '2024-07-09', 2000.0, '2026-06-15T12:00:00+00:00', '2026-06-15T12:00:00+00:00');
INSERT INTO project_output (project_id, name_history, formed_at, tech_domains, owner_orgs, related_projects, attachments, created_at, updated_at) VALUES ('PROJECT_S_12c6a6fbc8224f59', '人工智能样机', '2022-03-18', '["量子计算", "人工智能"]'::json, '["华量子集团"]'::json, '[]'::json, '[]'::json, '2026-06-15T12:00:00+00:00', '2026-06-15T12:00:00+00:00');
INSERT INTO project_output (project_id, name_history, formed_at, tech_domains, owner_orgs, related_projects, attachments, created_at, updated_at) VALUES ('PROJECT_S_12c6a6fbc8224f59', '人工智能成果', '2024-04-25', '["量子计算", "人工智能"]'::json, '["华量子集团"]'::json, '[]'::json, '[]'::json, '2026-06-15T12:00:00+00:00', '2026-06-15T12:00:00+00:00');
INSERT INTO entity_change_log (entity_id, entity_type, field, old_value, new_value, method, operator, source_doc_id, reason, changed_at) VALUES ('PROJECT_S_12c6a6fbc8224f59', 'project', '*', NULL, '{"action": "create"}'::json, 'rule', NULL, 'mock_seed', NULL, '2026-06-15T12:00:00+00:00');
INSERT INTO project_profile (project_id, name_cn, name_en, name_other, tech_domain, sub_tech_domain, start_date, cancel_date, finish_date, status, budget_activities, project_no, main_orgs, undertaking_orgs, undertaking_enterprises, managers, researchers, background, research_goal, research_content, keywords, progress, application_prospect, key_dates, total_budget_million_usd, invested_million_usd, parent_package_name, previous_phase_name, confidence, completeness, created_at, updated_at) VALUES ('PROJECT_S_14aee13f68a56105', '["基础钙钛矿太阳能电池项目"]'::json, '["Project-046"]'::json, '[]'::json, '["氢能", "增材制造"]'::json, '["航空航天", "量子计算"]'::json, '2019-07-19', NULL, '2019-07-19', '["成果已转化"]'::json, '["软件研究/开发/测试和评估试点BA-8"]'::json, 10046, '["南方航宇研究院"]'::json, '["南方微纳实验室", "中光电实验室"]'::json, '[]'::json, '["吴霞", "马磊"]'::json, '["赵宁", "韩建华", "吴海燕宇航", "吴霞"]'::json, '["针对氢能领域关键需求立项"]'::json, '突破氢能关键技术，形成自主可控能力。', '["氢能理论研究", "氢能工程化", "氢能应用验证"]'::json, '["氢能", "增材制造"]'::json, '["2019年完成方案论证", "2020年进入工程研制"]'::json, '成果可应用于相关产业领域。', '["2024-10-04", "2020-11-07", "2021-09-09"]'::json, 20.0, 10.0, '重大专项', NULL, 0.91, 0.724, '2026-06-15T12:00:00+00:00', '2026-06-15T12:00:00+00:00');
INSERT INTO project_history (project_id, change_date, change_description, created_at, updated_at) VALUES ('PROJECT_S_14aee13f68a56105', '2022-05-02', '立项批复', '2026-06-15T12:00:00+00:00', '2026-06-15T12:00:00+00:00');
INSERT INTO project_history (project_id, change_date, change_description, created_at, updated_at) VALUES ('PROJECT_S_14aee13f68a56105', '2024-01-19', '通过中期评审', '2026-06-15T12:00:00+00:00', '2026-06-15T12:00:00+00:00');
INSERT INTO project_history (project_id, change_date, change_description, created_at, updated_at) VALUES ('PROJECT_S_14aee13f68a56105', '2022-03-28', '转入工程阶段', '2026-06-15T12:00:00+00:00', '2026-06-15T12:00:00+00:00');
INSERT INTO project_budget (project_id, budget_date, amount, created_at, updated_at) VALUES ('PROJECT_S_14aee13f68a56105', '2022-08-11', 50.0, '2026-06-15T12:00:00+00:00', '2026-06-15T12:00:00+00:00');
INSERT INTO project_output (project_id, name_history, formed_at, tech_domains, owner_orgs, related_projects, attachments, created_at, updated_at) VALUES ('PROJECT_S_14aee13f68a56105', '氢能关键技术', '2021-05-04', '["氢能", "增材制造"]'::json, '["南方航宇研究院"]'::json, '[]'::json, '[]'::json, '2026-06-15T12:00:00+00:00', '2026-06-15T12:00:00+00:00');
INSERT INTO project_output (project_id, name_history, formed_at, tech_domains, owner_orgs, related_projects, attachments, created_at, updated_at) VALUES ('PROJECT_S_14aee13f68a56105', '氢能样机', '2024-04-01', '["氢能", "增材制造"]'::json, '["南方航宇研究院"]'::json, '[]'::json, '[]'::json, '2026-06-15T12:00:00+00:00', '2026-06-15T12:00:00+00:00');
INSERT INTO project_output (project_id, name_history, formed_at, tech_domains, owner_orgs, related_projects, attachments, created_at, updated_at) VALUES ('PROJECT_S_14aee13f68a56105', '氢能关键技术', '2023-04-26', '["氢能", "增材制造"]'::json, '["南方航宇研究院"]'::json, '[]'::json, '[]'::json, '2026-06-15T12:00:00+00:00', '2026-06-15T12:00:00+00:00');
INSERT INTO entity_change_log (entity_id, entity_type, field, old_value, new_value, method, operator, source_doc_id, reason, changed_at) VALUES ('PROJECT_S_14aee13f68a56105', 'project', '*', NULL, '{"action": "create"}'::json, 'rule', NULL, 'mock_seed', NULL, '2026-06-15T12:00:00+00:00');
INSERT INTO project_profile (project_id, name_cn, name_en, name_other, tech_domain, sub_tech_domain, start_date, cancel_date, finish_date, status, budget_activities, project_no, main_orgs, undertaking_orgs, undertaking_enterprises, managers, researchers, background, research_goal, research_content, keywords, progress, application_prospect, key_dates, total_budget_million_usd, invested_million_usd, parent_package_name, previous_phase_name, confidence, completeness, created_at, updated_at) VALUES ('PROJECT_S_9d0226b9c1783da1', '["重点固态电池计划"]'::json, '["Project-047"]'::json, '[]'::json, '["6G通信", "先进算力"]'::json, '["深海装备", "5G通信"]'::json, '2018-01-12', NULL, '2018-01-12', '["结束"]'::json, '["系统开发与演示验证BA-5"]'::json, 10047, '["新光电集团"]'::json, '["远脑科学股份", "新芯创高科"]'::json, '[]'::json, '["罗瑞文博", "林瑞"]'::json, '["梁娟", "赵宁"]'::json, '["针对先进算力领域关键需求立项"]'::json, '突破先进算力关键技术，形成自主可控能力。', '["先进算力理论研究", "先进算力工程化", "先进算力应用验证"]'::json, '["6G通信", "先进算力"]'::json, '["2018年完成方案论证", "2019年进入工程研制"]'::json, '成果可应用于相关产业领域。', '["2024-11-12", "2021-04-13", "2022-10-15"]'::json, 20.0, 30.0, '重点研发', NULL, 0.957, 0.806, '2026-06-15T12:00:00+00:00', '2026-06-15T12:00:00+00:00');
INSERT INTO project_history (project_id, change_date, change_description, created_at, updated_at) VALUES ('PROJECT_S_9d0226b9c1783da1', '2022-10-23', '立项批复', '2026-06-15T12:00:00+00:00', '2026-06-15T12:00:00+00:00');
INSERT INTO project_history (project_id, change_date, change_description, created_at, updated_at) VALUES ('PROJECT_S_9d0226b9c1783da1', '2021-01-17', '通过中期评审', '2026-06-15T12:00:00+00:00', '2026-06-15T12:00:00+00:00');
INSERT INTO project_history (project_id, change_date, change_description, created_at, updated_at) VALUES ('PROJECT_S_9d0226b9c1783da1', '2024-05-25', '转入工程阶段', '2026-06-15T12:00:00+00:00', '2026-06-15T12:00:00+00:00');
INSERT INTO project_budget (project_id, budget_date, amount, created_at, updated_at) VALUES ('PROJECT_S_9d0226b9c1783da1', '2022-07-26', 2000.0, '2026-06-15T12:00:00+00:00', '2026-06-15T12:00:00+00:00');
INSERT INTO project_output (project_id, name_history, formed_at, tech_domains, owner_orgs, related_projects, attachments, created_at, updated_at) VALUES ('PROJECT_S_9d0226b9c1783da1', '先进算力成果', '2024-02-22', '["6G通信", "先进算力"]'::json, '["新光电集团"]'::json, '[]'::json, '[]'::json, '2026-06-15T12:00:00+00:00', '2026-06-15T12:00:00+00:00');
INSERT INTO project_output (project_id, name_history, formed_at, tech_domains, owner_orgs, related_projects, attachments, created_at, updated_at) VALUES ('PROJECT_S_9d0226b9c1783da1', '先进算力成果', '2021-06-25', '["6G通信", "先进算力"]'::json, '["新光电集团"]'::json, '[]'::json, '[]'::json, '2026-06-15T12:00:00+00:00', '2026-06-15T12:00:00+00:00');
INSERT INTO entity_change_log (entity_id, entity_type, field, old_value, new_value, method, operator, source_doc_id, reason, changed_at) VALUES ('PROJECT_S_9d0226b9c1783da1', 'project', '*', NULL, '{"action": "create"}'::json, 'rule', NULL, 'mock_seed', NULL, '2026-06-15T12:00:00+00:00');
INSERT INTO project_profile (project_id, name_cn, name_en, name_other, tech_domain, sub_tech_domain, start_date, cancel_date, finish_date, status, budget_activities, project_no, main_orgs, undertaking_orgs, undertaking_enterprises, managers, researchers, background, research_goal, research_content, keywords, progress, application_prospect, key_dates, total_budget_million_usd, invested_million_usd, parent_package_name, previous_phase_name, confidence, completeness, created_at, updated_at) VALUES ('PROJECT_S_c69d31a6f06ce9cc', '["先导碳纳米管计划"]'::json, '["Project-048"]'::json, '[]'::json, '["6G通信", "脑机接口"]'::json, '["半导体", "集成电路"]'::json, '2020-10-13', NULL, NULL, '["进行中"]'::json, '["软件研究/开发/测试和评估试点BA-8"]'::json, 10048, '["航天量子集团"]'::json, '["航天算力研究院"]'::json, '[]'::json, '["朱宁", "邓斌"]'::json, '["周桂英", "刘军"]'::json, '["针对6G通信领域关键需求立项"]'::json, '突破6G通信关键技术，形成自主可控能力。', '["6G通信理论研究", "6G通信工程化", "6G通信应用验证"]'::json, '["6G通信", "脑机接口"]'::json, '["2020年完成方案论证", "2021年进入工程研制"]'::json, '成果可应用于相关产业领域。', '["2022-02-15", "2021-10-05"]'::json, 5.0, 30.0, '重大专项', NULL, 0.71, 0.864, '2026-06-15T12:00:00+00:00', '2026-06-15T12:00:00+00:00');
INSERT INTO project_history (project_id, change_date, change_description, created_at, updated_at) VALUES ('PROJECT_S_c69d31a6f06ce9cc', '2024-08-15', '立项批复', '2026-06-15T12:00:00+00:00', '2026-06-15T12:00:00+00:00');
INSERT INTO project_history (project_id, change_date, change_description, created_at, updated_at) VALUES ('PROJECT_S_c69d31a6f06ce9cc', '2020-09-02', '通过中期评审', '2026-06-15T12:00:00+00:00', '2026-06-15T12:00:00+00:00');
INSERT INTO project_history (project_id, change_date, change_description, created_at, updated_at) VALUES ('PROJECT_S_c69d31a6f06ce9cc', '2023-10-11', '转入工程阶段', '2026-06-15T12:00:00+00:00', '2026-06-15T12:00:00+00:00');
INSERT INTO project_budget (project_id, budget_date, amount, created_at, updated_at) VALUES ('PROJECT_S_c69d31a6f06ce9cc', '2020-05-02', 50.0, '2026-06-15T12:00:00+00:00', '2026-06-15T12:00:00+00:00');
INSERT INTO project_budget (project_id, budget_date, amount, created_at, updated_at) VALUES ('PROJECT_S_c69d31a6f06ce9cc', '2020-07-16', 200.0, '2026-06-15T12:00:00+00:00', '2026-06-15T12:00:00+00:00');
INSERT INTO project_budget (project_id, budget_date, amount, created_at, updated_at) VALUES ('PROJECT_S_c69d31a6f06ce9cc', '2021-02-01', 2000.0, '2026-06-15T12:00:00+00:00', '2026-06-15T12:00:00+00:00');
INSERT INTO project_output (project_id, name_history, formed_at, tech_domains, owner_orgs, related_projects, attachments, created_at, updated_at) VALUES ('PROJECT_S_c69d31a6f06ce9cc', '6G通信样机', '2022-09-10', '["6G通信", "脑机接口"]'::json, '["航天量子集团"]'::json, '[]'::json, '[]'::json, '2026-06-15T12:00:00+00:00', '2026-06-15T12:00:00+00:00');
INSERT INTO entity_change_log (entity_id, entity_type, field, old_value, new_value, method, operator, source_doc_id, reason, changed_at) VALUES ('PROJECT_S_c69d31a6f06ce9cc', 'project', '*', NULL, '{"action": "create"}'::json, 'rule', NULL, 'mock_seed', NULL, '2026-06-15T12:00:00+00:00');
INSERT INTO project_profile (project_id, name_cn, name_en, name_other, tech_domain, sub_tech_domain, start_date, cancel_date, finish_date, status, budget_activities, project_no, main_orgs, undertaking_orgs, undertaking_enterprises, managers, researchers, background, research_goal, research_content, keywords, progress, application_prospect, key_dates, total_budget_million_usd, invested_million_usd, parent_package_name, previous_phase_name, confidence, completeness, created_at, updated_at) VALUES ('PROJECT_S_f2aee75696e3a6b8', '["专项深海潜水器课题"]'::json, '["Project-049"]'::json, '[]'::json, '["碳捕集"]'::json, '["机器人"]'::json, '2018-03-18', NULL, '2018-03-18', '["成果已转化"]'::json, '["先期部件研制与样机开发BA-4"]'::json, 10049, '["华航宇股份"]'::json, '["新芯创研究院", "南方量子科技"]'::json, '[]'::json, '["谢超"]'::json, '["王娟刚", "韩雪松"]'::json, '["针对碳捕集领域关键需求立项"]'::json, '突破碳捕集关键技术，形成自主可控能力。', '["碳捕集理论研究", "碳捕集工程化", "碳捕集应用验证"]'::json, '["碳捕集"]'::json, '["2018年完成方案论证", "2019年进入工程研制"]'::json, '成果可应用于相关产业领域。', '["2021-04-19", "2022-05-17"]'::json, 5.0, 30.0, '重大专项', NULL, 0.858, 0.554, '2026-06-15T12:00:00+00:00', '2026-06-15T12:00:00+00:00');
INSERT INTO project_history (project_id, change_date, change_description, created_at, updated_at) VALUES ('PROJECT_S_f2aee75696e3a6b8', '2020-10-18', '立项批复', '2026-06-15T12:00:00+00:00', '2026-06-15T12:00:00+00:00');
INSERT INTO project_history (project_id, change_date, change_description, created_at, updated_at) VALUES ('PROJECT_S_f2aee75696e3a6b8', '2020-04-07', '通过中期评审', '2026-06-15T12:00:00+00:00', '2026-06-15T12:00:00+00:00');
INSERT INTO project_history (project_id, change_date, change_description, created_at, updated_at) VALUES ('PROJECT_S_f2aee75696e3a6b8', '2020-09-24', '转入工程阶段', '2026-06-15T12:00:00+00:00', '2026-06-15T12:00:00+00:00');
INSERT INTO project_budget (project_id, budget_date, amount, created_at, updated_at) VALUES ('PROJECT_S_f2aee75696e3a6b8', '2023-01-18', 800.0, '2026-06-15T12:00:00+00:00', '2026-06-15T12:00:00+00:00');
INSERT INTO project_output (project_id, name_history, formed_at, tech_domains, owner_orgs, related_projects, attachments, created_at, updated_at) VALUES ('PROJECT_S_f2aee75696e3a6b8', '碳捕集关键技术', '2021-02-18', '["碳捕集"]'::json, '["华航宇股份"]'::json, '[]'::json, '[]'::json, '2026-06-15T12:00:00+00:00', '2026-06-15T12:00:00+00:00');
INSERT INTO project_output (project_id, name_history, formed_at, tech_domains, owner_orgs, related_projects, attachments, created_at, updated_at) VALUES ('PROJECT_S_f2aee75696e3a6b8', '碳捕集样机', '2023-06-21', '["碳捕集"]'::json, '["华航宇股份"]'::json, '[]'::json, '[]'::json, '2026-06-15T12:00:00+00:00', '2026-06-15T12:00:00+00:00');
INSERT INTO entity_change_log (entity_id, entity_type, field, old_value, new_value, method, operator, source_doc_id, reason, changed_at) VALUES ('PROJECT_S_f2aee75696e3a6b8', 'project', '*', NULL, '{"action": "create"}'::json, 'rule', NULL, 'mock_seed', NULL, '2026-06-15T12:00:00+00:00');
INSERT INTO project_profile (project_id, name_cn, name_en, name_other, tech_domain, sub_tech_domain, start_date, cancel_date, finish_date, status, budget_activities, project_no, main_orgs, undertaking_orgs, undertaking_enterprises, managers, researchers, background, research_goal, research_content, keywords, progress, application_prospect, key_dates, total_budget_million_usd, invested_million_usd, parent_package_name, previous_phase_name, confidence, completeness, created_at, updated_at) VALUES ('PROJECT_S_912e14198da84467', '["前沿光量子计算专项"]'::json, '["Project-050"]'::json, '[]'::json, '["卫星互联网", "碳捕集"]'::json, '["氢能"]'::json, '2023-11-25', NULL, '2023-11-25', '["结束"]'::json, '["系统开发与演示验证BA-5"]'::json, 10050, '["南方量子高科"]'::json, '["中前沿研究院", "南方微纳实验室"]'::json, '[]'::json, '["许昊", "韩建华"]'::json, '["唐宇航桂英", "吴昊", "韩桂英雪松"]'::json, '["针对卫星互联网领域关键需求立项"]'::json, '突破卫星互联网关键技术，形成自主可控能力。', '["卫星互联网理论研究", "卫星互联网工程化", "卫星互联网应用验证"]'::json, '["卫星互联网", "碳捕集"]'::json, '["2023年完成方案论证", "2024年进入工程研制"]'::json, '成果可应用于相关产业领域。', '["2020-02-06"]'::json, 5.0, 80.0, NULL, NULL, 0.808, 0.627, '2026-06-15T12:00:00+00:00', '2026-06-15T12:00:00+00:00');
INSERT INTO project_history (project_id, change_date, change_description, created_at, updated_at) VALUES ('PROJECT_S_912e14198da84467', '2019-02-14', '立项批复', '2026-06-15T12:00:00+00:00', '2026-06-15T12:00:00+00:00');
INSERT INTO project_history (project_id, change_date, change_description, created_at, updated_at) VALUES ('PROJECT_S_912e14198da84467', '2023-12-11', '通过中期评审', '2026-06-15T12:00:00+00:00', '2026-06-15T12:00:00+00:00');
INSERT INTO project_history (project_id, change_date, change_description, created_at, updated_at) VALUES ('PROJECT_S_912e14198da84467', '2020-04-23', '转入工程阶段', '2026-06-15T12:00:00+00:00', '2026-06-15T12:00:00+00:00');
INSERT INTO project_budget (project_id, budget_date, amount, created_at, updated_at) VALUES ('PROJECT_S_912e14198da84467', '2022-01-28', 2000.0, '2026-06-15T12:00:00+00:00', '2026-06-15T12:00:00+00:00');
INSERT INTO project_output (project_id, name_history, formed_at, tech_domains, owner_orgs, related_projects, attachments, created_at, updated_at) VALUES ('PROJECT_S_912e14198da84467', '卫星互联网样机', '2021-10-20', '["卫星互联网", "碳捕集"]'::json, '["南方量子高科"]'::json, '[]'::json, '[]'::json, '2026-06-15T12:00:00+00:00', '2026-06-15T12:00:00+00:00');
INSERT INTO project_output (project_id, name_history, formed_at, tech_domains, owner_orgs, related_projects, attachments, created_at, updated_at) VALUES ('PROJECT_S_912e14198da84467', '卫星互联网关键技术', '2023-01-27', '["卫星互联网", "碳捕集"]'::json, '["南方量子高科"]'::json, '[]'::json, '[]'::json, '2026-06-15T12:00:00+00:00', '2026-06-15T12:00:00+00:00');
INSERT INTO entity_change_log (entity_id, entity_type, field, old_value, new_value, method, operator, source_doc_id, reason, changed_at) VALUES ('PROJECT_S_912e14198da84467', 'project', '*', NULL, '{"action": "create"}'::json, 'rule', NULL, 'mock_seed', NULL, '2026-06-15T12:00:00+00:00');
INSERT INTO project_profile (project_id, name_cn, name_en, name_other, tech_domain, sub_tech_domain, start_date, cancel_date, finish_date, status, budget_activities, project_no, main_orgs, undertaking_orgs, undertaking_enterprises, managers, researchers, background, research_goal, research_content, keywords, progress, application_prospect, key_dates, total_budget_million_usd, invested_million_usd, parent_package_name, previous_phase_name, confidence, completeness, created_at, updated_at) VALUES ('PROJECT_S_6b1e471464be8159', '["专项固态电池工程"]'::json, '["Project-051"]'::json, '[]'::json, '["无人机", "光电技术"]'::json, '["脑机接口"]'::json, '2024-09-19', NULL, NULL, '["进行中"]'::json, '["系统开发与演示验证BA-5"]'::json, 10051, '["航天脑科学高科"]'::json, '["新光电集团", "中芯创集团"]'::json, '[]'::json, '["梁桂英军", "罗峰强"]'::json, '["黄娟", "周强"]'::json, '["针对无人机领域关键需求立项"]'::json, '突破无人机关键技术，形成自主可控能力。', '["无人机理论研究", "无人机工程化", "无人机应用验证"]'::json, '["无人机", "光电技术"]'::json, '["2024年完成方案论证", "2025年进入工程研制"]'::json, '成果可应用于相关产业领域。', '["2023-08-10", "2021-04-01", "2022-09-26"]'::json, 20.0, 30.0, '重点研发', NULL, 0.702, 0.698, '2026-06-15T12:00:00+00:00', '2026-06-15T12:00:00+00:00');
INSERT INTO project_history (project_id, change_date, change_description, created_at, updated_at) VALUES ('PROJECT_S_6b1e471464be8159', '2019-10-03', '立项批复', '2026-06-15T12:00:00+00:00', '2026-06-15T12:00:00+00:00');
INSERT INTO project_history (project_id, change_date, change_description, created_at, updated_at) VALUES ('PROJECT_S_6b1e471464be8159', '2023-05-23', '通过中期评审', '2026-06-15T12:00:00+00:00', '2026-06-15T12:00:00+00:00');
INSERT INTO project_history (project_id, change_date, change_description, created_at, updated_at) VALUES ('PROJECT_S_6b1e471464be8159', '2022-11-28', '转入工程阶段', '2026-06-15T12:00:00+00:00', '2026-06-15T12:00:00+00:00');
INSERT INTO project_budget (project_id, budget_date, amount, created_at, updated_at) VALUES ('PROJECT_S_6b1e471464be8159', '2020-02-26', 50.0, '2026-06-15T12:00:00+00:00', '2026-06-15T12:00:00+00:00');
INSERT INTO project_output (project_id, name_history, formed_at, tech_domains, owner_orgs, related_projects, attachments, created_at, updated_at) VALUES ('PROJECT_S_6b1e471464be8159', '无人机成果', '2023-06-12', '["无人机", "光电技术"]'::json, '["航天脑科学高科"]'::json, '[]'::json, '[]'::json, '2026-06-15T12:00:00+00:00', '2026-06-15T12:00:00+00:00');
INSERT INTO project_output (project_id, name_history, formed_at, tech_domains, owner_orgs, related_projects, attachments, created_at, updated_at) VALUES ('PROJECT_S_6b1e471464be8159', '无人机关键技术', '2023-03-11', '["无人机", "光电技术"]'::json, '["航天脑科学高科"]'::json, '[]'::json, '[]'::json, '2026-06-15T12:00:00+00:00', '2026-06-15T12:00:00+00:00');
INSERT INTO project_output (project_id, name_history, formed_at, tech_domains, owner_orgs, related_projects, attachments, created_at, updated_at) VALUES ('PROJECT_S_6b1e471464be8159', '无人机关键技术', '2021-09-11', '["无人机", "光电技术"]'::json, '["航天脑科学高科"]'::json, '[]'::json, '[]'::json, '2026-06-15T12:00:00+00:00', '2026-06-15T12:00:00+00:00');
INSERT INTO entity_change_log (entity_id, entity_type, field, old_value, new_value, method, operator, source_doc_id, reason, changed_at) VALUES ('PROJECT_S_6b1e471464be8159', 'project', '*', NULL, '{"action": "create"}'::json, 'rule', NULL, 'mock_seed', NULL, '2026-06-15T12:00:00+00:00');
INSERT INTO project_profile (project_id, name_cn, name_en, name_other, tech_domain, sub_tech_domain, start_date, cancel_date, finish_date, status, budget_activities, project_no, main_orgs, undertaking_orgs, undertaking_enterprises, managers, researchers, background, research_goal, research_content, keywords, progress, application_prospect, key_dates, total_budget_million_usd, invested_million_usd, parent_package_name, previous_phase_name, confidence, completeness, created_at, updated_at) VALUES ('PROJECT_S_71cd55816ade8253', '["先导碳纳米管任务"]'::json, '["Project-052"]'::json, '[]'::json, '["半导体", "增材制造"]'::json, '["氢能", "量子计算"]'::json, '2021-04-04', NULL, NULL, '["结束"]'::json, '["先期部件研制与样机开发BA-4"]'::json, 10052, '["华芯创集团"]'::json, '["东方基因股份", "国航宇集团"]'::json, '[]'::json, '["张刚瑞", "彭雪松"]'::json, '["陈超", "徐晓东", "曹杰志强"]'::json, '["针对增材制造领域关键需求立项"]'::json, '突破增材制造关键技术，形成自主可控能力。', '["增材制造理论研究", "增材制造工程化", "增材制造应用验证"]'::json, '["半导体", "增材制造"]'::json, '["2021年完成方案论证", "2022年进入工程研制"]'::json, '成果可应用于相关产业领域。', '["2021-06-20", "2023-08-17"]'::json, 300.0, 80.0, '重点研发', NULL, 0.856, 0.835, '2026-06-15T12:00:00+00:00', '2026-06-15T12:00:00+00:00');
INSERT INTO project_history (project_id, change_date, change_description, created_at, updated_at) VALUES ('PROJECT_S_71cd55816ade8253', '2024-10-23', '立项批复', '2026-06-15T12:00:00+00:00', '2026-06-15T12:00:00+00:00');
INSERT INTO project_history (project_id, change_date, change_description, created_at, updated_at) VALUES ('PROJECT_S_71cd55816ade8253', '2024-11-24', '通过中期评审', '2026-06-15T12:00:00+00:00', '2026-06-15T12:00:00+00:00');
INSERT INTO project_history (project_id, change_date, change_description, created_at, updated_at) VALUES ('PROJECT_S_71cd55816ade8253', '2023-03-15', '转入工程阶段', '2026-06-15T12:00:00+00:00', '2026-06-15T12:00:00+00:00');
INSERT INTO project_budget (project_id, budget_date, amount, created_at, updated_at) VALUES ('PROJECT_S_71cd55816ade8253', '2021-12-22', 50.0, '2026-06-15T12:00:00+00:00', '2026-06-15T12:00:00+00:00');
INSERT INTO project_output (project_id, name_history, formed_at, tech_domains, owner_orgs, related_projects, attachments, created_at, updated_at) VALUES ('PROJECT_S_71cd55816ade8253', '增材制造成果', '2023-02-09', '["半导体", "增材制造"]'::json, '["华芯创集团"]'::json, '[]'::json, '[]'::json, '2026-06-15T12:00:00+00:00', '2026-06-15T12:00:00+00:00');
INSERT INTO project_output (project_id, name_history, formed_at, tech_domains, owner_orgs, related_projects, attachments, created_at, updated_at) VALUES ('PROJECT_S_71cd55816ade8253', '增材制造样机', '2024-08-05', '["半导体", "增材制造"]'::json, '["华芯创集团"]'::json, '[]'::json, '[]'::json, '2026-06-15T12:00:00+00:00', '2026-06-15T12:00:00+00:00');
INSERT INTO project_output (project_id, name_history, formed_at, tech_domains, owner_orgs, related_projects, attachments, created_at, updated_at) VALUES ('PROJECT_S_71cd55816ade8253', '增材制造关键技术', '2024-12-13', '["半导体", "增材制造"]'::json, '["华芯创集团"]'::json, '[]'::json, '[]'::json, '2026-06-15T12:00:00+00:00', '2026-06-15T12:00:00+00:00');
INSERT INTO entity_change_log (entity_id, entity_type, field, old_value, new_value, method, operator, source_doc_id, reason, changed_at) VALUES ('PROJECT_S_71cd55816ade8253', 'project', '*', NULL, '{"action": "create"}'::json, 'rule', NULL, 'mock_seed', NULL, '2026-06-15T12:00:00+00:00');
INSERT INTO project_profile (project_id, name_cn, name_en, name_other, tech_domain, sub_tech_domain, start_date, cancel_date, finish_date, status, budget_activities, project_no, main_orgs, undertaking_orgs, undertaking_enterprises, managers, researchers, background, research_goal, research_content, keywords, progress, application_prospect, key_dates, total_budget_million_usd, invested_million_usd, parent_package_name, previous_phase_name, confidence, completeness, created_at, updated_at) VALUES ('PROJECT_S_8ecd26b80a1fa3cf', '["基础类脑计算架构任务"]'::json, '["Project-053"]'::json, '[]'::json, '["卫星互联网", "脑机接口"]'::json, '["自动驾驶", "5G通信"]'::json, '2024-03-17', NULL, NULL, '["结束"]'::json, '["基础技术研究BA-1"]'::json, 10053, '["南方量子高科"]'::json, '["北方航宇科技"]'::json, '[]'::json, '["徐伟强", "马磊"]'::json, '["郑洋", "韩雪松", "赵昊洋", "徐斌"]'::json, '["针对卫星互联网领域关键需求立项"]'::json, '突破卫星互联网关键技术，形成自主可控能力。', '["卫星互联网理论研究", "卫星互联网工程化", "卫星互联网应用验证"]'::json, '["卫星互联网", "脑机接口"]'::json, '["2024年完成方案论证", "2025年进入工程研制"]'::json, '成果可应用于相关产业领域。', '["2023-02-26", "2022-05-05", "2024-03-09"]'::json, 300.0, 10.0, NULL, NULL, 0.768, 0.808, '2026-06-15T12:00:00+00:00', '2026-06-15T12:00:00+00:00');
INSERT INTO project_history (project_id, change_date, change_description, created_at, updated_at) VALUES ('PROJECT_S_8ecd26b80a1fa3cf', '2024-08-03', '立项批复', '2026-06-15T12:00:00+00:00', '2026-06-15T12:00:00+00:00');
INSERT INTO project_history (project_id, change_date, change_description, created_at, updated_at) VALUES ('PROJECT_S_8ecd26b80a1fa3cf', '2022-07-11', '通过中期评审', '2026-06-15T12:00:00+00:00', '2026-06-15T12:00:00+00:00');
INSERT INTO project_history (project_id, change_date, change_description, created_at, updated_at) VALUES ('PROJECT_S_8ecd26b80a1fa3cf', '2022-03-12', '转入工程阶段', '2026-06-15T12:00:00+00:00', '2026-06-15T12:00:00+00:00');
INSERT INTO project_budget (project_id, budget_date, amount, created_at, updated_at) VALUES ('PROJECT_S_8ecd26b80a1fa3cf', '2024-04-08', 50.0, '2026-06-15T12:00:00+00:00', '2026-06-15T12:00:00+00:00');
INSERT INTO project_budget (project_id, budget_date, amount, created_at, updated_at) VALUES ('PROJECT_S_8ecd26b80a1fa3cf', '2022-01-05', 2000.0, '2026-06-15T12:00:00+00:00', '2026-06-15T12:00:00+00:00');
INSERT INTO project_output (project_id, name_history, formed_at, tech_domains, owner_orgs, related_projects, attachments, created_at, updated_at) VALUES ('PROJECT_S_8ecd26b80a1fa3cf', '卫星互联网关键技术', '2024-05-04', '["卫星互联网", "脑机接口"]'::json, '["南方量子高科"]'::json, '[]'::json, '[]'::json, '2026-06-15T12:00:00+00:00', '2026-06-15T12:00:00+00:00');
INSERT INTO project_output (project_id, name_history, formed_at, tech_domains, owner_orgs, related_projects, attachments, created_at, updated_at) VALUES ('PROJECT_S_8ecd26b80a1fa3cf', '卫星互联网样机', '2022-08-12', '["卫星互联网", "脑机接口"]'::json, '["南方量子高科"]'::json, '[]'::json, '[]'::json, '2026-06-15T12:00:00+00:00', '2026-06-15T12:00:00+00:00');
INSERT INTO entity_change_log (entity_id, entity_type, field, old_value, new_value, method, operator, source_doc_id, reason, changed_at) VALUES ('PROJECT_S_8ecd26b80a1fa3cf', 'project', '*', NULL, '{"action": "create"}'::json, 'rule', NULL, 'mock_seed', NULL, '2026-06-15T12:00:00+00:00');
INSERT INTO project_profile (project_id, name_cn, name_en, name_other, tech_domain, sub_tech_domain, start_date, cancel_date, finish_date, status, budget_activities, project_no, main_orgs, undertaking_orgs, undertaking_enterprises, managers, researchers, background, research_goal, research_content, keywords, progress, application_prospect, key_dates, total_budget_million_usd, invested_million_usd, parent_package_name, previous_phase_name, confidence, completeness, created_at, updated_at) VALUES ('PROJECT_S_a0cb388a92011ce3', '["重点钙钛矿太阳能电池专项"]'::json, '["Project-054"]'::json, '[]'::json, '["6G通信", "集成电路"]'::json, '["先进算力", "大模型"]'::json, '2021-09-26', NULL, NULL, '["结束"]'::json, '["应用技术研究BA-2"]'::json, 10054, '["北方未来高科"]'::json, '["东方智算实验室", "国智算股份"]'::json, '[]'::json, '["邓斌"]'::json, '["张桂英", "刘娟伟", "周桂英"]'::json, '["针对6G通信领域关键需求立项"]'::json, '突破6G通信关键技术，形成自主可控能力。', '["6G通信理论研究", "6G通信工程化", "6G通信应用验证"]'::json, '["6G通信", "集成电路"]'::json, '["2021年完成方案论证", "2022年进入工程研制"]'::json, '成果可应用于相关产业领域。', '["2024-05-13", "2023-03-06", "2022-08-20"]'::json, 50.0, 30.0, '重大专项', NULL, 0.967, 0.941, '2026-06-15T12:00:00+00:00', '2026-06-15T12:00:00+00:00');
INSERT INTO project_history (project_id, change_date, change_description, created_at, updated_at) VALUES ('PROJECT_S_a0cb388a92011ce3', '2019-10-24', '立项批复', '2026-06-15T12:00:00+00:00', '2026-06-15T12:00:00+00:00');
INSERT INTO project_history (project_id, change_date, change_description, created_at, updated_at) VALUES ('PROJECT_S_a0cb388a92011ce3', '2023-05-04', '通过中期评审', '2026-06-15T12:00:00+00:00', '2026-06-15T12:00:00+00:00');
INSERT INTO project_history (project_id, change_date, change_description, created_at, updated_at) VALUES ('PROJECT_S_a0cb388a92011ce3', '2024-07-11', '转入工程阶段', '2026-06-15T12:00:00+00:00', '2026-06-15T12:00:00+00:00');
INSERT INTO project_budget (project_id, budget_date, amount, created_at, updated_at) VALUES ('PROJECT_S_a0cb388a92011ce3', '2023-09-14', 2000.0, '2026-06-15T12:00:00+00:00', '2026-06-15T12:00:00+00:00');
INSERT INTO project_output (project_id, name_history, formed_at, tech_domains, owner_orgs, related_projects, attachments, created_at, updated_at) VALUES ('PROJECT_S_a0cb388a92011ce3', '6G通信关键技术', '2024-07-20', '["6G通信", "集成电路"]'::json, '["北方未来高科"]'::json, '[]'::json, '[]'::json, '2026-06-15T12:00:00+00:00', '2026-06-15T12:00:00+00:00');
INSERT INTO project_output (project_id, name_history, formed_at, tech_domains, owner_orgs, related_projects, attachments, created_at, updated_at) VALUES ('PROJECT_S_a0cb388a92011ce3', '6G通信成果', '2022-01-12', '["6G通信", "集成电路"]'::json, '["北方未来高科"]'::json, '[]'::json, '[]'::json, '2026-06-15T12:00:00+00:00', '2026-06-15T12:00:00+00:00');
INSERT INTO entity_change_log (entity_id, entity_type, field, old_value, new_value, method, operator, source_doc_id, reason, changed_at) VALUES ('PROJECT_S_a0cb388a92011ce3', 'project', '*', NULL, '{"action": "create"}'::json, 'rule', NULL, 'mock_seed', NULL, '2026-06-15T12:00:00+00:00');
INSERT INTO project_profile (project_id, name_cn, name_en, name_other, tech_domain, sub_tech_domain, start_date, cancel_date, finish_date, status, budget_activities, project_no, main_orgs, undertaking_orgs, undertaking_enterprises, managers, researchers, background, research_goal, research_content, keywords, progress, application_prospect, key_dates, total_budget_million_usd, invested_million_usd, parent_package_name, previous_phase_name, confidence, completeness, created_at, updated_at) VALUES ('PROJECT_S_03455dd1b81e5461', '["重点光量子计算工程"]'::json, '["Project-055"]'::json, '[]'::json, '["无人机", "脑机接口"]'::json, '["基因编辑"]'::json, '2021-11-16', NULL, NULL, '["结束"]'::json, '["应用技术研究BA-2"]'::json, 10055, '["南方前沿集团"]'::json, '["新前沿实验室"]'::json, '[]'::json, '["林志强", "徐晓东"]'::json, '["林峰", "吴海燕宇航", "周桂英峰"]'::json, '["针对无人机领域关键需求立项"]'::json, '突破无人机关键技术，形成自主可控能力。', '["无人机理论研究", "无人机工程化", "无人机应用验证"]'::json, '["无人机", "脑机接口"]'::json, '["2021年完成方案论证", "2022年进入工程研制"]'::json, '成果可应用于相关产业领域。', '["2024-11-07", "2024-08-18"]'::json, 50.0, 30.0, '重点研发', NULL, 0.743, 0.866, '2026-06-15T12:00:00+00:00', '2026-06-15T12:00:00+00:00');
INSERT INTO project_history (project_id, change_date, change_description, created_at, updated_at) VALUES ('PROJECT_S_03455dd1b81e5461', '2021-08-24', '立项批复', '2026-06-15T12:00:00+00:00', '2026-06-15T12:00:00+00:00');
INSERT INTO project_history (project_id, change_date, change_description, created_at, updated_at) VALUES ('PROJECT_S_03455dd1b81e5461', '2021-08-16', '通过中期评审', '2026-06-15T12:00:00+00:00', '2026-06-15T12:00:00+00:00');
INSERT INTO project_history (project_id, change_date, change_description, created_at, updated_at) VALUES ('PROJECT_S_03455dd1b81e5461', '2021-03-05', '转入工程阶段', '2026-06-15T12:00:00+00:00', '2026-06-15T12:00:00+00:00');
INSERT INTO project_budget (project_id, budget_date, amount, created_at, updated_at) VALUES ('PROJECT_S_03455dd1b81e5461', '2024-11-15', 50.0, '2026-06-15T12:00:00+00:00', '2026-06-15T12:00:00+00:00');
INSERT INTO project_budget (project_id, budget_date, amount, created_at, updated_at) VALUES ('PROJECT_S_03455dd1b81e5461', '2022-04-02', 50.0, '2026-06-15T12:00:00+00:00', '2026-06-15T12:00:00+00:00');
INSERT INTO project_budget (project_id, budget_date, amount, created_at, updated_at) VALUES ('PROJECT_S_03455dd1b81e5461', '2022-05-16', 800.0, '2026-06-15T12:00:00+00:00', '2026-06-15T12:00:00+00:00');
INSERT INTO project_output (project_id, name_history, formed_at, tech_domains, owner_orgs, related_projects, attachments, created_at, updated_at) VALUES ('PROJECT_S_03455dd1b81e5461', '无人机样机', '2021-11-19', '["无人机", "脑机接口"]'::json, '["南方前沿集团"]'::json, '[]'::json, '[]'::json, '2026-06-15T12:00:00+00:00', '2026-06-15T12:00:00+00:00');
INSERT INTO entity_change_log (entity_id, entity_type, field, old_value, new_value, method, operator, source_doc_id, reason, changed_at) VALUES ('PROJECT_S_03455dd1b81e5461', 'project', '*', NULL, '{"action": "create"}'::json, 'rule', NULL, 'mock_seed', NULL, '2026-06-15T12:00:00+00:00');
INSERT INTO project_profile (project_id, name_cn, name_en, name_other, tech_domain, sub_tech_domain, start_date, cancel_date, finish_date, status, budget_activities, project_no, main_orgs, undertaking_orgs, undertaking_enterprises, managers, researchers, background, research_goal, research_content, keywords, progress, application_prospect, key_dates, total_budget_million_usd, invested_million_usd, parent_package_name, previous_phase_name, confidence, completeness, created_at, updated_at) VALUES ('PROJECT_S_f96e09d5504e115a', '["基础基因剪刀工程"]'::json, '["Project-056"]'::json, '[]'::json, '["基因编辑", "半导体"]'::json, '["生物医药", "5G通信"]'::json, '2019-05-13', NULL, NULL, '["成果已转化"]'::json, '["系统开发与演示验证BA-5"]'::json, 10056, '["国生医工程技术中心"]'::json, '["国未来研究院"]'::json, '[]'::json, '["何宁斌"]'::json, '["邓艳志强", "韩桂英雪松", "吴霞", "吴俊杰"]'::json, '["针对半导体领域关键需求立项"]'::json, '突破半导体关键技术，形成自主可控能力。', '["半导体理论研究", "半导体工程化", "半导体应用验证"]'::json, '["基因编辑", "半导体"]'::json, '["2019年完成方案论证", "2020年进入工程研制"]'::json, '成果可应用于相关产业领域。', '["2022-05-22", "2024-01-16"]'::json, 50.0, 2.0, '重大专项', NULL, 0.907, 0.86, '2026-06-15T12:00:00+00:00', '2026-06-15T12:00:00+00:00');
INSERT INTO project_history (project_id, change_date, change_description, created_at, updated_at) VALUES ('PROJECT_S_f96e09d5504e115a', '2023-01-04', '立项批复', '2026-06-15T12:00:00+00:00', '2026-06-15T12:00:00+00:00');
INSERT INTO project_history (project_id, change_date, change_description, created_at, updated_at) VALUES ('PROJECT_S_f96e09d5504e115a', '2020-08-21', '通过中期评审', '2026-06-15T12:00:00+00:00', '2026-06-15T12:00:00+00:00');
INSERT INTO project_history (project_id, change_date, change_description, created_at, updated_at) VALUES ('PROJECT_S_f96e09d5504e115a', '2022-07-21', '转入工程阶段', '2026-06-15T12:00:00+00:00', '2026-06-15T12:00:00+00:00');
INSERT INTO project_budget (project_id, budget_date, amount, created_at, updated_at) VALUES ('PROJECT_S_f96e09d5504e115a', '2023-12-07', 2000.0, '2026-06-15T12:00:00+00:00', '2026-06-15T12:00:00+00:00');
INSERT INTO project_budget (project_id, budget_date, amount, created_at, updated_at) VALUES ('PROJECT_S_f96e09d5504e115a', '2021-04-17', 200.0, '2026-06-15T12:00:00+00:00', '2026-06-15T12:00:00+00:00');
INSERT INTO project_budget (project_id, budget_date, amount, created_at, updated_at) VALUES ('PROJECT_S_f96e09d5504e115a', '2020-04-23', 800.0, '2026-06-15T12:00:00+00:00', '2026-06-15T12:00:00+00:00');
INSERT INTO project_output (project_id, name_history, formed_at, tech_domains, owner_orgs, related_projects, attachments, created_at, updated_at) VALUES ('PROJECT_S_f96e09d5504e115a', '半导体关键技术', '2022-05-17', '["基因编辑", "半导体"]'::json, '["国生医工程技术中心"]'::json, '[]'::json, '[]'::json, '2026-06-15T12:00:00+00:00', '2026-06-15T12:00:00+00:00');
INSERT INTO entity_change_log (entity_id, entity_type, field, old_value, new_value, method, operator, source_doc_id, reason, changed_at) VALUES ('PROJECT_S_f96e09d5504e115a', 'project', '*', NULL, '{"action": "create"}'::json, 'rule', NULL, 'mock_seed', NULL, '2026-06-15T12:00:00+00:00');
INSERT INTO project_profile (project_id, name_cn, name_en, name_other, tech_domain, sub_tech_domain, start_date, cancel_date, finish_date, status, budget_activities, project_no, main_orgs, undertaking_orgs, undertaking_enterprises, managers, researchers, background, research_goal, research_content, keywords, progress, application_prospect, key_dates, total_budget_million_usd, invested_million_usd, parent_package_name, previous_phase_name, confidence, completeness, created_at, updated_at) VALUES ('PROJECT_S_2dfe296835a1c1e9', '["攻关基因剪刀计划"]'::json, '["Project-057"]'::json, '[]'::json, '["碳捕集", "增材制造"]'::json, '["6G通信"]'::json, '2024-07-06', NULL, NULL, '["进行中"]'::json, '["先期技术开发BA-3"]'::json, 10057, '["新芯创高科"]'::json, '["北方未来高科"]'::json, '[]'::json, '["陈涛"]'::json, '["陈超", "韩涛"]'::json, '["针对增材制造领域关键需求立项"]'::json, '突破增材制造关键技术，形成自主可控能力。', '["增材制造理论研究", "增材制造工程化", "增材制造应用验证"]'::json, '["碳捕集", "增材制造"]'::json, '["2024年完成方案论证", "2025年进入工程研制"]'::json, '成果可应用于相关产业领域。', '["2020-12-10"]'::json, 5.0, 10.0, '重大专项', NULL, 0.9, 0.76, '2026-06-15T12:00:00+00:00', '2026-06-15T12:00:00+00:00');
INSERT INTO project_history (project_id, change_date, change_description, created_at, updated_at) VALUES ('PROJECT_S_2dfe296835a1c1e9', '2021-07-16', '立项批复', '2026-06-15T12:00:00+00:00', '2026-06-15T12:00:00+00:00');
INSERT INTO project_history (project_id, change_date, change_description, created_at, updated_at) VALUES ('PROJECT_S_2dfe296835a1c1e9', '2024-04-25', '通过中期评审', '2026-06-15T12:00:00+00:00', '2026-06-15T12:00:00+00:00');
INSERT INTO project_history (project_id, change_date, change_description, created_at, updated_at) VALUES ('PROJECT_S_2dfe296835a1c1e9', '2020-12-02', '转入工程阶段', '2026-06-15T12:00:00+00:00', '2026-06-15T12:00:00+00:00');
INSERT INTO project_budget (project_id, budget_date, amount, created_at, updated_at) VALUES ('PROJECT_S_2dfe296835a1c1e9', '2024-06-01', 800.0, '2026-06-15T12:00:00+00:00', '2026-06-15T12:00:00+00:00');
INSERT INTO project_budget (project_id, budget_date, amount, created_at, updated_at) VALUES ('PROJECT_S_2dfe296835a1c1e9', '2020-05-08', 200.0, '2026-06-15T12:00:00+00:00', '2026-06-15T12:00:00+00:00');
INSERT INTO project_output (project_id, name_history, formed_at, tech_domains, owner_orgs, related_projects, attachments, created_at, updated_at) VALUES ('PROJECT_S_2dfe296835a1c1e9', '增材制造关键技术', '2022-03-24', '["碳捕集", "增材制造"]'::json, '["新芯创高科"]'::json, '[]'::json, '[]'::json, '2026-06-15T12:00:00+00:00', '2026-06-15T12:00:00+00:00');
INSERT INTO project_output (project_id, name_history, formed_at, tech_domains, owner_orgs, related_projects, attachments, created_at, updated_at) VALUES ('PROJECT_S_2dfe296835a1c1e9', '增材制造成果', '2022-09-10', '["碳捕集", "增材制造"]'::json, '["新芯创高科"]'::json, '[]'::json, '[]'::json, '2026-06-15T12:00:00+00:00', '2026-06-15T12:00:00+00:00');
INSERT INTO project_output (project_id, name_history, formed_at, tech_domains, owner_orgs, related_projects, attachments, created_at, updated_at) VALUES ('PROJECT_S_2dfe296835a1c1e9', '增材制造关键技术', '2022-11-26', '["碳捕集", "增材制造"]'::json, '["新芯创高科"]'::json, '[]'::json, '[]'::json, '2026-06-15T12:00:00+00:00', '2026-06-15T12:00:00+00:00');
INSERT INTO entity_change_log (entity_id, entity_type, field, old_value, new_value, method, operator, source_doc_id, reason, changed_at) VALUES ('PROJECT_S_2dfe296835a1c1e9', 'project', '*', NULL, '{"action": "create"}'::json, 'rule', NULL, 'mock_seed', NULL, '2026-06-15T12:00:00+00:00');
INSERT INTO project_profile (project_id, name_cn, name_en, name_other, tech_domain, sub_tech_domain, start_date, cancel_date, finish_date, status, budget_activities, project_no, main_orgs, undertaking_orgs, undertaking_enterprises, managers, researchers, background, research_goal, research_content, keywords, progress, application_prospect, key_dates, total_budget_million_usd, invested_million_usd, parent_package_name, previous_phase_name, confidence, completeness, created_at, updated_at) VALUES ('PROJECT_S_1aadf0cedc48acd7', '["重点太赫兹通信课题"]'::json, '["Project-058"]'::json, '[]'::json, '["集成电路", "半导体"]'::json, '["航空航天", "基因编辑"]'::json, '2024-01-04', NULL, NULL, '["进行中"]'::json, '["系统开发与演示验证BA-5"]'::json, 10058, '["华氢动实验室"]'::json, '["航天量子集团", "航天生医高科"]'::json, '[]'::json, '["黄军"]'::json, '["冯平", "罗峰强", "韩雪松", "张磊"]'::json, '["针对半导体领域关键需求立项"]'::json, '突破半导体关键技术，形成自主可控能力。', '["半导体理论研究", "半导体工程化", "半导体应用验证"]'::json, '["集成电路", "半导体"]'::json, '["2024年完成方案论证", "2025年进入工程研制"]'::json, '成果可应用于相关产业领域。', '["2022-11-22", "2024-04-02"]'::json, 300.0, 30.0, '重大专项', NULL, 0.702, 0.793, '2026-06-15T12:00:00+00:00', '2026-06-15T12:00:00+00:00');
INSERT INTO project_history (project_id, change_date, change_description, created_at, updated_at) VALUES ('PROJECT_S_1aadf0cedc48acd7', '2019-10-19', '立项批复', '2026-06-15T12:00:00+00:00', '2026-06-15T12:00:00+00:00');
INSERT INTO project_history (project_id, change_date, change_description, created_at, updated_at) VALUES ('PROJECT_S_1aadf0cedc48acd7', '2023-10-13', '通过中期评审', '2026-06-15T12:00:00+00:00', '2026-06-15T12:00:00+00:00');
INSERT INTO project_history (project_id, change_date, change_description, created_at, updated_at) VALUES ('PROJECT_S_1aadf0cedc48acd7', '2024-11-28', '转入工程阶段', '2026-06-15T12:00:00+00:00', '2026-06-15T12:00:00+00:00');
INSERT INTO project_budget (project_id, budget_date, amount, created_at, updated_at) VALUES ('PROJECT_S_1aadf0cedc48acd7', '2020-11-22', 800.0, '2026-06-15T12:00:00+00:00', '2026-06-15T12:00:00+00:00');
INSERT INTO project_budget (project_id, budget_date, amount, created_at, updated_at) VALUES ('PROJECT_S_1aadf0cedc48acd7', '2020-07-25', 50.0, '2026-06-15T12:00:00+00:00', '2026-06-15T12:00:00+00:00');
INSERT INTO project_output (project_id, name_history, formed_at, tech_domains, owner_orgs, related_projects, attachments, created_at, updated_at) VALUES ('PROJECT_S_1aadf0cedc48acd7', '半导体成果', '2021-04-15', '["集成电路", "半导体"]'::json, '["华氢动实验室"]'::json, '[]'::json, '[]'::json, '2026-06-15T12:00:00+00:00', '2026-06-15T12:00:00+00:00');
INSERT INTO project_output (project_id, name_history, formed_at, tech_domains, owner_orgs, related_projects, attachments, created_at, updated_at) VALUES ('PROJECT_S_1aadf0cedc48acd7', '半导体关键技术', '2024-11-05', '["集成电路", "半导体"]'::json, '["华氢动实验室"]'::json, '[]'::json, '[]'::json, '2026-06-15T12:00:00+00:00', '2026-06-15T12:00:00+00:00');
INSERT INTO project_output (project_id, name_history, formed_at, tech_domains, owner_orgs, related_projects, attachments, created_at, updated_at) VALUES ('PROJECT_S_1aadf0cedc48acd7', '半导体成果', '2022-05-01', '["集成电路", "半导体"]'::json, '["华氢动实验室"]'::json, '[]'::json, '[]'::json, '2026-06-15T12:00:00+00:00', '2026-06-15T12:00:00+00:00');
INSERT INTO entity_change_log (entity_id, entity_type, field, old_value, new_value, method, operator, source_doc_id, reason, changed_at) VALUES ('PROJECT_S_1aadf0cedc48acd7', 'project', '*', NULL, '{"action": "create"}'::json, 'rule', NULL, 'mock_seed', NULL, '2026-06-15T12:00:00+00:00');
INSERT INTO project_profile (project_id, name_cn, name_en, name_other, tech_domain, sub_tech_domain, start_date, cancel_date, finish_date, status, budget_activities, project_no, main_orgs, undertaking_orgs, undertaking_enterprises, managers, researchers, background, research_goal, research_content, keywords, progress, application_prospect, key_dates, total_budget_million_usd, invested_million_usd, parent_package_name, previous_phase_name, confidence, completeness, created_at, updated_at) VALUES ('PROJECT_S_b4b8a77bbd5083a0', '["重点可重复使用火箭计划"]'::json, '["Project-059"]'::json, '[]'::json, '["生物医药", "机器人"]'::json, '["基因编辑"]'::json, '2022-09-04', NULL, NULL, '["成果已转化"]'::json, '["先期部件研制与样机开发BA-4"]'::json, 10059, '["华信息高科"]'::json, '["国生医工程技术中心"]'::json, '[]'::json, '["韩桂英雪松", "张磊"]'::json, '["马宇航建华", "张桂英", "王勇晓东", "林瑞"]'::json, '["针对机器人领域关键需求立项"]'::json, '突破机器人关键技术，形成自主可控能力。', '["机器人理论研究", "机器人工程化", "机器人应用验证"]'::json, '["生物医药", "机器人"]'::json, '["2022年完成方案论证", "2023年进入工程研制"]'::json, '成果可应用于相关产业领域。', '["2020-11-06"]'::json, 5.0, 80.0, '重点研发', NULL, 0.942, 0.882, '2026-06-15T12:00:00+00:00', '2026-06-15T12:00:00+00:00');
INSERT INTO project_history (project_id, change_date, change_description, created_at, updated_at) VALUES ('PROJECT_S_b4b8a77bbd5083a0', '2020-10-05', '立项批复', '2026-06-15T12:00:00+00:00', '2026-06-15T12:00:00+00:00');
INSERT INTO project_history (project_id, change_date, change_description, created_at, updated_at) VALUES ('PROJECT_S_b4b8a77bbd5083a0', '2019-05-04', '通过中期评审', '2026-06-15T12:00:00+00:00', '2026-06-15T12:00:00+00:00');
INSERT INTO project_history (project_id, change_date, change_description, created_at, updated_at) VALUES ('PROJECT_S_b4b8a77bbd5083a0', '2022-03-28', '转入工程阶段', '2026-06-15T12:00:00+00:00', '2026-06-15T12:00:00+00:00');
INSERT INTO project_budget (project_id, budget_date, amount, created_at, updated_at) VALUES ('PROJECT_S_b4b8a77bbd5083a0', '2022-02-14', 2000.0, '2026-06-15T12:00:00+00:00', '2026-06-15T12:00:00+00:00');
INSERT INTO project_output (project_id, name_history, formed_at, tech_domains, owner_orgs, related_projects, attachments, created_at, updated_at) VALUES ('PROJECT_S_b4b8a77bbd5083a0', '机器人成果', '2024-06-17', '["生物医药", "机器人"]'::json, '["华信息高科"]'::json, '[]'::json, '[]'::json, '2026-06-15T12:00:00+00:00', '2026-06-15T12:00:00+00:00');
INSERT INTO project_output (project_id, name_history, formed_at, tech_domains, owner_orgs, related_projects, attachments, created_at, updated_at) VALUES ('PROJECT_S_b4b8a77bbd5083a0', '机器人样机', '2022-10-19', '["生物医药", "机器人"]'::json, '["华信息高科"]'::json, '[]'::json, '[]'::json, '2026-06-15T12:00:00+00:00', '2026-06-15T12:00:00+00:00');
INSERT INTO project_output (project_id, name_history, formed_at, tech_domains, owner_orgs, related_projects, attachments, created_at, updated_at) VALUES ('PROJECT_S_b4b8a77bbd5083a0', '机器人成果', '2022-11-28', '["生物医药", "机器人"]'::json, '["华信息高科"]'::json, '[]'::json, '[]'::json, '2026-06-15T12:00:00+00:00', '2026-06-15T12:00:00+00:00');
INSERT INTO entity_change_log (entity_id, entity_type, field, old_value, new_value, method, operator, source_doc_id, reason, changed_at) VALUES ('PROJECT_S_b4b8a77bbd5083a0', 'project', '*', NULL, '{"action": "create"}'::json, 'rule', NULL, 'mock_seed', NULL, '2026-06-15T12:00:00+00:00');
INSERT INTO project_profile (project_id, name_cn, name_en, name_other, tech_domain, sub_tech_domain, start_date, cancel_date, finish_date, status, budget_activities, project_no, main_orgs, undertaking_orgs, undertaking_enterprises, managers, researchers, background, research_goal, research_content, keywords, progress, application_prospect, key_dates, total_budget_million_usd, invested_million_usd, parent_package_name, previous_phase_name, confidence, completeness, created_at, updated_at) VALUES ('PROJECT_S_68aeaea827c1908e', '["前沿自动驾驶域控制器工程"]'::json, '["Project-060"]'::json, '[]'::json, '["量子计算", "5G通信"]'::json, '["增材制造"]'::json, '2018-11-05', NULL, NULL, '["成果已转化"]'::json, '["基础技术研究BA-1"]'::json, 10060, '["东方量子科技"]'::json, '["航天储能实验室", "航天聚变工程技术中心"]'::json, '[]'::json, '["赵宁", "张刚瑞"]'::json, '["韩勇", "马霞建华", "谢杰", "陈涛"]'::json, '["针对5G通信领域关键需求立项"]'::json, '突破5G通信关键技术，形成自主可控能力。', '["5G通信理论研究", "5G通信工程化", "5G通信应用验证"]'::json, '["量子计算", "5G通信"]'::json, '["2018年完成方案论证", "2019年进入工程研制"]'::json, '成果可应用于相关产业领域。', '["2021-03-13", "2022-05-20"]'::json, 5.0, 80.0, '重大专项', NULL, 0.703, 0.768, '2026-06-15T12:00:00+00:00', '2026-06-15T12:00:00+00:00');
INSERT INTO project_history (project_id, change_date, change_description, created_at, updated_at) VALUES ('PROJECT_S_68aeaea827c1908e', '2024-01-16', '立项批复', '2026-06-15T12:00:00+00:00', '2026-06-15T12:00:00+00:00');
INSERT INTO project_history (project_id, change_date, change_description, created_at, updated_at) VALUES ('PROJECT_S_68aeaea827c1908e', '2021-01-21', '通过中期评审', '2026-06-15T12:00:00+00:00', '2026-06-15T12:00:00+00:00');
INSERT INTO project_history (project_id, change_date, change_description, created_at, updated_at) VALUES ('PROJECT_S_68aeaea827c1908e', '2020-09-01', '转入工程阶段', '2026-06-15T12:00:00+00:00', '2026-06-15T12:00:00+00:00');
INSERT INTO project_budget (project_id, budget_date, amount, created_at, updated_at) VALUES ('PROJECT_S_68aeaea827c1908e', '2022-05-18', 800.0, '2026-06-15T12:00:00+00:00', '2026-06-15T12:00:00+00:00');
INSERT INTO project_output (project_id, name_history, formed_at, tech_domains, owner_orgs, related_projects, attachments, created_at, updated_at) VALUES ('PROJECT_S_68aeaea827c1908e', '5G通信样机', '2021-08-13', '["量子计算", "5G通信"]'::json, '["东方量子科技"]'::json, '[]'::json, '[]'::json, '2026-06-15T12:00:00+00:00', '2026-06-15T12:00:00+00:00');
INSERT INTO project_output (project_id, name_history, formed_at, tech_domains, owner_orgs, related_projects, attachments, created_at, updated_at) VALUES ('PROJECT_S_68aeaea827c1908e', '5G通信样机', '2023-05-05', '["量子计算", "5G通信"]'::json, '["东方量子科技"]'::json, '[]'::json, '[]'::json, '2026-06-15T12:00:00+00:00', '2026-06-15T12:00:00+00:00');
INSERT INTO entity_change_log (entity_id, entity_type, field, old_value, new_value, method, operator, source_doc_id, reason, changed_at) VALUES ('PROJECT_S_68aeaea827c1908e', 'project', '*', NULL, '{"action": "create"}'::json, 'rule', NULL, 'mock_seed', NULL, '2026-06-15T12:00:00+00:00');
INSERT INTO project_profile (project_id, name_cn, name_en, name_other, tech_domain, sub_tech_domain, start_date, cancel_date, finish_date, status, budget_activities, project_no, main_orgs, undertaking_orgs, undertaking_enterprises, managers, researchers, background, research_goal, research_content, keywords, progress, application_prospect, key_dates, total_budget_million_usd, invested_million_usd, parent_package_name, previous_phase_name, confidence, completeness, created_at, updated_at) VALUES ('PROJECT_S_c6655605ccb67b1d', '["前沿毫米波雷达任务"]'::json, '["Project-061"]'::json, '[]'::json, '["增材制造", "半导体"]'::json, '["量子计算"]'::json, '2019-07-21', NULL, NULL, '["进行中"]'::json, '["系统开发与演示验证BA-5"]'::json, 10061, '["华芯创集团"]'::json, '["南方量子科技"]'::json, '[]'::json, '["吴霞"]'::json, '["许昊", "邓宁"]'::json, '["针对半导体领域关键需求立项"]'::json, '突破半导体关键技术，形成自主可控能力。', '["半导体理论研究", "半导体工程化", "半导体应用验证"]'::json, '["增材制造", "半导体"]'::json, '["2019年完成方案论证", "2020年进入工程研制"]'::json, '成果可应用于相关产业领域。', '["2024-06-25", "2020-04-17", "2021-10-01"]'::json, 120.0, 80.0, NULL, NULL, 0.938, 0.745, '2026-06-15T12:00:00+00:00', '2026-06-15T12:00:00+00:00');
INSERT INTO project_history (project_id, change_date, change_description, created_at, updated_at) VALUES ('PROJECT_S_c6655605ccb67b1d', '2023-03-24', '立项批复', '2026-06-15T12:00:00+00:00', '2026-06-15T12:00:00+00:00');
INSERT INTO project_history (project_id, change_date, change_description, created_at, updated_at) VALUES ('PROJECT_S_c6655605ccb67b1d', '2022-06-17', '通过中期评审', '2026-06-15T12:00:00+00:00', '2026-06-15T12:00:00+00:00');
INSERT INTO project_history (project_id, change_date, change_description, created_at, updated_at) VALUES ('PROJECT_S_c6655605ccb67b1d', '2024-03-23', '转入工程阶段', '2026-06-15T12:00:00+00:00', '2026-06-15T12:00:00+00:00');
INSERT INTO project_budget (project_id, budget_date, amount, created_at, updated_at) VALUES ('PROJECT_S_c6655605ccb67b1d', '2020-09-11', 50.0, '2026-06-15T12:00:00+00:00', '2026-06-15T12:00:00+00:00');
INSERT INTO project_output (project_id, name_history, formed_at, tech_domains, owner_orgs, related_projects, attachments, created_at, updated_at) VALUES ('PROJECT_S_c6655605ccb67b1d', '半导体样机', '2022-04-10', '["增材制造", "半导体"]'::json, '["华芯创集团"]'::json, '[]'::json, '[]'::json, '2026-06-15T12:00:00+00:00', '2026-06-15T12:00:00+00:00');
INSERT INTO entity_change_log (entity_id, entity_type, field, old_value, new_value, method, operator, source_doc_id, reason, changed_at) VALUES ('PROJECT_S_c6655605ccb67b1d', 'project', '*', NULL, '{"action": "create"}'::json, 'rule', NULL, 'mock_seed', NULL, '2026-06-15T12:00:00+00:00');
INSERT INTO project_profile (project_id, name_cn, name_en, name_other, tech_domain, sub_tech_domain, start_date, cancel_date, finish_date, status, budget_activities, project_no, main_orgs, undertaking_orgs, undertaking_enterprises, managers, researchers, background, research_goal, research_content, keywords, progress, application_prospect, key_dates, total_budget_million_usd, invested_million_usd, parent_package_name, previous_phase_name, confidence, completeness, created_at, updated_at) VALUES ('PROJECT_S_43aa56ac12535ee2', '["基础mRNA疫苗课题"]'::json, '["Project-062"]'::json, '[]'::json, '["无人机", "自动驾驶"]'::json, '["新能源", "航空航天"]'::json, '2021-04-05', NULL, NULL, '["结束"]'::json, '["先期部件研制与样机开发BA-4"]'::json, 10062, '["新基因实验室"]'::json, '["华信息股份", "航天脑科学高科"]'::json, '[]'::json, '["韩涛", "胡晓东"]'::json, '["赵昊洋", "吴昊", "何瑞建华"]'::json, '["针对无人机领域关键需求立项"]'::json, '突破无人机关键技术，形成自主可控能力。', '["无人机理论研究", "无人机工程化", "无人机应用验证"]'::json, '["无人机", "自动驾驶"]'::json, '["2021年完成方案论证", "2022年进入工程研制"]'::json, '成果可应用于相关产业领域。', '["2024-07-21", "2021-05-18"]'::json, 5.0, 80.0, '重大专项', NULL, 0.77, 0.574, '2026-06-15T12:00:00+00:00', '2026-06-15T12:00:00+00:00');
INSERT INTO project_history (project_id, change_date, change_description, created_at, updated_at) VALUES ('PROJECT_S_43aa56ac12535ee2', '2023-07-25', '立项批复', '2026-06-15T12:00:00+00:00', '2026-06-15T12:00:00+00:00');
INSERT INTO project_history (project_id, change_date, change_description, created_at, updated_at) VALUES ('PROJECT_S_43aa56ac12535ee2', '2024-03-11', '通过中期评审', '2026-06-15T12:00:00+00:00', '2026-06-15T12:00:00+00:00');
INSERT INTO project_history (project_id, change_date, change_description, created_at, updated_at) VALUES ('PROJECT_S_43aa56ac12535ee2', '2024-04-23', '转入工程阶段', '2026-06-15T12:00:00+00:00', '2026-06-15T12:00:00+00:00');
INSERT INTO project_budget (project_id, budget_date, amount, created_at, updated_at) VALUES ('PROJECT_S_43aa56ac12535ee2', '2024-01-11', 200.0, '2026-06-15T12:00:00+00:00', '2026-06-15T12:00:00+00:00');
INSERT INTO project_budget (project_id, budget_date, amount, created_at, updated_at) VALUES ('PROJECT_S_43aa56ac12535ee2', '2022-08-08', 800.0, '2026-06-15T12:00:00+00:00', '2026-06-15T12:00:00+00:00');
INSERT INTO project_budget (project_id, budget_date, amount, created_at, updated_at) VALUES ('PROJECT_S_43aa56ac12535ee2', '2023-11-11', 200.0, '2026-06-15T12:00:00+00:00', '2026-06-15T12:00:00+00:00');
INSERT INTO project_output (project_id, name_history, formed_at, tech_domains, owner_orgs, related_projects, attachments, created_at, updated_at) VALUES ('PROJECT_S_43aa56ac12535ee2', '无人机样机', '2022-10-20', '["无人机", "自动驾驶"]'::json, '["新基因实验室"]'::json, '[]'::json, '[]'::json, '2026-06-15T12:00:00+00:00', '2026-06-15T12:00:00+00:00');
INSERT INTO project_output (project_id, name_history, formed_at, tech_domains, owner_orgs, related_projects, attachments, created_at, updated_at) VALUES ('PROJECT_S_43aa56ac12535ee2', '无人机关键技术', '2024-01-01', '["无人机", "自动驾驶"]'::json, '["新基因实验室"]'::json, '[]'::json, '[]'::json, '2026-06-15T12:00:00+00:00', '2026-06-15T12:00:00+00:00');
INSERT INTO entity_change_log (entity_id, entity_type, field, old_value, new_value, method, operator, source_doc_id, reason, changed_at) VALUES ('PROJECT_S_43aa56ac12535ee2', 'project', '*', NULL, '{"action": "create"}'::json, 'rule', NULL, 'mock_seed', NULL, '2026-06-15T12:00:00+00:00');
INSERT INTO project_profile (project_id, name_cn, name_en, name_other, tech_domain, sub_tech_domain, start_date, cancel_date, finish_date, status, budget_activities, project_no, main_orgs, undertaking_orgs, undertaking_enterprises, managers, researchers, background, research_goal, research_content, keywords, progress, application_prospect, key_dates, total_budget_million_usd, invested_million_usd, parent_package_name, previous_phase_name, confidence, completeness, created_at, updated_at) VALUES ('PROJECT_S_50099f4bb37841e7', '["专项自动驾驶域控制器项目"]'::json, '["Project-063"]'::json, '[]'::json, '["深海装备", "半导体"]'::json, '["网络安全"]'::json, '2022-03-22', NULL, '2022-03-22', '["成果已转化"]'::json, '["先期部件研制与样机开发BA-4"]'::json, 10063, '["华信息研究所"]'::json, '["北方储能工程技术中心"]'::json, '[]'::json, '["吴俊杰", "徐强"]'::json, '["朱晓东", "马磊", "许建华涛", "许昊"]'::json, '["针对半导体领域关键需求立项"]'::json, '突破半导体关键技术，形成自主可控能力。', '["半导体理论研究", "半导体工程化", "半导体应用验证"]'::json, '["深海装备", "半导体"]'::json, '["2022年完成方案论证", "2023年进入工程研制"]'::json, '成果可应用于相关产业领域。', '["2021-06-14", "2021-09-18", "2021-03-01"]'::json, 120.0, 30.0, '重点研发', NULL, 0.892, 0.778, '2026-06-15T12:00:00+00:00', '2026-06-15T12:00:00+00:00');
INSERT INTO project_history (project_id, change_date, change_description, created_at, updated_at) VALUES ('PROJECT_S_50099f4bb37841e7', '2019-02-04', '立项批复', '2026-06-15T12:00:00+00:00', '2026-06-15T12:00:00+00:00');
INSERT INTO project_history (project_id, change_date, change_description, created_at, updated_at) VALUES ('PROJECT_S_50099f4bb37841e7', '2024-03-08', '通过中期评审', '2026-06-15T12:00:00+00:00', '2026-06-15T12:00:00+00:00');
INSERT INTO project_history (project_id, change_date, change_description, created_at, updated_at) VALUES ('PROJECT_S_50099f4bb37841e7', '2023-05-13', '转入工程阶段', '2026-06-15T12:00:00+00:00', '2026-06-15T12:00:00+00:00');
INSERT INTO project_budget (project_id, budget_date, amount, created_at, updated_at) VALUES ('PROJECT_S_50099f4bb37841e7', '2020-09-06', 800.0, '2026-06-15T12:00:00+00:00', '2026-06-15T12:00:00+00:00');
INSERT INTO project_budget (project_id, budget_date, amount, created_at, updated_at) VALUES ('PROJECT_S_50099f4bb37841e7', '2022-06-11', 200.0, '2026-06-15T12:00:00+00:00', '2026-06-15T12:00:00+00:00');
INSERT INTO project_output (project_id, name_history, formed_at, tech_domains, owner_orgs, related_projects, attachments, created_at, updated_at) VALUES ('PROJECT_S_50099f4bb37841e7', '半导体关键技术', '2024-03-04', '["深海装备", "半导体"]'::json, '["华信息研究所"]'::json, '[]'::json, '[]'::json, '2026-06-15T12:00:00+00:00', '2026-06-15T12:00:00+00:00');
INSERT INTO project_output (project_id, name_history, formed_at, tech_domains, owner_orgs, related_projects, attachments, created_at, updated_at) VALUES ('PROJECT_S_50099f4bb37841e7', '半导体样机', '2022-07-23', '["深海装备", "半导体"]'::json, '["华信息研究所"]'::json, '[]'::json, '[]'::json, '2026-06-15T12:00:00+00:00', '2026-06-15T12:00:00+00:00');
INSERT INTO project_output (project_id, name_history, formed_at, tech_domains, owner_orgs, related_projects, attachments, created_at, updated_at) VALUES ('PROJECT_S_50099f4bb37841e7', '半导体样机', '2022-09-06', '["深海装备", "半导体"]'::json, '["华信息研究所"]'::json, '[]'::json, '[]'::json, '2026-06-15T12:00:00+00:00', '2026-06-15T12:00:00+00:00');
INSERT INTO entity_change_log (entity_id, entity_type, field, old_value, new_value, method, operator, source_doc_id, reason, changed_at) VALUES ('PROJECT_S_50099f4bb37841e7', 'project', '*', NULL, '{"action": "create"}'::json, 'rule', NULL, 'mock_seed', NULL, '2026-06-15T12:00:00+00:00');
INSERT INTO project_profile (project_id, name_cn, name_en, name_other, tech_domain, sub_tech_domain, start_date, cancel_date, finish_date, status, budget_activities, project_no, main_orgs, undertaking_orgs, undertaking_enterprises, managers, researchers, background, research_goal, research_content, keywords, progress, application_prospect, key_dates, total_budget_million_usd, invested_million_usd, parent_package_name, previous_phase_name, confidence, completeness, created_at, updated_at) VALUES ('PROJECT_S_ae2d1753e272b7e9', '["先导mRNA疫苗工程"]'::json, '["Project-064"]'::json, '[]'::json, '["深海装备", "机器人"]'::json, '["网络安全"]'::json, '2021-01-23', NULL, NULL, '["结束"]'::json, '["先期部件研制与样机开发BA-4"]'::json, 10064, '["航天储能研究所"]'::json, '["北方储能科技", "国智算股份"]'::json, '[]'::json, '["吴海燕宇航"]'::json, '["徐强", "张俊杰超", "周磊", "彭雪松"]'::json, '["针对深海装备领域关键需求立项"]'::json, '突破深海装备关键技术，形成自主可控能力。', '["深海装备理论研究", "深海装备工程化", "深海装备应用验证"]'::json, '["深海装备", "机器人"]'::json, '["2021年完成方案论证", "2022年进入工程研制"]'::json, '成果可应用于相关产业领域。', '["2022-12-01", "2024-11-12"]'::json, 5.0, 80.0, NULL, NULL, 0.841, 0.864, '2026-06-15T12:00:00+00:00', '2026-06-15T12:00:00+00:00');
INSERT INTO project_history (project_id, change_date, change_description, created_at, updated_at) VALUES ('PROJECT_S_ae2d1753e272b7e9', '2019-11-13', '立项批复', '2026-06-15T12:00:00+00:00', '2026-06-15T12:00:00+00:00');
INSERT INTO project_history (project_id, change_date, change_description, created_at, updated_at) VALUES ('PROJECT_S_ae2d1753e272b7e9', '2023-01-02', '通过中期评审', '2026-06-15T12:00:00+00:00', '2026-06-15T12:00:00+00:00');
INSERT INTO project_history (project_id, change_date, change_description, created_at, updated_at) VALUES ('PROJECT_S_ae2d1753e272b7e9', '2021-08-09', '转入工程阶段', '2026-06-15T12:00:00+00:00', '2026-06-15T12:00:00+00:00');
INSERT INTO project_budget (project_id, budget_date, amount, created_at, updated_at) VALUES ('PROJECT_S_ae2d1753e272b7e9', '2022-05-11', 800.0, '2026-06-15T12:00:00+00:00', '2026-06-15T12:00:00+00:00');
INSERT INTO project_budget (project_id, budget_date, amount, created_at, updated_at) VALUES ('PROJECT_S_ae2d1753e272b7e9', '2021-08-26', 2000.0, '2026-06-15T12:00:00+00:00', '2026-06-15T12:00:00+00:00');
INSERT INTO project_budget (project_id, budget_date, amount, created_at, updated_at) VALUES ('PROJECT_S_ae2d1753e272b7e9', '2021-09-28', 200.0, '2026-06-15T12:00:00+00:00', '2026-06-15T12:00:00+00:00');
INSERT INTO project_output (project_id, name_history, formed_at, tech_domains, owner_orgs, related_projects, attachments, created_at, updated_at) VALUES ('PROJECT_S_ae2d1753e272b7e9', '深海装备样机', '2021-04-12', '["深海装备", "机器人"]'::json, '["航天储能研究所"]'::json, '[]'::json, '[]'::json, '2026-06-15T12:00:00+00:00', '2026-06-15T12:00:00+00:00');
INSERT INTO project_output (project_id, name_history, formed_at, tech_domains, owner_orgs, related_projects, attachments, created_at, updated_at) VALUES ('PROJECT_S_ae2d1753e272b7e9', '深海装备样机', '2023-07-20', '["深海装备", "机器人"]'::json, '["航天储能研究所"]'::json, '[]'::json, '[]'::json, '2026-06-15T12:00:00+00:00', '2026-06-15T12:00:00+00:00');
INSERT INTO project_output (project_id, name_history, formed_at, tech_domains, owner_orgs, related_projects, attachments, created_at, updated_at) VALUES ('PROJECT_S_ae2d1753e272b7e9', '深海装备关键技术', '2024-12-17', '["深海装备", "机器人"]'::json, '["航天储能研究所"]'::json, '[]'::json, '[]'::json, '2026-06-15T12:00:00+00:00', '2026-06-15T12:00:00+00:00');
INSERT INTO entity_change_log (entity_id, entity_type, field, old_value, new_value, method, operator, source_doc_id, reason, changed_at) VALUES ('PROJECT_S_ae2d1753e272b7e9', 'project', '*', NULL, '{"action": "create"}'::json, 'rule', NULL, 'mock_seed', NULL, '2026-06-15T12:00:00+00:00');
INSERT INTO project_profile (project_id, name_cn, name_en, name_other, tech_domain, sub_tech_domain, start_date, cancel_date, finish_date, status, budget_activities, project_no, main_orgs, undertaking_orgs, undertaking_enterprises, managers, researchers, background, research_goal, research_content, keywords, progress, application_prospect, key_dates, total_budget_million_usd, invested_million_usd, parent_package_name, previous_phase_name, confidence, completeness, created_at, updated_at) VALUES ('PROJECT_S_9781c1bd2db069c1', '["重点量子纠错码专项"]'::json, '["Project-065"]'::json, '[]'::json, '["新材料", "增材制造"]'::json, '["光电技术", "无人机"]'::json, '2019-12-01', NULL, NULL, '["成果已转化"]'::json, '["基础技术研究BA-1"]'::json, 10065, '["国未来研究院"]'::json, '["东方智算实验室"]'::json, '[]'::json, '["唐建华"]'::json, '["马霞建华", "韩建华", "刘娟伟", "唐宇航桂英"]'::json, '["针对增材制造领域关键需求立项"]'::json, '突破增材制造关键技术，形成自主可控能力。', '["增材制造理论研究", "增材制造工程化", "增材制造应用验证"]'::json, '["新材料", "增材制造"]'::json, '["2019年完成方案论证", "2020年进入工程研制"]'::json, '成果可应用于相关产业领域。', '["2024-09-02", "2021-05-28", "2022-02-01"]'::json, 5.0, 80.0, NULL, NULL, 0.929, 0.719, '2026-06-15T12:00:00+00:00', '2026-06-15T12:00:00+00:00');
INSERT INTO project_history (project_id, change_date, change_description, created_at, updated_at) VALUES ('PROJECT_S_9781c1bd2db069c1', '2020-09-19', '立项批复', '2026-06-15T12:00:00+00:00', '2026-06-15T12:00:00+00:00');
INSERT INTO project_history (project_id, change_date, change_description, created_at, updated_at) VALUES ('PROJECT_S_9781c1bd2db069c1', '2020-09-26', '通过中期评审', '2026-06-15T12:00:00+00:00', '2026-06-15T12:00:00+00:00');
INSERT INTO project_history (project_id, change_date, change_description, created_at, updated_at) VALUES ('PROJECT_S_9781c1bd2db069c1', '2021-10-08', '转入工程阶段', '2026-06-15T12:00:00+00:00', '2026-06-15T12:00:00+00:00');
INSERT INTO project_budget (project_id, budget_date, amount, created_at, updated_at) VALUES ('PROJECT_S_9781c1bd2db069c1', '2023-03-24', 50.0, '2026-06-15T12:00:00+00:00', '2026-06-15T12:00:00+00:00');
INSERT INTO project_budget (project_id, budget_date, amount, created_at, updated_at) VALUES ('PROJECT_S_9781c1bd2db069c1', '2021-01-28', 2000.0, '2026-06-15T12:00:00+00:00', '2026-06-15T12:00:00+00:00');
INSERT INTO project_budget (project_id, budget_date, amount, created_at, updated_at) VALUES ('PROJECT_S_9781c1bd2db069c1', '2023-09-20', 2000.0, '2026-06-15T12:00:00+00:00', '2026-06-15T12:00:00+00:00');
INSERT INTO project_output (project_id, name_history, formed_at, tech_domains, owner_orgs, related_projects, attachments, created_at, updated_at) VALUES ('PROJECT_S_9781c1bd2db069c1', '增材制造关键技术', '2021-06-24', '["新材料", "增材制造"]'::json, '["国未来研究院"]'::json, '[]'::json, '[]'::json, '2026-06-15T12:00:00+00:00', '2026-06-15T12:00:00+00:00');
INSERT INTO project_output (project_id, name_history, formed_at, tech_domains, owner_orgs, related_projects, attachments, created_at, updated_at) VALUES ('PROJECT_S_9781c1bd2db069c1', '增材制造样机', '2024-03-20', '["新材料", "增材制造"]'::json, '["国未来研究院"]'::json, '[]'::json, '[]'::json, '2026-06-15T12:00:00+00:00', '2026-06-15T12:00:00+00:00');
INSERT INTO project_output (project_id, name_history, formed_at, tech_domains, owner_orgs, related_projects, attachments, created_at, updated_at) VALUES ('PROJECT_S_9781c1bd2db069c1', '增材制造样机', '2022-04-04', '["新材料", "增材制造"]'::json, '["国未来研究院"]'::json, '[]'::json, '[]'::json, '2026-06-15T12:00:00+00:00', '2026-06-15T12:00:00+00:00');
INSERT INTO entity_change_log (entity_id, entity_type, field, old_value, new_value, method, operator, source_doc_id, reason, changed_at) VALUES ('PROJECT_S_9781c1bd2db069c1', 'project', '*', NULL, '{"action": "create"}'::json, 'rule', NULL, 'mock_seed', NULL, '2026-06-15T12:00:00+00:00');
INSERT INTO project_profile (project_id, name_cn, name_en, name_other, tech_domain, sub_tech_domain, start_date, cancel_date, finish_date, status, budget_activities, project_no, main_orgs, undertaking_orgs, undertaking_enterprises, managers, researchers, background, research_goal, research_content, keywords, progress, application_prospect, key_dates, total_budget_million_usd, invested_million_usd, parent_package_name, previous_phase_name, confidence, completeness, created_at, updated_at) VALUES ('PROJECT_S_b74d3cb949b383b3', '["应用类脑计算架构专项"]'::json, '["Project-066"]'::json, '[]'::json, '["集成电路", "半导体"]'::json, '["氢能"]'::json, '2021-06-02', NULL, NULL, '["结束"]'::json, '["先期技术开发BA-3"]'::json, 10066, '["中生医研究所"]'::json, '["北方光电研究所", "远未来实验室"]'::json, '[]'::json, '["唐建华", "黄刚"]'::json, '["邓宁", "许明瑞"]'::json, '["针对半导体领域关键需求立项"]'::json, '突破半导体关键技术，形成自主可控能力。', '["半导体理论研究", "半导体工程化", "半导体应用验证"]'::json, '["集成电路", "半导体"]'::json, '["2021年完成方案论证", "2022年进入工程研制"]'::json, '成果可应用于相关产业领域。', '["2024-08-22", "2024-01-22", "2021-11-11"]'::json, 50.0, 2.0, '重点研发', NULL, 0.957, 0.676, '2026-06-15T12:00:00+00:00', '2026-06-15T12:00:00+00:00');
INSERT INTO project_history (project_id, change_date, change_description, created_at, updated_at) VALUES ('PROJECT_S_b74d3cb949b383b3', '2022-03-20', '立项批复', '2026-06-15T12:00:00+00:00', '2026-06-15T12:00:00+00:00');
INSERT INTO project_history (project_id, change_date, change_description, created_at, updated_at) VALUES ('PROJECT_S_b74d3cb949b383b3', '2021-03-08', '通过中期评审', '2026-06-15T12:00:00+00:00', '2026-06-15T12:00:00+00:00');
INSERT INTO project_history (project_id, change_date, change_description, created_at, updated_at) VALUES ('PROJECT_S_b74d3cb949b383b3', '2019-01-02', '转入工程阶段', '2026-06-15T12:00:00+00:00', '2026-06-15T12:00:00+00:00');
INSERT INTO project_budget (project_id, budget_date, amount, created_at, updated_at) VALUES ('PROJECT_S_b74d3cb949b383b3', '2022-05-26', 200.0, '2026-06-15T12:00:00+00:00', '2026-06-15T12:00:00+00:00');
INSERT INTO project_output (project_id, name_history, formed_at, tech_domains, owner_orgs, related_projects, attachments, created_at, updated_at) VALUES ('PROJECT_S_b74d3cb949b383b3', '半导体关键技术', '2022-05-13', '["集成电路", "半导体"]'::json, '["中生医研究所"]'::json, '[]'::json, '[]'::json, '2026-06-15T12:00:00+00:00', '2026-06-15T12:00:00+00:00');
INSERT INTO project_output (project_id, name_history, formed_at, tech_domains, owner_orgs, related_projects, attachments, created_at, updated_at) VALUES ('PROJECT_S_b74d3cb949b383b3', '半导体关键技术', '2021-11-23', '["集成电路", "半导体"]'::json, '["中生医研究所"]'::json, '[]'::json, '[]'::json, '2026-06-15T12:00:00+00:00', '2026-06-15T12:00:00+00:00');
INSERT INTO entity_change_log (entity_id, entity_type, field, old_value, new_value, method, operator, source_doc_id, reason, changed_at) VALUES ('PROJECT_S_b74d3cb949b383b3', 'project', '*', NULL, '{"action": "create"}'::json, 'rule', NULL, 'mock_seed', NULL, '2026-06-15T12:00:00+00:00');
INSERT INTO project_profile (project_id, name_cn, name_en, name_other, tech_domain, sub_tech_domain, start_date, cancel_date, finish_date, status, budget_activities, project_no, main_orgs, undertaking_orgs, undertaking_enterprises, managers, researchers, background, research_goal, research_content, keywords, progress, application_prospect, key_dates, total_budget_million_usd, invested_million_usd, parent_package_name, previous_phase_name, confidence, completeness, created_at, updated_at) VALUES ('PROJECT_S_a6c3829609a8aa68', '["攻关金属3D打印课题"]'::json, '["Project-067"]'::json, '[]'::json, '["集成电路", "基因编辑"]'::json, '["集成电路"]'::json, '2020-11-25', NULL, NULL, '["结束"]'::json, '["系统开发与演示验证BA-5"]'::json, 10067, '["中科智算工程技术中心"]'::json, '["南方储能实验室"]'::json, '[]'::json, '["黄霞", "郑洋"]'::json, '["梁桂英军", "韩雪松", "朱宁"]'::json, '["针对集成电路领域关键需求立项"]'::json, '突破集成电路关键技术，形成自主可控能力。', '["集成电路理论研究", "集成电路工程化", "集成电路应用验证"]'::json, '["集成电路", "基因编辑"]'::json, '["2020年完成方案论证", "2021年进入工程研制"]'::json, '成果可应用于相关产业领域。', '["2023-03-19", "2024-04-15", "2023-03-01"]'::json, 5.0, 80.0, '重大专项', NULL, 0.805, 0.553, '2026-06-15T12:00:00+00:00', '2026-06-15T12:00:00+00:00');
INSERT INTO project_history (project_id, change_date, change_description, created_at, updated_at) VALUES ('PROJECT_S_a6c3829609a8aa68', '2022-08-23', '立项批复', '2026-06-15T12:00:00+00:00', '2026-06-15T12:00:00+00:00');
INSERT INTO project_history (project_id, change_date, change_description, created_at, updated_at) VALUES ('PROJECT_S_a6c3829609a8aa68', '2019-10-07', '通过中期评审', '2026-06-15T12:00:00+00:00', '2026-06-15T12:00:00+00:00');
INSERT INTO project_history (project_id, change_date, change_description, created_at, updated_at) VALUES ('PROJECT_S_a6c3829609a8aa68', '2019-05-10', '转入工程阶段', '2026-06-15T12:00:00+00:00', '2026-06-15T12:00:00+00:00');
INSERT INTO project_budget (project_id, budget_date, amount, created_at, updated_at) VALUES ('PROJECT_S_a6c3829609a8aa68', '2021-07-17', 2000.0, '2026-06-15T12:00:00+00:00', '2026-06-15T12:00:00+00:00');
INSERT INTO project_budget (project_id, budget_date, amount, created_at, updated_at) VALUES ('PROJECT_S_a6c3829609a8aa68', '2022-06-14', 200.0, '2026-06-15T12:00:00+00:00', '2026-06-15T12:00:00+00:00');
INSERT INTO project_budget (project_id, budget_date, amount, created_at, updated_at) VALUES ('PROJECT_S_a6c3829609a8aa68', '2022-02-16', 800.0, '2026-06-15T12:00:00+00:00', '2026-06-15T12:00:00+00:00');
INSERT INTO project_output (project_id, name_history, formed_at, tech_domains, owner_orgs, related_projects, attachments, created_at, updated_at) VALUES ('PROJECT_S_a6c3829609a8aa68', '集成电路关键技术', '2023-11-04', '["集成电路", "基因编辑"]'::json, '["中科智算工程技术中心"]'::json, '[]'::json, '[]'::json, '2026-06-15T12:00:00+00:00', '2026-06-15T12:00:00+00:00');
INSERT INTO project_output (project_id, name_history, formed_at, tech_domains, owner_orgs, related_projects, attachments, created_at, updated_at) VALUES ('PROJECT_S_a6c3829609a8aa68', '集成电路成果', '2023-03-04', '["集成电路", "基因编辑"]'::json, '["中科智算工程技术中心"]'::json, '[]'::json, '[]'::json, '2026-06-15T12:00:00+00:00', '2026-06-15T12:00:00+00:00');
INSERT INTO project_output (project_id, name_history, formed_at, tech_domains, owner_orgs, related_projects, attachments, created_at, updated_at) VALUES ('PROJECT_S_a6c3829609a8aa68', '集成电路成果', '2021-11-22', '["集成电路", "基因编辑"]'::json, '["中科智算工程技术中心"]'::json, '[]'::json, '[]'::json, '2026-06-15T12:00:00+00:00', '2026-06-15T12:00:00+00:00');
INSERT INTO entity_change_log (entity_id, entity_type, field, old_value, new_value, method, operator, source_doc_id, reason, changed_at) VALUES ('PROJECT_S_a6c3829609a8aa68', 'project', '*', NULL, '{"action": "create"}'::json, 'rule', NULL, 'mock_seed', NULL, '2026-06-15T12:00:00+00:00');
INSERT INTO project_profile (project_id, name_cn, name_en, name_other, tech_domain, sub_tech_domain, start_date, cancel_date, finish_date, status, budget_activities, project_no, main_orgs, undertaking_orgs, undertaking_enterprises, managers, researchers, background, research_goal, research_content, keywords, progress, application_prospect, key_dates, total_budget_million_usd, invested_million_usd, parent_package_name, previous_phase_name, confidence, completeness, created_at, updated_at) VALUES ('PROJECT_S_475d64e78d74169f', '["重点深海潜水器工程"]'::json, '["Project-068"]'::json, '[]'::json, '["5G通信", "氢能"]'::json, '["光电技术"]'::json, '2021-02-27', NULL, NULL, '["结束"]'::json, '["系统开发与演示验证BA-5"]'::json, 10068, '["南方航宇研究院"]'::json, '["国智算股份"]'::json, '[]'::json, '["张俊杰超", "邓刚文博"]'::json, '["胡晓东", "林瑞", "黄刚"]'::json, '["针对5G通信领域关键需求立项"]'::json, '突破5G通信关键技术，形成自主可控能力。', '["5G通信理论研究", "5G通信工程化", "5G通信应用验证"]'::json, '["5G通信", "氢能"]'::json, '["2021年完成方案论证", "2022年进入工程研制"]'::json, '成果可应用于相关产业领域。', '["2023-04-12"]'::json, 300.0, 10.0, '重大专项', NULL, 0.74, 0.554, '2026-06-15T12:00:00+00:00', '2026-06-15T12:00:00+00:00');
INSERT INTO project_history (project_id, change_date, change_description, created_at, updated_at) VALUES ('PROJECT_S_475d64e78d74169f', '2022-01-21', '立项批复', '2026-06-15T12:00:00+00:00', '2026-06-15T12:00:00+00:00');
INSERT INTO project_history (project_id, change_date, change_description, created_at, updated_at) VALUES ('PROJECT_S_475d64e78d74169f', '2024-01-20', '通过中期评审', '2026-06-15T12:00:00+00:00', '2026-06-15T12:00:00+00:00');
INSERT INTO project_history (project_id, change_date, change_description, created_at, updated_at) VALUES ('PROJECT_S_475d64e78d74169f', '2020-07-25', '转入工程阶段', '2026-06-15T12:00:00+00:00', '2026-06-15T12:00:00+00:00');
INSERT INTO project_budget (project_id, budget_date, amount, created_at, updated_at) VALUES ('PROJECT_S_475d64e78d74169f', '2023-12-18', 50.0, '2026-06-15T12:00:00+00:00', '2026-06-15T12:00:00+00:00');
INSERT INTO project_budget (project_id, budget_date, amount, created_at, updated_at) VALUES ('PROJECT_S_475d64e78d74169f', '2021-11-05', 2000.0, '2026-06-15T12:00:00+00:00', '2026-06-15T12:00:00+00:00');
INSERT INTO project_budget (project_id, budget_date, amount, created_at, updated_at) VALUES ('PROJECT_S_475d64e78d74169f', '2024-11-01', 800.0, '2026-06-15T12:00:00+00:00', '2026-06-15T12:00:00+00:00');
INSERT INTO project_output (project_id, name_history, formed_at, tech_domains, owner_orgs, related_projects, attachments, created_at, updated_at) VALUES ('PROJECT_S_475d64e78d74169f', '5G通信样机', '2023-03-12', '["5G通信", "氢能"]'::json, '["南方航宇研究院"]'::json, '[]'::json, '[]'::json, '2026-06-15T12:00:00+00:00', '2026-06-15T12:00:00+00:00');
INSERT INTO project_output (project_id, name_history, formed_at, tech_domains, owner_orgs, related_projects, attachments, created_at, updated_at) VALUES ('PROJECT_S_475d64e78d74169f', '5G通信关键技术', '2021-05-24', '["5G通信", "氢能"]'::json, '["南方航宇研究院"]'::json, '[]'::json, '[]'::json, '2026-06-15T12:00:00+00:00', '2026-06-15T12:00:00+00:00');
INSERT INTO entity_change_log (entity_id, entity_type, field, old_value, new_value, method, operator, source_doc_id, reason, changed_at) VALUES ('PROJECT_S_475d64e78d74169f', 'project', '*', NULL, '{"action": "create"}'::json, 'rule', NULL, 'mock_seed', NULL, '2026-06-15T12:00:00+00:00');
INSERT INTO project_profile (project_id, name_cn, name_en, name_other, tech_domain, sub_tech_domain, start_date, cancel_date, finish_date, status, budget_activities, project_no, main_orgs, undertaking_orgs, undertaking_enterprises, managers, researchers, background, research_goal, research_content, keywords, progress, application_prospect, key_dates, total_budget_million_usd, invested_million_usd, parent_package_name, previous_phase_name, confidence, completeness, created_at, updated_at) VALUES ('PROJECT_S_4a078c628152b61d', '["基础mRNA疫苗专项"]'::json, '["Project-069"]'::json, '[]'::json, '["5G通信", "半导体"]'::json, '["无人机"]'::json, '2020-03-08', NULL, NULL, '["结束"]'::json, '["软件研究/开发/测试和评估试点BA-8"]'::json, 10069, '["中智算研究院"]'::json, '["北方脑科学工程技术中心"]'::json, '[]'::json, '["唐娟超"]'::json, '["梁娟军", "唐娟超", "林峰", "吴海燕宇航"]'::json, '["针对5G通信领域关键需求立项"]'::json, '突破5G通信关键技术，形成自主可控能力。', '["5G通信理论研究", "5G通信工程化", "5G通信应用验证"]'::json, '["5G通信", "半导体"]'::json, '["2020年完成方案论证", "2021年进入工程研制"]'::json, '成果可应用于相关产业领域。', '["2023-12-01", "2023-12-01", "2023-06-23"]'::json, 300.0, 2.0, '重点研发', NULL, 0.878, 0.872, '2026-06-15T12:00:00+00:00', '2026-06-15T12:00:00+00:00');
INSERT INTO project_history (project_id, change_date, change_description, created_at, updated_at) VALUES ('PROJECT_S_4a078c628152b61d', '2021-07-08', '立项批复', '2026-06-15T12:00:00+00:00', '2026-06-15T12:00:00+00:00');
INSERT INTO project_history (project_id, change_date, change_description, created_at, updated_at) VALUES ('PROJECT_S_4a078c628152b61d', '2021-11-20', '通过中期评审', '2026-06-15T12:00:00+00:00', '2026-06-15T12:00:00+00:00');
INSERT INTO project_history (project_id, change_date, change_description, created_at, updated_at) VALUES ('PROJECT_S_4a078c628152b61d', '2021-03-07', '转入工程阶段', '2026-06-15T12:00:00+00:00', '2026-06-15T12:00:00+00:00');
INSERT INTO project_budget (project_id, budget_date, amount, created_at, updated_at) VALUES ('PROJECT_S_4a078c628152b61d', '2021-02-05', 200.0, '2026-06-15T12:00:00+00:00', '2026-06-15T12:00:00+00:00');
INSERT INTO project_budget (project_id, budget_date, amount, created_at, updated_at) VALUES ('PROJECT_S_4a078c628152b61d', '2020-07-13', 800.0, '2026-06-15T12:00:00+00:00', '2026-06-15T12:00:00+00:00');
INSERT INTO project_output (project_id, name_history, formed_at, tech_domains, owner_orgs, related_projects, attachments, created_at, updated_at) VALUES ('PROJECT_S_4a078c628152b61d', '5G通信成果', '2024-01-08', '["5G通信", "半导体"]'::json, '["中智算研究院"]'::json, '[]'::json, '[]'::json, '2026-06-15T12:00:00+00:00', '2026-06-15T12:00:00+00:00');
INSERT INTO project_output (project_id, name_history, formed_at, tech_domains, owner_orgs, related_projects, attachments, created_at, updated_at) VALUES ('PROJECT_S_4a078c628152b61d', '5G通信样机', '2023-03-13', '["5G通信", "半导体"]'::json, '["中智算研究院"]'::json, '[]'::json, '[]'::json, '2026-06-15T12:00:00+00:00', '2026-06-15T12:00:00+00:00');
INSERT INTO project_output (project_id, name_history, formed_at, tech_domains, owner_orgs, related_projects, attachments, created_at, updated_at) VALUES ('PROJECT_S_4a078c628152b61d', '5G通信样机', '2021-11-21', '["5G通信", "半导体"]'::json, '["中智算研究院"]'::json, '[]'::json, '[]'::json, '2026-06-15T12:00:00+00:00', '2026-06-15T12:00:00+00:00');
INSERT INTO entity_change_log (entity_id, entity_type, field, old_value, new_value, method, operator, source_doc_id, reason, changed_at) VALUES ('PROJECT_S_4a078c628152b61d', 'project', '*', NULL, '{"action": "create"}'::json, 'rule', NULL, 'mock_seed', NULL, '2026-06-15T12:00:00+00:00');
INSERT INTO project_profile (project_id, name_cn, name_en, name_other, tech_domain, sub_tech_domain, start_date, cancel_date, finish_date, status, budget_activities, project_no, main_orgs, undertaking_orgs, undertaking_enterprises, managers, researchers, background, research_goal, research_content, keywords, progress, application_prospect, key_dates, total_budget_million_usd, invested_million_usd, parent_package_name, previous_phase_name, confidence, completeness, created_at, updated_at) VALUES ('PROJECT_S_909988f218ecfcbe', '["先导mRNA疫苗任务"]'::json, '["Project-070"]'::json, '[]'::json, '["6G通信", "基因编辑"]'::json, '["人工智能"]'::json, '2024-02-02', NULL, NULL, '["结束"]'::json, '["先期部件研制与样机开发BA-4"]'::json, 10070, '["东方储能高科"]'::json, '["中科生医研究所"]'::json, '[]'::json, '["唐刚"]'::json, '["马霞建华", "彭雪松"]'::json, '["针对基因编辑领域关键需求立项"]'::json, '突破基因编辑关键技术，形成自主可控能力。', '["基因编辑理论研究", "基因编辑工程化", "基因编辑应用验证"]'::json, '["6G通信", "基因编辑"]'::json, '["2024年完成方案论证", "2025年进入工程研制"]'::json, '成果可应用于相关产业领域。', '["2023-12-25", "2023-05-05"]'::json, 120.0, 2.0, NULL, NULL, 0.906, 0.701, '2026-06-15T12:00:00+00:00', '2026-06-15T12:00:00+00:00');
INSERT INTO project_history (project_id, change_date, change_description, created_at, updated_at) VALUES ('PROJECT_S_909988f218ecfcbe', '2019-11-24', '立项批复', '2026-06-15T12:00:00+00:00', '2026-06-15T12:00:00+00:00');
INSERT INTO project_history (project_id, change_date, change_description, created_at, updated_at) VALUES ('PROJECT_S_909988f218ecfcbe', '2024-02-02', '通过中期评审', '2026-06-15T12:00:00+00:00', '2026-06-15T12:00:00+00:00');
INSERT INTO project_history (project_id, change_date, change_description, created_at, updated_at) VALUES ('PROJECT_S_909988f218ecfcbe', '2019-10-26', '转入工程阶段', '2026-06-15T12:00:00+00:00', '2026-06-15T12:00:00+00:00');
INSERT INTO project_budget (project_id, budget_date, amount, created_at, updated_at) VALUES ('PROJECT_S_909988f218ecfcbe', '2023-04-01', 200.0, '2026-06-15T12:00:00+00:00', '2026-06-15T12:00:00+00:00');
INSERT INTO project_budget (project_id, budget_date, amount, created_at, updated_at) VALUES ('PROJECT_S_909988f218ecfcbe', '2023-01-22', 50.0, '2026-06-15T12:00:00+00:00', '2026-06-15T12:00:00+00:00');
INSERT INTO project_output (project_id, name_history, formed_at, tech_domains, owner_orgs, related_projects, attachments, created_at, updated_at) VALUES ('PROJECT_S_909988f218ecfcbe', '基因编辑样机', '2022-01-19', '["6G通信", "基因编辑"]'::json, '["东方储能高科"]'::json, '[]'::json, '[]'::json, '2026-06-15T12:00:00+00:00', '2026-06-15T12:00:00+00:00');
INSERT INTO project_output (project_id, name_history, formed_at, tech_domains, owner_orgs, related_projects, attachments, created_at, updated_at) VALUES ('PROJECT_S_909988f218ecfcbe', '基因编辑成果', '2022-02-14', '["6G通信", "基因编辑"]'::json, '["东方储能高科"]'::json, '[]'::json, '[]'::json, '2026-06-15T12:00:00+00:00', '2026-06-15T12:00:00+00:00');
INSERT INTO project_output (project_id, name_history, formed_at, tech_domains, owner_orgs, related_projects, attachments, created_at, updated_at) VALUES ('PROJECT_S_909988f218ecfcbe', '基因编辑关键技术', '2022-08-04', '["6G通信", "基因编辑"]'::json, '["东方储能高科"]'::json, '[]'::json, '[]'::json, '2026-06-15T12:00:00+00:00', '2026-06-15T12:00:00+00:00');
INSERT INTO entity_change_log (entity_id, entity_type, field, old_value, new_value, method, operator, source_doc_id, reason, changed_at) VALUES ('PROJECT_S_909988f218ecfcbe', 'project', '*', NULL, '{"action": "create"}'::json, 'rule', NULL, 'mock_seed', NULL, '2026-06-15T12:00:00+00:00');
INSERT INTO project_profile (project_id, name_cn, name_en, name_other, tech_domain, sub_tech_domain, start_date, cancel_date, finish_date, status, budget_activities, project_no, main_orgs, undertaking_orgs, undertaking_enterprises, managers, researchers, background, research_goal, research_content, keywords, progress, application_prospect, key_dates, total_budget_million_usd, invested_million_usd, parent_package_name, previous_phase_name, confidence, completeness, created_at, updated_at) VALUES ('PROJECT_S_6cf338f159846e3a', '["前沿mRNA疫苗课题"]'::json, '["Project-071"]'::json, '[]'::json, '["氢能", "机器人"]'::json, '["卫星互联网", "量子计算"]'::json, '2020-07-06', NULL, '2020-07-06', '["进行中"]'::json, '["应用技术研究BA-2"]'::json, 10071, '["远未来实验室"]'::json, '["新脑科学实验室", "北方脑科学实验室"]'::json, '[]'::json, '["郑洋", "林峰"]'::json, '["邓斌", "许军刚", "李娟杰"]'::json, '["针对机器人领域关键需求立项"]'::json, '突破机器人关键技术，形成自主可控能力。', '["机器人理论研究", "机器人工程化", "机器人应用验证"]'::json, '["氢能", "机器人"]'::json, '["2020年完成方案论证", "2021年进入工程研制"]'::json, '成果可应用于相关产业领域。', '["2023-12-18", "2023-07-21"]'::json, 50.0, 10.0, '重大专项', NULL, 0.848, 0.585, '2026-06-15T12:00:00+00:00', '2026-06-15T12:00:00+00:00');
INSERT INTO project_history (project_id, change_date, change_description, created_at, updated_at) VALUES ('PROJECT_S_6cf338f159846e3a', '2021-10-18', '立项批复', '2026-06-15T12:00:00+00:00', '2026-06-15T12:00:00+00:00');
INSERT INTO project_history (project_id, change_date, change_description, created_at, updated_at) VALUES ('PROJECT_S_6cf338f159846e3a', '2024-02-25', '通过中期评审', '2026-06-15T12:00:00+00:00', '2026-06-15T12:00:00+00:00');
INSERT INTO project_history (project_id, change_date, change_description, created_at, updated_at) VALUES ('PROJECT_S_6cf338f159846e3a', '2020-04-04', '转入工程阶段', '2026-06-15T12:00:00+00:00', '2026-06-15T12:00:00+00:00');
INSERT INTO project_budget (project_id, budget_date, amount, created_at, updated_at) VALUES ('PROJECT_S_6cf338f159846e3a', '2024-02-16', 800.0, '2026-06-15T12:00:00+00:00', '2026-06-15T12:00:00+00:00');
INSERT INTO project_output (project_id, name_history, formed_at, tech_domains, owner_orgs, related_projects, attachments, created_at, updated_at) VALUES ('PROJECT_S_6cf338f159846e3a', '机器人样机', '2022-07-21', '["氢能", "机器人"]'::json, '["远未来实验室"]'::json, '[]'::json, '[]'::json, '2026-06-15T12:00:00+00:00', '2026-06-15T12:00:00+00:00');
INSERT INTO project_output (project_id, name_history, formed_at, tech_domains, owner_orgs, related_projects, attachments, created_at, updated_at) VALUES ('PROJECT_S_6cf338f159846e3a', '机器人样机', '2022-11-18', '["氢能", "机器人"]'::json, '["远未来实验室"]'::json, '[]'::json, '[]'::json, '2026-06-15T12:00:00+00:00', '2026-06-15T12:00:00+00:00');
INSERT INTO project_output (project_id, name_history, formed_at, tech_domains, owner_orgs, related_projects, attachments, created_at, updated_at) VALUES ('PROJECT_S_6cf338f159846e3a', '机器人关键技术', '2021-07-21', '["氢能", "机器人"]'::json, '["远未来实验室"]'::json, '[]'::json, '[]'::json, '2026-06-15T12:00:00+00:00', '2026-06-15T12:00:00+00:00');
INSERT INTO entity_change_log (entity_id, entity_type, field, old_value, new_value, method, operator, source_doc_id, reason, changed_at) VALUES ('PROJECT_S_6cf338f159846e3a', 'project', '*', NULL, '{"action": "create"}'::json, 'rule', NULL, 'mock_seed', NULL, '2026-06-15T12:00:00+00:00');
INSERT INTO project_profile (project_id, name_cn, name_en, name_other, tech_domain, sub_tech_domain, start_date, cancel_date, finish_date, status, budget_activities, project_no, main_orgs, undertaking_orgs, undertaking_enterprises, managers, researchers, background, research_goal, research_content, keywords, progress, application_prospect, key_dates, total_budget_million_usd, invested_million_usd, parent_package_name, previous_phase_name, confidence, completeness, created_at, updated_at) VALUES ('PROJECT_S_d870d8a69ef65a82', '["应用钙钛矿太阳能电池项目"]'::json, '["Project-072"]'::json, '[]'::json, '["光电技术", "半导体"]'::json, '["脑机接口", "网络安全"]'::json, '2018-01-13', NULL, NULL, '["进行中"]'::json, '["先期技术开发BA-3"]'::json, 10072, '["中科智算工程技术中心"]'::json, '["新光电集团"]'::json, '[]'::json, '["韩勇", "谢杰"]'::json, '["杨俊杰", "马海燕刚", "陈超"]'::json, '["针对半导体领域关键需求立项"]'::json, '突破半导体关键技术，形成自主可控能力。', '["半导体理论研究", "半导体工程化", "半导体应用验证"]'::json, '["光电技术", "半导体"]'::json, '["2018年完成方案论证", "2019年进入工程研制"]'::json, '成果可应用于相关产业领域。', '["2020-01-13", "2020-01-19"]'::json, 5.0, 80.0, '重大专项', NULL, 0.945, 0.796, '2026-06-15T12:00:00+00:00', '2026-06-15T12:00:00+00:00');
INSERT INTO project_history (project_id, change_date, change_description, created_at, updated_at) VALUES ('PROJECT_S_d870d8a69ef65a82', '2022-06-10', '立项批复', '2026-06-15T12:00:00+00:00', '2026-06-15T12:00:00+00:00');
INSERT INTO project_history (project_id, change_date, change_description, created_at, updated_at) VALUES ('PROJECT_S_d870d8a69ef65a82', '2024-08-28', '通过中期评审', '2026-06-15T12:00:00+00:00', '2026-06-15T12:00:00+00:00');
INSERT INTO project_history (project_id, change_date, change_description, created_at, updated_at) VALUES ('PROJECT_S_d870d8a69ef65a82', '2022-11-20', '转入工程阶段', '2026-06-15T12:00:00+00:00', '2026-06-15T12:00:00+00:00');
INSERT INTO project_budget (project_id, budget_date, amount, created_at, updated_at) VALUES ('PROJECT_S_d870d8a69ef65a82', '2021-02-24', 200.0, '2026-06-15T12:00:00+00:00', '2026-06-15T12:00:00+00:00');
INSERT INTO project_budget (project_id, budget_date, amount, created_at, updated_at) VALUES ('PROJECT_S_d870d8a69ef65a82', '2023-05-23', 2000.0, '2026-06-15T12:00:00+00:00', '2026-06-15T12:00:00+00:00');
INSERT INTO project_budget (project_id, budget_date, amount, created_at, updated_at) VALUES ('PROJECT_S_d870d8a69ef65a82', '2022-11-06', 2000.0, '2026-06-15T12:00:00+00:00', '2026-06-15T12:00:00+00:00');
INSERT INTO project_output (project_id, name_history, formed_at, tech_domains, owner_orgs, related_projects, attachments, created_at, updated_at) VALUES ('PROJECT_S_d870d8a69ef65a82', '半导体成果', '2022-05-22', '["光电技术", "半导体"]'::json, '["中科智算工程技术中心"]'::json, '[]'::json, '[]'::json, '2026-06-15T12:00:00+00:00', '2026-06-15T12:00:00+00:00');
INSERT INTO project_output (project_id, name_history, formed_at, tech_domains, owner_orgs, related_projects, attachments, created_at, updated_at) VALUES ('PROJECT_S_d870d8a69ef65a82', '半导体成果', '2022-04-08', '["光电技术", "半导体"]'::json, '["中科智算工程技术中心"]'::json, '[]'::json, '[]'::json, '2026-06-15T12:00:00+00:00', '2026-06-15T12:00:00+00:00');
INSERT INTO entity_change_log (entity_id, entity_type, field, old_value, new_value, method, operator, source_doc_id, reason, changed_at) VALUES ('PROJECT_S_d870d8a69ef65a82', 'project', '*', NULL, '{"action": "create"}'::json, 'rule', NULL, 'mock_seed', NULL, '2026-06-15T12:00:00+00:00');
INSERT INTO project_profile (project_id, name_cn, name_en, name_other, tech_domain, sub_tech_domain, start_date, cancel_date, finish_date, status, budget_activities, project_no, main_orgs, undertaking_orgs, undertaking_enterprises, managers, researchers, background, research_goal, research_content, keywords, progress, application_prospect, key_dates, total_budget_million_usd, invested_million_usd, parent_package_name, previous_phase_name, confidence, completeness, created_at, updated_at) VALUES ('PROJECT_S_62e398845ca78094', '["攻关可重复使用火箭任务"]'::json, '["Project-073"]'::json, '[]'::json, '["卫星互联网", "集成电路"]'::json, '["网络安全", "氢能"]'::json, '2024-08-12', NULL, NULL, '["进行中"]'::json, '["应用技术研究BA-2"]'::json, 10073, '["北方光电研究所"]'::json, '["北方量子工程技术中心"]'::json, '[]'::json, '["李志强勇", "周磊"]'::json, '["周桂英峰", "张俊杰超", "李志强勇"]'::json, '["针对卫星互联网领域关键需求立项"]'::json, '突破卫星互联网关键技术，形成自主可控能力。', '["卫星互联网理论研究", "卫星互联网工程化", "卫星互联网应用验证"]'::json, '["卫星互联网", "集成电路"]'::json, '["2024年完成方案论证", "2025年进入工程研制"]'::json, '成果可应用于相关产业领域。', '["2023-03-09"]'::json, 50.0, 30.0, '重大专项', NULL, 0.962, 0.619, '2026-06-15T12:00:00+00:00', '2026-06-15T12:00:00+00:00');
INSERT INTO project_history (project_id, change_date, change_description, created_at, updated_at) VALUES ('PROJECT_S_62e398845ca78094', '2024-08-21', '立项批复', '2026-06-15T12:00:00+00:00', '2026-06-15T12:00:00+00:00');
INSERT INTO project_history (project_id, change_date, change_description, created_at, updated_at) VALUES ('PROJECT_S_62e398845ca78094', '2022-02-10', '通过中期评审', '2026-06-15T12:00:00+00:00', '2026-06-15T12:00:00+00:00');
INSERT INTO project_history (project_id, change_date, change_description, created_at, updated_at) VALUES ('PROJECT_S_62e398845ca78094', '2021-02-02', '转入工程阶段', '2026-06-15T12:00:00+00:00', '2026-06-15T12:00:00+00:00');
INSERT INTO project_budget (project_id, budget_date, amount, created_at, updated_at) VALUES ('PROJECT_S_62e398845ca78094', '2021-06-01', 800.0, '2026-06-15T12:00:00+00:00', '2026-06-15T12:00:00+00:00');
INSERT INTO project_budget (project_id, budget_date, amount, created_at, updated_at) VALUES ('PROJECT_S_62e398845ca78094', '2023-10-16', 800.0, '2026-06-15T12:00:00+00:00', '2026-06-15T12:00:00+00:00');
INSERT INTO project_output (project_id, name_history, formed_at, tech_domains, owner_orgs, related_projects, attachments, created_at, updated_at) VALUES ('PROJECT_S_62e398845ca78094', '卫星互联网样机', '2023-01-09', '["卫星互联网", "集成电路"]'::json, '["北方光电研究所"]'::json, '[]'::json, '[]'::json, '2026-06-15T12:00:00+00:00', '2026-06-15T12:00:00+00:00');
INSERT INTO project_output (project_id, name_history, formed_at, tech_domains, owner_orgs, related_projects, attachments, created_at, updated_at) VALUES ('PROJECT_S_62e398845ca78094', '卫星互联网样机', '2024-03-15', '["卫星互联网", "集成电路"]'::json, '["北方光电研究所"]'::json, '[]'::json, '[]'::json, '2026-06-15T12:00:00+00:00', '2026-06-15T12:00:00+00:00');
INSERT INTO project_output (project_id, name_history, formed_at, tech_domains, owner_orgs, related_projects, attachments, created_at, updated_at) VALUES ('PROJECT_S_62e398845ca78094', '卫星互联网成果', '2021-06-14', '["卫星互联网", "集成电路"]'::json, '["北方光电研究所"]'::json, '[]'::json, '[]'::json, '2026-06-15T12:00:00+00:00', '2026-06-15T12:00:00+00:00');
INSERT INTO entity_change_log (entity_id, entity_type, field, old_value, new_value, method, operator, source_doc_id, reason, changed_at) VALUES ('PROJECT_S_62e398845ca78094', 'project', '*', NULL, '{"action": "create"}'::json, 'rule', NULL, 'mock_seed', NULL, '2026-06-15T12:00:00+00:00');
INSERT INTO project_profile (project_id, name_cn, name_en, name_other, tech_domain, sub_tech_domain, start_date, cancel_date, finish_date, status, budget_activities, project_no, main_orgs, undertaking_orgs, undertaking_enterprises, managers, researchers, background, research_goal, research_content, keywords, progress, application_prospect, key_dates, total_budget_million_usd, invested_million_usd, parent_package_name, previous_phase_name, confidence, completeness, created_at, updated_at) VALUES ('PROJECT_S_e7d0835030c30cf8', '["前沿太赫兹通信专项"]'::json, '["Project-074"]'::json, '[]'::json, '["航空航天", "量子计算"]'::json, '["集成电路"]'::json, '2022-04-03', NULL, NULL, '["成果已转化"]'::json, '["先期部件研制与样机开发BA-4"]'::json, 10074, '["北方前沿实验室"]'::json, '["东方未来研究院"]'::json, '[]'::json, '["郭娟雪松", "马海燕刚"]'::json, '["林峰", "彭娟瑞"]'::json, '["针对航空航天领域关键需求立项"]'::json, '突破航空航天关键技术，形成自主可控能力。', '["航空航天理论研究", "航空航天工程化", "航空航天应用验证"]'::json, '["航空航天", "量子计算"]'::json, '["2022年完成方案论证", "2023年进入工程研制"]'::json, '成果可应用于相关产业领域。', '["2023-11-06", "2023-01-28", "2024-10-09"]'::json, 300.0, 80.0, '重点研发', NULL, 0.847, 0.814, '2026-06-15T12:00:00+00:00', '2026-06-15T12:00:00+00:00');
INSERT INTO project_history (project_id, change_date, change_description, created_at, updated_at) VALUES ('PROJECT_S_e7d0835030c30cf8', '2019-08-26', '立项批复', '2026-06-15T12:00:00+00:00', '2026-06-15T12:00:00+00:00');
INSERT INTO project_history (project_id, change_date, change_description, created_at, updated_at) VALUES ('PROJECT_S_e7d0835030c30cf8', '2020-02-01', '通过中期评审', '2026-06-15T12:00:00+00:00', '2026-06-15T12:00:00+00:00');
INSERT INTO project_history (project_id, change_date, change_description, created_at, updated_at) VALUES ('PROJECT_S_e7d0835030c30cf8', '2024-01-27', '转入工程阶段', '2026-06-15T12:00:00+00:00', '2026-06-15T12:00:00+00:00');
INSERT INTO project_budget (project_id, budget_date, amount, created_at, updated_at) VALUES ('PROJECT_S_e7d0835030c30cf8', '2022-02-14', 200.0, '2026-06-15T12:00:00+00:00', '2026-06-15T12:00:00+00:00');
INSERT INTO project_budget (project_id, budget_date, amount, created_at, updated_at) VALUES ('PROJECT_S_e7d0835030c30cf8', '2020-12-02', 800.0, '2026-06-15T12:00:00+00:00', '2026-06-15T12:00:00+00:00');
INSERT INTO project_output (project_id, name_history, formed_at, tech_domains, owner_orgs, related_projects, attachments, created_at, updated_at) VALUES ('PROJECT_S_e7d0835030c30cf8', '航空航天关键技术', '2022-05-25', '["航空航天", "量子计算"]'::json, '["北方前沿实验室"]'::json, '[]'::json, '[]'::json, '2026-06-15T12:00:00+00:00', '2026-06-15T12:00:00+00:00');
INSERT INTO project_output (project_id, name_history, formed_at, tech_domains, owner_orgs, related_projects, attachments, created_at, updated_at) VALUES ('PROJECT_S_e7d0835030c30cf8', '航空航天关键技术', '2021-11-28', '["航空航天", "量子计算"]'::json, '["北方前沿实验室"]'::json, '[]'::json, '[]'::json, '2026-06-15T12:00:00+00:00', '2026-06-15T12:00:00+00:00');
INSERT INTO entity_change_log (entity_id, entity_type, field, old_value, new_value, method, operator, source_doc_id, reason, changed_at) VALUES ('PROJECT_S_e7d0835030c30cf8', 'project', '*', NULL, '{"action": "create"}'::json, 'rule', NULL, 'mock_seed', NULL, '2026-06-15T12:00:00+00:00');
INSERT INTO project_profile (project_id, name_cn, name_en, name_other, tech_domain, sub_tech_domain, start_date, cancel_date, finish_date, status, budget_activities, project_no, main_orgs, undertaking_orgs, undertaking_enterprises, managers, researchers, background, research_goal, research_content, keywords, progress, application_prospect, key_dates, total_budget_million_usd, invested_million_usd, parent_package_name, previous_phase_name, confidence, completeness, created_at, updated_at) VALUES ('PROJECT_S_ce52fb37c6347753', '["先导太赫兹通信专项"]'::json, '["Project-075"]'::json, '[]'::json, '["卫星互联网", "储能"]'::json, '["新材料", "先进算力"]'::json, '2018-09-23', NULL, NULL, '["进行中"]'::json, '["系统开发与演示验证BA-5"]'::json, 10075, '["华信息股份"]'::json, '["东方储能研究院"]'::json, '[]'::json, '["李昊强", "韩桂英雪松"]'::json, '["许建华涛", "邓艳志强", "郑洋", "韩桂英雪松"]'::json, '["针对储能领域关键需求立项"]'::json, '突破储能关键技术，形成自主可控能力。', '["储能理论研究", "储能工程化", "储能应用验证"]'::json, '["卫星互联网", "储能"]'::json, '["2018年完成方案论证", "2019年进入工程研制"]'::json, '成果可应用于相关产业领域。', '["2022-11-22", "2023-12-18", "2024-01-24"]'::json, 300.0, 10.0, NULL, NULL, 0.867, 0.826, '2026-06-15T12:00:00+00:00', '2026-06-15T12:00:00+00:00');
INSERT INTO project_history (project_id, change_date, change_description, created_at, updated_at) VALUES ('PROJECT_S_ce52fb37c6347753', '2019-12-28', '立项批复', '2026-06-15T12:00:00+00:00', '2026-06-15T12:00:00+00:00');
INSERT INTO project_history (project_id, change_date, change_description, created_at, updated_at) VALUES ('PROJECT_S_ce52fb37c6347753', '2023-05-03', '通过中期评审', '2026-06-15T12:00:00+00:00', '2026-06-15T12:00:00+00:00');
INSERT INTO project_history (project_id, change_date, change_description, created_at, updated_at) VALUES ('PROJECT_S_ce52fb37c6347753', '2021-10-06', '转入工程阶段', '2026-06-15T12:00:00+00:00', '2026-06-15T12:00:00+00:00');
INSERT INTO project_budget (project_id, budget_date, amount, created_at, updated_at) VALUES ('PROJECT_S_ce52fb37c6347753', '2022-11-27', 2000.0, '2026-06-15T12:00:00+00:00', '2026-06-15T12:00:00+00:00');
INSERT INTO project_output (project_id, name_history, formed_at, tech_domains, owner_orgs, related_projects, attachments, created_at, updated_at) VALUES ('PROJECT_S_ce52fb37c6347753', '储能样机', '2024-11-16', '["卫星互联网", "储能"]'::json, '["华信息股份"]'::json, '[]'::json, '[]'::json, '2026-06-15T12:00:00+00:00', '2026-06-15T12:00:00+00:00');
INSERT INTO project_output (project_id, name_history, formed_at, tech_domains, owner_orgs, related_projects, attachments, created_at, updated_at) VALUES ('PROJECT_S_ce52fb37c6347753', '储能成果', '2024-02-05', '["卫星互联网", "储能"]'::json, '["华信息股份"]'::json, '[]'::json, '[]'::json, '2026-06-15T12:00:00+00:00', '2026-06-15T12:00:00+00:00');
INSERT INTO entity_change_log (entity_id, entity_type, field, old_value, new_value, method, operator, source_doc_id, reason, changed_at) VALUES ('PROJECT_S_ce52fb37c6347753', 'project', '*', NULL, '{"action": "create"}'::json, 'rule', NULL, 'mock_seed', NULL, '2026-06-15T12:00:00+00:00');
INSERT INTO project_profile (project_id, name_cn, name_en, name_other, tech_domain, sub_tech_domain, start_date, cancel_date, finish_date, status, budget_activities, project_no, main_orgs, undertaking_orgs, undertaking_enterprises, managers, researchers, background, research_goal, research_content, keywords, progress, application_prospect, key_dates, total_budget_million_usd, invested_million_usd, parent_package_name, previous_phase_name, confidence, completeness, created_at, updated_at) VALUES ('PROJECT_S_f69aaf0af24c40ba', '["先导深海潜水器课题"]'::json, '["Project-076"]'::json, '[]'::json, '["航空航天", "新能源"]'::json, '["基因编辑", "半导体"]'::json, '2018-07-19', NULL, NULL, '["进行中"]'::json, '["先期部件研制与样机开发BA-4"]'::json, 10076, '["中科生医研究所"]'::json, '["国储能股份"]'::json, '[]'::json, '["许军刚"]'::json, '["何雪松宇航", "马宇航建华", "周强"]'::json, '["针对新能源领域关键需求立项"]'::json, '突破新能源关键技术，形成自主可控能力。', '["新能源理论研究", "新能源工程化", "新能源应用验证"]'::json, '["航空航天", "新能源"]'::json, '["2018年完成方案论证", "2019年进入工程研制"]'::json, '成果可应用于相关产业领域。', '["2022-09-22"]'::json, 20.0, 10.0, NULL, NULL, 0.859, 0.897, '2026-06-15T12:00:00+00:00', '2026-06-15T12:00:00+00:00');
INSERT INTO project_history (project_id, change_date, change_description, created_at, updated_at) VALUES ('PROJECT_S_f69aaf0af24c40ba', '2024-04-09', '立项批复', '2026-06-15T12:00:00+00:00', '2026-06-15T12:00:00+00:00');
INSERT INTO project_history (project_id, change_date, change_description, created_at, updated_at) VALUES ('PROJECT_S_f69aaf0af24c40ba', '2019-04-16', '通过中期评审', '2026-06-15T12:00:00+00:00', '2026-06-15T12:00:00+00:00');
INSERT INTO project_history (project_id, change_date, change_description, created_at, updated_at) VALUES ('PROJECT_S_f69aaf0af24c40ba', '2024-07-26', '转入工程阶段', '2026-06-15T12:00:00+00:00', '2026-06-15T12:00:00+00:00');
INSERT INTO project_budget (project_id, budget_date, amount, created_at, updated_at) VALUES ('PROJECT_S_f69aaf0af24c40ba', '2024-11-02', 200.0, '2026-06-15T12:00:00+00:00', '2026-06-15T12:00:00+00:00');
INSERT INTO project_output (project_id, name_history, formed_at, tech_domains, owner_orgs, related_projects, attachments, created_at, updated_at) VALUES ('PROJECT_S_f69aaf0af24c40ba', '新能源样机', '2024-03-23', '["航空航天", "新能源"]'::json, '["中科生医研究所"]'::json, '[]'::json, '[]'::json, '2026-06-15T12:00:00+00:00', '2026-06-15T12:00:00+00:00');
INSERT INTO project_output (project_id, name_history, formed_at, tech_domains, owner_orgs, related_projects, attachments, created_at, updated_at) VALUES ('PROJECT_S_f69aaf0af24c40ba', '新能源关键技术', '2021-05-03', '["航空航天", "新能源"]'::json, '["中科生医研究所"]'::json, '[]'::json, '[]'::json, '2026-06-15T12:00:00+00:00', '2026-06-15T12:00:00+00:00');
INSERT INTO project_output (project_id, name_history, formed_at, tech_domains, owner_orgs, related_projects, attachments, created_at, updated_at) VALUES ('PROJECT_S_f69aaf0af24c40ba', '新能源关键技术', '2024-12-26', '["航空航天", "新能源"]'::json, '["中科生医研究所"]'::json, '[]'::json, '[]'::json, '2026-06-15T12:00:00+00:00', '2026-06-15T12:00:00+00:00');
INSERT INTO entity_change_log (entity_id, entity_type, field, old_value, new_value, method, operator, source_doc_id, reason, changed_at) VALUES ('PROJECT_S_f69aaf0af24c40ba', 'project', '*', NULL, '{"action": "create"}'::json, 'rule', NULL, 'mock_seed', NULL, '2026-06-15T12:00:00+00:00');
INSERT INTO project_profile (project_id, name_cn, name_en, name_other, tech_domain, sub_tech_domain, start_date, cancel_date, finish_date, status, budget_activities, project_no, main_orgs, undertaking_orgs, undertaking_enterprises, managers, researchers, background, research_goal, research_content, keywords, progress, application_prospect, key_dates, total_budget_million_usd, invested_million_usd, parent_package_name, previous_phase_name, confidence, completeness, created_at, updated_at) VALUES ('PROJECT_S_28619b9f0ef0d280', '["先导神经网络芯片项目"]'::json, '["Project-077"]'::json, '[]'::json, '["航空航天", "自动驾驶"]'::json, '["卫星互联网"]'::json, '2018-01-11', NULL, NULL, '["成果已转化"]'::json, '["软件研究/开发/测试和评估试点BA-8"]'::json, 10077, '["国深海科技"]'::json, '["北方储能工程技术中心"]'::json, '[]'::json, '["罗强建华"]'::json, '["徐晓东", "谢伟"]'::json, '["针对航空航天领域关键需求立项"]'::json, '突破航空航天关键技术，形成自主可控能力。', '["航空航天理论研究", "航空航天工程化", "航空航天应用验证"]'::json, '["航空航天", "自动驾驶"]'::json, '["2018年完成方案论证", "2019年进入工程研制"]'::json, '成果可应用于相关产业领域。', '["2022-02-08", "2023-05-13"]'::json, 50.0, 80.0, '重点研发', NULL, 0.767, 0.703, '2026-06-15T12:00:00+00:00', '2026-06-15T12:00:00+00:00');
INSERT INTO project_history (project_id, change_date, change_description, created_at, updated_at) VALUES ('PROJECT_S_28619b9f0ef0d280', '2021-07-25', '立项批复', '2026-06-15T12:00:00+00:00', '2026-06-15T12:00:00+00:00');
INSERT INTO project_history (project_id, change_date, change_description, created_at, updated_at) VALUES ('PROJECT_S_28619b9f0ef0d280', '2024-01-27', '通过中期评审', '2026-06-15T12:00:00+00:00', '2026-06-15T12:00:00+00:00');
INSERT INTO project_history (project_id, change_date, change_description, created_at, updated_at) VALUES ('PROJECT_S_28619b9f0ef0d280', '2022-09-15', '转入工程阶段', '2026-06-15T12:00:00+00:00', '2026-06-15T12:00:00+00:00');
INSERT INTO project_budget (project_id, budget_date, amount, created_at, updated_at) VALUES ('PROJECT_S_28619b9f0ef0d280', '2024-05-16', 200.0, '2026-06-15T12:00:00+00:00', '2026-06-15T12:00:00+00:00');
INSERT INTO project_budget (project_id, budget_date, amount, created_at, updated_at) VALUES ('PROJECT_S_28619b9f0ef0d280', '2023-11-03', 200.0, '2026-06-15T12:00:00+00:00', '2026-06-15T12:00:00+00:00');
INSERT INTO project_output (project_id, name_history, formed_at, tech_domains, owner_orgs, related_projects, attachments, created_at, updated_at) VALUES ('PROJECT_S_28619b9f0ef0d280', '航空航天关键技术', '2023-05-03', '["航空航天", "自动驾驶"]'::json, '["国深海科技"]'::json, '[]'::json, '[]'::json, '2026-06-15T12:00:00+00:00', '2026-06-15T12:00:00+00:00');
INSERT INTO project_output (project_id, name_history, formed_at, tech_domains, owner_orgs, related_projects, attachments, created_at, updated_at) VALUES ('PROJECT_S_28619b9f0ef0d280', '航空航天关键技术', '2024-07-26', '["航空航天", "自动驾驶"]'::json, '["国深海科技"]'::json, '[]'::json, '[]'::json, '2026-06-15T12:00:00+00:00', '2026-06-15T12:00:00+00:00');
INSERT INTO entity_change_log (entity_id, entity_type, field, old_value, new_value, method, operator, source_doc_id, reason, changed_at) VALUES ('PROJECT_S_28619b9f0ef0d280', 'project', '*', NULL, '{"action": "create"}'::json, 'rule', NULL, 'mock_seed', NULL, '2026-06-15T12:00:00+00:00');
INSERT INTO project_profile (project_id, name_cn, name_en, name_other, tech_domain, sub_tech_domain, start_date, cancel_date, finish_date, status, budget_activities, project_no, main_orgs, undertaking_orgs, undertaking_enterprises, managers, researchers, background, research_goal, research_content, keywords, progress, application_prospect, key_dates, total_budget_million_usd, invested_million_usd, parent_package_name, previous_phase_name, confidence, completeness, created_at, updated_at) VALUES ('PROJECT_S_f8e096417a175e6c', '["基础基因剪刀任务"]'::json, '["Project-078"]'::json, '[]'::json, '["量子计算", "人工智能"]'::json, '["深海装备"]'::json, '2021-06-06', NULL, NULL, '["结束"]'::json, '["系统开发与演示验证BA-5"]'::json, 10078, '["东方信息研究院"]'::json, '["中芯创集团"]'::json, '[]'::json, '["梁娟"]'::json, '["赵宁", "韩雪松", "罗洋娟"]'::json, '["针对人工智能领域关键需求立项"]'::json, '突破人工智能关键技术，形成自主可控能力。', '["人工智能理论研究", "人工智能工程化", "人工智能应用验证"]'::json, '["量子计算", "人工智能"]'::json, '["2021年完成方案论证", "2022年进入工程研制"]'::json, '成果可应用于相关产业领域。', '["2020-11-10", "2024-10-23", "2023-09-25"]'::json, 20.0, 30.0, NULL, NULL, 0.826, 0.827, '2026-06-15T12:00:00+00:00', '2026-06-15T12:00:00+00:00');
INSERT INTO project_history (project_id, change_date, change_description, created_at, updated_at) VALUES ('PROJECT_S_f8e096417a175e6c', '2021-08-21', '立项批复', '2026-06-15T12:00:00+00:00', '2026-06-15T12:00:00+00:00');
INSERT INTO project_history (project_id, change_date, change_description, created_at, updated_at) VALUES ('PROJECT_S_f8e096417a175e6c', '2022-10-20', '通过中期评审', '2026-06-15T12:00:00+00:00', '2026-06-15T12:00:00+00:00');
INSERT INTO project_history (project_id, change_date, change_description, created_at, updated_at) VALUES ('PROJECT_S_f8e096417a175e6c', '2020-09-23', '转入工程阶段', '2026-06-15T12:00:00+00:00', '2026-06-15T12:00:00+00:00');
INSERT INTO project_budget (project_id, budget_date, amount, created_at, updated_at) VALUES ('PROJECT_S_f8e096417a175e6c', '2021-03-04', 200.0, '2026-06-15T12:00:00+00:00', '2026-06-15T12:00:00+00:00');
INSERT INTO project_budget (project_id, budget_date, amount, created_at, updated_at) VALUES ('PROJECT_S_f8e096417a175e6c', '2023-11-25', 2000.0, '2026-06-15T12:00:00+00:00', '2026-06-15T12:00:00+00:00');
INSERT INTO project_output (project_id, name_history, formed_at, tech_domains, owner_orgs, related_projects, attachments, created_at, updated_at) VALUES ('PROJECT_S_f8e096417a175e6c', '人工智能样机', '2023-09-21', '["量子计算", "人工智能"]'::json, '["东方信息研究院"]'::json, '[]'::json, '[]'::json, '2026-06-15T12:00:00+00:00', '2026-06-15T12:00:00+00:00');
INSERT INTO entity_change_log (entity_id, entity_type, field, old_value, new_value, method, operator, source_doc_id, reason, changed_at) VALUES ('PROJECT_S_f8e096417a175e6c', 'project', '*', NULL, '{"action": "create"}'::json, 'rule', NULL, 'mock_seed', NULL, '2026-06-15T12:00:00+00:00');
INSERT INTO project_profile (project_id, name_cn, name_en, name_other, tech_domain, sub_tech_domain, start_date, cancel_date, finish_date, status, budget_activities, project_no, main_orgs, undertaking_orgs, undertaking_enterprises, managers, researchers, background, research_goal, research_content, keywords, progress, application_prospect, key_dates, total_budget_million_usd, invested_million_usd, parent_package_name, previous_phase_name, confidence, completeness, created_at, updated_at) VALUES ('PROJECT_S_446b31df3108ffce', '["前沿金属3D打印项目"]'::json, '["Project-079"]'::json, '[]'::json, '["5G通信", "储能"]'::json, '["半导体"]'::json, '2019-10-19', NULL, NULL, '["成果已转化"]'::json, '["基础技术研究BA-1"]'::json, 10079, '["中科聚变研究所"]'::json, '["东方储能高科"]'::json, '[]'::json, '["罗强建华", "马文博"]'::json, '["马文博", "黄娟"]'::json, '["针对5G通信领域关键需求立项"]'::json, '突破5G通信关键技术，形成自主可控能力。', '["5G通信理论研究", "5G通信工程化", "5G通信应用验证"]'::json, '["5G通信", "储能"]'::json, '["2019年完成方案论证", "2020年进入工程研制"]'::json, '成果可应用于相关产业领域。', '["2021-11-04", "2023-07-01"]'::json, 300.0, 30.0, NULL, NULL, 0.786, 0.714, '2026-06-15T12:00:00+00:00', '2026-06-15T12:00:00+00:00');
INSERT INTO project_history (project_id, change_date, change_description, created_at, updated_at) VALUES ('PROJECT_S_446b31df3108ffce', '2020-07-08', '立项批复', '2026-06-15T12:00:00+00:00', '2026-06-15T12:00:00+00:00');
INSERT INTO project_history (project_id, change_date, change_description, created_at, updated_at) VALUES ('PROJECT_S_446b31df3108ffce', '2022-12-27', '通过中期评审', '2026-06-15T12:00:00+00:00', '2026-06-15T12:00:00+00:00');
INSERT INTO project_history (project_id, change_date, change_description, created_at, updated_at) VALUES ('PROJECT_S_446b31df3108ffce', '2019-07-01', '转入工程阶段', '2026-06-15T12:00:00+00:00', '2026-06-15T12:00:00+00:00');
INSERT INTO project_budget (project_id, budget_date, amount, created_at, updated_at) VALUES ('PROJECT_S_446b31df3108ffce', '2024-02-14', 800.0, '2026-06-15T12:00:00+00:00', '2026-06-15T12:00:00+00:00');
INSERT INTO project_budget (project_id, budget_date, amount, created_at, updated_at) VALUES ('PROJECT_S_446b31df3108ffce', '2022-03-27', 800.0, '2026-06-15T12:00:00+00:00', '2026-06-15T12:00:00+00:00');
INSERT INTO project_output (project_id, name_history, formed_at, tech_domains, owner_orgs, related_projects, attachments, created_at, updated_at) VALUES ('PROJECT_S_446b31df3108ffce', '5G通信样机', '2023-09-12', '["5G通信", "储能"]'::json, '["中科聚变研究所"]'::json, '[]'::json, '[]'::json, '2026-06-15T12:00:00+00:00', '2026-06-15T12:00:00+00:00');
INSERT INTO project_output (project_id, name_history, formed_at, tech_domains, owner_orgs, related_projects, attachments, created_at, updated_at) VALUES ('PROJECT_S_446b31df3108ffce', '5G通信成果', '2023-02-05', '["5G通信", "储能"]'::json, '["中科聚变研究所"]'::json, '[]'::json, '[]'::json, '2026-06-15T12:00:00+00:00', '2026-06-15T12:00:00+00:00');
INSERT INTO entity_change_log (entity_id, entity_type, field, old_value, new_value, method, operator, source_doc_id, reason, changed_at) VALUES ('PROJECT_S_446b31df3108ffce', 'project', '*', NULL, '{"action": "create"}'::json, 'rule', NULL, 'mock_seed', NULL, '2026-06-15T12:00:00+00:00');
INSERT INTO project_profile (project_id, name_cn, name_en, name_other, tech_domain, sub_tech_domain, start_date, cancel_date, finish_date, status, budget_activities, project_no, main_orgs, undertaking_orgs, undertaking_enterprises, managers, researchers, background, research_goal, research_content, keywords, progress, application_prospect, key_dates, total_budget_million_usd, invested_million_usd, parent_package_name, previous_phase_name, confidence, completeness, created_at, updated_at) VALUES ('PROJECT_S_ca35243f640218ae', '["重大类脑计算架构课题"]'::json, '["Project-080"]'::json, '[]'::json, '["氢能", "自动驾驶"]'::json, '["6G通信"]'::json, '2024-04-03', NULL, NULL, '["进行中"]'::json, '["先期技术开发BA-3"]'::json, 10080, '["国氢动高科"]'::json, '["中科聚变研究所", "中科生医研究所"]'::json, '[]'::json, '["林峰"]'::json, '["陈超", "何宁平"]'::json, '["针对自动驾驶领域关键需求立项"]'::json, '突破自动驾驶关键技术，形成自主可控能力。', '["自动驾驶理论研究", "自动驾驶工程化", "自动驾驶应用验证"]'::json, '["氢能", "自动驾驶"]'::json, '["2024年完成方案论证", "2025年进入工程研制"]'::json, '成果可应用于相关产业领域。', '["2023-03-10"]'::json, 20.0, 10.0, '重大专项', NULL, 0.74, 0.681, '2026-06-15T12:00:00+00:00', '2026-06-15T12:00:00+00:00');
INSERT INTO project_history (project_id, change_date, change_description, created_at, updated_at) VALUES ('PROJECT_S_ca35243f640218ae', '2021-11-02', '立项批复', '2026-06-15T12:00:00+00:00', '2026-06-15T12:00:00+00:00');
INSERT INTO project_history (project_id, change_date, change_description, created_at, updated_at) VALUES ('PROJECT_S_ca35243f640218ae', '2023-03-26', '通过中期评审', '2026-06-15T12:00:00+00:00', '2026-06-15T12:00:00+00:00');
INSERT INTO project_history (project_id, change_date, change_description, created_at, updated_at) VALUES ('PROJECT_S_ca35243f640218ae', '2023-03-14', '转入工程阶段', '2026-06-15T12:00:00+00:00', '2026-06-15T12:00:00+00:00');
INSERT INTO project_budget (project_id, budget_date, amount, created_at, updated_at) VALUES ('PROJECT_S_ca35243f640218ae', '2021-11-02', 200.0, '2026-06-15T12:00:00+00:00', '2026-06-15T12:00:00+00:00');
INSERT INTO project_output (project_id, name_history, formed_at, tech_domains, owner_orgs, related_projects, attachments, created_at, updated_at) VALUES ('PROJECT_S_ca35243f640218ae', '自动驾驶成果', '2024-10-06', '["氢能", "自动驾驶"]'::json, '["国氢动高科"]'::json, '[]'::json, '[]'::json, '2026-06-15T12:00:00+00:00', '2026-06-15T12:00:00+00:00');
INSERT INTO project_output (project_id, name_history, formed_at, tech_domains, owner_orgs, related_projects, attachments, created_at, updated_at) VALUES ('PROJECT_S_ca35243f640218ae', '自动驾驶成果', '2022-02-22', '["氢能", "自动驾驶"]'::json, '["国氢动高科"]'::json, '[]'::json, '[]'::json, '2026-06-15T12:00:00+00:00', '2026-06-15T12:00:00+00:00');
INSERT INTO project_output (project_id, name_history, formed_at, tech_domains, owner_orgs, related_projects, attachments, created_at, updated_at) VALUES ('PROJECT_S_ca35243f640218ae', '自动驾驶样机', '2022-12-12', '["氢能", "自动驾驶"]'::json, '["国氢动高科"]'::json, '[]'::json, '[]'::json, '2026-06-15T12:00:00+00:00', '2026-06-15T12:00:00+00:00');
INSERT INTO entity_change_log (entity_id, entity_type, field, old_value, new_value, method, operator, source_doc_id, reason, changed_at) VALUES ('PROJECT_S_ca35243f640218ae', 'project', '*', NULL, '{"action": "create"}'::json, 'rule', NULL, 'mock_seed', NULL, '2026-06-15T12:00:00+00:00');
INSERT INTO project_profile (project_id, name_cn, name_en, name_other, tech_domain, sub_tech_domain, start_date, cancel_date, finish_date, status, budget_activities, project_no, main_orgs, undertaking_orgs, undertaking_enterprises, managers, researchers, background, research_goal, research_content, keywords, progress, application_prospect, key_dates, total_budget_million_usd, invested_million_usd, parent_package_name, previous_phase_name, confidence, completeness, created_at, updated_at) VALUES ('PROJECT_S_426295d96c6f8a5b', '["攻关可重复使用火箭项目"]'::json, '["Project-081"]'::json, '[]'::json, '["新能源", "自动驾驶"]'::json, '["大模型", "生物医药"]'::json, '2022-08-10', NULL, NULL, '["结束"]'::json, '["系统开发与演示验证BA-5"]'::json, 10081, '["国航宇股份"]'::json, '["中科天网研究所", "国前沿科技"]'::json, '[]'::json, '["黄刚", "韩桂英雪松"]'::json, '["吴俊杰", "吴昊", "黄娟"]'::json, '["针对自动驾驶领域关键需求立项"]'::json, '突破自动驾驶关键技术，形成自主可控能力。', '["自动驾驶理论研究", "自动驾驶工程化", "自动驾驶应用验证"]'::json, '["新能源", "自动驾驶"]'::json, '["2022年完成方案论证", "2023年进入工程研制"]'::json, '成果可应用于相关产业领域。', '["2023-01-28", "2022-08-25", "2021-01-24"]'::json, 120.0, 2.0, NULL, NULL, 0.836, 0.675, '2026-06-15T12:00:00+00:00', '2026-06-15T12:00:00+00:00');
INSERT INTO project_history (project_id, change_date, change_description, created_at, updated_at) VALUES ('PROJECT_S_426295d96c6f8a5b', '2023-02-15', '立项批复', '2026-06-15T12:00:00+00:00', '2026-06-15T12:00:00+00:00');
INSERT INTO project_history (project_id, change_date, change_description, created_at, updated_at) VALUES ('PROJECT_S_426295d96c6f8a5b', '2022-04-12', '通过中期评审', '2026-06-15T12:00:00+00:00', '2026-06-15T12:00:00+00:00');
INSERT INTO project_history (project_id, change_date, change_description, created_at, updated_at) VALUES ('PROJECT_S_426295d96c6f8a5b', '2022-10-27', '转入工程阶段', '2026-06-15T12:00:00+00:00', '2026-06-15T12:00:00+00:00');
INSERT INTO project_budget (project_id, budget_date, amount, created_at, updated_at) VALUES ('PROJECT_S_426295d96c6f8a5b', '2024-12-07', 200.0, '2026-06-15T12:00:00+00:00', '2026-06-15T12:00:00+00:00');
INSERT INTO project_output (project_id, name_history, formed_at, tech_domains, owner_orgs, related_projects, attachments, created_at, updated_at) VALUES ('PROJECT_S_426295d96c6f8a5b', '自动驾驶样机', '2024-07-04', '["新能源", "自动驾驶"]'::json, '["国航宇股份"]'::json, '[]'::json, '[]'::json, '2026-06-15T12:00:00+00:00', '2026-06-15T12:00:00+00:00');
INSERT INTO project_output (project_id, name_history, formed_at, tech_domains, owner_orgs, related_projects, attachments, created_at, updated_at) VALUES ('PROJECT_S_426295d96c6f8a5b', '自动驾驶成果', '2022-04-26', '["新能源", "自动驾驶"]'::json, '["国航宇股份"]'::json, '[]'::json, '[]'::json, '2026-06-15T12:00:00+00:00', '2026-06-15T12:00:00+00:00');
INSERT INTO entity_change_log (entity_id, entity_type, field, old_value, new_value, method, operator, source_doc_id, reason, changed_at) VALUES ('PROJECT_S_426295d96c6f8a5b', 'project', '*', NULL, '{"action": "create"}'::json, 'rule', NULL, 'mock_seed', NULL, '2026-06-15T12:00:00+00:00');
INSERT INTO project_profile (project_id, name_cn, name_en, name_other, tech_domain, sub_tech_domain, start_date, cancel_date, finish_date, status, budget_activities, project_no, main_orgs, undertaking_orgs, undertaking_enterprises, managers, researchers, background, research_goal, research_content, keywords, progress, application_prospect, key_dates, total_budget_million_usd, invested_million_usd, parent_package_name, previous_phase_name, confidence, completeness, created_at, updated_at) VALUES ('PROJECT_S_3fef956eb2ba4080', '["应用毫米波雷达课题"]'::json, '["Project-082"]'::json, '[]'::json, '["新能源", "氢能"]'::json, '["生物医药", "增材制造"]'::json, '2020-10-21', NULL, NULL, '["成果已转化"]'::json, '["应用技术研究BA-2"]'::json, 10082, '["东方基因股份"]'::json, '["中聚变研究所"]'::json, '[]'::json, '["马霞建华", "吴霞"]'::json, '["高杰", "马文博", "邓文博建华", "林峰"]'::json, '["针对新能源领域关键需求立项"]'::json, '突破新能源关键技术，形成自主可控能力。', '["新能源理论研究", "新能源工程化", "新能源应用验证"]'::json, '["新能源", "氢能"]'::json, '["2020年完成方案论证", "2021年进入工程研制"]'::json, '成果可应用于相关产业领域。', '["2022-11-15", "2022-07-16", "2024-06-03"]'::json, 5.0, 2.0, '重点研发', NULL, 0.843, 0.686, '2026-06-15T12:00:00+00:00', '2026-06-15T12:00:00+00:00');
INSERT INTO project_history (project_id, change_date, change_description, created_at, updated_at) VALUES ('PROJECT_S_3fef956eb2ba4080', '2021-09-11', '立项批复', '2026-06-15T12:00:00+00:00', '2026-06-15T12:00:00+00:00');
INSERT INTO project_history (project_id, change_date, change_description, created_at, updated_at) VALUES ('PROJECT_S_3fef956eb2ba4080', '2021-09-11', '通过中期评审', '2026-06-15T12:00:00+00:00', '2026-06-15T12:00:00+00:00');
INSERT INTO project_history (project_id, change_date, change_description, created_at, updated_at) VALUES ('PROJECT_S_3fef956eb2ba4080', '2021-08-14', '转入工程阶段', '2026-06-15T12:00:00+00:00', '2026-06-15T12:00:00+00:00');
INSERT INTO project_budget (project_id, budget_date, amount, created_at, updated_at) VALUES ('PROJECT_S_3fef956eb2ba4080', '2023-06-12', 200.0, '2026-06-15T12:00:00+00:00', '2026-06-15T12:00:00+00:00');
INSERT INTO project_budget (project_id, budget_date, amount, created_at, updated_at) VALUES ('PROJECT_S_3fef956eb2ba4080', '2022-11-27', 800.0, '2026-06-15T12:00:00+00:00', '2026-06-15T12:00:00+00:00');
INSERT INTO project_budget (project_id, budget_date, amount, created_at, updated_at) VALUES ('PROJECT_S_3fef956eb2ba4080', '2024-05-26', 800.0, '2026-06-15T12:00:00+00:00', '2026-06-15T12:00:00+00:00');
INSERT INTO project_output (project_id, name_history, formed_at, tech_domains, owner_orgs, related_projects, attachments, created_at, updated_at) VALUES ('PROJECT_S_3fef956eb2ba4080', '新能源样机', '2022-06-19', '["新能源", "氢能"]'::json, '["东方基因股份"]'::json, '[]'::json, '[]'::json, '2026-06-15T12:00:00+00:00', '2026-06-15T12:00:00+00:00');
INSERT INTO entity_change_log (entity_id, entity_type, field, old_value, new_value, method, operator, source_doc_id, reason, changed_at) VALUES ('PROJECT_S_3fef956eb2ba4080', 'project', '*', NULL, '{"action": "create"}'::json, 'rule', NULL, 'mock_seed', NULL, '2026-06-15T12:00:00+00:00');
INSERT INTO project_profile (project_id, name_cn, name_en, name_other, tech_domain, sub_tech_domain, start_date, cancel_date, finish_date, status, budget_activities, project_no, main_orgs, undertaking_orgs, undertaking_enterprises, managers, researchers, background, research_goal, research_content, keywords, progress, application_prospect, key_dates, total_budget_million_usd, invested_million_usd, parent_package_name, previous_phase_name, confidence, completeness, created_at, updated_at) VALUES ('PROJECT_S_41c5bea059d94b70', '["先导毫米波雷达计划"]'::json, '["Project-083"]'::json, '[]'::json, '["卫星互联网", "网络安全"]'::json, '["机器人"]'::json, '2020-12-27', NULL, NULL, '["进行中"]'::json, '["基础技术研究BA-1"]'::json, 10083, '["南方微纳实验室"]'::json, '["中科天网研究所"]'::json, '[]'::json, '["张磊"]'::json, '["胡晓东", "徐明涛", "马宇航建华"]'::json, '["针对卫星互联网领域关键需求立项"]'::json, '突破卫星互联网关键技术，形成自主可控能力。', '["卫星互联网理论研究", "卫星互联网工程化", "卫星互联网应用验证"]'::json, '["卫星互联网", "网络安全"]'::json, '["2020年完成方案论证", "2021年进入工程研制"]'::json, '成果可应用于相关产业领域。', '["2022-11-01"]'::json, 300.0, 10.0, NULL, NULL, 0.865, 0.834, '2026-06-15T12:00:00+00:00', '2026-06-15T12:00:00+00:00');
INSERT INTO project_history (project_id, change_date, change_description, created_at, updated_at) VALUES ('PROJECT_S_41c5bea059d94b70', '2019-01-12', '立项批复', '2026-06-15T12:00:00+00:00', '2026-06-15T12:00:00+00:00');
INSERT INTO project_history (project_id, change_date, change_description, created_at, updated_at) VALUES ('PROJECT_S_41c5bea059d94b70', '2020-10-17', '通过中期评审', '2026-06-15T12:00:00+00:00', '2026-06-15T12:00:00+00:00');
INSERT INTO project_history (project_id, change_date, change_description, created_at, updated_at) VALUES ('PROJECT_S_41c5bea059d94b70', '2024-04-12', '转入工程阶段', '2026-06-15T12:00:00+00:00', '2026-06-15T12:00:00+00:00');
INSERT INTO project_budget (project_id, budget_date, amount, created_at, updated_at) VALUES ('PROJECT_S_41c5bea059d94b70', '2022-05-06', 800.0, '2026-06-15T12:00:00+00:00', '2026-06-15T12:00:00+00:00');
INSERT INTO project_budget (project_id, budget_date, amount, created_at, updated_at) VALUES ('PROJECT_S_41c5bea059d94b70', '2021-07-12', 200.0, '2026-06-15T12:00:00+00:00', '2026-06-15T12:00:00+00:00');
INSERT INTO project_output (project_id, name_history, formed_at, tech_domains, owner_orgs, related_projects, attachments, created_at, updated_at) VALUES ('PROJECT_S_41c5bea059d94b70', '卫星互联网关键技术', '2022-05-16', '["卫星互联网", "网络安全"]'::json, '["南方微纳实验室"]'::json, '[]'::json, '[]'::json, '2026-06-15T12:00:00+00:00', '2026-06-15T12:00:00+00:00');
INSERT INTO entity_change_log (entity_id, entity_type, field, old_value, new_value, method, operator, source_doc_id, reason, changed_at) VALUES ('PROJECT_S_41c5bea059d94b70', 'project', '*', NULL, '{"action": "create"}'::json, 'rule', NULL, 'mock_seed', NULL, '2026-06-15T12:00:00+00:00');
INSERT INTO project_profile (project_id, name_cn, name_en, name_other, tech_domain, sub_tech_domain, start_date, cancel_date, finish_date, status, budget_activities, project_no, main_orgs, undertaking_orgs, undertaking_enterprises, managers, researchers, background, research_goal, research_content, keywords, progress, application_prospect, key_dates, total_budget_million_usd, invested_million_usd, parent_package_name, previous_phase_name, confidence, completeness, created_at, updated_at) VALUES ('PROJECT_S_afce0ae5f63474c9', '["先导可重复使用火箭工程"]'::json, '["Project-084"]'::json, '[]'::json, '["量子计算", "氢能"]'::json, '["自动驾驶", "网络安全"]'::json, '2021-05-01', NULL, '2021-05-01', '["结束"]'::json, '["软件研究/开发/测试和评估试点BA-8"]'::json, 10084, '["国未来研究院"]'::json, '["新芯创高科", "中智算研究院"]'::json, '[]'::json, '["陈涛"]'::json, '["张海燕", "林志强", "郑洋"]'::json, '["针对量子计算领域关键需求立项"]'::json, '突破量子计算关键技术，形成自主可控能力。', '["量子计算理论研究", "量子计算工程化", "量子计算应用验证"]'::json, '["量子计算", "氢能"]'::json, '["2021年完成方案论证", "2022年进入工程研制"]'::json, '成果可应用于相关产业领域。', '["2024-09-20", "2024-07-04"]'::json, 120.0, 30.0, '重大专项', NULL, 0.73, 0.56, '2026-06-15T12:00:00+00:00', '2026-06-15T12:00:00+00:00');
INSERT INTO project_history (project_id, change_date, change_description, created_at, updated_at) VALUES ('PROJECT_S_afce0ae5f63474c9', '2019-11-02', '立项批复', '2026-06-15T12:00:00+00:00', '2026-06-15T12:00:00+00:00');
INSERT INTO project_history (project_id, change_date, change_description, created_at, updated_at) VALUES ('PROJECT_S_afce0ae5f63474c9', '2021-05-21', '通过中期评审', '2026-06-15T12:00:00+00:00', '2026-06-15T12:00:00+00:00');
INSERT INTO project_history (project_id, change_date, change_description, created_at, updated_at) VALUES ('PROJECT_S_afce0ae5f63474c9', '2024-11-22', '转入工程阶段', '2026-06-15T12:00:00+00:00', '2026-06-15T12:00:00+00:00');
INSERT INTO project_budget (project_id, budget_date, amount, created_at, updated_at) VALUES ('PROJECT_S_afce0ae5f63474c9', '2024-12-20', 2000.0, '2026-06-15T12:00:00+00:00', '2026-06-15T12:00:00+00:00');
INSERT INTO project_budget (project_id, budget_date, amount, created_at, updated_at) VALUES ('PROJECT_S_afce0ae5f63474c9', '2021-07-18', 2000.0, '2026-06-15T12:00:00+00:00', '2026-06-15T12:00:00+00:00');
INSERT INTO project_output (project_id, name_history, formed_at, tech_domains, owner_orgs, related_projects, attachments, created_at, updated_at) VALUES ('PROJECT_S_afce0ae5f63474c9', '量子计算关键技术', '2022-05-26', '["量子计算", "氢能"]'::json, '["国未来研究院"]'::json, '[]'::json, '[]'::json, '2026-06-15T12:00:00+00:00', '2026-06-15T12:00:00+00:00');
INSERT INTO project_output (project_id, name_history, formed_at, tech_domains, owner_orgs, related_projects, attachments, created_at, updated_at) VALUES ('PROJECT_S_afce0ae5f63474c9', '量子计算成果', '2023-01-20', '["量子计算", "氢能"]'::json, '["国未来研究院"]'::json, '[]'::json, '[]'::json, '2026-06-15T12:00:00+00:00', '2026-06-15T12:00:00+00:00');
INSERT INTO entity_change_log (entity_id, entity_type, field, old_value, new_value, method, operator, source_doc_id, reason, changed_at) VALUES ('PROJECT_S_afce0ae5f63474c9', 'project', '*', NULL, '{"action": "create"}'::json, 'rule', NULL, 'mock_seed', NULL, '2026-06-15T12:00:00+00:00');
INSERT INTO project_profile (project_id, name_cn, name_en, name_other, tech_domain, sub_tech_domain, start_date, cancel_date, finish_date, status, budget_activities, project_no, main_orgs, undertaking_orgs, undertaking_enterprises, managers, researchers, background, research_goal, research_content, keywords, progress, application_prospect, key_dates, total_budget_million_usd, invested_million_usd, parent_package_name, previous_phase_name, confidence, completeness, created_at, updated_at) VALUES ('PROJECT_S_9d746ebb848e4de0', '["应用太赫兹通信工程"]'::json, '["Project-085"]'::json, '[]'::json, '["氢能", "自动驾驶"]'::json, '["半导体"]'::json, '2018-03-12', NULL, NULL, '["进行中"]'::json, '["先期部件研制与样机开发BA-4"]'::json, 10085, '["华芯创集团"]'::json, '["航天聚变实验室"]'::json, '[]'::json, '["王勇晓东", "陈超"]'::json, '["吴霞", "黄军", "冯平"]'::json, '["针对自动驾驶领域关键需求立项"]'::json, '突破自动驾驶关键技术，形成自主可控能力。', '["自动驾驶理论研究", "自动驾驶工程化", "自动驾驶应用验证"]'::json, '["氢能", "自动驾驶"]'::json, '["2018年完成方案论证", "2019年进入工程研制"]'::json, '成果可应用于相关产业领域。', '["2024-05-11", "2020-11-22", "2021-07-27"]'::json, 5.0, 2.0, NULL, NULL, 0.886, 0.647, '2026-06-15T12:00:00+00:00', '2026-06-15T12:00:00+00:00');
INSERT INTO project_history (project_id, change_date, change_description, created_at, updated_at) VALUES ('PROJECT_S_9d746ebb848e4de0', '2022-07-14', '立项批复', '2026-06-15T12:00:00+00:00', '2026-06-15T12:00:00+00:00');
INSERT INTO project_history (project_id, change_date, change_description, created_at, updated_at) VALUES ('PROJECT_S_9d746ebb848e4de0', '2023-09-23', '通过中期评审', '2026-06-15T12:00:00+00:00', '2026-06-15T12:00:00+00:00');
INSERT INTO project_history (project_id, change_date, change_description, created_at, updated_at) VALUES ('PROJECT_S_9d746ebb848e4de0', '2023-04-28', '转入工程阶段', '2026-06-15T12:00:00+00:00', '2026-06-15T12:00:00+00:00');
INSERT INTO project_budget (project_id, budget_date, amount, created_at, updated_at) VALUES ('PROJECT_S_9d746ebb848e4de0', '2024-12-24', 2000.0, '2026-06-15T12:00:00+00:00', '2026-06-15T12:00:00+00:00');
INSERT INTO project_budget (project_id, budget_date, amount, created_at, updated_at) VALUES ('PROJECT_S_9d746ebb848e4de0', '2023-07-09', 200.0, '2026-06-15T12:00:00+00:00', '2026-06-15T12:00:00+00:00');
INSERT INTO project_output (project_id, name_history, formed_at, tech_domains, owner_orgs, related_projects, attachments, created_at, updated_at) VALUES ('PROJECT_S_9d746ebb848e4de0', '自动驾驶样机', '2022-02-22', '["氢能", "自动驾驶"]'::json, '["华芯创集团"]'::json, '[]'::json, '[]'::json, '2026-06-15T12:00:00+00:00', '2026-06-15T12:00:00+00:00');
INSERT INTO project_output (project_id, name_history, formed_at, tech_domains, owner_orgs, related_projects, attachments, created_at, updated_at) VALUES ('PROJECT_S_9d746ebb848e4de0', '自动驾驶成果', '2023-04-11', '["氢能", "自动驾驶"]'::json, '["华芯创集团"]'::json, '[]'::json, '[]'::json, '2026-06-15T12:00:00+00:00', '2026-06-15T12:00:00+00:00');
INSERT INTO entity_change_log (entity_id, entity_type, field, old_value, new_value, method, operator, source_doc_id, reason, changed_at) VALUES ('PROJECT_S_9d746ebb848e4de0', 'project', '*', NULL, '{"action": "create"}'::json, 'rule', NULL, 'mock_seed', NULL, '2026-06-15T12:00:00+00:00');
INSERT INTO project_profile (project_id, name_cn, name_en, name_other, tech_domain, sub_tech_domain, start_date, cancel_date, finish_date, status, budget_activities, project_no, main_orgs, undertaking_orgs, undertaking_enterprises, managers, researchers, background, research_goal, research_content, keywords, progress, application_prospect, key_dates, total_budget_million_usd, invested_million_usd, parent_package_name, previous_phase_name, confidence, completeness, created_at, updated_at) VALUES ('PROJECT_S_7f1529c1f2c0f66d', '["基础太赫兹通信课题"]'::json, '["Project-086"]'::json, '[]'::json, '["新能源", "机器人"]'::json, '["光电技术", "生物医药"]'::json, '2018-04-10', NULL, NULL, '["成果已转化"]'::json, '["先期技术开发BA-3"]'::json, 10086, '["新芯创研究院"]'::json, '["航天量子集团"]'::json, '[]'::json, '["刘娟伟", "李娟杰"]'::json, '["何瑞建华", "吴明", "周强", "梁桂英军"]'::json, '["针对机器人领域关键需求立项"]'::json, '突破机器人关键技术，形成自主可控能力。', '["机器人理论研究", "机器人工程化", "机器人应用验证"]'::json, '["新能源", "机器人"]'::json, '["2018年完成方案论证", "2019年进入工程研制"]'::json, '成果可应用于相关产业领域。', '["2020-08-07", "2022-10-11"]'::json, 50.0, 30.0, '重大专项', NULL, 0.959, 0.718, '2026-06-15T12:00:00+00:00', '2026-06-15T12:00:00+00:00');
INSERT INTO project_history (project_id, change_date, change_description, created_at, updated_at) VALUES ('PROJECT_S_7f1529c1f2c0f66d', '2020-08-04', '立项批复', '2026-06-15T12:00:00+00:00', '2026-06-15T12:00:00+00:00');
INSERT INTO project_history (project_id, change_date, change_description, created_at, updated_at) VALUES ('PROJECT_S_7f1529c1f2c0f66d', '2020-08-02', '通过中期评审', '2026-06-15T12:00:00+00:00', '2026-06-15T12:00:00+00:00');
INSERT INTO project_history (project_id, change_date, change_description, created_at, updated_at) VALUES ('PROJECT_S_7f1529c1f2c0f66d', '2024-12-11', '转入工程阶段', '2026-06-15T12:00:00+00:00', '2026-06-15T12:00:00+00:00');
INSERT INTO project_budget (project_id, budget_date, amount, created_at, updated_at) VALUES ('PROJECT_S_7f1529c1f2c0f66d', '2023-06-14', 2000.0, '2026-06-15T12:00:00+00:00', '2026-06-15T12:00:00+00:00');
INSERT INTO project_output (project_id, name_history, formed_at, tech_domains, owner_orgs, related_projects, attachments, created_at, updated_at) VALUES ('PROJECT_S_7f1529c1f2c0f66d', '机器人关键技术', '2023-11-24', '["新能源", "机器人"]'::json, '["新芯创研究院"]'::json, '[]'::json, '[]'::json, '2026-06-15T12:00:00+00:00', '2026-06-15T12:00:00+00:00');
INSERT INTO project_output (project_id, name_history, formed_at, tech_domains, owner_orgs, related_projects, attachments, created_at, updated_at) VALUES ('PROJECT_S_7f1529c1f2c0f66d', '机器人关键技术', '2023-05-02', '["新能源", "机器人"]'::json, '["新芯创研究院"]'::json, '[]'::json, '[]'::json, '2026-06-15T12:00:00+00:00', '2026-06-15T12:00:00+00:00');
INSERT INTO project_output (project_id, name_history, formed_at, tech_domains, owner_orgs, related_projects, attachments, created_at, updated_at) VALUES ('PROJECT_S_7f1529c1f2c0f66d', '机器人成果', '2024-02-16', '["新能源", "机器人"]'::json, '["新芯创研究院"]'::json, '[]'::json, '[]'::json, '2026-06-15T12:00:00+00:00', '2026-06-15T12:00:00+00:00');
INSERT INTO entity_change_log (entity_id, entity_type, field, old_value, new_value, method, operator, source_doc_id, reason, changed_at) VALUES ('PROJECT_S_7f1529c1f2c0f66d', 'project', '*', NULL, '{"action": "create"}'::json, 'rule', NULL, 'mock_seed', NULL, '2026-06-15T12:00:00+00:00');
INSERT INTO project_profile (project_id, name_cn, name_en, name_other, tech_domain, sub_tech_domain, start_date, cancel_date, finish_date, status, budget_activities, project_no, main_orgs, undertaking_orgs, undertaking_enterprises, managers, researchers, background, research_goal, research_content, keywords, progress, application_prospect, key_dates, total_budget_million_usd, invested_million_usd, parent_package_name, previous_phase_name, confidence, completeness, created_at, updated_at) VALUES ('PROJECT_S_e69e564cbd7c5e65', '["基础神经网络芯片任务"]'::json, '["Project-087"]'::json, '[]'::json, '["无人机", "新材料"]'::json, '["集成电路", "增材制造"]'::json, '2019-12-06', NULL, NULL, '["进行中"]'::json, '["先期技术开发BA-3"]'::json, 10087, '["国未来研究院"]'::json, '["中生医研究所", "北方量子工程技术中心"]'::json, '[]'::json, '["黄军"]'::json, '["韩勇", "彭娟瑞", "徐晓东", "张海燕"]'::json, '["针对新材料领域关键需求立项"]'::json, '突破新材料关键技术，形成自主可控能力。', '["新材料理论研究", "新材料工程化", "新材料应用验证"]'::json, '["无人机", "新材料"]'::json, '["2019年完成方案论证", "2020年进入工程研制"]'::json, '成果可应用于相关产业领域。', '["2024-04-01", "2021-05-16"]'::json, 5.0, 2.0, '重大专项', NULL, 0.896, 0.944, '2026-06-15T12:00:00+00:00', '2026-06-15T12:00:00+00:00');
INSERT INTO project_history (project_id, change_date, change_description, created_at, updated_at) VALUES ('PROJECT_S_e69e564cbd7c5e65', '2020-11-02', '立项批复', '2026-06-15T12:00:00+00:00', '2026-06-15T12:00:00+00:00');
INSERT INTO project_history (project_id, change_date, change_description, created_at, updated_at) VALUES ('PROJECT_S_e69e564cbd7c5e65', '2020-08-16', '通过中期评审', '2026-06-15T12:00:00+00:00', '2026-06-15T12:00:00+00:00');
INSERT INTO project_history (project_id, change_date, change_description, created_at, updated_at) VALUES ('PROJECT_S_e69e564cbd7c5e65', '2019-05-23', '转入工程阶段', '2026-06-15T12:00:00+00:00', '2026-06-15T12:00:00+00:00');
INSERT INTO project_budget (project_id, budget_date, amount, created_at, updated_at) VALUES ('PROJECT_S_e69e564cbd7c5e65', '2020-01-17', 200.0, '2026-06-15T12:00:00+00:00', '2026-06-15T12:00:00+00:00');
INSERT INTO project_budget (project_id, budget_date, amount, created_at, updated_at) VALUES ('PROJECT_S_e69e564cbd7c5e65', '2020-09-10', 2000.0, '2026-06-15T12:00:00+00:00', '2026-06-15T12:00:00+00:00');
INSERT INTO project_budget (project_id, budget_date, amount, created_at, updated_at) VALUES ('PROJECT_S_e69e564cbd7c5e65', '2020-07-01', 800.0, '2026-06-15T12:00:00+00:00', '2026-06-15T12:00:00+00:00');
INSERT INTO project_output (project_id, name_history, formed_at, tech_domains, owner_orgs, related_projects, attachments, created_at, updated_at) VALUES ('PROJECT_S_e69e564cbd7c5e65', '新材料样机', '2024-07-06', '["无人机", "新材料"]'::json, '["国未来研究院"]'::json, '[]'::json, '[]'::json, '2026-06-15T12:00:00+00:00', '2026-06-15T12:00:00+00:00');
INSERT INTO project_output (project_id, name_history, formed_at, tech_domains, owner_orgs, related_projects, attachments, created_at, updated_at) VALUES ('PROJECT_S_e69e564cbd7c5e65', '新材料样机', '2023-07-16', '["无人机", "新材料"]'::json, '["国未来研究院"]'::json, '[]'::json, '[]'::json, '2026-06-15T12:00:00+00:00', '2026-06-15T12:00:00+00:00');
INSERT INTO project_output (project_id, name_history, formed_at, tech_domains, owner_orgs, related_projects, attachments, created_at, updated_at) VALUES ('PROJECT_S_e69e564cbd7c5e65', '新材料成果', '2022-06-10', '["无人机", "新材料"]'::json, '["国未来研究院"]'::json, '[]'::json, '[]'::json, '2026-06-15T12:00:00+00:00', '2026-06-15T12:00:00+00:00');
INSERT INTO entity_change_log (entity_id, entity_type, field, old_value, new_value, method, operator, source_doc_id, reason, changed_at) VALUES ('PROJECT_S_e69e564cbd7c5e65', 'project', '*', NULL, '{"action": "create"}'::json, 'rule', NULL, 'mock_seed', NULL, '2026-06-15T12:00:00+00:00');
INSERT INTO project_profile (project_id, name_cn, name_en, name_other, tech_domain, sub_tech_domain, start_date, cancel_date, finish_date, status, budget_activities, project_no, main_orgs, undertaking_orgs, undertaking_enterprises, managers, researchers, background, research_goal, research_content, keywords, progress, application_prospect, key_dates, total_budget_million_usd, invested_million_usd, parent_package_name, previous_phase_name, confidence, completeness, created_at, updated_at) VALUES ('PROJECT_S_fe1bb98857dc4056', '["应用碳化硅功率器件计划"]'::json, '["Project-088"]'::json, '[]'::json, '["卫星互联网", "人工智能"]'::json, '["自动驾驶", "新能源"]'::json, '2021-10-01', NULL, NULL, '["结束"]'::json, '["先期技术开发BA-3"]'::json, 10088, '["新深海科技"]'::json, '["华航宇股份"]'::json, '[]'::json, '["何雪松宇航", "马文博"]'::json, '["梁娟", "邓文博建华", "赵宁"]'::json, '["针对卫星互联网领域关键需求立项"]'::json, '突破卫星互联网关键技术，形成自主可控能力。', '["卫星互联网理论研究", "卫星互联网工程化", "卫星互联网应用验证"]'::json, '["卫星互联网", "人工智能"]'::json, '["2021年完成方案论证", "2022年进入工程研制"]'::json, '成果可应用于相关产业领域。', '["2022-12-02"]'::json, 20.0, 80.0, NULL, NULL, 0.861, 0.644, '2026-06-15T12:00:00+00:00', '2026-06-15T12:00:00+00:00');
INSERT INTO project_history (project_id, change_date, change_description, created_at, updated_at) VALUES ('PROJECT_S_fe1bb98857dc4056', '2022-05-13', '立项批复', '2026-06-15T12:00:00+00:00', '2026-06-15T12:00:00+00:00');
INSERT INTO project_history (project_id, change_date, change_description, created_at, updated_at) VALUES ('PROJECT_S_fe1bb98857dc4056', '2022-11-17', '通过中期评审', '2026-06-15T12:00:00+00:00', '2026-06-15T12:00:00+00:00');
INSERT INTO project_history (project_id, change_date, change_description, created_at, updated_at) VALUES ('PROJECT_S_fe1bb98857dc4056', '2021-05-28', '转入工程阶段', '2026-06-15T12:00:00+00:00', '2026-06-15T12:00:00+00:00');
INSERT INTO project_budget (project_id, budget_date, amount, created_at, updated_at) VALUES ('PROJECT_S_fe1bb98857dc4056', '2023-06-19', 2000.0, '2026-06-15T12:00:00+00:00', '2026-06-15T12:00:00+00:00');
INSERT INTO project_budget (project_id, budget_date, amount, created_at, updated_at) VALUES ('PROJECT_S_fe1bb98857dc4056', '2022-03-19', 200.0, '2026-06-15T12:00:00+00:00', '2026-06-15T12:00:00+00:00');
INSERT INTO project_output (project_id, name_history, formed_at, tech_domains, owner_orgs, related_projects, attachments, created_at, updated_at) VALUES ('PROJECT_S_fe1bb98857dc4056', '卫星互联网成果', '2023-05-13', '["卫星互联网", "人工智能"]'::json, '["新深海科技"]'::json, '[]'::json, '[]'::json, '2026-06-15T12:00:00+00:00', '2026-06-15T12:00:00+00:00');
INSERT INTO project_output (project_id, name_history, formed_at, tech_domains, owner_orgs, related_projects, attachments, created_at, updated_at) VALUES ('PROJECT_S_fe1bb98857dc4056', '卫星互联网成果', '2024-08-03', '["卫星互联网", "人工智能"]'::json, '["新深海科技"]'::json, '[]'::json, '[]'::json, '2026-06-15T12:00:00+00:00', '2026-06-15T12:00:00+00:00');
INSERT INTO project_output (project_id, name_history, formed_at, tech_domains, owner_orgs, related_projects, attachments, created_at, updated_at) VALUES ('PROJECT_S_fe1bb98857dc4056', '卫星互联网关键技术', '2021-02-26', '["卫星互联网", "人工智能"]'::json, '["新深海科技"]'::json, '[]'::json, '[]'::json, '2026-06-15T12:00:00+00:00', '2026-06-15T12:00:00+00:00');
INSERT INTO entity_change_log (entity_id, entity_type, field, old_value, new_value, method, operator, source_doc_id, reason, changed_at) VALUES ('PROJECT_S_fe1bb98857dc4056', 'project', '*', NULL, '{"action": "create"}'::json, 'rule', NULL, 'mock_seed', NULL, '2026-06-15T12:00:00+00:00');
INSERT INTO project_profile (project_id, name_cn, name_en, name_other, tech_domain, sub_tech_domain, start_date, cancel_date, finish_date, status, budget_activities, project_no, main_orgs, undertaking_orgs, undertaking_enterprises, managers, researchers, background, research_goal, research_content, keywords, progress, application_prospect, key_dates, total_budget_million_usd, invested_million_usd, parent_package_name, previous_phase_name, confidence, completeness, created_at, updated_at) VALUES ('PROJECT_S_ca99bdd02f1417aa', '["专项自动驾驶域控制器计划"]'::json, '["Project-089"]'::json, '[]'::json, '["新能源", "增材制造"]'::json, '["碳捕集", "脑机接口"]'::json, '2020-10-06', NULL, '2020-10-06', '["结束"]'::json, '["基础技术研究BA-1"]'::json, 10089, '["航天聚变实验室"]'::json, '["北方脑科学实验室"]'::json, '[]'::json, '["何艳涛"]'::json, '["邓文博建华", "郑洋", "韩建华"]'::json, '["针对增材制造领域关键需求立项"]'::json, '突破增材制造关键技术，形成自主可控能力。', '["增材制造理论研究", "增材制造工程化", "增材制造应用验证"]'::json, '["新能源", "增材制造"]'::json, '["2020年完成方案论证", "2021年进入工程研制"]'::json, '成果可应用于相关产业领域。', '["2020-06-01"]'::json, 300.0, 2.0, NULL, NULL, 0.866, 0.753, '2026-06-15T12:00:00+00:00', '2026-06-15T12:00:00+00:00');
INSERT INTO project_history (project_id, change_date, change_description, created_at, updated_at) VALUES ('PROJECT_S_ca99bdd02f1417aa', '2024-05-14', '立项批复', '2026-06-15T12:00:00+00:00', '2026-06-15T12:00:00+00:00');
INSERT INTO project_history (project_id, change_date, change_description, created_at, updated_at) VALUES ('PROJECT_S_ca99bdd02f1417aa', '2020-06-18', '通过中期评审', '2026-06-15T12:00:00+00:00', '2026-06-15T12:00:00+00:00');
INSERT INTO project_history (project_id, change_date, change_description, created_at, updated_at) VALUES ('PROJECT_S_ca99bdd02f1417aa', '2023-01-19', '转入工程阶段', '2026-06-15T12:00:00+00:00', '2026-06-15T12:00:00+00:00');
INSERT INTO project_budget (project_id, budget_date, amount, created_at, updated_at) VALUES ('PROJECT_S_ca99bdd02f1417aa', '2023-06-15', 2000.0, '2026-06-15T12:00:00+00:00', '2026-06-15T12:00:00+00:00');
INSERT INTO project_budget (project_id, budget_date, amount, created_at, updated_at) VALUES ('PROJECT_S_ca99bdd02f1417aa', '2023-06-16', 2000.0, '2026-06-15T12:00:00+00:00', '2026-06-15T12:00:00+00:00');
INSERT INTO project_output (project_id, name_history, formed_at, tech_domains, owner_orgs, related_projects, attachments, created_at, updated_at) VALUES ('PROJECT_S_ca99bdd02f1417aa', '增材制造关键技术', '2022-11-24', '["新能源", "增材制造"]'::json, '["航天聚变实验室"]'::json, '[]'::json, '[]'::json, '2026-06-15T12:00:00+00:00', '2026-06-15T12:00:00+00:00');
INSERT INTO project_output (project_id, name_history, formed_at, tech_domains, owner_orgs, related_projects, attachments, created_at, updated_at) VALUES ('PROJECT_S_ca99bdd02f1417aa', '增材制造关键技术', '2021-01-02', '["新能源", "增材制造"]'::json, '["航天聚变实验室"]'::json, '[]'::json, '[]'::json, '2026-06-15T12:00:00+00:00', '2026-06-15T12:00:00+00:00');
INSERT INTO entity_change_log (entity_id, entity_type, field, old_value, new_value, method, operator, source_doc_id, reason, changed_at) VALUES ('PROJECT_S_ca99bdd02f1417aa', 'project', '*', NULL, '{"action": "create"}'::json, 'rule', NULL, 'mock_seed', NULL, '2026-06-15T12:00:00+00:00');
INSERT INTO project_profile (project_id, name_cn, name_en, name_other, tech_domain, sub_tech_domain, start_date, cancel_date, finish_date, status, budget_activities, project_no, main_orgs, undertaking_orgs, undertaking_enterprises, managers, researchers, background, research_goal, research_content, keywords, progress, application_prospect, key_dates, total_budget_million_usd, invested_million_usd, parent_package_name, previous_phase_name, confidence, completeness, created_at, updated_at) VALUES ('PROJECT_S_1363c1eeee62caf5', '["先导自动驾驶域控制器专项"]'::json, '["Project-090"]'::json, '[]'::json, '["新材料", "先进算力"]'::json, '["基因编辑"]'::json, '2023-10-19', NULL, NULL, '["成果已转化"]'::json, '["软件研究/开发/测试和评估试点BA-8"]'::json, 10090, '["东方芯创股份"]'::json, '["北方算力研究院"]'::json, '[]'::json, '["张俊杰超", "吴霞"]'::json, '["李娟杰", "王刚", "韩建华", "许建华涛"]'::json, '["针对先进算力领域关键需求立项"]'::json, '突破先进算力关键技术，形成自主可控能力。', '["先进算力理论研究", "先进算力工程化", "先进算力应用验证"]'::json, '["新材料", "先进算力"]'::json, '["2023年完成方案论证", "2024年进入工程研制"]'::json, '成果可应用于相关产业领域。', '["2020-09-25"]'::json, 50.0, 10.0, '重大专项', NULL, 0.84, 0.837, '2026-06-15T12:00:00+00:00', '2026-06-15T12:00:00+00:00');
INSERT INTO project_history (project_id, change_date, change_description, created_at, updated_at) VALUES ('PROJECT_S_1363c1eeee62caf5', '2022-05-02', '立项批复', '2026-06-15T12:00:00+00:00', '2026-06-15T12:00:00+00:00');
INSERT INTO project_history (project_id, change_date, change_description, created_at, updated_at) VALUES ('PROJECT_S_1363c1eeee62caf5', '2023-04-08', '通过中期评审', '2026-06-15T12:00:00+00:00', '2026-06-15T12:00:00+00:00');
INSERT INTO project_history (project_id, change_date, change_description, created_at, updated_at) VALUES ('PROJECT_S_1363c1eeee62caf5', '2019-02-16', '转入工程阶段', '2026-06-15T12:00:00+00:00', '2026-06-15T12:00:00+00:00');
INSERT INTO project_budget (project_id, budget_date, amount, created_at, updated_at) VALUES ('PROJECT_S_1363c1eeee62caf5', '2024-08-22', 200.0, '2026-06-15T12:00:00+00:00', '2026-06-15T12:00:00+00:00');
INSERT INTO project_budget (project_id, budget_date, amount, created_at, updated_at) VALUES ('PROJECT_S_1363c1eeee62caf5', '2022-08-05', 800.0, '2026-06-15T12:00:00+00:00', '2026-06-15T12:00:00+00:00');
INSERT INTO project_budget (project_id, budget_date, amount, created_at, updated_at) VALUES ('PROJECT_S_1363c1eeee62caf5', '2020-04-22', 50.0, '2026-06-15T12:00:00+00:00', '2026-06-15T12:00:00+00:00');
INSERT INTO project_output (project_id, name_history, formed_at, tech_domains, owner_orgs, related_projects, attachments, created_at, updated_at) VALUES ('PROJECT_S_1363c1eeee62caf5', '先进算力成果', '2022-02-02', '["新材料", "先进算力"]'::json, '["东方芯创股份"]'::json, '[]'::json, '[]'::json, '2026-06-15T12:00:00+00:00', '2026-06-15T12:00:00+00:00');
INSERT INTO project_output (project_id, name_history, formed_at, tech_domains, owner_orgs, related_projects, attachments, created_at, updated_at) VALUES ('PROJECT_S_1363c1eeee62caf5', '先进算力关键技术', '2021-10-18', '["新材料", "先进算力"]'::json, '["东方芯创股份"]'::json, '[]'::json, '[]'::json, '2026-06-15T12:00:00+00:00', '2026-06-15T12:00:00+00:00');
INSERT INTO entity_change_log (entity_id, entity_type, field, old_value, new_value, method, operator, source_doc_id, reason, changed_at) VALUES ('PROJECT_S_1363c1eeee62caf5', 'project', '*', NULL, '{"action": "create"}'::json, 'rule', NULL, 'mock_seed', NULL, '2026-06-15T12:00:00+00:00');
INSERT INTO project_profile (project_id, name_cn, name_en, name_other, tech_domain, sub_tech_domain, start_date, cancel_date, finish_date, status, budget_activities, project_no, main_orgs, undertaking_orgs, undertaking_enterprises, managers, researchers, background, research_goal, research_content, keywords, progress, application_prospect, key_dates, total_budget_million_usd, invested_million_usd, parent_package_name, previous_phase_name, confidence, completeness, created_at, updated_at) VALUES ('PROJECT_S_dc3e41859258b4fb', '["重大量子纠错码课题"]'::json, '["Project-091"]'::json, '[]'::json, '["脑机接口", "碳捕集"]'::json, '["碳捕集"]'::json, '2020-05-12', NULL, NULL, '["成果已转化"]'::json, '["先期技术开发BA-3"]'::json, 10091, '["东方量子科技"]'::json, '["国未来研究院"]'::json, '[]'::json, '["朱宁", "谢杰"]'::json, '["马磊", "邓刚文博", "徐强", "黄军"]'::json, '["针对碳捕集领域关键需求立项"]'::json, '突破碳捕集关键技术，形成自主可控能力。', '["碳捕集理论研究", "碳捕集工程化", "碳捕集应用验证"]'::json, '["脑机接口", "碳捕集"]'::json, '["2020年完成方案论证", "2021年进入工程研制"]'::json, '成果可应用于相关产业领域。', '["2023-03-13", "2024-03-18"]'::json, 5.0, 10.0, NULL, NULL, 0.745, 0.551, '2026-06-15T12:00:00+00:00', '2026-06-15T12:00:00+00:00');
INSERT INTO project_history (project_id, change_date, change_description, created_at, updated_at) VALUES ('PROJECT_S_dc3e41859258b4fb', '2019-05-15', '立项批复', '2026-06-15T12:00:00+00:00', '2026-06-15T12:00:00+00:00');
INSERT INTO project_history (project_id, change_date, change_description, created_at, updated_at) VALUES ('PROJECT_S_dc3e41859258b4fb', '2019-02-22', '通过中期评审', '2026-06-15T12:00:00+00:00', '2026-06-15T12:00:00+00:00');
INSERT INTO project_history (project_id, change_date, change_description, created_at, updated_at) VALUES ('PROJECT_S_dc3e41859258b4fb', '2023-09-14', '转入工程阶段', '2026-06-15T12:00:00+00:00', '2026-06-15T12:00:00+00:00');
INSERT INTO project_budget (project_id, budget_date, amount, created_at, updated_at) VALUES ('PROJECT_S_dc3e41859258b4fb', '2023-11-22', 800.0, '2026-06-15T12:00:00+00:00', '2026-06-15T12:00:00+00:00');
INSERT INTO project_budget (project_id, budget_date, amount, created_at, updated_at) VALUES ('PROJECT_S_dc3e41859258b4fb', '2020-03-07', 2000.0, '2026-06-15T12:00:00+00:00', '2026-06-15T12:00:00+00:00');
INSERT INTO project_output (project_id, name_history, formed_at, tech_domains, owner_orgs, related_projects, attachments, created_at, updated_at) VALUES ('PROJECT_S_dc3e41859258b4fb', '碳捕集样机', '2021-10-20', '["脑机接口", "碳捕集"]'::json, '["东方量子科技"]'::json, '[]'::json, '[]'::json, '2026-06-15T12:00:00+00:00', '2026-06-15T12:00:00+00:00');
INSERT INTO project_output (project_id, name_history, formed_at, tech_domains, owner_orgs, related_projects, attachments, created_at, updated_at) VALUES ('PROJECT_S_dc3e41859258b4fb', '碳捕集样机', '2021-06-03', '["脑机接口", "碳捕集"]'::json, '["东方量子科技"]'::json, '[]'::json, '[]'::json, '2026-06-15T12:00:00+00:00', '2026-06-15T12:00:00+00:00');
INSERT INTO project_output (project_id, name_history, formed_at, tech_domains, owner_orgs, related_projects, attachments, created_at, updated_at) VALUES ('PROJECT_S_dc3e41859258b4fb', '碳捕集关键技术', '2022-06-26', '["脑机接口", "碳捕集"]'::json, '["东方量子科技"]'::json, '[]'::json, '[]'::json, '2026-06-15T12:00:00+00:00', '2026-06-15T12:00:00+00:00');
INSERT INTO entity_change_log (entity_id, entity_type, field, old_value, new_value, method, operator, source_doc_id, reason, changed_at) VALUES ('PROJECT_S_dc3e41859258b4fb', 'project', '*', NULL, '{"action": "create"}'::json, 'rule', NULL, 'mock_seed', NULL, '2026-06-15T12:00:00+00:00');
INSERT INTO project_profile (project_id, name_cn, name_en, name_other, tech_domain, sub_tech_domain, start_date, cancel_date, finish_date, status, budget_activities, project_no, main_orgs, undertaking_orgs, undertaking_enterprises, managers, researchers, background, research_goal, research_content, keywords, progress, application_prospect, key_dates, total_budget_million_usd, invested_million_usd, parent_package_name, previous_phase_name, confidence, completeness, created_at, updated_at) VALUES ('PROJECT_S_7087912a1def2a1f', '["前沿碳纳米管课题"]'::json, '["Project-092"]'::json, '[]'::json, '["深海装备", "半导体"]'::json, '["集成电路", "6G通信"]'::json, '2020-06-26', NULL, NULL, '["进行中"]'::json, '["基础技术研究BA-1"]'::json, 10092, '["国生医工程技术中心"]'::json, '["航天芯创实验室", "北方前沿实验室"]'::json, '[]'::json, '["徐强"]'::json, '["邓宁", "韩勇斌", "周磊", "杨建华明"]'::json, '["针对深海装备领域关键需求立项"]'::json, '突破深海装备关键技术，形成自主可控能力。', '["深海装备理论研究", "深海装备工程化", "深海装备应用验证"]'::json, '["深海装备", "半导体"]'::json, '["2020年完成方案论证", "2021年进入工程研制"]'::json, '成果可应用于相关产业领域。', '["2021-08-11", "2022-05-23"]'::json, 300.0, 30.0, '重点研发', NULL, 0.968, 0.721, '2026-06-15T12:00:00+00:00', '2026-06-15T12:00:00+00:00');
INSERT INTO project_history (project_id, change_date, change_description, created_at, updated_at) VALUES ('PROJECT_S_7087912a1def2a1f', '2024-04-08', '立项批复', '2026-06-15T12:00:00+00:00', '2026-06-15T12:00:00+00:00');
INSERT INTO project_history (project_id, change_date, change_description, created_at, updated_at) VALUES ('PROJECT_S_7087912a1def2a1f', '2019-11-06', '通过中期评审', '2026-06-15T12:00:00+00:00', '2026-06-15T12:00:00+00:00');
INSERT INTO project_history (project_id, change_date, change_description, created_at, updated_at) VALUES ('PROJECT_S_7087912a1def2a1f', '2020-09-09', '转入工程阶段', '2026-06-15T12:00:00+00:00', '2026-06-15T12:00:00+00:00');
INSERT INTO project_budget (project_id, budget_date, amount, created_at, updated_at) VALUES ('PROJECT_S_7087912a1def2a1f', '2022-06-19', 2000.0, '2026-06-15T12:00:00+00:00', '2026-06-15T12:00:00+00:00');
INSERT INTO project_budget (project_id, budget_date, amount, created_at, updated_at) VALUES ('PROJECT_S_7087912a1def2a1f', '2021-11-14', 50.0, '2026-06-15T12:00:00+00:00', '2026-06-15T12:00:00+00:00');
INSERT INTO project_output (project_id, name_history, formed_at, tech_domains, owner_orgs, related_projects, attachments, created_at, updated_at) VALUES ('PROJECT_S_7087912a1def2a1f', '深海装备关键技术', '2022-03-26', '["深海装备", "半导体"]'::json, '["国生医工程技术中心"]'::json, '[]'::json, '[]'::json, '2026-06-15T12:00:00+00:00', '2026-06-15T12:00:00+00:00');
INSERT INTO project_output (project_id, name_history, formed_at, tech_domains, owner_orgs, related_projects, attachments, created_at, updated_at) VALUES ('PROJECT_S_7087912a1def2a1f', '深海装备样机', '2022-06-15', '["深海装备", "半导体"]'::json, '["国生医工程技术中心"]'::json, '[]'::json, '[]'::json, '2026-06-15T12:00:00+00:00', '2026-06-15T12:00:00+00:00');
INSERT INTO entity_change_log (entity_id, entity_type, field, old_value, new_value, method, operator, source_doc_id, reason, changed_at) VALUES ('PROJECT_S_7087912a1def2a1f', 'project', '*', NULL, '{"action": "create"}'::json, 'rule', NULL, 'mock_seed', NULL, '2026-06-15T12:00:00+00:00');
INSERT INTO project_profile (project_id, name_cn, name_en, name_other, tech_domain, sub_tech_domain, start_date, cancel_date, finish_date, status, budget_activities, project_no, main_orgs, undertaking_orgs, undertaking_enterprises, managers, researchers, background, research_goal, research_content, keywords, progress, application_prospect, key_dates, total_budget_million_usd, invested_million_usd, parent_package_name, previous_phase_name, confidence, completeness, created_at, updated_at) VALUES ('PROJECT_S_ec0bf60e89c2b302', '["前沿量子纠错码工程"]'::json, '["Project-093"]'::json, '[]'::json, '["航空航天", "脑机接口"]'::json, '["深海装备", "储能"]'::json, '2019-03-15', NULL, NULL, '["进行中"]'::json, '["先期技术开发BA-3"]'::json, 10093, '["华信息研究所"]'::json, '["国深海科技", "北方光电研究所"]'::json, '[]'::json, '["吴昊"]'::json, '["罗强建华", "谢杰", "马海燕刚", "徐明涛"]'::json, '["针对脑机接口领域关键需求立项"]'::json, '突破脑机接口关键技术，形成自主可控能力。', '["脑机接口理论研究", "脑机接口工程化", "脑机接口应用验证"]'::json, '["航空航天", "脑机接口"]'::json, '["2019年完成方案论证", "2020年进入工程研制"]'::json, '成果可应用于相关产业领域。', '["2021-05-22", "2022-09-24", "2020-03-11"]'::json, 50.0, 30.0, '重大专项', NULL, 0.869, 0.615, '2026-06-15T12:00:00+00:00', '2026-06-15T12:00:00+00:00');
INSERT INTO project_history (project_id, change_date, change_description, created_at, updated_at) VALUES ('PROJECT_S_ec0bf60e89c2b302', '2023-10-06', '立项批复', '2026-06-15T12:00:00+00:00', '2026-06-15T12:00:00+00:00');
INSERT INTO project_history (project_id, change_date, change_description, created_at, updated_at) VALUES ('PROJECT_S_ec0bf60e89c2b302', '2022-06-23', '通过中期评审', '2026-06-15T12:00:00+00:00', '2026-06-15T12:00:00+00:00');
INSERT INTO project_history (project_id, change_date, change_description, created_at, updated_at) VALUES ('PROJECT_S_ec0bf60e89c2b302', '2024-11-03', '转入工程阶段', '2026-06-15T12:00:00+00:00', '2026-06-15T12:00:00+00:00');
INSERT INTO project_budget (project_id, budget_date, amount, created_at, updated_at) VALUES ('PROJECT_S_ec0bf60e89c2b302', '2023-04-26', 800.0, '2026-06-15T12:00:00+00:00', '2026-06-15T12:00:00+00:00');
INSERT INTO project_budget (project_id, budget_date, amount, created_at, updated_at) VALUES ('PROJECT_S_ec0bf60e89c2b302', '2023-08-28', 800.0, '2026-06-15T12:00:00+00:00', '2026-06-15T12:00:00+00:00');
INSERT INTO project_budget (project_id, budget_date, amount, created_at, updated_at) VALUES ('PROJECT_S_ec0bf60e89c2b302', '2022-04-20', 800.0, '2026-06-15T12:00:00+00:00', '2026-06-15T12:00:00+00:00');
INSERT INTO project_output (project_id, name_history, formed_at, tech_domains, owner_orgs, related_projects, attachments, created_at, updated_at) VALUES ('PROJECT_S_ec0bf60e89c2b302', '脑机接口成果', '2024-09-25', '["航空航天", "脑机接口"]'::json, '["华信息研究所"]'::json, '[]'::json, '[]'::json, '2026-06-15T12:00:00+00:00', '2026-06-15T12:00:00+00:00');
INSERT INTO project_output (project_id, name_history, formed_at, tech_domains, owner_orgs, related_projects, attachments, created_at, updated_at) VALUES ('PROJECT_S_ec0bf60e89c2b302', '脑机接口关键技术', '2024-02-02', '["航空航天", "脑机接口"]'::json, '["华信息研究所"]'::json, '[]'::json, '[]'::json, '2026-06-15T12:00:00+00:00', '2026-06-15T12:00:00+00:00');
INSERT INTO entity_change_log (entity_id, entity_type, field, old_value, new_value, method, operator, source_doc_id, reason, changed_at) VALUES ('PROJECT_S_ec0bf60e89c2b302', 'project', '*', NULL, '{"action": "create"}'::json, 'rule', NULL, 'mock_seed', NULL, '2026-06-15T12:00:00+00:00');
INSERT INTO project_profile (project_id, name_cn, name_en, name_other, tech_domain, sub_tech_domain, start_date, cancel_date, finish_date, status, budget_activities, project_no, main_orgs, undertaking_orgs, undertaking_enterprises, managers, researchers, background, research_goal, research_content, keywords, progress, application_prospect, key_dates, total_budget_million_usd, invested_million_usd, parent_package_name, previous_phase_name, confidence, completeness, created_at, updated_at) VALUES ('PROJECT_S_3673ab8e2bf3ea71', '["先导神经网络芯片计划"]'::json, '["Project-094"]'::json, '[]'::json, '["深海装备", "光电技术"]'::json, '["生物医药"]'::json, '2024-04-23', NULL, NULL, '["结束"]'::json, '["软件研究/开发/测试和评估试点BA-8"]'::json, 10094, '["远储能集团"]'::json, '["中未来工程技术中心"]'::json, '[]'::json, '["韩涛", "何艳涛"]'::json, '["郭娟雪松", "韩建华"]'::json, '["针对光电技术领域关键需求立项"]'::json, '突破光电技术关键技术，形成自主可控能力。', '["光电技术理论研究", "光电技术工程化", "光电技术应用验证"]'::json, '["深海装备", "光电技术"]'::json, '["2024年完成方案论证", "2025年进入工程研制"]'::json, '成果可应用于相关产业领域。', '["2023-03-21", "2022-01-21", "2020-01-07"]'::json, 20.0, 10.0, NULL, NULL, 0.793, 0.813, '2026-06-15T12:00:00+00:00', '2026-06-15T12:00:00+00:00');
INSERT INTO project_history (project_id, change_date, change_description, created_at, updated_at) VALUES ('PROJECT_S_3673ab8e2bf3ea71', '2023-03-12', '立项批复', '2026-06-15T12:00:00+00:00', '2026-06-15T12:00:00+00:00');
INSERT INTO project_history (project_id, change_date, change_description, created_at, updated_at) VALUES ('PROJECT_S_3673ab8e2bf3ea71', '2022-04-18', '通过中期评审', '2026-06-15T12:00:00+00:00', '2026-06-15T12:00:00+00:00');
INSERT INTO project_history (project_id, change_date, change_description, created_at, updated_at) VALUES ('PROJECT_S_3673ab8e2bf3ea71', '2019-02-17', '转入工程阶段', '2026-06-15T12:00:00+00:00', '2026-06-15T12:00:00+00:00');
INSERT INTO project_budget (project_id, budget_date, amount, created_at, updated_at) VALUES ('PROJECT_S_3673ab8e2bf3ea71', '2020-01-09', 50.0, '2026-06-15T12:00:00+00:00', '2026-06-15T12:00:00+00:00');
INSERT INTO project_output (project_id, name_history, formed_at, tech_domains, owner_orgs, related_projects, attachments, created_at, updated_at) VALUES ('PROJECT_S_3673ab8e2bf3ea71', '光电技术关键技术', '2024-08-03', '["深海装备", "光电技术"]'::json, '["远储能集团"]'::json, '[]'::json, '[]'::json, '2026-06-15T12:00:00+00:00', '2026-06-15T12:00:00+00:00');
INSERT INTO project_output (project_id, name_history, formed_at, tech_domains, owner_orgs, related_projects, attachments, created_at, updated_at) VALUES ('PROJECT_S_3673ab8e2bf3ea71', '光电技术样机', '2022-08-28', '["深海装备", "光电技术"]'::json, '["远储能集团"]'::json, '[]'::json, '[]'::json, '2026-06-15T12:00:00+00:00', '2026-06-15T12:00:00+00:00');
INSERT INTO project_output (project_id, name_history, formed_at, tech_domains, owner_orgs, related_projects, attachments, created_at, updated_at) VALUES ('PROJECT_S_3673ab8e2bf3ea71', '光电技术成果', '2021-11-03', '["深海装备", "光电技术"]'::json, '["远储能集团"]'::json, '[]'::json, '[]'::json, '2026-06-15T12:00:00+00:00', '2026-06-15T12:00:00+00:00');
INSERT INTO entity_change_log (entity_id, entity_type, field, old_value, new_value, method, operator, source_doc_id, reason, changed_at) VALUES ('PROJECT_S_3673ab8e2bf3ea71', 'project', '*', NULL, '{"action": "create"}'::json, 'rule', NULL, 'mock_seed', NULL, '2026-06-15T12:00:00+00:00');
INSERT INTO project_profile (project_id, name_cn, name_en, name_other, tech_domain, sub_tech_domain, start_date, cancel_date, finish_date, status, budget_activities, project_no, main_orgs, undertaking_orgs, undertaking_enterprises, managers, researchers, background, research_goal, research_content, keywords, progress, application_prospect, key_dates, total_budget_million_usd, invested_million_usd, parent_package_name, previous_phase_name, confidence, completeness, created_at, updated_at) VALUES ('PROJECT_S_1c8722b5872f9514', '["攻关神经形态芯片专项"]'::json, '["Project-095"]'::json, '[]'::json, '["集成电路", "光电技术"]'::json, '["氢能"]'::json, '2023-09-05', NULL, NULL, '["成果已转化"]'::json, '["软件研究/开发/测试和评估试点BA-8"]'::json, 10095, '["中智算研究院"]'::json, '["国智算股份", "北方光电研究所"]'::json, '[]'::json, '["赵昊洋", "梁桂英军"]'::json, '["吴海燕宇航", "陈峰", "唐刚", "朱晓东"]'::json, '["针对光电技术领域关键需求立项"]'::json, '突破光电技术关键技术，形成自主可控能力。', '["光电技术理论研究", "光电技术工程化", "光电技术应用验证"]'::json, '["集成电路", "光电技术"]'::json, '["2023年完成方案论证", "2024年进入工程研制"]'::json, '成果可应用于相关产业领域。', '["2023-08-10", "2023-01-13"]'::json, 50.0, 2.0, '重点研发', NULL, 0.928, 0.727, '2026-06-15T12:00:00+00:00', '2026-06-15T12:00:00+00:00');
INSERT INTO project_history (project_id, change_date, change_description, created_at, updated_at) VALUES ('PROJECT_S_1c8722b5872f9514', '2024-09-23', '立项批复', '2026-06-15T12:00:00+00:00', '2026-06-15T12:00:00+00:00');
INSERT INTO project_history (project_id, change_date, change_description, created_at, updated_at) VALUES ('PROJECT_S_1c8722b5872f9514', '2019-02-25', '通过中期评审', '2026-06-15T12:00:00+00:00', '2026-06-15T12:00:00+00:00');
INSERT INTO project_history (project_id, change_date, change_description, created_at, updated_at) VALUES ('PROJECT_S_1c8722b5872f9514', '2023-08-04', '转入工程阶段', '2026-06-15T12:00:00+00:00', '2026-06-15T12:00:00+00:00');
INSERT INTO project_budget (project_id, budget_date, amount, created_at, updated_at) VALUES ('PROJECT_S_1c8722b5872f9514', '2022-08-09', 200.0, '2026-06-15T12:00:00+00:00', '2026-06-15T12:00:00+00:00');
INSERT INTO project_budget (project_id, budget_date, amount, created_at, updated_at) VALUES ('PROJECT_S_1c8722b5872f9514', '2023-04-06', 800.0, '2026-06-15T12:00:00+00:00', '2026-06-15T12:00:00+00:00');
INSERT INTO project_budget (project_id, budget_date, amount, created_at, updated_at) VALUES ('PROJECT_S_1c8722b5872f9514', '2024-11-13', 800.0, '2026-06-15T12:00:00+00:00', '2026-06-15T12:00:00+00:00');
INSERT INTO project_output (project_id, name_history, formed_at, tech_domains, owner_orgs, related_projects, attachments, created_at, updated_at) VALUES ('PROJECT_S_1c8722b5872f9514', '光电技术样机', '2022-12-02', '["集成电路", "光电技术"]'::json, '["中智算研究院"]'::json, '[]'::json, '[]'::json, '2026-06-15T12:00:00+00:00', '2026-06-15T12:00:00+00:00');
INSERT INTO project_output (project_id, name_history, formed_at, tech_domains, owner_orgs, related_projects, attachments, created_at, updated_at) VALUES ('PROJECT_S_1c8722b5872f9514', '光电技术成果', '2023-12-20', '["集成电路", "光电技术"]'::json, '["中智算研究院"]'::json, '[]'::json, '[]'::json, '2026-06-15T12:00:00+00:00', '2026-06-15T12:00:00+00:00');
INSERT INTO entity_change_log (entity_id, entity_type, field, old_value, new_value, method, operator, source_doc_id, reason, changed_at) VALUES ('PROJECT_S_1c8722b5872f9514', 'project', '*', NULL, '{"action": "create"}'::json, 'rule', NULL, 'mock_seed', NULL, '2026-06-15T12:00:00+00:00');
INSERT INTO project_profile (project_id, name_cn, name_en, name_other, tech_domain, sub_tech_domain, start_date, cancel_date, finish_date, status, budget_activities, project_no, main_orgs, undertaking_orgs, undertaking_enterprises, managers, researchers, background, research_goal, research_content, keywords, progress, application_prospect, key_dates, total_budget_million_usd, invested_million_usd, parent_package_name, previous_phase_name, confidence, completeness, created_at, updated_at) VALUES ('PROJECT_S_be5328381d1e4986', '["重点可重复使用火箭工程"]'::json, '["Project-096"]'::json, '[]'::json, '["6G通信", "储能"]'::json, '["深海装备"]'::json, '2020-09-20', NULL, NULL, '["进行中"]'::json, '["先期技术开发BA-3"]'::json, 10096, '["新基因高科"]'::json, '["国储能股份", "北方前沿实验室"]'::json, '[]'::json, '["黄娟", "李娟杰"]'::json, '["韩涛", "韩勇斌", "唐宇航桂英", "张俊杰超"]'::json, '["针对6G通信领域关键需求立项"]'::json, '突破6G通信关键技术，形成自主可控能力。', '["6G通信理论研究", "6G通信工程化", "6G通信应用验证"]'::json, '["6G通信", "储能"]'::json, '["2020年完成方案论证", "2021年进入工程研制"]'::json, '成果可应用于相关产业领域。', '["2020-01-27", "2022-03-20"]'::json, 120.0, 2.0, NULL, NULL, 0.917, 0.754, '2026-06-15T12:00:00+00:00', '2026-06-15T12:00:00+00:00');
INSERT INTO project_history (project_id, change_date, change_description, created_at, updated_at) VALUES ('PROJECT_S_be5328381d1e4986', '2024-10-04', '立项批复', '2026-06-15T12:00:00+00:00', '2026-06-15T12:00:00+00:00');
INSERT INTO project_history (project_id, change_date, change_description, created_at, updated_at) VALUES ('PROJECT_S_be5328381d1e4986', '2020-08-01', '通过中期评审', '2026-06-15T12:00:00+00:00', '2026-06-15T12:00:00+00:00');
INSERT INTO project_history (project_id, change_date, change_description, created_at, updated_at) VALUES ('PROJECT_S_be5328381d1e4986', '2023-02-10', '转入工程阶段', '2026-06-15T12:00:00+00:00', '2026-06-15T12:00:00+00:00');
INSERT INTO project_budget (project_id, budget_date, amount, created_at, updated_at) VALUES ('PROJECT_S_be5328381d1e4986', '2023-03-12', 200.0, '2026-06-15T12:00:00+00:00', '2026-06-15T12:00:00+00:00');
INSERT INTO project_budget (project_id, budget_date, amount, created_at, updated_at) VALUES ('PROJECT_S_be5328381d1e4986', '2020-05-04', 50.0, '2026-06-15T12:00:00+00:00', '2026-06-15T12:00:00+00:00');
INSERT INTO project_output (project_id, name_history, formed_at, tech_domains, owner_orgs, related_projects, attachments, created_at, updated_at) VALUES ('PROJECT_S_be5328381d1e4986', '6G通信成果', '2023-07-14', '["6G通信", "储能"]'::json, '["新基因高科"]'::json, '[]'::json, '[]'::json, '2026-06-15T12:00:00+00:00', '2026-06-15T12:00:00+00:00');
INSERT INTO project_output (project_id, name_history, formed_at, tech_domains, owner_orgs, related_projects, attachments, created_at, updated_at) VALUES ('PROJECT_S_be5328381d1e4986', '6G通信关键技术', '2021-11-18', '["6G通信", "储能"]'::json, '["新基因高科"]'::json, '[]'::json, '[]'::json, '2026-06-15T12:00:00+00:00', '2026-06-15T12:00:00+00:00');
INSERT INTO project_output (project_id, name_history, formed_at, tech_domains, owner_orgs, related_projects, attachments, created_at, updated_at) VALUES ('PROJECT_S_be5328381d1e4986', '6G通信成果', '2022-06-14', '["6G通信", "储能"]'::json, '["新基因高科"]'::json, '[]'::json, '[]'::json, '2026-06-15T12:00:00+00:00', '2026-06-15T12:00:00+00:00');
INSERT INTO entity_change_log (entity_id, entity_type, field, old_value, new_value, method, operator, source_doc_id, reason, changed_at) VALUES ('PROJECT_S_be5328381d1e4986', 'project', '*', NULL, '{"action": "create"}'::json, 'rule', NULL, 'mock_seed', NULL, '2026-06-15T12:00:00+00:00');
INSERT INTO project_profile (project_id, name_cn, name_en, name_other, tech_domain, sub_tech_domain, start_date, cancel_date, finish_date, status, budget_activities, project_no, main_orgs, undertaking_orgs, undertaking_enterprises, managers, researchers, background, research_goal, research_content, keywords, progress, application_prospect, key_dates, total_budget_million_usd, invested_million_usd, parent_package_name, previous_phase_name, confidence, completeness, created_at, updated_at) VALUES ('PROJECT_S_f2898194e01560b2', '["攻关太赫兹通信任务"]'::json, '["Project-097"]'::json, '[]'::json, '["新能源", "基因编辑"]'::json, '["6G通信"]'::json, '2021-01-10', NULL, '2021-01-10', '["结束"]'::json, '["先期部件研制与样机开发BA-4"]'::json, 10097, '["中科未来集团"]'::json, '["华航宇股份", "中未来工程技术中心"]'::json, '[]'::json, '["许昊"]'::json, '["徐强", "吴霞", "张磊", "陈峰"]'::json, '["针对基因编辑领域关键需求立项"]'::json, '突破基因编辑关键技术，形成自主可控能力。', '["基因编辑理论研究", "基因编辑工程化", "基因编辑应用验证"]'::json, '["新能源", "基因编辑"]'::json, '["2021年完成方案论证", "2022年进入工程研制"]'::json, '成果可应用于相关产业领域。', '["2021-04-13"]'::json, 120.0, 80.0, NULL, NULL, 0.965, 0.672, '2026-06-15T12:00:00+00:00', '2026-06-15T12:00:00+00:00');
INSERT INTO project_history (project_id, change_date, change_description, created_at, updated_at) VALUES ('PROJECT_S_f2898194e01560b2', '2024-02-19', '立项批复', '2026-06-15T12:00:00+00:00', '2026-06-15T12:00:00+00:00');
INSERT INTO project_history (project_id, change_date, change_description, created_at, updated_at) VALUES ('PROJECT_S_f2898194e01560b2', '2024-12-12', '通过中期评审', '2026-06-15T12:00:00+00:00', '2026-06-15T12:00:00+00:00');
INSERT INTO project_history (project_id, change_date, change_description, created_at, updated_at) VALUES ('PROJECT_S_f2898194e01560b2', '2023-12-18', '转入工程阶段', '2026-06-15T12:00:00+00:00', '2026-06-15T12:00:00+00:00');
INSERT INTO project_budget (project_id, budget_date, amount, created_at, updated_at) VALUES ('PROJECT_S_f2898194e01560b2', '2022-09-03', 800.0, '2026-06-15T12:00:00+00:00', '2026-06-15T12:00:00+00:00');
INSERT INTO project_output (project_id, name_history, formed_at, tech_domains, owner_orgs, related_projects, attachments, created_at, updated_at) VALUES ('PROJECT_S_f2898194e01560b2', '基因编辑关键技术', '2021-11-19', '["新能源", "基因编辑"]'::json, '["中科未来集团"]'::json, '[]'::json, '[]'::json, '2026-06-15T12:00:00+00:00', '2026-06-15T12:00:00+00:00');
INSERT INTO entity_change_log (entity_id, entity_type, field, old_value, new_value, method, operator, source_doc_id, reason, changed_at) VALUES ('PROJECT_S_f2898194e01560b2', 'project', '*', NULL, '{"action": "create"}'::json, 'rule', NULL, 'mock_seed', NULL, '2026-06-15T12:00:00+00:00');
INSERT INTO project_profile (project_id, name_cn, name_en, name_other, tech_domain, sub_tech_domain, start_date, cancel_date, finish_date, status, budget_activities, project_no, main_orgs, undertaking_orgs, undertaking_enterprises, managers, researchers, background, research_goal, research_content, keywords, progress, application_prospect, key_dates, total_budget_million_usd, invested_million_usd, parent_package_name, previous_phase_name, confidence, completeness, created_at, updated_at) VALUES ('PROJECT_S_32f2d159f11a1318', '["基础碳纳米管专项"]'::json, '["Project-098"]'::json, '[]'::json, '["5G通信", "储能"]'::json, '["氢能"]'::json, '2019-04-27', NULL, NULL, '["进行中"]'::json, '["基础技术研究BA-1"]'::json, 10098, '["航天先进实验室"]'::json, '["新氢动高科"]'::json, '[]'::json, '["黄霞", "何雪松宇航"]'::json, '["吴俊杰", "张海燕", "周磊"]'::json, '["针对5G通信领域关键需求立项"]'::json, '突破5G通信关键技术，形成自主可控能力。', '["5G通信理论研究", "5G通信工程化", "5G通信应用验证"]'::json, '["5G通信", "储能"]'::json, '["2019年完成方案论证", "2020年进入工程研制"]'::json, '成果可应用于相关产业领域。', '["2023-11-24"]'::json, 50.0, 80.0, '重点研发', NULL, 0.791, 0.636, '2026-06-15T12:00:00+00:00', '2026-06-15T12:00:00+00:00');
INSERT INTO project_history (project_id, change_date, change_description, created_at, updated_at) VALUES ('PROJECT_S_32f2d159f11a1318', '2022-10-20', '立项批复', '2026-06-15T12:00:00+00:00', '2026-06-15T12:00:00+00:00');
INSERT INTO project_history (project_id, change_date, change_description, created_at, updated_at) VALUES ('PROJECT_S_32f2d159f11a1318', '2023-06-05', '通过中期评审', '2026-06-15T12:00:00+00:00', '2026-06-15T12:00:00+00:00');
INSERT INTO project_history (project_id, change_date, change_description, created_at, updated_at) VALUES ('PROJECT_S_32f2d159f11a1318', '2019-09-10', '转入工程阶段', '2026-06-15T12:00:00+00:00', '2026-06-15T12:00:00+00:00');
INSERT INTO project_budget (project_id, budget_date, amount, created_at, updated_at) VALUES ('PROJECT_S_32f2d159f11a1318', '2021-10-06', 2000.0, '2026-06-15T12:00:00+00:00', '2026-06-15T12:00:00+00:00');
INSERT INTO project_output (project_id, name_history, formed_at, tech_domains, owner_orgs, related_projects, attachments, created_at, updated_at) VALUES ('PROJECT_S_32f2d159f11a1318', '5G通信样机', '2024-02-04', '["5G通信", "储能"]'::json, '["航天先进实验室"]'::json, '[]'::json, '[]'::json, '2026-06-15T12:00:00+00:00', '2026-06-15T12:00:00+00:00');
INSERT INTO project_output (project_id, name_history, formed_at, tech_domains, owner_orgs, related_projects, attachments, created_at, updated_at) VALUES ('PROJECT_S_32f2d159f11a1318', '5G通信样机', '2021-04-25', '["5G通信", "储能"]'::json, '["航天先进实验室"]'::json, '[]'::json, '[]'::json, '2026-06-15T12:00:00+00:00', '2026-06-15T12:00:00+00:00');
INSERT INTO entity_change_log (entity_id, entity_type, field, old_value, new_value, method, operator, source_doc_id, reason, changed_at) VALUES ('PROJECT_S_32f2d159f11a1318', 'project', '*', NULL, '{"action": "create"}'::json, 'rule', NULL, 'mock_seed', NULL, '2026-06-15T12:00:00+00:00');
INSERT INTO project_profile (project_id, name_cn, name_en, name_other, tech_domain, sub_tech_domain, start_date, cancel_date, finish_date, status, budget_activities, project_no, main_orgs, undertaking_orgs, undertaking_enterprises, managers, researchers, background, research_goal, research_content, keywords, progress, application_prospect, key_dates, total_budget_million_usd, invested_million_usd, parent_package_name, previous_phase_name, confidence, completeness, created_at, updated_at) VALUES ('PROJECT_S_fed23c25817569a7', '["重点基因剪刀任务"]'::json, '["Project-099"]'::json, '[]'::json, '["航空航天", "6G通信"]'::json, '["基因编辑", "碳捕集"]'::json, '2018-05-12', NULL, NULL, '["进行中"]'::json, '["应用技术研究BA-2"]'::json, 10099, '["新光电工程技术中心"]'::json, '["东方信息研究院"]'::json, '[]'::json, '["梁娟军", "唐洋"]'::json, '["徐斌", "韩艳强", "林瑞"]'::json, '["针对航空航天领域关键需求立项"]'::json, '突破航空航天关键技术，形成自主可控能力。', '["航空航天理论研究", "航空航天工程化", "航空航天应用验证"]'::json, '["航空航天", "6G通信"]'::json, '["2018年完成方案论证", "2019年进入工程研制"]'::json, '成果可应用于相关产业领域。', '["2023-12-10"]'::json, 50.0, 30.0, '重大专项', NULL, 0.877, 0.889, '2026-06-15T12:00:00+00:00', '2026-06-15T12:00:00+00:00');
INSERT INTO project_history (project_id, change_date, change_description, created_at, updated_at) VALUES ('PROJECT_S_fed23c25817569a7', '2021-11-02', '立项批复', '2026-06-15T12:00:00+00:00', '2026-06-15T12:00:00+00:00');
INSERT INTO project_history (project_id, change_date, change_description, created_at, updated_at) VALUES ('PROJECT_S_fed23c25817569a7', '2021-11-15', '通过中期评审', '2026-06-15T12:00:00+00:00', '2026-06-15T12:00:00+00:00');
INSERT INTO project_history (project_id, change_date, change_description, created_at, updated_at) VALUES ('PROJECT_S_fed23c25817569a7', '2020-08-05', '转入工程阶段', '2026-06-15T12:00:00+00:00', '2026-06-15T12:00:00+00:00');
INSERT INTO project_budget (project_id, budget_date, amount, created_at, updated_at) VALUES ('PROJECT_S_fed23c25817569a7', '2023-04-15', 800.0, '2026-06-15T12:00:00+00:00', '2026-06-15T12:00:00+00:00');
INSERT INTO project_budget (project_id, budget_date, amount, created_at, updated_at) VALUES ('PROJECT_S_fed23c25817569a7', '2023-10-08', 800.0, '2026-06-15T12:00:00+00:00', '2026-06-15T12:00:00+00:00');
INSERT INTO project_budget (project_id, budget_date, amount, created_at, updated_at) VALUES ('PROJECT_S_fed23c25817569a7', '2021-03-22', 50.0, '2026-06-15T12:00:00+00:00', '2026-06-15T12:00:00+00:00');
INSERT INTO project_output (project_id, name_history, formed_at, tech_domains, owner_orgs, related_projects, attachments, created_at, updated_at) VALUES ('PROJECT_S_fed23c25817569a7', '航空航天关键技术', '2022-05-21', '["航空航天", "6G通信"]'::json, '["新光电工程技术中心"]'::json, '[]'::json, '[]'::json, '2026-06-15T12:00:00+00:00', '2026-06-15T12:00:00+00:00');
INSERT INTO entity_change_log (entity_id, entity_type, field, old_value, new_value, method, operator, source_doc_id, reason, changed_at) VALUES ('PROJECT_S_fed23c25817569a7', 'project', '*', NULL, '{"action": "create"}'::json, 'rule', NULL, 'mock_seed', NULL, '2026-06-15T12:00:00+00:00');

-- ── 机构 ──
INSERT INTO org_profile (org_id, name_cn, name_en, name_other, country, founded_date, dissolved_date, operating_years, website, summary, org_types, nature, function, scale, tech_domains, predecessor_names, departments, strategic_plans, evaluation_report, new_key_projects, remark, confidence, completeness, created_at, updated_at) VALUES ('ORG_S_549dd301a45e9253', '远储能集团', 'Org-000', '[]'::json, '法国', '2000-04-10', NULL, 26, 'www.org-000.example.com', '远储能集团是聚焦储能、量子计算、航空航天等领域的抽象机构，致力于前沿技术研发与成果转化。', '["高校", "试验鉴定机构"]'::json, '抽象机构', '人才培养', 8000, '["储能", "量子计算", "航空航天"]'::json, '[]'::json, '远储能集团下设基础研究部、应用工程部、国际合作部', '["2021-2025五年发展规划", "2026-2030五年发展规划"]'::json, '远储能集团在航空航天领域处于国内领先水平。', '["碳化硅功率器件", "量子纠错码", "钙钛矿太阳能电池"]'::json, '', 0.796, 0.594, '2026-06-15T12:00:00+00:00', '2026-06-15T12:00:00+00:00');
INSERT INTO org_history (org_id, change_date, change_description, created_at, updated_at) VALUES ('ORG_S_549dd301a45e9253', '2022-06-03', '成立航空航天研究中心', '2026-06-15T12:00:00+00:00', '2026-06-15T12:00:00+00:00');
INSERT INTO org_history (org_id, change_date, change_description, created_at, updated_at) VALUES ('ORG_S_549dd301a45e9253', '2015-10-23', '完成股份制改革', '2026-06-15T12:00:00+00:00', '2026-06-15T12:00:00+00:00');
INSERT INTO org_history (org_id, change_date, change_description, created_at, updated_at) VALUES ('ORG_S_549dd301a45e9253', '2013-05-07', '获批国家重点实验室', '2026-06-15T12:00:00+00:00', '2026-06-15T12:00:00+00:00');
INSERT INTO org_award (org_id, description, name, reason, award_date, level, award_type, created_at, updated_at) VALUES ('ORG_S_549dd301a45e9253', '', '国家科技进步奖', '在储能取得突破', '2020-12-18', '行业级', '工程', '2026-06-15T12:00:00+00:00', '2026-06-15T12:00:00+00:00');
INSERT INTO org_award (org_id, description, name, reason, award_date, level, award_type, created_at, updated_at) VALUES ('ORG_S_549dd301a45e9253', '', '省部级一等奖', '在量子计算取得突破', '2017-03-18', '国家级', '创新', '2026-06-15T12:00:00+00:00', '2026-06-15T12:00:00+00:00');
INSERT INTO org_output (org_id, name, form, author, publish_date, attachment, created_at, updated_at) VALUES ('ORG_S_549dd301a45e9253', '储能标准', '软件著作权', '远储能集团', '2018-05-19', '', '2026-06-15T12:00:00+00:00', '2026-06-15T12:00:00+00:00');
INSERT INTO org_output (org_id, name, form, author, publish_date, attachment, created_at, updated_at) VALUES ('ORG_S_549dd301a45e9253', '储能关键技术', '论文', '远储能集团', '2022-08-25', '', '2026-06-15T12:00:00+00:00', '2026-06-15T12:00:00+00:00');
INSERT INTO org_team (org_id, top_talents, award_winners, team_size, talent_type, created_at, updated_at) VALUES ('ORG_S_549dd301a45e9253', '["陈桂英晓东院士", "陈军院士"]'::json, '["赵军桂英", "刘建华霞", "林昊宁"]'::json, 200, '工程团队', '2026-06-15T12:00:00+00:00', '2026-06-15T12:00:00+00:00');
INSERT INTO org_facility (org_id, name, purpose, experiment_status, launch_date, construction_cost_wan_usd, created_at, updated_at) VALUES ('ORG_S_549dd301a45e9253', '量子计算实验平台', '开展量子计算关键实验', '在建', '2018-04-13', 15000, '2026-06-15T12:00:00+00:00', '2026-06-15T12:00:00+00:00');
INSERT INTO org_facility (org_id, name, purpose, experiment_status, launch_date, construction_cost_wan_usd, created_at, updated_at) VALUES ('ORG_S_549dd301a45e9253', '储能实验平台', '开展航空航天关键实验', '运行中', '2023-05-21', 500, '2026-06-15T12:00:00+00:00', '2026-06-15T12:00:00+00:00');
INSERT INTO entity_change_log (entity_id, entity_type, field, old_value, new_value, method, operator, source_doc_id, reason, changed_at) VALUES ('ORG_S_549dd301a45e9253', 'org', '*', NULL, '{"action": "create"}'::json, 'rule', NULL, 'mock_seed', NULL, '2026-06-15T12:00:00+00:00');
INSERT INTO org_profile (org_id, name_cn, name_en, name_other, country, founded_date, dissolved_date, operating_years, website, summary, org_types, nature, function, scale, tech_domains, predecessor_names, departments, strategic_plans, evaluation_report, new_key_projects, remark, confidence, completeness, created_at, updated_at) VALUES ('ORG_S_65b42eb91e57f1c6', '北方储能科技', 'Org-001', '[]'::json, '德国', '2001-12-02', NULL, 25, 'www.org-001.example.com', '北方储能科技是聚焦先进算力、新材料、半导体等领域的抽象机构，致力于前沿技术研发与成果转化。', '["其他"]'::json, '抽象机构', '人才培养', 8000, '["先进算力", "新材料", "半导体"]'::json, '[]'::json, '北方储能科技下设基础研究部、应用工程部、国际合作部', '["2021-2025五年发展规划", "2026-2030五年发展规划"]'::json, '北方储能科技在先进算力领域处于国内领先水平。', '["固态电池", "卫星星座组网", "量子纠错码"]'::json, '', 0.973, 0.652, '2026-06-15T12:00:00+00:00', '2026-06-15T12:00:00+00:00');
INSERT INTO org_history (org_id, change_date, change_description, created_at, updated_at) VALUES ('ORG_S_65b42eb91e57f1c6', '2021-03-23', '成立半导体研究中心', '2026-06-15T12:00:00+00:00', '2026-06-15T12:00:00+00:00');
INSERT INTO org_history (org_id, change_date, change_description, created_at, updated_at) VALUES ('ORG_S_65b42eb91e57f1c6', '2024-06-07', '完成股份制改革', '2026-06-15T12:00:00+00:00', '2026-06-15T12:00:00+00:00');
INSERT INTO org_history (org_id, change_date, change_description, created_at, updated_at) VALUES ('ORG_S_65b42eb91e57f1c6', '2013-01-13', '获批国家重点实验室', '2026-06-15T12:00:00+00:00', '2026-06-15T12:00:00+00:00');
INSERT INTO org_award (org_id, description, name, reason, award_date, level, award_type, created_at, updated_at) VALUES ('ORG_S_65b42eb91e57f1c6', '', '行业金奖', '在半导体取得突破', '2024-11-02', '国家级', '科技', '2026-06-15T12:00:00+00:00', '2026-06-15T12:00:00+00:00');
INSERT INTO org_output (org_id, name, form, author, publish_date, attachment, created_at, updated_at) VALUES ('ORG_S_65b42eb91e57f1c6', '新材料关键技术', '专利', '北方储能科技', '2021-06-05', '', '2026-06-15T12:00:00+00:00', '2026-06-15T12:00:00+00:00');
INSERT INTO org_output (org_id, name, form, author, publish_date, attachment, created_at, updated_at) VALUES ('ORG_S_65b42eb91e57f1c6', '先进算力关键技术', '专利', '北方储能科技', '2024-05-12', '', '2026-06-15T12:00:00+00:00', '2026-06-15T12:00:00+00:00');
INSERT INTO org_output (org_id, name, form, author, publish_date, attachment, created_at, updated_at) VALUES ('ORG_S_65b42eb91e57f1c6', '新材料系统', '专利', '北方储能科技', '2022-04-19', '', '2026-06-15T12:00:00+00:00', '2026-06-15T12:00:00+00:00');
INSERT INTO org_team (org_id, top_talents, award_winners, team_size, talent_type, created_at, updated_at) VALUES ('ORG_S_65b42eb91e57f1c6', '["曹勇院士"]'::json, '["张雪松"]'::json, 500, '研发团队', '2026-06-15T12:00:00+00:00', '2026-06-15T12:00:00+00:00');
INSERT INTO org_facility (org_id, name, purpose, experiment_status, launch_date, construction_cost_wan_usd, created_at, updated_at) VALUES ('ORG_S_65b42eb91e57f1c6', '先进算力实验平台', '开展半导体关键实验', '在建', '2023-02-26', 500, '2026-06-15T12:00:00+00:00', '2026-06-15T12:00:00+00:00');
INSERT INTO org_facility (org_id, name, purpose, experiment_status, launch_date, construction_cost_wan_usd, created_at, updated_at) VALUES ('ORG_S_65b42eb91e57f1c6', '先进算力实验平台', '开展先进算力关键实验', '运行中', '2023-11-18', 500, '2026-06-15T12:00:00+00:00', '2026-06-15T12:00:00+00:00');
INSERT INTO entity_change_log (entity_id, entity_type, field, old_value, new_value, method, operator, source_doc_id, reason, changed_at) VALUES ('ORG_S_65b42eb91e57f1c6', 'org', '*', NULL, '{"action": "create"}'::json, 'rule', NULL, 'mock_seed', NULL, '2026-06-15T12:00:00+00:00');
INSERT INTO org_profile (org_id, name_cn, name_en, name_other, country, founded_date, dissolved_date, operating_years, website, summary, org_types, nature, function, scale, tech_domains, predecessor_names, departments, strategic_plans, evaluation_report, new_key_projects, remark, confidence, completeness, created_at, updated_at) VALUES ('ORG_S_de4a9240d385d59b', '南方航宇研究院', 'Org-002', '[]'::json, '日本', '1992-03-12', NULL, 34, 'www.org-002.example.com', '南方航宇研究院是聚焦深海装备、自动驾驶、生物医药等领域的抽象机构，致力于前沿技术研发与成果转化。', '["科研机构", "管理机构"]'::json, '抽象机构', '成果转化', 200, '["深海装备", "自动驾驶", "生物医药", "先进算力", "6G通信"]'::json, '[]'::json, '南方航宇研究院下设基础研究部、应用工程部、国际合作部', '["2021-2025五年发展规划", "2026-2030五年发展规划"]'::json, '南方航宇研究院在6G通信领域处于国内领先水平。', '["钙钛矿太阳能电池"]'::json, '', 0.782, 0.94, '2026-06-15T12:00:00+00:00', '2026-06-15T12:00:00+00:00');
INSERT INTO org_history (org_id, change_date, change_description, created_at, updated_at) VALUES ('ORG_S_de4a9240d385d59b', '2023-04-06', '成立生物医药研究中心', '2026-06-15T12:00:00+00:00', '2026-06-15T12:00:00+00:00');
INSERT INTO org_history (org_id, change_date, change_description, created_at, updated_at) VALUES ('ORG_S_de4a9240d385d59b', '2024-07-27', '完成股份制改革', '2026-06-15T12:00:00+00:00', '2026-06-15T12:00:00+00:00');
INSERT INTO org_history (org_id, change_date, change_description, created_at, updated_at) VALUES ('ORG_S_de4a9240d385d59b', '2020-09-05', '获批国家重点实验室', '2026-06-15T12:00:00+00:00', '2026-06-15T12:00:00+00:00');
INSERT INTO org_award (org_id, description, name, reason, award_date, level, award_type, created_at, updated_at) VALUES ('ORG_S_de4a9240d385d59b', '', '省部级一等奖', '在6G通信取得突破', '2023-08-13', '国家级', '科技', '2026-06-15T12:00:00+00:00', '2026-06-15T12:00:00+00:00');
INSERT INTO org_award (org_id, description, name, reason, award_date, level, award_type, created_at, updated_at) VALUES ('ORG_S_de4a9240d385d59b', '', '省部级一等奖', '在深海装备取得突破', '2015-08-22', '行业级', '创新', '2026-06-15T12:00:00+00:00', '2026-06-15T12:00:00+00:00');
INSERT INTO org_output (org_id, name, form, author, publish_date, attachment, created_at, updated_at) VALUES ('ORG_S_de4a9240d385d59b', '深海装备系统', '专利', '南方航宇研究院', '2018-09-25', '', '2026-06-15T12:00:00+00:00', '2026-06-15T12:00:00+00:00');
INSERT INTO org_output (org_id, name, form, author, publish_date, attachment, created_at, updated_at) VALUES ('ORG_S_de4a9240d385d59b', '6G通信关键技术', '专利', '南方航宇研究院', '2019-08-24', '', '2026-06-15T12:00:00+00:00', '2026-06-15T12:00:00+00:00');
INSERT INTO org_team (org_id, top_talents, award_winners, team_size, talent_type, created_at, updated_at) VALUES ('ORG_S_de4a9240d385d59b', '["朱雪松军院士"]'::json, '["彭军俊杰", "刘杰建华"]'::json, 200, '战略科学家团队', '2026-06-15T12:00:00+00:00', '2026-06-15T12:00:00+00:00');
INSERT INTO org_facility (org_id, name, purpose, experiment_status, launch_date, construction_cost_wan_usd, created_at, updated_at) VALUES ('ORG_S_de4a9240d385d59b', '先进算力实验平台', '开展6G通信关键实验', '在建', '2018-03-05', 500, '2026-06-15T12:00:00+00:00', '2026-06-15T12:00:00+00:00');
INSERT INTO entity_change_log (entity_id, entity_type, field, old_value, new_value, method, operator, source_doc_id, reason, changed_at) VALUES ('ORG_S_de4a9240d385d59b', 'org', '*', NULL, '{"action": "create"}'::json, 'rule', NULL, 'mock_seed', NULL, '2026-06-15T12:00:00+00:00');
INSERT INTO org_profile (org_id, name_cn, name_en, name_other, country, founded_date, dissolved_date, operating_years, website, summary, org_types, nature, function, scale, tech_domains, predecessor_names, departments, strategic_plans, evaluation_report, new_key_projects, remark, confidence, completeness, created_at, updated_at) VALUES ('ORG_S_09253731aee177eb', '华生医实验室', 'Org-003', '[]'::json, '英国', '1991-07-10', NULL, 35, 'www.org-003.example.com', '华生医实验室是聚焦半导体、脑机接口、航空航天等领域的实体机构，致力于前沿技术研发与成果转化。', '["管理机构", "试验鉴定机构"]'::json, '实体机构', '人才培养', 8000, '["半导体", "脑机接口", "航空航天", "卫星互联网"]'::json, '[]'::json, '华生医实验室下设基础研究部、应用工程部、国际合作部', '["2021-2025五年发展规划", "2026-2030五年发展规划"]'::json, '华生医实验室在航空航天领域处于国内领先水平。', '["金属3D打印", "自动驾驶域控制器", "类脑计算架构"]'::json, '', 0.703, 0.787, '2026-06-15T12:00:00+00:00', '2026-06-15T12:00:00+00:00');
INSERT INTO org_history (org_id, change_date, change_description, created_at, updated_at) VALUES ('ORG_S_09253731aee177eb', '2013-03-05', '成立航空航天研究中心', '2026-06-15T12:00:00+00:00', '2026-06-15T12:00:00+00:00');
INSERT INTO org_history (org_id, change_date, change_description, created_at, updated_at) VALUES ('ORG_S_09253731aee177eb', '2014-06-18', '完成股份制改革', '2026-06-15T12:00:00+00:00', '2026-06-15T12:00:00+00:00');
INSERT INTO org_history (org_id, change_date, change_description, created_at, updated_at) VALUES ('ORG_S_09253731aee177eb', '2013-05-03', '获批国家重点实验室', '2026-06-15T12:00:00+00:00', '2026-06-15T12:00:00+00:00');
INSERT INTO org_award (org_id, description, name, reason, award_date, level, award_type, created_at, updated_at) VALUES ('ORG_S_09253731aee177eb', '', '行业金奖', '在卫星互联网取得突破', '2020-01-11', '省部级', '创新', '2026-06-15T12:00:00+00:00', '2026-06-15T12:00:00+00:00');
INSERT INTO org_award (org_id, description, name, reason, award_date, level, award_type, created_at, updated_at) VALUES ('ORG_S_09253731aee177eb', '', '行业金奖', '在脑机接口取得突破', '2023-07-25', '行业级', '工程', '2026-06-15T12:00:00+00:00', '2026-06-15T12:00:00+00:00');
INSERT INTO org_award (org_id, description, name, reason, award_date, level, award_type, created_at, updated_at) VALUES ('ORG_S_09253731aee177eb', '', '省部级一等奖', '在半导体取得突破', '2017-05-23', '国家级', '工程', '2026-06-15T12:00:00+00:00', '2026-06-15T12:00:00+00:00');
INSERT INTO org_output (org_id, name, form, author, publish_date, attachment, created_at, updated_at) VALUES ('ORG_S_09253731aee177eb', '半导体系统', '专利', '华生医实验室', '2022-04-16', '', '2026-06-15T12:00:00+00:00', '2026-06-15T12:00:00+00:00');
INSERT INTO org_output (org_id, name, form, author, publish_date, attachment, created_at, updated_at) VALUES ('ORG_S_09253731aee177eb', '航空航天关键技术', '论文', '华生医实验室', '2018-08-02', '', '2026-06-15T12:00:00+00:00', '2026-06-15T12:00:00+00:00');
INSERT INTO org_output (org_id, name, form, author, publish_date, attachment, created_at, updated_at) VALUES ('ORG_S_09253731aee177eb', '航空航天系统', '专利', '华生医实验室', '2020-10-16', '', '2026-06-15T12:00:00+00:00', '2026-06-15T12:00:00+00:00');
INSERT INTO org_team (org_id, top_talents, award_winners, team_size, talent_type, created_at, updated_at) VALUES ('ORG_S_09253731aee177eb', '["邓军院士", "李志强明院士"]'::json, '["许斌", "宋勇雪松", "陈艳"]'::json, 200, '工程团队', '2026-06-15T12:00:00+00:00', '2026-06-15T12:00:00+00:00');
INSERT INTO org_facility (org_id, name, purpose, experiment_status, launch_date, construction_cost_wan_usd, created_at, updated_at) VALUES ('ORG_S_09253731aee177eb', '半导体实验平台', '开展卫星互联网关键实验', '调试', '2023-07-25', 15000, '2026-06-15T12:00:00+00:00', '2026-06-15T12:00:00+00:00');
INSERT INTO org_facility (org_id, name, purpose, experiment_status, launch_date, construction_cost_wan_usd, created_at, updated_at) VALUES ('ORG_S_09253731aee177eb', '航空航天实验平台', '开展脑机接口关键实验', '运行中', '2022-04-01', 8000, '2026-06-15T12:00:00+00:00', '2026-06-15T12:00:00+00:00');
INSERT INTO entity_change_log (entity_id, entity_type, field, old_value, new_value, method, operator, source_doc_id, reason, changed_at) VALUES ('ORG_S_09253731aee177eb', 'org', '*', NULL, '{"action": "create"}'::json, 'rule', NULL, 'mock_seed', NULL, '2026-06-15T12:00:00+00:00');
INSERT INTO org_profile (org_id, name_cn, name_en, name_other, country, founded_date, dissolved_date, operating_years, website, summary, org_types, nature, function, scale, tech_domains, predecessor_names, departments, strategic_plans, evaluation_report, new_key_projects, remark, confidence, completeness, created_at, updated_at) VALUES ('ORG_S_0981b2c839d14131', '中科微纳股份', 'Org-004', '[]'::json, '日本', '1992-09-09', NULL, 34, 'www.org-004.example.com', '中科微纳股份是聚焦半导体、先进算力、脑机接口等领域的抽象机构，致力于前沿技术研发与成果转化。', '["试验鉴定机构"]'::json, '抽象机构', '基础研究', 200, '["半导体", "先进算力", "脑机接口", "光电技术", "机器人"]'::json, '[]'::json, '中科微纳股份下设基础研究部、应用工程部、国际合作部', '["2021-2025五年发展规划", "2026-2030五年发展规划"]'::json, '中科微纳股份在半导体领域处于国内领先水平。', '["毫米波雷达", "金属3D打印"]'::json, '', 0.777, 0.88, '2026-06-15T12:00:00+00:00', '2026-06-15T12:00:00+00:00');
INSERT INTO org_history (org_id, change_date, change_description, created_at, updated_at) VALUES ('ORG_S_0981b2c839d14131', '2015-12-02', '成立光电技术研究中心', '2026-06-15T12:00:00+00:00', '2026-06-15T12:00:00+00:00');
INSERT INTO org_history (org_id, change_date, change_description, created_at, updated_at) VALUES ('ORG_S_0981b2c839d14131', '2019-07-20', '完成股份制改革', '2026-06-15T12:00:00+00:00', '2026-06-15T12:00:00+00:00');
INSERT INTO org_history (org_id, change_date, change_description, created_at, updated_at) VALUES ('ORG_S_0981b2c839d14131', '2021-02-14', '获批国家重点实验室', '2026-06-15T12:00:00+00:00', '2026-06-15T12:00:00+00:00');
INSERT INTO org_award (org_id, description, name, reason, award_date, level, award_type, created_at, updated_at) VALUES ('ORG_S_0981b2c839d14131', '', '省部级一等奖', '在光电技术取得突破', '2020-06-28', '省部级', '工程', '2026-06-15T12:00:00+00:00', '2026-06-15T12:00:00+00:00');
INSERT INTO org_award (org_id, description, name, reason, award_date, level, award_type, created_at, updated_at) VALUES ('ORG_S_0981b2c839d14131', '', '国家科技进步奖', '在光电技术取得突破', '2017-02-15', '省部级', '科技', '2026-06-15T12:00:00+00:00', '2026-06-15T12:00:00+00:00');
INSERT INTO org_output (org_id, name, form, author, publish_date, attachment, created_at, updated_at) VALUES ('ORG_S_0981b2c839d14131', '机器人关键技术', '论文', '中科微纳股份', '2020-08-23', '', '2026-06-15T12:00:00+00:00', '2026-06-15T12:00:00+00:00');
INSERT INTO org_output (org_id, name, form, author, publish_date, attachment, created_at, updated_at) VALUES ('ORG_S_0981b2c839d14131', '光电技术系统', '软件著作权', '中科微纳股份', '2020-08-27', '', '2026-06-15T12:00:00+00:00', '2026-06-15T12:00:00+00:00');
INSERT INTO org_output (org_id, name, form, author, publish_date, attachment, created_at, updated_at) VALUES ('ORG_S_0981b2c839d14131', '光电技术标准', '专利', '中科微纳股份', '2020-07-07', '', '2026-06-15T12:00:00+00:00', '2026-06-15T12:00:00+00:00');
INSERT INTO org_team (org_id, top_talents, award_winners, team_size, talent_type, created_at, updated_at) VALUES ('ORG_S_0981b2c839d14131', '["韩刚院士"]'::json, '["罗海燕"]'::json, 200, '研发团队', '2026-06-15T12:00:00+00:00', '2026-06-15T12:00:00+00:00');
INSERT INTO org_facility (org_id, name, purpose, experiment_status, launch_date, construction_cost_wan_usd, created_at, updated_at) VALUES ('ORG_S_0981b2c839d14131', '脑机接口实验平台', '开展光电技术关键实验', '在建', '2022-12-23', 2000, '2026-06-15T12:00:00+00:00', '2026-06-15T12:00:00+00:00');
INSERT INTO org_facility (org_id, name, purpose, experiment_status, launch_date, construction_cost_wan_usd, created_at, updated_at) VALUES ('ORG_S_0981b2c839d14131', '机器人实验平台', '开展先进算力关键实验', '在建', '2021-04-26', 15000, '2026-06-15T12:00:00+00:00', '2026-06-15T12:00:00+00:00');
INSERT INTO entity_change_log (entity_id, entity_type, field, old_value, new_value, method, operator, source_doc_id, reason, changed_at) VALUES ('ORG_S_0981b2c839d14131', 'org', '*', NULL, '{"action": "create"}'::json, 'rule', NULL, 'mock_seed', NULL, '2026-06-15T12:00:00+00:00');
INSERT INTO org_profile (org_id, name_cn, name_en, name_other, country, founded_date, dissolved_date, operating_years, website, summary, org_types, nature, function, scale, tech_domains, predecessor_names, departments, strategic_plans, evaluation_report, new_key_projects, remark, confidence, completeness, created_at, updated_at) VALUES ('ORG_S_965fe787f2a344c4', '中生医研究所', 'Org-005', '[]'::json, '俄罗斯', '1964-12-25', NULL, 62, 'www.org-005.example.com', '中生医研究所是聚焦网络安全、氢能等领域的实体机构，致力于前沿技术研发与成果转化。', '["其他"]'::json, '实体机构', '技术开发', 8000, '["网络安全", "氢能"]'::json, '[]'::json, '中生医研究所下设基础研究部、应用工程部、国际合作部', '["2021-2025五年发展规划", "2026-2030五年发展规划"]'::json, '中生医研究所在氢能领域处于国内领先水平。', '["自动驾驶域控制器", "毫米波雷达"]'::json, '', 0.872, 0.943, '2026-06-15T12:00:00+00:00', '2026-06-15T12:00:00+00:00');
INSERT INTO org_history (org_id, change_date, change_description, created_at, updated_at) VALUES ('ORG_S_965fe787f2a344c4', '2014-09-11', '成立网络安全研究中心', '2026-06-15T12:00:00+00:00', '2026-06-15T12:00:00+00:00');
INSERT INTO org_history (org_id, change_date, change_description, created_at, updated_at) VALUES ('ORG_S_965fe787f2a344c4', '2011-02-03', '完成股份制改革', '2026-06-15T12:00:00+00:00', '2026-06-15T12:00:00+00:00');
INSERT INTO org_history (org_id, change_date, change_description, created_at, updated_at) VALUES ('ORG_S_965fe787f2a344c4', '2014-06-10', '获批国家重点实验室', '2026-06-15T12:00:00+00:00', '2026-06-15T12:00:00+00:00');
INSERT INTO org_award (org_id, description, name, reason, award_date, level, award_type, created_at, updated_at) VALUES ('ORG_S_965fe787f2a344c4', '', '国家科技进步奖', '在网络安全取得突破', '2019-09-13', '行业级', '科技', '2026-06-15T12:00:00+00:00', '2026-06-15T12:00:00+00:00');
INSERT INTO org_award (org_id, description, name, reason, award_date, level, award_type, created_at, updated_at) VALUES ('ORG_S_965fe787f2a344c4', '', '省部级一等奖', '在网络安全取得突破', '2023-03-01', '行业级', '科技', '2026-06-15T12:00:00+00:00', '2026-06-15T12:00:00+00:00');
INSERT INTO org_output (org_id, name, form, author, publish_date, attachment, created_at, updated_at) VALUES ('ORG_S_965fe787f2a344c4', '氢能标准', '论文', '中生医研究所', '2021-01-19', '', '2026-06-15T12:00:00+00:00', '2026-06-15T12:00:00+00:00');
INSERT INTO org_output (org_id, name, form, author, publish_date, attachment, created_at, updated_at) VALUES ('ORG_S_965fe787f2a344c4', '网络安全系统', '专利', '中生医研究所', '2024-12-16', '', '2026-06-15T12:00:00+00:00', '2026-06-15T12:00:00+00:00');
INSERT INTO org_output (org_id, name, form, author, publish_date, attachment, created_at, updated_at) VALUES ('ORG_S_965fe787f2a344c4', '网络安全系统', '软件著作权', '中生医研究所', '2018-09-12', '', '2026-06-15T12:00:00+00:00', '2026-06-15T12:00:00+00:00');
INSERT INTO org_output (org_id, name, form, author, publish_date, attachment, created_at, updated_at) VALUES ('ORG_S_965fe787f2a344c4', '氢能系统', '论文', '中生医研究所', '2021-12-02', '', '2026-06-15T12:00:00+00:00', '2026-06-15T12:00:00+00:00');
INSERT INTO org_team (org_id, top_talents, award_winners, team_size, talent_type, created_at, updated_at) VALUES ('ORG_S_965fe787f2a344c4', '["赵洋院士"]'::json, '["林志强霞"]'::json, 200, '工程团队', '2026-06-15T12:00:00+00:00', '2026-06-15T12:00:00+00:00');
INSERT INTO org_facility (org_id, name, purpose, experiment_status, launch_date, construction_cost_wan_usd, created_at, updated_at) VALUES ('ORG_S_965fe787f2a344c4', '氢能实验平台', '开展氢能关键实验', '调试', '2018-09-11', 2000, '2026-06-15T12:00:00+00:00', '2026-06-15T12:00:00+00:00');
INSERT INTO entity_change_log (entity_id, entity_type, field, old_value, new_value, method, operator, source_doc_id, reason, changed_at) VALUES ('ORG_S_965fe787f2a344c4', 'org', '*', NULL, '{"action": "create"}'::json, 'rule', NULL, 'mock_seed', NULL, '2026-06-15T12:00:00+00:00');
INSERT INTO org_profile (org_id, name_cn, name_en, name_other, country, founded_date, dissolved_date, operating_years, website, summary, org_types, nature, function, scale, tech_domains, predecessor_names, departments, strategic_plans, evaluation_report, new_key_projects, remark, confidence, completeness, created_at, updated_at) VALUES ('ORG_S_1428390dadec8430', '航天先进实验室', 'Org-006', '[]'::json, '新加坡', '2003-02-17', NULL, 23, 'www.org-006.example.com', '航天先进实验室是聚焦网络安全、碳捕集、氢能等领域的抽象机构，致力于前沿技术研发与成果转化。', '["其他", "科研机构"]'::json, '抽象机构', '人才培养', 200, '["网络安全", "碳捕集", "氢能", "半导体", "大模型"]'::json, '[]'::json, '航天先进实验室下设基础研究部、应用工程部、国际合作部', '["2021-2025五年发展规划", "2026-2030五年发展规划"]'::json, '航天先进实验室在氢能领域处于国内领先水平。', '["碳化硅功率器件", "可重复使用火箭", "深海潜水器"]'::json, '', 0.947, 0.623, '2026-06-15T12:00:00+00:00', '2026-06-15T12:00:00+00:00');
INSERT INTO org_history (org_id, change_date, change_description, created_at, updated_at) VALUES ('ORG_S_1428390dadec8430', '2021-07-15', '成立碳捕集研究中心', '2026-06-15T12:00:00+00:00', '2026-06-15T12:00:00+00:00');
INSERT INTO org_history (org_id, change_date, change_description, created_at, updated_at) VALUES ('ORG_S_1428390dadec8430', '2024-12-17', '完成股份制改革', '2026-06-15T12:00:00+00:00', '2026-06-15T12:00:00+00:00');
INSERT INTO org_history (org_id, change_date, change_description, created_at, updated_at) VALUES ('ORG_S_1428390dadec8430', '2011-03-12', '获批国家重点实验室', '2026-06-15T12:00:00+00:00', '2026-06-15T12:00:00+00:00');
INSERT INTO org_award (org_id, description, name, reason, award_date, level, award_type, created_at, updated_at) VALUES ('ORG_S_1428390dadec8430', '', '省部级一等奖', '在碳捕集取得突破', '2023-09-01', '国家级', '创新', '2026-06-15T12:00:00+00:00', '2026-06-15T12:00:00+00:00');
INSERT INTO org_award (org_id, description, name, reason, award_date, level, award_type, created_at, updated_at) VALUES ('ORG_S_1428390dadec8430', '', '国家科技进步奖', '在网络安全取得突破', '2020-05-14', '省部级', '创新', '2026-06-15T12:00:00+00:00', '2026-06-15T12:00:00+00:00');
INSERT INTO org_output (org_id, name, form, author, publish_date, attachment, created_at, updated_at) VALUES ('ORG_S_1428390dadec8430', '碳捕集标准', '论文', '航天先进实验室', '2018-03-17', '', '2026-06-15T12:00:00+00:00', '2026-06-15T12:00:00+00:00');
INSERT INTO org_output (org_id, name, form, author, publish_date, attachment, created_at, updated_at) VALUES ('ORG_S_1428390dadec8430', '大模型标准', '标准', '航天先进实验室', '2023-01-21', '', '2026-06-15T12:00:00+00:00', '2026-06-15T12:00:00+00:00');
INSERT INTO org_output (org_id, name, form, author, publish_date, attachment, created_at, updated_at) VALUES ('ORG_S_1428390dadec8430', '半导体关键技术', '标准', '航天先进实验室', '2021-04-09', '', '2026-06-15T12:00:00+00:00', '2026-06-15T12:00:00+00:00');
INSERT INTO org_output (org_id, name, form, author, publish_date, attachment, created_at, updated_at) VALUES ('ORG_S_1428390dadec8430', '半导体关键技术', '标准', '航天先进实验室', '2024-05-27', '', '2026-06-15T12:00:00+00:00', '2026-06-15T12:00:00+00:00');
INSERT INTO org_team (org_id, top_talents, award_winners, team_size, talent_type, created_at, updated_at) VALUES ('ORG_S_1428390dadec8430', '["韩超院士", "高平涛院士"]'::json, '["马婷超", "罗宁", "罗峰瑞"]'::json, 1000, '工程团队', '2026-06-15T12:00:00+00:00', '2026-06-15T12:00:00+00:00');
INSERT INTO org_facility (org_id, name, purpose, experiment_status, launch_date, construction_cost_wan_usd, created_at, updated_at) VALUES ('ORG_S_1428390dadec8430', '碳捕集实验平台', '开展大模型关键实验', '调试', '2018-08-20', 8000, '2026-06-15T12:00:00+00:00', '2026-06-15T12:00:00+00:00');
INSERT INTO entity_change_log (entity_id, entity_type, field, old_value, new_value, method, operator, source_doc_id, reason, changed_at) VALUES ('ORG_S_1428390dadec8430', 'org', '*', NULL, '{"action": "create"}'::json, 'rule', NULL, 'mock_seed', NULL, '2026-06-15T12:00:00+00:00');
INSERT INTO org_profile (org_id, name_cn, name_en, name_other, country, founded_date, dissolved_date, operating_years, website, summary, org_types, nature, function, scale, tech_domains, predecessor_names, departments, strategic_plans, evaluation_report, new_key_projects, remark, confidence, completeness, created_at, updated_at) VALUES ('ORG_S_849d7fbd4296823b', '中科未来集团', 'Org-007', '[]'::json, '英国', '2000-07-15', NULL, 26, 'www.org-007.example.com', '中科未来集团是聚焦航空航天、新材料等领域的实体机构，致力于前沿技术研发与成果转化。', '["企业", "科研机构", "高校"]'::json, '实体机构', '人才培养', 200, '["航空航天", "新材料"]'::json, '[]'::json, '中科未来集团下设基础研究部、应用工程部、国际合作部', '["2021-2025五年发展规划", "2026-2030五年发展规划"]'::json, '中科未来集团在航空航天领域处于国内领先水平。', '["卫星星座组网", "毫米波雷达"]'::json, '', 0.913, 0.656, '2026-06-15T12:00:00+00:00', '2026-06-15T12:00:00+00:00');
INSERT INTO org_history (org_id, change_date, change_description, created_at, updated_at) VALUES ('ORG_S_849d7fbd4296823b', '2012-08-09', '成立新材料研究中心', '2026-06-15T12:00:00+00:00', '2026-06-15T12:00:00+00:00');
INSERT INTO org_history (org_id, change_date, change_description, created_at, updated_at) VALUES ('ORG_S_849d7fbd4296823b', '2023-04-13', '完成股份制改革', '2026-06-15T12:00:00+00:00', '2026-06-15T12:00:00+00:00');
INSERT INTO org_history (org_id, change_date, change_description, created_at, updated_at) VALUES ('ORG_S_849d7fbd4296823b', '2024-01-25', '获批国家重点实验室', '2026-06-15T12:00:00+00:00', '2026-06-15T12:00:00+00:00');
INSERT INTO org_award (org_id, description, name, reason, award_date, level, award_type, created_at, updated_at) VALUES ('ORG_S_849d7fbd4296823b', '', '省部级一等奖', '在航空航天取得突破', '2019-08-18', '国家级', '工程', '2026-06-15T12:00:00+00:00', '2026-06-15T12:00:00+00:00');
INSERT INTO org_award (org_id, description, name, reason, award_date, level, award_type, created_at, updated_at) VALUES ('ORG_S_849d7fbd4296823b', '', '省部级一等奖', '在新材料取得突破', '2015-09-27', '国家级', '创新', '2026-06-15T12:00:00+00:00', '2026-06-15T12:00:00+00:00');
INSERT INTO org_output (org_id, name, form, author, publish_date, attachment, created_at, updated_at) VALUES ('ORG_S_849d7fbd4296823b', '新材料系统', '论文', '中科未来集团', '2019-06-19', '', '2026-06-15T12:00:00+00:00', '2026-06-15T12:00:00+00:00');
INSERT INTO org_output (org_id, name, form, author, publish_date, attachment, created_at, updated_at) VALUES ('ORG_S_849d7fbd4296823b', '新材料系统', '标准', '中科未来集团', '2022-05-16', '', '2026-06-15T12:00:00+00:00', '2026-06-15T12:00:00+00:00');
INSERT INTO org_output (org_id, name, form, author, publish_date, attachment, created_at, updated_at) VALUES ('ORG_S_849d7fbd4296823b', '新材料关键技术', '论文', '中科未来集团', '2024-02-25', '', '2026-06-15T12:00:00+00:00', '2026-06-15T12:00:00+00:00');
INSERT INTO org_output (org_id, name, form, author, publish_date, attachment, created_at, updated_at) VALUES ('ORG_S_849d7fbd4296823b', '新材料标准', '软件著作权', '中科未来集团', '2024-08-28', '', '2026-06-15T12:00:00+00:00', '2026-06-15T12:00:00+00:00');
INSERT INTO org_team (org_id, top_talents, award_winners, team_size, talent_type, created_at, updated_at) VALUES ('ORG_S_849d7fbd4296823b', '["郭刚院士"]'::json, '["唐宇航斌", "王杰涛"]'::json, 200, '研发团队', '2026-06-15T12:00:00+00:00', '2026-06-15T12:00:00+00:00');
INSERT INTO org_facility (org_id, name, purpose, experiment_status, launch_date, construction_cost_wan_usd, created_at, updated_at) VALUES ('ORG_S_849d7fbd4296823b', '新材料实验平台', '开展航空航天关键实验', '调试', '2019-11-17', 500, '2026-06-15T12:00:00+00:00', '2026-06-15T12:00:00+00:00');
INSERT INTO org_facility (org_id, name, purpose, experiment_status, launch_date, construction_cost_wan_usd, created_at, updated_at) VALUES ('ORG_S_849d7fbd4296823b', '新材料实验平台', '开展新材料关键实验', '运行中', '2019-05-10', 8000, '2026-06-15T12:00:00+00:00', '2026-06-15T12:00:00+00:00');
INSERT INTO entity_change_log (entity_id, entity_type, field, old_value, new_value, method, operator, source_doc_id, reason, changed_at) VALUES ('ORG_S_849d7fbd4296823b', 'org', '*', NULL, '{"action": "create"}'::json, 'rule', NULL, 'mock_seed', NULL, '2026-06-15T12:00:00+00:00');
INSERT INTO org_profile (org_id, name_cn, name_en, name_other, country, founded_date, dissolved_date, operating_years, website, summary, org_types, nature, function, scale, tech_domains, predecessor_names, departments, strategic_plans, evaluation_report, new_key_projects, remark, confidence, completeness, created_at, updated_at) VALUES ('ORG_S_a24c6a6640893373', '东方微纳股份', 'Org-008', '[]'::json, '德国', '1972-02-19', NULL, 54, 'www.org-008.example.com', '东方微纳股份是聚焦光电技术、大模型、量子计算等领域的实体机构，致力于前沿技术研发与成果转化。', '["咨询机构", "高校"]'::json, '实体机构', '技术开发', 500, '["光电技术", "大模型", "量子计算"]'::json, '[]'::json, '东方微纳股份下设基础研究部、应用工程部、国际合作部', '["2021-2025五年发展规划", "2026-2030五年发展规划"]'::json, '东方微纳股份在量子计算领域处于国内领先水平。', '["仿生机械臂", "金属3D打印"]'::json, '', 0.848, 0.879, '2026-06-15T12:00:00+00:00', '2026-06-15T12:00:00+00:00');
INSERT INTO org_history (org_id, change_date, change_description, created_at, updated_at) VALUES ('ORG_S_a24c6a6640893373', '2019-10-21', '成立大模型研究中心', '2026-06-15T12:00:00+00:00', '2026-06-15T12:00:00+00:00');
INSERT INTO org_history (org_id, change_date, change_description, created_at, updated_at) VALUES ('ORG_S_a24c6a6640893373', '2014-12-15', '完成股份制改革', '2026-06-15T12:00:00+00:00', '2026-06-15T12:00:00+00:00');
INSERT INTO org_history (org_id, change_date, change_description, created_at, updated_at) VALUES ('ORG_S_a24c6a6640893373', '2010-02-26', '获批国家重点实验室', '2026-06-15T12:00:00+00:00', '2026-06-15T12:00:00+00:00');
INSERT INTO org_award (org_id, description, name, reason, award_date, level, award_type, created_at, updated_at) VALUES ('ORG_S_a24c6a6640893373', '', '行业金奖', '在光电技术取得突破', '2024-06-23', '国家级', '科技', '2026-06-15T12:00:00+00:00', '2026-06-15T12:00:00+00:00');
INSERT INTO org_output (org_id, name, form, author, publish_date, attachment, created_at, updated_at) VALUES ('ORG_S_a24c6a6640893373', '量子计算标准', '标准', '东方微纳股份', '2022-11-14', '', '2026-06-15T12:00:00+00:00', '2026-06-15T12:00:00+00:00');
INSERT INTO org_output (org_id, name, form, author, publish_date, attachment, created_at, updated_at) VALUES ('ORG_S_a24c6a6640893373', '大模型关键技术', '标准', '东方微纳股份', '2020-07-10', '', '2026-06-15T12:00:00+00:00', '2026-06-15T12:00:00+00:00');
INSERT INTO org_output (org_id, name, form, author, publish_date, attachment, created_at, updated_at) VALUES ('ORG_S_a24c6a6640893373', '量子计算系统', '论文', '东方微纳股份', '2023-10-26', '', '2026-06-15T12:00:00+00:00', '2026-06-15T12:00:00+00:00');
INSERT INTO org_output (org_id, name, form, author, publish_date, attachment, created_at, updated_at) VALUES ('ORG_S_a24c6a6640893373', '光电技术标准', '软件著作权', '东方微纳股份', '2024-04-06', '', '2026-06-15T12:00:00+00:00', '2026-06-15T12:00:00+00:00');
INSERT INTO org_team (org_id, top_talents, award_winners, team_size, talent_type, created_at, updated_at) VALUES ('ORG_S_a24c6a6640893373', '["胡娟强院士", "刘杰院士"]'::json, '["张平建华", "孙磊", "李超明"]'::json, 200, '研发团队', '2026-06-15T12:00:00+00:00', '2026-06-15T12:00:00+00:00');
INSERT INTO org_facility (org_id, name, purpose, experiment_status, launch_date, construction_cost_wan_usd, created_at, updated_at) VALUES ('ORG_S_a24c6a6640893373', '量子计算实验平台', '开展大模型关键实验', '调试', '2018-06-24', 8000, '2026-06-15T12:00:00+00:00', '2026-06-15T12:00:00+00:00');
INSERT INTO org_facility (org_id, name, purpose, experiment_status, launch_date, construction_cost_wan_usd, created_at, updated_at) VALUES ('ORG_S_a24c6a6640893373', '量子计算实验平台', '开展光电技术关键实验', '运行中', '2024-12-26', 8000, '2026-06-15T12:00:00+00:00', '2026-06-15T12:00:00+00:00');
INSERT INTO entity_change_log (entity_id, entity_type, field, old_value, new_value, method, operator, source_doc_id, reason, changed_at) VALUES ('ORG_S_a24c6a6640893373', 'org', '*', NULL, '{"action": "create"}'::json, 'rule', NULL, 'mock_seed', NULL, '2026-06-15T12:00:00+00:00');
INSERT INTO org_profile (org_id, name_cn, name_en, name_other, country, founded_date, dissolved_date, operating_years, website, summary, org_types, nature, function, scale, tech_domains, predecessor_names, departments, strategic_plans, evaluation_report, new_key_projects, remark, confidence, completeness, created_at, updated_at) VALUES ('ORG_S_0b315f33774a3c81', '东方储能集团', 'Org-009', '[]'::json, '以色列', '1959-07-16', NULL, 67, 'www.org-009.example.com', '东方储能集团是聚焦增材制造、卫星互联网、航空航天等领域的实体机构，致力于前沿技术研发与成果转化。', '["高校"]'::json, '实体机构', '基础研究', 8000, '["增材制造", "卫星互联网", "航空航天", "集成电路"]'::json, '[]'::json, '东方储能集团下设基础研究部、应用工程部、国际合作部', '["2021-2025五年发展规划", "2026-2030五年发展规划"]'::json, '东方储能集团在卫星互联网领域处于国内领先水平。', '["碳纳米管", "钙钛矿太阳能电池"]'::json, '', 0.965, 0.684, '2026-06-15T12:00:00+00:00', '2026-06-15T12:00:00+00:00');
INSERT INTO org_history (org_id, change_date, change_description, created_at, updated_at) VALUES ('ORG_S_0b315f33774a3c81', '2022-10-02', '成立增材制造研究中心', '2026-06-15T12:00:00+00:00', '2026-06-15T12:00:00+00:00');
INSERT INTO org_history (org_id, change_date, change_description, created_at, updated_at) VALUES ('ORG_S_0b315f33774a3c81', '2020-07-22', '完成股份制改革', '2026-06-15T12:00:00+00:00', '2026-06-15T12:00:00+00:00');
INSERT INTO org_history (org_id, change_date, change_description, created_at, updated_at) VALUES ('ORG_S_0b315f33774a3c81', '2018-01-10', '获批国家重点实验室', '2026-06-15T12:00:00+00:00', '2026-06-15T12:00:00+00:00');
INSERT INTO org_award (org_id, description, name, reason, award_date, level, award_type, created_at, updated_at) VALUES ('ORG_S_0b315f33774a3c81', '', '省部级一等奖', '在航空航天取得突破', '2024-03-08', '行业级', '工程', '2026-06-15T12:00:00+00:00', '2026-06-15T12:00:00+00:00');
INSERT INTO org_output (org_id, name, form, author, publish_date, attachment, created_at, updated_at) VALUES ('ORG_S_0b315f33774a3c81', '增材制造系统', '论文', '东方储能集团', '2023-01-10', '', '2026-06-15T12:00:00+00:00', '2026-06-15T12:00:00+00:00');
INSERT INTO org_output (org_id, name, form, author, publish_date, attachment, created_at, updated_at) VALUES ('ORG_S_0b315f33774a3c81', '卫星互联网关键技术', '专利', '东方储能集团', '2018-01-19', '', '2026-06-15T12:00:00+00:00', '2026-06-15T12:00:00+00:00');
INSERT INTO org_output (org_id, name, form, author, publish_date, attachment, created_at, updated_at) VALUES ('ORG_S_0b315f33774a3c81', '航空航天标准', '论文', '东方储能集团', '2020-10-20', '', '2026-06-15T12:00:00+00:00', '2026-06-15T12:00:00+00:00');
INSERT INTO org_team (org_id, top_talents, award_winners, team_size, talent_type, created_at, updated_at) VALUES ('ORG_S_0b315f33774a3c81', '["朱超院士"]'::json, '["杨建华"]'::json, 200, '战略科学家团队', '2026-06-15T12:00:00+00:00', '2026-06-15T12:00:00+00:00');
INSERT INTO org_facility (org_id, name, purpose, experiment_status, launch_date, construction_cost_wan_usd, created_at, updated_at) VALUES ('ORG_S_0b315f33774a3c81', '卫星互联网实验平台', '开展航空航天关键实验', '在建', '2024-07-10', 500, '2026-06-15T12:00:00+00:00', '2026-06-15T12:00:00+00:00');
INSERT INTO org_facility (org_id, name, purpose, experiment_status, launch_date, construction_cost_wan_usd, created_at, updated_at) VALUES ('ORG_S_0b315f33774a3c81', '航空航天实验平台', '开展集成电路关键实验', '在建', '2020-02-17', 2000, '2026-06-15T12:00:00+00:00', '2026-06-15T12:00:00+00:00');
INSERT INTO entity_change_log (entity_id, entity_type, field, old_value, new_value, method, operator, source_doc_id, reason, changed_at) VALUES ('ORG_S_0b315f33774a3c81', 'org', '*', NULL, '{"action": "create"}'::json, 'rule', NULL, 'mock_seed', NULL, '2026-06-15T12:00:00+00:00');
INSERT INTO org_profile (org_id, name_cn, name_en, name_other, country, founded_date, dissolved_date, operating_years, website, summary, org_types, nature, function, scale, tech_domains, predecessor_names, departments, strategic_plans, evaluation_report, new_key_projects, remark, confidence, completeness, created_at, updated_at) VALUES ('ORG_S_9ded51216982342d', '航天生医高科', 'Org-010', '[]'::json, '日本', '1991-11-12', NULL, 35, 'www.org-010.example.com', '航天生医高科是聚焦先进算力、半导体等领域的实体机构，致力于前沿技术研发与成果转化。', '["高校", "咨询机构", "试验鉴定机构"]'::json, '实体机构', '技术开发', 3000, '["先进算力", "半导体"]'::json, '[]'::json, '航天生医高科下设基础研究部、应用工程部、国际合作部', '["2021-2025五年发展规划", "2026-2030五年发展规划"]'::json, '航天生医高科在先进算力领域处于国内领先水平。', '["碳纳米管"]'::json, '', 0.915, 0.706, '2026-06-15T12:00:00+00:00', '2026-06-15T12:00:00+00:00');
INSERT INTO org_history (org_id, change_date, change_description, created_at, updated_at) VALUES ('ORG_S_9ded51216982342d', '2017-09-10', '成立先进算力研究中心', '2026-06-15T12:00:00+00:00', '2026-06-15T12:00:00+00:00');
INSERT INTO org_history (org_id, change_date, change_description, created_at, updated_at) VALUES ('ORG_S_9ded51216982342d', '2013-11-22', '完成股份制改革', '2026-06-15T12:00:00+00:00', '2026-06-15T12:00:00+00:00');
INSERT INTO org_history (org_id, change_date, change_description, created_at, updated_at) VALUES ('ORG_S_9ded51216982342d', '2023-08-10', '获批国家重点实验室', '2026-06-15T12:00:00+00:00', '2026-06-15T12:00:00+00:00');
INSERT INTO org_award (org_id, description, name, reason, award_date, level, award_type, created_at, updated_at) VALUES ('ORG_S_9ded51216982342d', '', '行业金奖', '在先进算力取得突破', '2016-01-08', '行业级', '创新', '2026-06-15T12:00:00+00:00', '2026-06-15T12:00:00+00:00');
INSERT INTO org_award (org_id, description, name, reason, award_date, level, award_type, created_at, updated_at) VALUES ('ORG_S_9ded51216982342d', '', '行业金奖', '在半导体取得突破', '2016-11-04', '国家级', '工程', '2026-06-15T12:00:00+00:00', '2026-06-15T12:00:00+00:00');
INSERT INTO org_award (org_id, description, name, reason, award_date, level, award_type, created_at, updated_at) VALUES ('ORG_S_9ded51216982342d', '', '国家科技进步奖', '在半导体取得突破', '2024-09-24', '行业级', '科技', '2026-06-15T12:00:00+00:00', '2026-06-15T12:00:00+00:00');
INSERT INTO org_output (org_id, name, form, author, publish_date, attachment, created_at, updated_at) VALUES ('ORG_S_9ded51216982342d', '半导体系统', '标准', '航天生医高科', '2023-09-16', '', '2026-06-15T12:00:00+00:00', '2026-06-15T12:00:00+00:00');
INSERT INTO org_output (org_id, name, form, author, publish_date, attachment, created_at, updated_at) VALUES ('ORG_S_9ded51216982342d', '半导体标准', '软件著作权', '航天生医高科', '2019-06-22', '', '2026-06-15T12:00:00+00:00', '2026-06-15T12:00:00+00:00');
INSERT INTO org_output (org_id, name, form, author, publish_date, attachment, created_at, updated_at) VALUES ('ORG_S_9ded51216982342d', '半导体关键技术', '专利', '航天生医高科', '2020-11-26', '', '2026-06-15T12:00:00+00:00', '2026-06-15T12:00:00+00:00');
INSERT INTO org_output (org_id, name, form, author, publish_date, attachment, created_at, updated_at) VALUES ('ORG_S_9ded51216982342d', '半导体系统', '论文', '航天生医高科', '2019-02-09', '', '2026-06-15T12:00:00+00:00', '2026-06-15T12:00:00+00:00');
INSERT INTO org_team (org_id, top_talents, award_winners, team_size, talent_type, created_at, updated_at) VALUES ('ORG_S_9ded51216982342d', '["徐文博院士"]'::json, '["彭文博", "周文博", "何霞"]'::json, 500, '工程团队', '2026-06-15T12:00:00+00:00', '2026-06-15T12:00:00+00:00');
INSERT INTO org_facility (org_id, name, purpose, experiment_status, launch_date, construction_cost_wan_usd, created_at, updated_at) VALUES ('ORG_S_9ded51216982342d', '先进算力实验平台', '开展先进算力关键实验', '运行中', '2024-06-10', 500, '2026-06-15T12:00:00+00:00', '2026-06-15T12:00:00+00:00');
INSERT INTO org_facility (org_id, name, purpose, experiment_status, launch_date, construction_cost_wan_usd, created_at, updated_at) VALUES ('ORG_S_9ded51216982342d', '半导体实验平台', '开展半导体关键实验', '在建', '2019-11-28', 500, '2026-06-15T12:00:00+00:00', '2026-06-15T12:00:00+00:00');
INSERT INTO entity_change_log (entity_id, entity_type, field, old_value, new_value, method, operator, source_doc_id, reason, changed_at) VALUES ('ORG_S_9ded51216982342d', 'org', '*', NULL, '{"action": "create"}'::json, 'rule', NULL, 'mock_seed', NULL, '2026-06-15T12:00:00+00:00');
INSERT INTO org_profile (org_id, name_cn, name_en, name_other, country, founded_date, dissolved_date, operating_years, website, summary, org_types, nature, function, scale, tech_domains, predecessor_names, departments, strategic_plans, evaluation_report, new_key_projects, remark, confidence, completeness, created_at, updated_at) VALUES ('ORG_S_e2e944b3acd6a602', '东方信息研究院', 'Org-011', '[]'::json, '俄罗斯', '2002-03-27', NULL, 24, 'www.org-011.example.com', '东方信息研究院是聚焦人工智能、网络安全、脑机接口等领域的实体机构，致力于前沿技术研发与成果转化。', '["其他"]'::json, '实体机构', '基础研究', 15000, '["人工智能", "网络安全", "脑机接口", "碳捕集"]'::json, '[]'::json, '东方信息研究院下设基础研究部、应用工程部、国际合作部', '["2021-2025五年发展规划", "2026-2030五年发展规划"]'::json, '东方信息研究院在脑机接口领域处于国内领先水平。', '["自动驾驶域控制器"]'::json, '', 0.87, 0.843, '2026-06-15T12:00:00+00:00', '2026-06-15T12:00:00+00:00');
INSERT INTO org_history (org_id, change_date, change_description, created_at, updated_at) VALUES ('ORG_S_e2e944b3acd6a602', '2010-07-04', '成立网络安全研究中心', '2026-06-15T12:00:00+00:00', '2026-06-15T12:00:00+00:00');
INSERT INTO org_history (org_id, change_date, change_description, created_at, updated_at) VALUES ('ORG_S_e2e944b3acd6a602', '2022-02-25', '完成股份制改革', '2026-06-15T12:00:00+00:00', '2026-06-15T12:00:00+00:00');
INSERT INTO org_history (org_id, change_date, change_description, created_at, updated_at) VALUES ('ORG_S_e2e944b3acd6a602', '2014-02-22', '获批国家重点实验室', '2026-06-15T12:00:00+00:00', '2026-06-15T12:00:00+00:00');
INSERT INTO org_award (org_id, description, name, reason, award_date, level, award_type, created_at, updated_at) VALUES ('ORG_S_e2e944b3acd6a602', '', '行业金奖', '在网络安全取得突破', '2015-12-08', '行业级', '科技', '2026-06-15T12:00:00+00:00', '2026-06-15T12:00:00+00:00');
INSERT INTO org_output (org_id, name, form, author, publish_date, attachment, created_at, updated_at) VALUES ('ORG_S_e2e944b3acd6a602', '人工智能关键技术', '软件著作权', '东方信息研究院', '2023-04-23', '', '2026-06-15T12:00:00+00:00', '2026-06-15T12:00:00+00:00');
INSERT INTO org_output (org_id, name, form, author, publish_date, attachment, created_at, updated_at) VALUES ('ORG_S_e2e944b3acd6a602', '脑机接口关键技术', '论文', '东方信息研究院', '2020-04-24', '', '2026-06-15T12:00:00+00:00', '2026-06-15T12:00:00+00:00');
INSERT INTO org_output (org_id, name, form, author, publish_date, attachment, created_at, updated_at) VALUES ('ORG_S_e2e944b3acd6a602', '人工智能系统', '标准', '东方信息研究院', '2019-11-09', '', '2026-06-15T12:00:00+00:00', '2026-06-15T12:00:00+00:00');
INSERT INTO org_output (org_id, name, form, author, publish_date, attachment, created_at, updated_at) VALUES ('ORG_S_e2e944b3acd6a602', '碳捕集关键技术', '软件著作权', '东方信息研究院', '2019-12-22', '', '2026-06-15T12:00:00+00:00', '2026-06-15T12:00:00+00:00');
INSERT INTO org_team (org_id, top_talents, award_winners, team_size, talent_type, created_at, updated_at) VALUES ('ORG_S_e2e944b3acd6a602', '["曹斌洋院士", "胡桂英院士"]'::json, '["陈斌", "罗志强"]'::json, 500, '工程团队', '2026-06-15T12:00:00+00:00', '2026-06-15T12:00:00+00:00');
INSERT INTO org_facility (org_id, name, purpose, experiment_status, launch_date, construction_cost_wan_usd, created_at, updated_at) VALUES ('ORG_S_e2e944b3acd6a602', '人工智能实验平台', '开展脑机接口关键实验', '运行中', '2024-10-24', 2000, '2026-06-15T12:00:00+00:00', '2026-06-15T12:00:00+00:00');
INSERT INTO entity_change_log (entity_id, entity_type, field, old_value, new_value, method, operator, source_doc_id, reason, changed_at) VALUES ('ORG_S_e2e944b3acd6a602', 'org', '*', NULL, '{"action": "create"}'::json, 'rule', NULL, 'mock_seed', NULL, '2026-06-15T12:00:00+00:00');
INSERT INTO org_profile (org_id, name_cn, name_en, name_other, country, founded_date, dissolved_date, operating_years, website, summary, org_types, nature, function, scale, tech_domains, predecessor_names, departments, strategic_plans, evaluation_report, new_key_projects, remark, confidence, completeness, created_at, updated_at) VALUES ('ORG_S_c59daa8be1e46781', '新基因实验室', 'Org-012', '[]'::json, '俄罗斯', '1991-09-10', NULL, 35, 'www.org-012.example.com', '新基因实验室是聚焦量子计算、光电技术、脑机接口等领域的抽象机构，致力于前沿技术研发与成果转化。', '["管理机构", "咨询机构"]'::json, '抽象机构', '成果转化', 500, '["量子计算", "光电技术", "脑机接口", "集成电路", "6G通信"]'::json, '[]'::json, '新基因实验室下设基础研究部、应用工程部、国际合作部', '["2021-2025五年发展规划", "2026-2030五年发展规划"]'::json, '新基因实验室在集成电路领域处于国内领先水平。', '["毫米波雷达"]'::json, '', 0.968, 0.948, '2026-06-15T12:00:00+00:00', '2026-06-15T12:00:00+00:00');
INSERT INTO org_history (org_id, change_date, change_description, created_at, updated_at) VALUES ('ORG_S_c59daa8be1e46781', '2024-07-05', '成立脑机接口研究中心', '2026-06-15T12:00:00+00:00', '2026-06-15T12:00:00+00:00');
INSERT INTO org_history (org_id, change_date, change_description, created_at, updated_at) VALUES ('ORG_S_c59daa8be1e46781', '2019-12-11', '完成股份制改革', '2026-06-15T12:00:00+00:00', '2026-06-15T12:00:00+00:00');
INSERT INTO org_history (org_id, change_date, change_description, created_at, updated_at) VALUES ('ORG_S_c59daa8be1e46781', '2017-07-03', '获批国家重点实验室', '2026-06-15T12:00:00+00:00', '2026-06-15T12:00:00+00:00');
INSERT INTO org_award (org_id, description, name, reason, award_date, level, award_type, created_at, updated_at) VALUES ('ORG_S_c59daa8be1e46781', '', '国家科技进步奖', '在量子计算取得突破', '2021-11-15', '国家级', '科技', '2026-06-15T12:00:00+00:00', '2026-06-15T12:00:00+00:00');
INSERT INTO org_award (org_id, description, name, reason, award_date, level, award_type, created_at, updated_at) VALUES ('ORG_S_c59daa8be1e46781', '', '省部级一等奖', '在集成电路取得突破', '2018-09-06', '行业级', '创新', '2026-06-15T12:00:00+00:00', '2026-06-15T12:00:00+00:00');
INSERT INTO org_award (org_id, description, name, reason, award_date, level, award_type, created_at, updated_at) VALUES ('ORG_S_c59daa8be1e46781', '', '行业金奖', '在光电技术取得突破', '2023-07-06', '国家级', '创新', '2026-06-15T12:00:00+00:00', '2026-06-15T12:00:00+00:00');
INSERT INTO org_output (org_id, name, form, author, publish_date, attachment, created_at, updated_at) VALUES ('ORG_S_c59daa8be1e46781', '集成电路关键技术', '专利', '新基因实验室', '2019-05-18', '', '2026-06-15T12:00:00+00:00', '2026-06-15T12:00:00+00:00');
INSERT INTO org_output (org_id, name, form, author, publish_date, attachment, created_at, updated_at) VALUES ('ORG_S_c59daa8be1e46781', '6G通信关键技术', '论文', '新基因实验室', '2018-12-22', '', '2026-06-15T12:00:00+00:00', '2026-06-15T12:00:00+00:00');
INSERT INTO org_output (org_id, name, form, author, publish_date, attachment, created_at, updated_at) VALUES ('ORG_S_c59daa8be1e46781', '光电技术关键技术', '软件著作权', '新基因实验室', '2019-10-27', '', '2026-06-15T12:00:00+00:00', '2026-06-15T12:00:00+00:00');
INSERT INTO org_team (org_id, top_talents, award_winners, team_size, talent_type, created_at, updated_at) VALUES ('ORG_S_c59daa8be1e46781', '["宋艳强院士"]'::json, '["曹宇航", "何洋勇"]'::json, 500, '研发团队', '2026-06-15T12:00:00+00:00', '2026-06-15T12:00:00+00:00');
INSERT INTO org_facility (org_id, name, purpose, experiment_status, launch_date, construction_cost_wan_usd, created_at, updated_at) VALUES ('ORG_S_c59daa8be1e46781', '量子计算实验平台', '开展脑机接口关键实验', '调试', '2024-05-19', 2000, '2026-06-15T12:00:00+00:00', '2026-06-15T12:00:00+00:00');
INSERT INTO org_facility (org_id, name, purpose, experiment_status, launch_date, construction_cost_wan_usd, created_at, updated_at) VALUES ('ORG_S_c59daa8be1e46781', '光电技术实验平台', '开展量子计算关键实验', '运行中', '2020-12-16', 2000, '2026-06-15T12:00:00+00:00', '2026-06-15T12:00:00+00:00');
INSERT INTO entity_change_log (entity_id, entity_type, field, old_value, new_value, method, operator, source_doc_id, reason, changed_at) VALUES ('ORG_S_c59daa8be1e46781', 'org', '*', NULL, '{"action": "create"}'::json, 'rule', NULL, 'mock_seed', NULL, '2026-06-15T12:00:00+00:00');
INSERT INTO org_profile (org_id, name_cn, name_en, name_other, country, founded_date, dissolved_date, operating_years, website, summary, org_types, nature, function, scale, tech_domains, predecessor_names, departments, strategic_plans, evaluation_report, new_key_projects, remark, confidence, completeness, created_at, updated_at) VALUES ('ORG_S_4f735ca8e0c1da19', '南方量子高科', 'Org-013', '[]'::json, '日本', '1955-09-10', NULL, 71, 'www.org-013.example.com', '南方量子高科是聚焦5G通信、半导体、生物医药等领域的实体机构，致力于前沿技术研发与成果转化。', '["科研机构", "管理机构", "咨询机构"]'::json, '实体机构', '应用研究', 3000, '["5G通信", "半导体", "生物医药", "大模型", "先进算力"]'::json, '[]'::json, '南方量子高科下设基础研究部、应用工程部、国际合作部', '["2021-2025五年发展规划", "2026-2030五年发展规划"]'::json, '南方量子高科在大模型领域处于国内领先水平。', '["自动驾驶域控制器"]'::json, '', 0.845, 0.89, '2026-06-15T12:00:00+00:00', '2026-06-15T12:00:00+00:00');
INSERT INTO org_history (org_id, change_date, change_description, created_at, updated_at) VALUES ('ORG_S_4f735ca8e0c1da19', '2018-02-07', '成立半导体研究中心', '2026-06-15T12:00:00+00:00', '2026-06-15T12:00:00+00:00');
INSERT INTO org_history (org_id, change_date, change_description, created_at, updated_at) VALUES ('ORG_S_4f735ca8e0c1da19', '2022-09-02', '完成股份制改革', '2026-06-15T12:00:00+00:00', '2026-06-15T12:00:00+00:00');
INSERT INTO org_history (org_id, change_date, change_description, created_at, updated_at) VALUES ('ORG_S_4f735ca8e0c1da19', '2014-07-16', '获批国家重点实验室', '2026-06-15T12:00:00+00:00', '2026-06-15T12:00:00+00:00');
INSERT INTO org_award (org_id, description, name, reason, award_date, level, award_type, created_at, updated_at) VALUES ('ORG_S_4f735ca8e0c1da19', '', '省部级一等奖', '在生物医药取得突破', '2021-06-26', '省部级', '工程', '2026-06-15T12:00:00+00:00', '2026-06-15T12:00:00+00:00');
INSERT INTO org_award (org_id, description, name, reason, award_date, level, award_type, created_at, updated_at) VALUES ('ORG_S_4f735ca8e0c1da19', '', '省部级一等奖', '在先进算力取得突破', '2024-06-05', '国家级', '创新', '2026-06-15T12:00:00+00:00', '2026-06-15T12:00:00+00:00');
INSERT INTO org_output (org_id, name, form, author, publish_date, attachment, created_at, updated_at) VALUES ('ORG_S_4f735ca8e0c1da19', '半导体系统', '专利', '南方量子高科', '2023-07-02', '', '2026-06-15T12:00:00+00:00', '2026-06-15T12:00:00+00:00');
INSERT INTO org_output (org_id, name, form, author, publish_date, attachment, created_at, updated_at) VALUES ('ORG_S_4f735ca8e0c1da19', '生物医药关键技术', '软件著作权', '南方量子高科', '2018-09-13', '', '2026-06-15T12:00:00+00:00', '2026-06-15T12:00:00+00:00');
INSERT INTO org_output (org_id, name, form, author, publish_date, attachment, created_at, updated_at) VALUES ('ORG_S_4f735ca8e0c1da19', '先进算力标准', '软件著作权', '南方量子高科', '2019-02-20', '', '2026-06-15T12:00:00+00:00', '2026-06-15T12:00:00+00:00');
INSERT INTO org_team (org_id, top_talents, award_winners, team_size, talent_type, created_at, updated_at) VALUES ('ORG_S_4f735ca8e0c1da19', '["杨海燕院士", "梁婷院士"]'::json, '["冯宇航"]'::json, 500, '战略科学家团队', '2026-06-15T12:00:00+00:00', '2026-06-15T12:00:00+00:00');
INSERT INTO org_facility (org_id, name, purpose, experiment_status, launch_date, construction_cost_wan_usd, created_at, updated_at) VALUES ('ORG_S_4f735ca8e0c1da19', '先进算力实验平台', '开展先进算力关键实验', '调试', '2024-03-09', 8000, '2026-06-15T12:00:00+00:00', '2026-06-15T12:00:00+00:00');
INSERT INTO org_facility (org_id, name, purpose, experiment_status, launch_date, construction_cost_wan_usd, created_at, updated_at) VALUES ('ORG_S_4f735ca8e0c1da19', '半导体实验平台', '开展大模型关键实验', '调试', '2022-09-21', 500, '2026-06-15T12:00:00+00:00', '2026-06-15T12:00:00+00:00');
INSERT INTO entity_change_log (entity_id, entity_type, field, old_value, new_value, method, operator, source_doc_id, reason, changed_at) VALUES ('ORG_S_4f735ca8e0c1da19', 'org', '*', NULL, '{"action": "create"}'::json, 'rule', NULL, 'mock_seed', NULL, '2026-06-15T12:00:00+00:00');
INSERT INTO org_profile (org_id, name_cn, name_en, name_other, country, founded_date, dissolved_date, operating_years, website, summary, org_types, nature, function, scale, tech_domains, predecessor_names, departments, strategic_plans, evaluation_report, new_key_projects, remark, confidence, completeness, created_at, updated_at) VALUES ('ORG_S_d2248a4a90990e20', '航天光电股份', 'Org-014', '[]'::json, '美国', '1950-12-16', NULL, 76, 'www.org-014.example.com', '航天光电股份是聚焦无人机、增材制造等领域的抽象机构，致力于前沿技术研发与成果转化。', '["其他"]'::json, '抽象机构', '基础研究', 8000, '["无人机", "增材制造"]'::json, '[]'::json, '航天光电股份下设基础研究部、应用工程部、国际合作部', '["2021-2025五年发展规划", "2026-2030五年发展规划"]'::json, '航天光电股份在无人机领域处于国内领先水平。', '["碳化硅功率器件"]'::json, '', 0.875, 0.867, '2026-06-15T12:00:00+00:00', '2026-06-15T12:00:00+00:00');
INSERT INTO org_history (org_id, change_date, change_description, created_at, updated_at) VALUES ('ORG_S_d2248a4a90990e20', '2015-04-22', '成立增材制造研究中心', '2026-06-15T12:00:00+00:00', '2026-06-15T12:00:00+00:00');
INSERT INTO org_history (org_id, change_date, change_description, created_at, updated_at) VALUES ('ORG_S_d2248a4a90990e20', '2021-06-16', '完成股份制改革', '2026-06-15T12:00:00+00:00', '2026-06-15T12:00:00+00:00');
INSERT INTO org_history (org_id, change_date, change_description, created_at, updated_at) VALUES ('ORG_S_d2248a4a90990e20', '2016-05-24', '获批国家重点实验室', '2026-06-15T12:00:00+00:00', '2026-06-15T12:00:00+00:00');
INSERT INTO org_award (org_id, description, name, reason, award_date, level, award_type, created_at, updated_at) VALUES ('ORG_S_d2248a4a90990e20', '', '行业金奖', '在无人机取得突破', '2020-03-24', '国家级', '科技', '2026-06-15T12:00:00+00:00', '2026-06-15T12:00:00+00:00');
INSERT INTO org_award (org_id, description, name, reason, award_date, level, award_type, created_at, updated_at) VALUES ('ORG_S_d2248a4a90990e20', '', '省部级一等奖', '在无人机取得突破', '2020-09-14', '省部级', '工程', '2026-06-15T12:00:00+00:00', '2026-06-15T12:00:00+00:00');
INSERT INTO org_award (org_id, description, name, reason, award_date, level, award_type, created_at, updated_at) VALUES ('ORG_S_d2248a4a90990e20', '', '行业金奖', '在无人机取得突破', '2020-12-05', '省部级', '创新', '2026-06-15T12:00:00+00:00', '2026-06-15T12:00:00+00:00');
INSERT INTO org_output (org_id, name, form, author, publish_date, attachment, created_at, updated_at) VALUES ('ORG_S_d2248a4a90990e20', '增材制造关键技术', '软件著作权', '航天光电股份', '2021-11-01', '', '2026-06-15T12:00:00+00:00', '2026-06-15T12:00:00+00:00');
INSERT INTO org_output (org_id, name, form, author, publish_date, attachment, created_at, updated_at) VALUES ('ORG_S_d2248a4a90990e20', '无人机标准', '专利', '航天光电股份', '2023-04-25', '', '2026-06-15T12:00:00+00:00', '2026-06-15T12:00:00+00:00');
INSERT INTO org_output (org_id, name, form, author, publish_date, attachment, created_at, updated_at) VALUES ('ORG_S_d2248a4a90990e20', '增材制造系统', '标准', '航天光电股份', '2022-02-24', '', '2026-06-15T12:00:00+00:00', '2026-06-15T12:00:00+00:00');
INSERT INTO org_team (org_id, top_talents, award_winners, team_size, talent_type, created_at, updated_at) VALUES ('ORG_S_d2248a4a90990e20', '["刘刚院士", "唐霞斌院士"]'::json, '["孙桂英瑞"]'::json, 1000, '研发团队', '2026-06-15T12:00:00+00:00', '2026-06-15T12:00:00+00:00');
INSERT INTO org_facility (org_id, name, purpose, experiment_status, launch_date, construction_cost_wan_usd, created_at, updated_at) VALUES ('ORG_S_d2248a4a90990e20', '无人机实验平台', '开展增材制造关键实验', '调试', '2024-06-14', 15000, '2026-06-15T12:00:00+00:00', '2026-06-15T12:00:00+00:00');
INSERT INTO org_facility (org_id, name, purpose, experiment_status, launch_date, construction_cost_wan_usd, created_at, updated_at) VALUES ('ORG_S_d2248a4a90990e20', '增材制造实验平台', '开展无人机关键实验', '在建', '2021-04-01', 15000, '2026-06-15T12:00:00+00:00', '2026-06-15T12:00:00+00:00');
INSERT INTO entity_change_log (entity_id, entity_type, field, old_value, new_value, method, operator, source_doc_id, reason, changed_at) VALUES ('ORG_S_d2248a4a90990e20', 'org', '*', NULL, '{"action": "create"}'::json, 'rule', NULL, 'mock_seed', NULL, '2026-06-15T12:00:00+00:00');
INSERT INTO org_profile (org_id, name_cn, name_en, name_other, country, founded_date, dissolved_date, operating_years, website, summary, org_types, nature, function, scale, tech_domains, predecessor_names, departments, strategic_plans, evaluation_report, new_key_projects, remark, confidence, completeness, created_at, updated_at) VALUES ('ORG_S_b1697a598417ead1', '南方储能实验室', 'Org-015', '[]'::json, '法国', '1987-05-23', NULL, 39, 'www.org-015.example.com', '南方储能实验室是聚焦6G通信、5G通信、碳捕集等领域的实体机构，致力于前沿技术研发与成果转化。', '["科研机构", "高校"]'::json, '实体机构', '战略咨询', 500, '["6G通信", "5G通信", "碳捕集"]'::json, '[]'::json, '南方储能实验室下设基础研究部、应用工程部、国际合作部', '["2021-2025五年发展规划", "2026-2030五年发展规划"]'::json, '南方储能实验室在碳捕集领域处于国内领先水平。', '["神经形态芯片"]'::json, '', 0.768, 0.798, '2026-06-15T12:00:00+00:00', '2026-06-15T12:00:00+00:00');
INSERT INTO org_history (org_id, change_date, change_description, created_at, updated_at) VALUES ('ORG_S_b1697a598417ead1', '2024-05-10', '成立碳捕集研究中心', '2026-06-15T12:00:00+00:00', '2026-06-15T12:00:00+00:00');
INSERT INTO org_history (org_id, change_date, change_description, created_at, updated_at) VALUES ('ORG_S_b1697a598417ead1', '2013-02-10', '完成股份制改革', '2026-06-15T12:00:00+00:00', '2026-06-15T12:00:00+00:00');
INSERT INTO org_history (org_id, change_date, change_description, created_at, updated_at) VALUES ('ORG_S_b1697a598417ead1', '2020-04-10', '获批国家重点实验室', '2026-06-15T12:00:00+00:00', '2026-06-15T12:00:00+00:00');
INSERT INTO org_award (org_id, description, name, reason, award_date, level, award_type, created_at, updated_at) VALUES ('ORG_S_b1697a598417ead1', '', '省部级一等奖', '在6G通信取得突破', '2019-04-23', '省部级', '工程', '2026-06-15T12:00:00+00:00', '2026-06-15T12:00:00+00:00');
INSERT INTO org_award (org_id, description, name, reason, award_date, level, award_type, created_at, updated_at) VALUES ('ORG_S_b1697a598417ead1', '', '省部级一等奖', '在6G通信取得突破', '2018-11-20', '省部级', '创新', '2026-06-15T12:00:00+00:00', '2026-06-15T12:00:00+00:00');
INSERT INTO org_output (org_id, name, form, author, publish_date, attachment, created_at, updated_at) VALUES ('ORG_S_b1697a598417ead1', '6G通信标准', '标准', '南方储能实验室', '2024-08-05', '', '2026-06-15T12:00:00+00:00', '2026-06-15T12:00:00+00:00');
INSERT INTO org_output (org_id, name, form, author, publish_date, attachment, created_at, updated_at) VALUES ('ORG_S_b1697a598417ead1', '碳捕集系统', '论文', '南方储能实验室', '2022-02-03', '', '2026-06-15T12:00:00+00:00', '2026-06-15T12:00:00+00:00');
INSERT INTO org_output (org_id, name, form, author, publish_date, attachment, created_at, updated_at) VALUES ('ORG_S_b1697a598417ead1', '6G通信关键技术', '软件著作权', '南方储能实验室', '2018-03-21', '', '2026-06-15T12:00:00+00:00', '2026-06-15T12:00:00+00:00');
INSERT INTO org_team (org_id, top_talents, award_winners, team_size, talent_type, created_at, updated_at) VALUES ('ORG_S_b1697a598417ead1', '["周婷院士", "陈超俊杰院士"]'::json, '["林俊杰", "周平", "罗建华"]'::json, 500, '战略科学家团队', '2026-06-15T12:00:00+00:00', '2026-06-15T12:00:00+00:00');
INSERT INTO org_facility (org_id, name, purpose, experiment_status, launch_date, construction_cost_wan_usd, created_at, updated_at) VALUES ('ORG_S_b1697a598417ead1', '5G通信实验平台', '开展5G通信关键实验', '调试', '2018-12-23', 500, '2026-06-15T12:00:00+00:00', '2026-06-15T12:00:00+00:00');
INSERT INTO org_facility (org_id, name, purpose, experiment_status, launch_date, construction_cost_wan_usd, created_at, updated_at) VALUES ('ORG_S_b1697a598417ead1', '碳捕集实验平台', '开展6G通信关键实验', '在建', '2019-06-05', 500, '2026-06-15T12:00:00+00:00', '2026-06-15T12:00:00+00:00');
INSERT INTO entity_change_log (entity_id, entity_type, field, old_value, new_value, method, operator, source_doc_id, reason, changed_at) VALUES ('ORG_S_b1697a598417ead1', 'org', '*', NULL, '{"action": "create"}'::json, 'rule', NULL, 'mock_seed', NULL, '2026-06-15T12:00:00+00:00');
INSERT INTO org_profile (org_id, name_cn, name_en, name_other, country, founded_date, dissolved_date, operating_years, website, summary, org_types, nature, function, scale, tech_domains, predecessor_names, departments, strategic_plans, evaluation_report, new_key_projects, remark, confidence, completeness, created_at, updated_at) VALUES ('ORG_S_6ff12a960919978a', '新光电工程技术中心', 'Org-016', '[]'::json, '以色列', '2006-12-28', NULL, 20, 'www.org-016.example.com', '新光电工程技术中心是聚焦自动驾驶、5G通信等领域的抽象机构，致力于前沿技术研发与成果转化。', '["管理机构", "咨询机构"]'::json, '抽象机构', '成果转化', 8000, '["自动驾驶", "5G通信"]'::json, '[]'::json, '新光电工程技术中心下设基础研究部、应用工程部、国际合作部', '["2021-2025五年发展规划", "2026-2030五年发展规划"]'::json, '新光电工程技术中心在5G通信领域处于国内领先水平。', '["氢燃料电池电堆", "量子纠错码"]'::json, '', 0.744, 0.931, '2026-06-15T12:00:00+00:00', '2026-06-15T12:00:00+00:00');
INSERT INTO org_history (org_id, change_date, change_description, created_at, updated_at) VALUES ('ORG_S_6ff12a960919978a', '2023-02-24', '成立5G通信研究中心', '2026-06-15T12:00:00+00:00', '2026-06-15T12:00:00+00:00');
INSERT INTO org_history (org_id, change_date, change_description, created_at, updated_at) VALUES ('ORG_S_6ff12a960919978a', '2021-05-14', '完成股份制改革', '2026-06-15T12:00:00+00:00', '2026-06-15T12:00:00+00:00');
INSERT INTO org_history (org_id, change_date, change_description, created_at, updated_at) VALUES ('ORG_S_6ff12a960919978a', '2016-03-12', '获批国家重点实验室', '2026-06-15T12:00:00+00:00', '2026-06-15T12:00:00+00:00');
INSERT INTO org_award (org_id, description, name, reason, award_date, level, award_type, created_at, updated_at) VALUES ('ORG_S_6ff12a960919978a', '', '国家科技进步奖', '在5G通信取得突破', '2020-07-01', '国家级', '工程', '2026-06-15T12:00:00+00:00', '2026-06-15T12:00:00+00:00');
INSERT INTO org_award (org_id, description, name, reason, award_date, level, award_type, created_at, updated_at) VALUES ('ORG_S_6ff12a960919978a', '', '国家科技进步奖', '在自动驾驶取得突破', '2024-04-20', '行业级', '工程', '2026-06-15T12:00:00+00:00', '2026-06-15T12:00:00+00:00');
INSERT INTO org_output (org_id, name, form, author, publish_date, attachment, created_at, updated_at) VALUES ('ORG_S_6ff12a960919978a', '5G通信标准', '论文', '新光电工程技术中心', '2018-11-16', '', '2026-06-15T12:00:00+00:00', '2026-06-15T12:00:00+00:00');
INSERT INTO org_output (org_id, name, form, author, publish_date, attachment, created_at, updated_at) VALUES ('ORG_S_6ff12a960919978a', '5G通信标准', '论文', '新光电工程技术中心', '2021-02-27', '', '2026-06-15T12:00:00+00:00', '2026-06-15T12:00:00+00:00');
INSERT INTO org_output (org_id, name, form, author, publish_date, attachment, created_at, updated_at) VALUES ('ORG_S_6ff12a960919978a', '5G通信关键技术', '标准', '新光电工程技术中心', '2019-06-10', '', '2026-06-15T12:00:00+00:00', '2026-06-15T12:00:00+00:00');
INSERT INTO org_team (org_id, top_talents, award_winners, team_size, talent_type, created_at, updated_at) VALUES ('ORG_S_6ff12a960919978a', '["许伟超院士"]'::json, '["邓刚"]'::json, 500, '战略科学家团队', '2026-06-15T12:00:00+00:00', '2026-06-15T12:00:00+00:00');
INSERT INTO org_facility (org_id, name, purpose, experiment_status, launch_date, construction_cost_wan_usd, created_at, updated_at) VALUES ('ORG_S_6ff12a960919978a', '5G通信实验平台', '开展自动驾驶关键实验', '在建', '2018-06-20', 2000, '2026-06-15T12:00:00+00:00', '2026-06-15T12:00:00+00:00');
INSERT INTO org_facility (org_id, name, purpose, experiment_status, launch_date, construction_cost_wan_usd, created_at, updated_at) VALUES ('ORG_S_6ff12a960919978a', '5G通信实验平台', '开展自动驾驶关键实验', '调试', '2024-09-15', 15000, '2026-06-15T12:00:00+00:00', '2026-06-15T12:00:00+00:00');
INSERT INTO entity_change_log (entity_id, entity_type, field, old_value, new_value, method, operator, source_doc_id, reason, changed_at) VALUES ('ORG_S_6ff12a960919978a', 'org', '*', NULL, '{"action": "create"}'::json, 'rule', NULL, 'mock_seed', NULL, '2026-06-15T12:00:00+00:00');
INSERT INTO org_profile (org_id, name_cn, name_en, name_other, country, founded_date, dissolved_date, operating_years, website, summary, org_types, nature, function, scale, tech_domains, predecessor_names, departments, strategic_plans, evaluation_report, new_key_projects, remark, confidence, completeness, created_at, updated_at) VALUES ('ORG_S_f2abd06525b396de', '北方脑科学工程技术中心', 'Org-017', '[]'::json, '中国', '1989-05-23', NULL, 37, 'www.org-017.example.com', '北方脑科学工程技术中心是聚焦碳捕集、无人机、机器人等领域的实体机构，致力于前沿技术研发与成果转化。', '["试验鉴定机构"]'::json, '实体机构', '人才培养', 3000, '["碳捕集", "无人机", "机器人", "先进算力", "增材制造"]'::json, '[]'::json, '北方脑科学工程技术中心下设基础研究部、应用工程部、国际合作部', '["2021-2025五年发展规划", "2026-2030五年发展规划"]'::json, '北方脑科学工程技术中心在先进算力领域处于国内领先水平。', '["基因剪刀", "氢燃料电池电堆"]'::json, '', 0.708, 0.72, '2026-06-15T12:00:00+00:00', '2026-06-15T12:00:00+00:00');
INSERT INTO org_history (org_id, change_date, change_description, created_at, updated_at) VALUES ('ORG_S_f2abd06525b396de', '2018-01-13', '成立先进算力研究中心', '2026-06-15T12:00:00+00:00', '2026-06-15T12:00:00+00:00');
INSERT INTO org_history (org_id, change_date, change_description, created_at, updated_at) VALUES ('ORG_S_f2abd06525b396de', '2016-01-09', '完成股份制改革', '2026-06-15T12:00:00+00:00', '2026-06-15T12:00:00+00:00');
INSERT INTO org_history (org_id, change_date, change_description, created_at, updated_at) VALUES ('ORG_S_f2abd06525b396de', '2011-12-19', '获批国家重点实验室', '2026-06-15T12:00:00+00:00', '2026-06-15T12:00:00+00:00');
INSERT INTO org_award (org_id, description, name, reason, award_date, level, award_type, created_at, updated_at) VALUES ('ORG_S_f2abd06525b396de', '', '行业金奖', '在碳捕集取得突破', '2018-12-18', '行业级', '科技', '2026-06-15T12:00:00+00:00', '2026-06-15T12:00:00+00:00');
INSERT INTO org_award (org_id, description, name, reason, award_date, level, award_type, created_at, updated_at) VALUES ('ORG_S_f2abd06525b396de', '', '国家科技进步奖', '在先进算力取得突破', '2020-03-26', '行业级', '工程', '2026-06-15T12:00:00+00:00', '2026-06-15T12:00:00+00:00');
INSERT INTO org_award (org_id, description, name, reason, award_date, level, award_type, created_at, updated_at) VALUES ('ORG_S_f2abd06525b396de', '', '省部级一等奖', '在碳捕集取得突破', '2023-09-13', '省部级', '科技', '2026-06-15T12:00:00+00:00', '2026-06-15T12:00:00+00:00');
INSERT INTO org_output (org_id, name, form, author, publish_date, attachment, created_at, updated_at) VALUES ('ORG_S_f2abd06525b396de', '增材制造系统', '论文', '北方脑科学工程技术中心', '2022-05-19', '', '2026-06-15T12:00:00+00:00', '2026-06-15T12:00:00+00:00');
INSERT INTO org_output (org_id, name, form, author, publish_date, attachment, created_at, updated_at) VALUES ('ORG_S_f2abd06525b396de', '先进算力标准', '软件著作权', '北方脑科学工程技术中心', '2024-07-11', '', '2026-06-15T12:00:00+00:00', '2026-06-15T12:00:00+00:00');
INSERT INTO org_output (org_id, name, form, author, publish_date, attachment, created_at, updated_at) VALUES ('ORG_S_f2abd06525b396de', '无人机关键技术', '专利', '北方脑科学工程技术中心', '2020-05-28', '', '2026-06-15T12:00:00+00:00', '2026-06-15T12:00:00+00:00');
INSERT INTO org_team (org_id, top_talents, award_winners, team_size, talent_type, created_at, updated_at) VALUES ('ORG_S_f2abd06525b396de', '["马强超院士", "孙海燕杰院士"]'::json, '["朱艳"]'::json, 200, '战略科学家团队', '2026-06-15T12:00:00+00:00', '2026-06-15T12:00:00+00:00');
INSERT INTO org_facility (org_id, name, purpose, experiment_status, launch_date, construction_cost_wan_usd, created_at, updated_at) VALUES ('ORG_S_f2abd06525b396de', '增材制造实验平台', '开展无人机关键实验', '在建', '2023-03-16', 15000, '2026-06-15T12:00:00+00:00', '2026-06-15T12:00:00+00:00');
INSERT INTO entity_change_log (entity_id, entity_type, field, old_value, new_value, method, operator, source_doc_id, reason, changed_at) VALUES ('ORG_S_f2abd06525b396de', 'org', '*', NULL, '{"action": "create"}'::json, 'rule', NULL, 'mock_seed', NULL, '2026-06-15T12:00:00+00:00');
INSERT INTO org_profile (org_id, name_cn, name_en, name_other, country, founded_date, dissolved_date, operating_years, website, summary, org_types, nature, function, scale, tech_domains, predecessor_names, departments, strategic_plans, evaluation_report, new_key_projects, remark, confidence, completeness, created_at, updated_at) VALUES ('ORG_S_4e3d0ac71927d181', '南方聚变股份', 'Org-018', '[]'::json, '俄罗斯', '1959-10-15', NULL, 67, 'www.org-018.example.com', '南方聚变股份是聚焦增材制造、自动驾驶等领域的抽象机构，致力于前沿技术研发与成果转化。', '["试验鉴定机构"]'::json, '抽象机构', '成果转化', 15000, '["增材制造", "自动驾驶"]'::json, '[]'::json, '南方聚变股份下设基础研究部、应用工程部、国际合作部', '["2021-2025五年发展规划", "2026-2030五年发展规划"]'::json, '南方聚变股份在增材制造领域处于国内领先水平。', '["氢燃料电池电堆"]'::json, '', 0.739, 0.808, '2026-06-15T12:00:00+00:00', '2026-06-15T12:00:00+00:00');
INSERT INTO org_history (org_id, change_date, change_description, created_at, updated_at) VALUES ('ORG_S_4e3d0ac71927d181', '2010-06-15', '成立增材制造研究中心', '2026-06-15T12:00:00+00:00', '2026-06-15T12:00:00+00:00');
INSERT INTO org_history (org_id, change_date, change_description, created_at, updated_at) VALUES ('ORG_S_4e3d0ac71927d181', '2016-06-23', '完成股份制改革', '2026-06-15T12:00:00+00:00', '2026-06-15T12:00:00+00:00');
INSERT INTO org_history (org_id, change_date, change_description, created_at, updated_at) VALUES ('ORG_S_4e3d0ac71927d181', '2016-01-24', '获批国家重点实验室', '2026-06-15T12:00:00+00:00', '2026-06-15T12:00:00+00:00');
INSERT INTO org_award (org_id, description, name, reason, award_date, level, award_type, created_at, updated_at) VALUES ('ORG_S_4e3d0ac71927d181', '', '国家科技进步奖', '在增材制造取得突破', '2015-04-17', '行业级', '创新', '2026-06-15T12:00:00+00:00', '2026-06-15T12:00:00+00:00');
INSERT INTO org_output (org_id, name, form, author, publish_date, attachment, created_at, updated_at) VALUES ('ORG_S_4e3d0ac71927d181', '自动驾驶关键技术', '标准', '南方聚变股份', '2022-06-19', '', '2026-06-15T12:00:00+00:00', '2026-06-15T12:00:00+00:00');
INSERT INTO org_output (org_id, name, form, author, publish_date, attachment, created_at, updated_at) VALUES ('ORG_S_4e3d0ac71927d181', '增材制造标准', '专利', '南方聚变股份', '2024-08-21', '', '2026-06-15T12:00:00+00:00', '2026-06-15T12:00:00+00:00');
INSERT INTO org_output (org_id, name, form, author, publish_date, attachment, created_at, updated_at) VALUES ('ORG_S_4e3d0ac71927d181', '增材制造系统', '标准', '南方聚变股份', '2022-03-21', '', '2026-06-15T12:00:00+00:00', '2026-06-15T12:00:00+00:00');
INSERT INTO org_output (org_id, name, form, author, publish_date, attachment, created_at, updated_at) VALUES ('ORG_S_4e3d0ac71927d181', '增材制造标准', '专利', '南方聚变股份', '2023-04-22', '', '2026-06-15T12:00:00+00:00', '2026-06-15T12:00:00+00:00');
INSERT INTO org_team (org_id, top_talents, award_winners, team_size, talent_type, created_at, updated_at) VALUES ('ORG_S_4e3d0ac71927d181', '["王洋院士"]'::json, '["孙伟"]'::json, 500, '研发团队', '2026-06-15T12:00:00+00:00', '2026-06-15T12:00:00+00:00');
INSERT INTO org_facility (org_id, name, purpose, experiment_status, launch_date, construction_cost_wan_usd, created_at, updated_at) VALUES ('ORG_S_4e3d0ac71927d181', '自动驾驶实验平台', '开展增材制造关键实验', '调试', '2024-09-11', 2000, '2026-06-15T12:00:00+00:00', '2026-06-15T12:00:00+00:00');
INSERT INTO org_facility (org_id, name, purpose, experiment_status, launch_date, construction_cost_wan_usd, created_at, updated_at) VALUES ('ORG_S_4e3d0ac71927d181', '增材制造实验平台', '开展增材制造关键实验', '运行中', '2023-05-09', 2000, '2026-06-15T12:00:00+00:00', '2026-06-15T12:00:00+00:00');
INSERT INTO entity_change_log (entity_id, entity_type, field, old_value, new_value, method, operator, source_doc_id, reason, changed_at) VALUES ('ORG_S_4e3d0ac71927d181', 'org', '*', NULL, '{"action": "create"}'::json, 'rule', NULL, 'mock_seed', NULL, '2026-06-15T12:00:00+00:00');
INSERT INTO org_profile (org_id, name_cn, name_en, name_other, country, founded_date, dissolved_date, operating_years, website, summary, org_types, nature, function, scale, tech_domains, predecessor_names, departments, strategic_plans, evaluation_report, new_key_projects, remark, confidence, completeness, created_at, updated_at) VALUES ('ORG_S_c3fbb7915955d6c3', '中芯创集团', 'Org-019', '[]'::json, '以色列', '1960-01-28', NULL, 66, 'www.org-019.example.com', '中芯创集团是聚焦先进算力、新材料、半导体等领域的实体机构，致力于前沿技术研发与成果转化。', '["咨询机构"]'::json, '实体机构', '战略咨询', 500, '["先进算力", "新材料", "半导体"]'::json, '[]'::json, '中芯创集团下设基础研究部、应用工程部、国际合作部', '["2021-2025五年发展规划", "2026-2030五年发展规划"]'::json, '中芯创集团在半导体领域处于国内领先水平。', '["卫星星座组网", "钙钛矿太阳能电池"]'::json, '', 0.702, 0.734, '2026-06-15T12:00:00+00:00', '2026-06-15T12:00:00+00:00');
INSERT INTO org_history (org_id, change_date, change_description, created_at, updated_at) VALUES ('ORG_S_c3fbb7915955d6c3', '2018-04-07', '成立先进算力研究中心', '2026-06-15T12:00:00+00:00', '2026-06-15T12:00:00+00:00');
INSERT INTO org_history (org_id, change_date, change_description, created_at, updated_at) VALUES ('ORG_S_c3fbb7915955d6c3', '2014-02-16', '完成股份制改革', '2026-06-15T12:00:00+00:00', '2026-06-15T12:00:00+00:00');
INSERT INTO org_history (org_id, change_date, change_description, created_at, updated_at) VALUES ('ORG_S_c3fbb7915955d6c3', '2018-01-11', '获批国家重点实验室', '2026-06-15T12:00:00+00:00', '2026-06-15T12:00:00+00:00');
INSERT INTO org_award (org_id, description, name, reason, award_date, level, award_type, created_at, updated_at) VALUES ('ORG_S_c3fbb7915955d6c3', '', '省部级一等奖', '在半导体取得突破', '2015-04-11', '省部级', '工程', '2026-06-15T12:00:00+00:00', '2026-06-15T12:00:00+00:00');
INSERT INTO org_award (org_id, description, name, reason, award_date, level, award_type, created_at, updated_at) VALUES ('ORG_S_c3fbb7915955d6c3', '', '国家科技进步奖', '在先进算力取得突破', '2021-09-05', '行业级', '创新', '2026-06-15T12:00:00+00:00', '2026-06-15T12:00:00+00:00');
INSERT INTO org_output (org_id, name, form, author, publish_date, attachment, created_at, updated_at) VALUES ('ORG_S_c3fbb7915955d6c3', '先进算力标准', '软件著作权', '中芯创集团', '2018-10-23', '', '2026-06-15T12:00:00+00:00', '2026-06-15T12:00:00+00:00');
INSERT INTO org_output (org_id, name, form, author, publish_date, attachment, created_at, updated_at) VALUES ('ORG_S_c3fbb7915955d6c3', '新材料关键技术', '软件著作权', '中芯创集团', '2019-05-12', '', '2026-06-15T12:00:00+00:00', '2026-06-15T12:00:00+00:00');
INSERT INTO org_output (org_id, name, form, author, publish_date, attachment, created_at, updated_at) VALUES ('ORG_S_c3fbb7915955d6c3', '新材料标准', '软件著作权', '中芯创集团', '2019-03-13', '', '2026-06-15T12:00:00+00:00', '2026-06-15T12:00:00+00:00');
INSERT INTO org_output (org_id, name, form, author, publish_date, attachment, created_at, updated_at) VALUES ('ORG_S_c3fbb7915955d6c3', '半导体关键技术', '软件著作权', '中芯创集团', '2018-04-16', '', '2026-06-15T12:00:00+00:00', '2026-06-15T12:00:00+00:00');
INSERT INTO org_team (org_id, top_talents, award_winners, team_size, talent_type, created_at, updated_at) VALUES ('ORG_S_c3fbb7915955d6c3', '["冯建华伟院士", "胡磊院士"]'::json, '["曹斌", "许明", "胡刚瑞"]'::json, 500, '研发团队', '2026-06-15T12:00:00+00:00', '2026-06-15T12:00:00+00:00');
INSERT INTO org_facility (org_id, name, purpose, experiment_status, launch_date, construction_cost_wan_usd, created_at, updated_at) VALUES ('ORG_S_c3fbb7915955d6c3', '先进算力实验平台', '开展先进算力关键实验', '调试', '2021-08-06', 15000, '2026-06-15T12:00:00+00:00', '2026-06-15T12:00:00+00:00');
INSERT INTO entity_change_log (entity_id, entity_type, field, old_value, new_value, method, operator, source_doc_id, reason, changed_at) VALUES ('ORG_S_c3fbb7915955d6c3', 'org', '*', NULL, '{"action": "create"}'::json, 'rule', NULL, 'mock_seed', NULL, '2026-06-15T12:00:00+00:00');
INSERT INTO org_profile (org_id, name_cn, name_en, name_other, country, founded_date, dissolved_date, operating_years, website, summary, org_types, nature, function, scale, tech_domains, predecessor_names, departments, strategic_plans, evaluation_report, new_key_projects, remark, confidence, completeness, created_at, updated_at) VALUES ('ORG_S_dcc8ffff606de251', '东方芯创集团', 'Org-020', '[]'::json, '俄罗斯', '2009-05-04', NULL, 17, 'www.org-020.example.com', '东方芯创集团是聚焦深海装备、无人机、氢能等领域的实体机构，致力于前沿技术研发与成果转化。', '["科研机构"]'::json, '实体机构', '技术开发', 15000, '["深海装备", "无人机", "氢能"]'::json, '[]'::json, '东方芯创集团下设基础研究部、应用工程部、国际合作部', '["2021-2025五年发展规划", "2026-2030五年发展规划"]'::json, '东方芯创集团在深海装备领域处于国内领先水平。', '["太赫兹通信", "光量子计算", "神经形态芯片"]'::json, '', 0.959, 0.81, '2026-06-15T12:00:00+00:00', '2026-06-15T12:00:00+00:00');
INSERT INTO org_history (org_id, change_date, change_description, created_at, updated_at) VALUES ('ORG_S_dcc8ffff606de251', '2011-03-23', '成立无人机研究中心', '2026-06-15T12:00:00+00:00', '2026-06-15T12:00:00+00:00');
INSERT INTO org_history (org_id, change_date, change_description, created_at, updated_at) VALUES ('ORG_S_dcc8ffff606de251', '2013-05-23', '完成股份制改革', '2026-06-15T12:00:00+00:00', '2026-06-15T12:00:00+00:00');
INSERT INTO org_history (org_id, change_date, change_description, created_at, updated_at) VALUES ('ORG_S_dcc8ffff606de251', '2018-12-20', '获批国家重点实验室', '2026-06-15T12:00:00+00:00', '2026-06-15T12:00:00+00:00');
INSERT INTO org_award (org_id, description, name, reason, award_date, level, award_type, created_at, updated_at) VALUES ('ORG_S_dcc8ffff606de251', '', '行业金奖', '在氢能取得突破', '2019-11-06', '行业级', '创新', '2026-06-15T12:00:00+00:00', '2026-06-15T12:00:00+00:00');
INSERT INTO org_output (org_id, name, form, author, publish_date, attachment, created_at, updated_at) VALUES ('ORG_S_dcc8ffff606de251', '氢能关键技术', '专利', '东方芯创集团', '2019-01-10', '', '2026-06-15T12:00:00+00:00', '2026-06-15T12:00:00+00:00');
INSERT INTO org_output (org_id, name, form, author, publish_date, attachment, created_at, updated_at) VALUES ('ORG_S_dcc8ffff606de251', '深海装备标准', '标准', '东方芯创集团', '2024-02-08', '', '2026-06-15T12:00:00+00:00', '2026-06-15T12:00:00+00:00');
INSERT INTO org_team (org_id, top_talents, award_winners, team_size, talent_type, created_at, updated_at) VALUES ('ORG_S_dcc8ffff606de251', '["黄伟院士", "杨晓东雪松院士"]'::json, '["孙晓东娟"]'::json, 200, '战略科学家团队', '2026-06-15T12:00:00+00:00', '2026-06-15T12:00:00+00:00');
INSERT INTO org_facility (org_id, name, purpose, experiment_status, launch_date, construction_cost_wan_usd, created_at, updated_at) VALUES ('ORG_S_dcc8ffff606de251', '深海装备实验平台', '开展氢能关键实验', '运行中', '2022-06-08', 500, '2026-06-15T12:00:00+00:00', '2026-06-15T12:00:00+00:00');
INSERT INTO org_facility (org_id, name, purpose, experiment_status, launch_date, construction_cost_wan_usd, created_at, updated_at) VALUES ('ORG_S_dcc8ffff606de251', '无人机实验平台', '开展氢能关键实验', '运行中', '2021-01-10', 500, '2026-06-15T12:00:00+00:00', '2026-06-15T12:00:00+00:00');
INSERT INTO entity_change_log (entity_id, entity_type, field, old_value, new_value, method, operator, source_doc_id, reason, changed_at) VALUES ('ORG_S_dcc8ffff606de251', 'org', '*', NULL, '{"action": "create"}'::json, 'rule', NULL, 'mock_seed', NULL, '2026-06-15T12:00:00+00:00');
INSERT INTO org_profile (org_id, name_cn, name_en, name_other, country, founded_date, dissolved_date, operating_years, website, summary, org_types, nature, function, scale, tech_domains, predecessor_names, departments, strategic_plans, evaluation_report, new_key_projects, remark, confidence, completeness, created_at, updated_at) VALUES ('ORG_S_8fc36d4af453decc', '南方前沿集团', 'Org-021', '[]'::json, '法国', '1971-07-01', NULL, 55, 'www.org-021.example.com', '南方前沿集团是聚焦人工智能、脑机接口等领域的实体机构，致力于前沿技术研发与成果转化。', '["科研机构"]'::json, '实体机构', '基础研究', 3000, '["人工智能", "脑机接口"]'::json, '[]'::json, '南方前沿集团下设基础研究部、应用工程部、国际合作部', '["2021-2025五年发展规划", "2026-2030五年发展规划"]'::json, '南方前沿集团在脑机接口领域处于国内领先水平。', '["类脑计算架构"]'::json, '', 0.731, 0.813, '2026-06-15T12:00:00+00:00', '2026-06-15T12:00:00+00:00');
INSERT INTO org_history (org_id, change_date, change_description, created_at, updated_at) VALUES ('ORG_S_8fc36d4af453decc', '2021-05-17', '成立人工智能研究中心', '2026-06-15T12:00:00+00:00', '2026-06-15T12:00:00+00:00');
INSERT INTO org_history (org_id, change_date, change_description, created_at, updated_at) VALUES ('ORG_S_8fc36d4af453decc', '2024-06-23', '完成股份制改革', '2026-06-15T12:00:00+00:00', '2026-06-15T12:00:00+00:00');
INSERT INTO org_history (org_id, change_date, change_description, created_at, updated_at) VALUES ('ORG_S_8fc36d4af453decc', '2011-09-12', '获批国家重点实验室', '2026-06-15T12:00:00+00:00', '2026-06-15T12:00:00+00:00');
INSERT INTO org_award (org_id, description, name, reason, award_date, level, award_type, created_at, updated_at) VALUES ('ORG_S_8fc36d4af453decc', '', '国家科技进步奖', '在脑机接口取得突破', '2022-08-23', '行业级', '创新', '2026-06-15T12:00:00+00:00', '2026-06-15T12:00:00+00:00');
INSERT INTO org_award (org_id, description, name, reason, award_date, level, award_type, created_at, updated_at) VALUES ('ORG_S_8fc36d4af453decc', '', '省部级一等奖', '在人工智能取得突破', '2024-07-22', '省部级', '工程', '2026-06-15T12:00:00+00:00', '2026-06-15T12:00:00+00:00');
INSERT INTO org_award (org_id, description, name, reason, award_date, level, award_type, created_at, updated_at) VALUES ('ORG_S_8fc36d4af453decc', '', '国家科技进步奖', '在人工智能取得突破', '2016-09-04', '行业级', '工程', '2026-06-15T12:00:00+00:00', '2026-06-15T12:00:00+00:00');
INSERT INTO org_output (org_id, name, form, author, publish_date, attachment, created_at, updated_at) VALUES ('ORG_S_8fc36d4af453decc', '人工智能标准', '论文', '南方前沿集团', '2022-04-16', '', '2026-06-15T12:00:00+00:00', '2026-06-15T12:00:00+00:00');
INSERT INTO org_output (org_id, name, form, author, publish_date, attachment, created_at, updated_at) VALUES ('ORG_S_8fc36d4af453decc', '人工智能标准', '标准', '南方前沿集团', '2023-06-21', '', '2026-06-15T12:00:00+00:00', '2026-06-15T12:00:00+00:00');
INSERT INTO org_output (org_id, name, form, author, publish_date, attachment, created_at, updated_at) VALUES ('ORG_S_8fc36d4af453decc', '脑机接口系统', '标准', '南方前沿集团', '2024-07-04', '', '2026-06-15T12:00:00+00:00', '2026-06-15T12:00:00+00:00');
INSERT INTO org_output (org_id, name, form, author, publish_date, attachment, created_at, updated_at) VALUES ('ORG_S_8fc36d4af453decc', '脑机接口系统', '专利', '南方前沿集团', '2024-12-07', '', '2026-06-15T12:00:00+00:00', '2026-06-15T12:00:00+00:00');
INSERT INTO org_team (org_id, top_talents, award_winners, team_size, talent_type, created_at, updated_at) VALUES ('ORG_S_8fc36d4af453decc', '["林文博院士"]'::json, '["陈霞", "罗昊娟"]'::json, 200, '战略科学家团队', '2026-06-15T12:00:00+00:00', '2026-06-15T12:00:00+00:00');
INSERT INTO org_facility (org_id, name, purpose, experiment_status, launch_date, construction_cost_wan_usd, created_at, updated_at) VALUES ('ORG_S_8fc36d4af453decc', '人工智能实验平台', '开展脑机接口关键实验', '调试', '2018-08-28', 15000, '2026-06-15T12:00:00+00:00', '2026-06-15T12:00:00+00:00');
INSERT INTO entity_change_log (entity_id, entity_type, field, old_value, new_value, method, operator, source_doc_id, reason, changed_at) VALUES ('ORG_S_8fc36d4af453decc', 'org', '*', NULL, '{"action": "create"}'::json, 'rule', NULL, 'mock_seed', NULL, '2026-06-15T12:00:00+00:00');
INSERT INTO org_profile (org_id, name_cn, name_en, name_other, country, founded_date, dissolved_date, operating_years, website, summary, org_types, nature, function, scale, tech_domains, predecessor_names, departments, strategic_plans, evaluation_report, new_key_projects, remark, confidence, completeness, created_at, updated_at) VALUES ('ORG_S_9836155c59a306f5', '华信息研究所', 'Org-022', '[]'::json, '韩国', '1969-09-03', NULL, 57, 'www.org-022.example.com', '华信息研究所是聚焦航空航天、量子计算、氢能等领域的实体机构，致力于前沿技术研发与成果转化。', '["科研机构", "高校", "试验鉴定机构"]'::json, '实体机构', '战略咨询', 8000, '["航空航天", "量子计算", "氢能"]'::json, '[]'::json, '华信息研究所下设基础研究部、应用工程部、国际合作部', '["2021-2025五年发展规划", "2026-2030五年发展规划"]'::json, '华信息研究所在航空航天领域处于国内领先水平。', '["深海潜水器", "类脑计算架构", "太赫兹通信"]'::json, '', 0.932, 0.782, '2026-06-15T12:00:00+00:00', '2026-06-15T12:00:00+00:00');
INSERT INTO org_history (org_id, change_date, change_description, created_at, updated_at) VALUES ('ORG_S_9836155c59a306f5', '2014-11-19', '成立氢能研究中心', '2026-06-15T12:00:00+00:00', '2026-06-15T12:00:00+00:00');
INSERT INTO org_history (org_id, change_date, change_description, created_at, updated_at) VALUES ('ORG_S_9836155c59a306f5', '2020-07-14', '完成股份制改革', '2026-06-15T12:00:00+00:00', '2026-06-15T12:00:00+00:00');
INSERT INTO org_history (org_id, change_date, change_description, created_at, updated_at) VALUES ('ORG_S_9836155c59a306f5', '2020-02-27', '获批国家重点实验室', '2026-06-15T12:00:00+00:00', '2026-06-15T12:00:00+00:00');
INSERT INTO org_award (org_id, description, name, reason, award_date, level, award_type, created_at, updated_at) VALUES ('ORG_S_9836155c59a306f5', '', '国家科技进步奖', '在氢能取得突破', '2020-10-23', '省部级', '工程', '2026-06-15T12:00:00+00:00', '2026-06-15T12:00:00+00:00');
INSERT INTO org_output (org_id, name, form, author, publish_date, attachment, created_at, updated_at) VALUES ('ORG_S_9836155c59a306f5', '量子计算标准', '论文', '华信息研究所', '2019-08-20', '', '2026-06-15T12:00:00+00:00', '2026-06-15T12:00:00+00:00');
INSERT INTO org_output (org_id, name, form, author, publish_date, attachment, created_at, updated_at) VALUES ('ORG_S_9836155c59a306f5', '量子计算系统', '软件著作权', '华信息研究所', '2019-02-09', '', '2026-06-15T12:00:00+00:00', '2026-06-15T12:00:00+00:00');
INSERT INTO org_output (org_id, name, form, author, publish_date, attachment, created_at, updated_at) VALUES ('ORG_S_9836155c59a306f5', '氢能标准', '论文', '华信息研究所', '2023-12-01', '', '2026-06-15T12:00:00+00:00', '2026-06-15T12:00:00+00:00');
INSERT INTO org_team (org_id, top_talents, award_winners, team_size, talent_type, created_at, updated_at) VALUES ('ORG_S_9836155c59a306f5', '["赵志强院士"]'::json, '["冯俊杰", "郭洋艳"]'::json, 1000, '研发团队', '2026-06-15T12:00:00+00:00', '2026-06-15T12:00:00+00:00');
INSERT INTO org_facility (org_id, name, purpose, experiment_status, launch_date, construction_cost_wan_usd, created_at, updated_at) VALUES ('ORG_S_9836155c59a306f5', '量子计算实验平台', '开展量子计算关键实验', '在建', '2023-08-08', 2000, '2026-06-15T12:00:00+00:00', '2026-06-15T12:00:00+00:00');
INSERT INTO org_facility (org_id, name, purpose, experiment_status, launch_date, construction_cost_wan_usd, created_at, updated_at) VALUES ('ORG_S_9836155c59a306f5', '氢能实验平台', '开展氢能关键实验', '运行中', '2018-08-20', 15000, '2026-06-15T12:00:00+00:00', '2026-06-15T12:00:00+00:00');
INSERT INTO entity_change_log (entity_id, entity_type, field, old_value, new_value, method, operator, source_doc_id, reason, changed_at) VALUES ('ORG_S_9836155c59a306f5', 'org', '*', NULL, '{"action": "create"}'::json, 'rule', NULL, 'mock_seed', NULL, '2026-06-15T12:00:00+00:00');
INSERT INTO org_profile (org_id, name_cn, name_en, name_other, country, founded_date, dissolved_date, operating_years, website, summary, org_types, nature, function, scale, tech_domains, predecessor_names, departments, strategic_plans, evaluation_report, new_key_projects, remark, confidence, completeness, created_at, updated_at) VALUES ('ORG_S_172f38fb85daaa0e', '南方微纳实验室', 'Org-023', '[]'::json, '德国', '2001-04-01', NULL, 25, 'www.org-023.example.com', '南方微纳实验室是聚焦无人机、集成电路、生物医药等领域的抽象机构，致力于前沿技术研发与成果转化。', '["管理机构", "咨询机构", "高校"]'::json, '抽象机构', '应用研究', 500, '["无人机", "集成电路", "生物医药", "增材制造"]'::json, '[]'::json, '南方微纳实验室下设基础研究部、应用工程部、国际合作部', '["2021-2025五年发展规划", "2026-2030五年发展规划"]'::json, '南方微纳实验室在无人机领域处于国内领先水平。', '["光量子计算", "类脑计算架构"]'::json, '', 0.853, 0.566, '2026-06-15T12:00:00+00:00', '2026-06-15T12:00:00+00:00');
INSERT INTO org_history (org_id, change_date, change_description, created_at, updated_at) VALUES ('ORG_S_172f38fb85daaa0e', '2020-07-11', '成立集成电路研究中心', '2026-06-15T12:00:00+00:00', '2026-06-15T12:00:00+00:00');
INSERT INTO org_history (org_id, change_date, change_description, created_at, updated_at) VALUES ('ORG_S_172f38fb85daaa0e', '2019-10-24', '完成股份制改革', '2026-06-15T12:00:00+00:00', '2026-06-15T12:00:00+00:00');
INSERT INTO org_history (org_id, change_date, change_description, created_at, updated_at) VALUES ('ORG_S_172f38fb85daaa0e', '2010-02-05', '获批国家重点实验室', '2026-06-15T12:00:00+00:00', '2026-06-15T12:00:00+00:00');
INSERT INTO org_award (org_id, description, name, reason, award_date, level, award_type, created_at, updated_at) VALUES ('ORG_S_172f38fb85daaa0e', '', '国家科技进步奖', '在集成电路取得突破', '2018-10-24', '行业级', '创新', '2026-06-15T12:00:00+00:00', '2026-06-15T12:00:00+00:00');
INSERT INTO org_output (org_id, name, form, author, publish_date, attachment, created_at, updated_at) VALUES ('ORG_S_172f38fb85daaa0e', '增材制造标准', '标准', '南方微纳实验室', '2020-05-20', '', '2026-06-15T12:00:00+00:00', '2026-06-15T12:00:00+00:00');
INSERT INTO org_output (org_id, name, form, author, publish_date, attachment, created_at, updated_at) VALUES ('ORG_S_172f38fb85daaa0e', '生物医药关键技术', '标准', '南方微纳实验室', '2022-05-15', '', '2026-06-15T12:00:00+00:00', '2026-06-15T12:00:00+00:00');
INSERT INTO org_team (org_id, top_talents, award_winners, team_size, talent_type, created_at, updated_at) VALUES ('ORG_S_172f38fb85daaa0e', '["孙勇海燕院士", "邓伟超院士"]'::json, '["胡伟", "黄建华文博", "何洋艳"]'::json, 200, '战略科学家团队', '2026-06-15T12:00:00+00:00', '2026-06-15T12:00:00+00:00');
INSERT INTO org_facility (org_id, name, purpose, experiment_status, launch_date, construction_cost_wan_usd, created_at, updated_at) VALUES ('ORG_S_172f38fb85daaa0e', '无人机实验平台', '开展生物医药关键实验', '在建', '2022-04-21', 15000, '2026-06-15T12:00:00+00:00', '2026-06-15T12:00:00+00:00');
INSERT INTO entity_change_log (entity_id, entity_type, field, old_value, new_value, method, operator, source_doc_id, reason, changed_at) VALUES ('ORG_S_172f38fb85daaa0e', 'org', '*', NULL, '{"action": "create"}'::json, 'rule', NULL, 'mock_seed', NULL, '2026-06-15T12:00:00+00:00');
INSERT INTO org_profile (org_id, name_cn, name_en, name_other, country, founded_date, dissolved_date, operating_years, website, summary, org_types, nature, function, scale, tech_domains, predecessor_names, departments, strategic_plans, evaluation_report, new_key_projects, remark, confidence, completeness, created_at, updated_at) VALUES ('ORG_S_239b5ce19d41892b', '航天聚变工程技术中心', 'Org-024', '[]'::json, '韩国', '1965-05-02', NULL, 61, 'www.org-024.example.com', '航天聚变工程技术中心是聚焦半导体、氢能等领域的抽象机构，致力于前沿技术研发与成果转化。', '["科研机构"]'::json, '抽象机构', '应用研究', 1000, '["半导体", "氢能"]'::json, '[]'::json, '航天聚变工程技术中心下设基础研究部、应用工程部、国际合作部', '["2021-2025五年发展规划", "2026-2030五年发展规划"]'::json, '航天聚变工程技术中心在半导体领域处于国内领先水平。', '["卫星星座组网"]'::json, '', 0.704, 0.752, '2026-06-15T12:00:00+00:00', '2026-06-15T12:00:00+00:00');
INSERT INTO org_history (org_id, change_date, change_description, created_at, updated_at) VALUES ('ORG_S_239b5ce19d41892b', '2023-05-27', '成立氢能研究中心', '2026-06-15T12:00:00+00:00', '2026-06-15T12:00:00+00:00');
INSERT INTO org_history (org_id, change_date, change_description, created_at, updated_at) VALUES ('ORG_S_239b5ce19d41892b', '2014-02-14', '完成股份制改革', '2026-06-15T12:00:00+00:00', '2026-06-15T12:00:00+00:00');
INSERT INTO org_history (org_id, change_date, change_description, created_at, updated_at) VALUES ('ORG_S_239b5ce19d41892b', '2021-01-21', '获批国家重点实验室', '2026-06-15T12:00:00+00:00', '2026-06-15T12:00:00+00:00');
INSERT INTO org_award (org_id, description, name, reason, award_date, level, award_type, created_at, updated_at) VALUES ('ORG_S_239b5ce19d41892b', '', '省部级一等奖', '在半导体取得突破', '2016-09-22', '行业级', '工程', '2026-06-15T12:00:00+00:00', '2026-06-15T12:00:00+00:00');
INSERT INTO org_award (org_id, description, name, reason, award_date, level, award_type, created_at, updated_at) VALUES ('ORG_S_239b5ce19d41892b', '', '行业金奖', '在半导体取得突破', '2024-07-27', '行业级', '科技', '2026-06-15T12:00:00+00:00', '2026-06-15T12:00:00+00:00');
INSERT INTO org_output (org_id, name, form, author, publish_date, attachment, created_at, updated_at) VALUES ('ORG_S_239b5ce19d41892b', '半导体标准', '标准', '航天聚变工程技术中心', '2019-09-26', '', '2026-06-15T12:00:00+00:00', '2026-06-15T12:00:00+00:00');
INSERT INTO org_output (org_id, name, form, author, publish_date, attachment, created_at, updated_at) VALUES ('ORG_S_239b5ce19d41892b', '半导体标准', '软件著作权', '航天聚变工程技术中心', '2022-03-15', '', '2026-06-15T12:00:00+00:00', '2026-06-15T12:00:00+00:00');
INSERT INTO org_output (org_id, name, form, author, publish_date, attachment, created_at, updated_at) VALUES ('ORG_S_239b5ce19d41892b', '半导体标准', '论文', '航天聚变工程技术中心', '2022-06-26', '', '2026-06-15T12:00:00+00:00', '2026-06-15T12:00:00+00:00');
INSERT INTO org_team (org_id, top_talents, award_winners, team_size, talent_type, created_at, updated_at) VALUES ('ORG_S_239b5ce19d41892b', '["张婷院士", "王强建华院士"]'::json, '["罗洋", "王建华军", "陈超峰"]'::json, 500, '战略科学家团队', '2026-06-15T12:00:00+00:00', '2026-06-15T12:00:00+00:00');
INSERT INTO org_facility (org_id, name, purpose, experiment_status, launch_date, construction_cost_wan_usd, created_at, updated_at) VALUES ('ORG_S_239b5ce19d41892b', '氢能实验平台', '开展氢能关键实验', '运行中', '2021-03-16', 2000, '2026-06-15T12:00:00+00:00', '2026-06-15T12:00:00+00:00');
INSERT INTO org_facility (org_id, name, purpose, experiment_status, launch_date, construction_cost_wan_usd, created_at, updated_at) VALUES ('ORG_S_239b5ce19d41892b', '氢能实验平台', '开展半导体关键实验', '运行中', '2021-04-07', 15000, '2026-06-15T12:00:00+00:00', '2026-06-15T12:00:00+00:00');
INSERT INTO entity_change_log (entity_id, entity_type, field, old_value, new_value, method, operator, source_doc_id, reason, changed_at) VALUES ('ORG_S_239b5ce19d41892b', 'org', '*', NULL, '{"action": "create"}'::json, 'rule', NULL, 'mock_seed', NULL, '2026-06-15T12:00:00+00:00');
INSERT INTO org_profile (org_id, name_cn, name_en, name_other, country, founded_date, dissolved_date, operating_years, website, summary, org_types, nature, function, scale, tech_domains, predecessor_names, departments, strategic_plans, evaluation_report, new_key_projects, remark, confidence, completeness, created_at, updated_at) VALUES ('ORG_S_c45aa4c3865bf3f6', '北方先进工程技术中心', 'Org-025', '[]'::json, '以色列', '1977-06-10', NULL, 49, 'www.org-025.example.com', '北方先进工程技术中心是聚焦自动驾驶、5G通信、无人机等领域的实体机构，致力于前沿技术研发与成果转化。', '["管理机构"]'::json, '实体机构', '人才培养', 15000, '["自动驾驶", "5G通信", "无人机", "先进算力"]'::json, '[]'::json, '北方先进工程技术中心下设基础研究部、应用工程部、国际合作部', '["2021-2025五年发展规划", "2026-2030五年发展规划"]'::json, '北方先进工程技术中心在自动驾驶领域处于国内领先水平。', '["深海潜水器", "碳纳米管", "神经网络芯片"]'::json, '', 0.942, 0.726, '2026-06-15T12:00:00+00:00', '2026-06-15T12:00:00+00:00');
INSERT INTO org_history (org_id, change_date, change_description, created_at, updated_at) VALUES ('ORG_S_c45aa4c3865bf3f6', '2016-11-08', '成立5G通信研究中心', '2026-06-15T12:00:00+00:00', '2026-06-15T12:00:00+00:00');
INSERT INTO org_history (org_id, change_date, change_description, created_at, updated_at) VALUES ('ORG_S_c45aa4c3865bf3f6', '2019-11-22', '完成股份制改革', '2026-06-15T12:00:00+00:00', '2026-06-15T12:00:00+00:00');
INSERT INTO org_history (org_id, change_date, change_description, created_at, updated_at) VALUES ('ORG_S_c45aa4c3865bf3f6', '2017-12-24', '获批国家重点实验室', '2026-06-15T12:00:00+00:00', '2026-06-15T12:00:00+00:00');
INSERT INTO org_award (org_id, description, name, reason, award_date, level, award_type, created_at, updated_at) VALUES ('ORG_S_c45aa4c3865bf3f6', '', '行业金奖', '在先进算力取得突破', '2019-02-02', '国家级', '工程', '2026-06-15T12:00:00+00:00', '2026-06-15T12:00:00+00:00');
INSERT INTO org_award (org_id, description, name, reason, award_date, level, award_type, created_at, updated_at) VALUES ('ORG_S_c45aa4c3865bf3f6', '', '国家科技进步奖', '在自动驾驶取得突破', '2024-11-11', '行业级', '创新', '2026-06-15T12:00:00+00:00', '2026-06-15T12:00:00+00:00');
INSERT INTO org_output (org_id, name, form, author, publish_date, attachment, created_at, updated_at) VALUES ('ORG_S_c45aa4c3865bf3f6', '5G通信关键技术', '专利', '北方先进工程技术中心', '2024-01-08', '', '2026-06-15T12:00:00+00:00', '2026-06-15T12:00:00+00:00');
INSERT INTO org_output (org_id, name, form, author, publish_date, attachment, created_at, updated_at) VALUES ('ORG_S_c45aa4c3865bf3f6', '无人机标准', '软件著作权', '北方先进工程技术中心', '2023-01-22', '', '2026-06-15T12:00:00+00:00', '2026-06-15T12:00:00+00:00');
INSERT INTO org_output (org_id, name, form, author, publish_date, attachment, created_at, updated_at) VALUES ('ORG_S_c45aa4c3865bf3f6', '自动驾驶关键技术', '标准', '北方先进工程技术中心', '2023-03-05', '', '2026-06-15T12:00:00+00:00', '2026-06-15T12:00:00+00:00');
INSERT INTO org_output (org_id, name, form, author, publish_date, attachment, created_at, updated_at) VALUES ('ORG_S_c45aa4c3865bf3f6', '自动驾驶关键技术', '标准', '北方先进工程技术中心', '2023-02-11', '', '2026-06-15T12:00:00+00:00', '2026-06-15T12:00:00+00:00');
INSERT INTO org_team (org_id, top_talents, award_winners, team_size, talent_type, created_at, updated_at) VALUES ('ORG_S_c45aa4c3865bf3f6', '["冯勇平院士"]'::json, '["刘明军", "刘涛"]'::json, 500, '战略科学家团队', '2026-06-15T12:00:00+00:00', '2026-06-15T12:00:00+00:00');
INSERT INTO org_facility (org_id, name, purpose, experiment_status, launch_date, construction_cost_wan_usd, created_at, updated_at) VALUES ('ORG_S_c45aa4c3865bf3f6', '自动驾驶实验平台', '开展无人机关键实验', '调试', '2019-02-23', 15000, '2026-06-15T12:00:00+00:00', '2026-06-15T12:00:00+00:00');
INSERT INTO entity_change_log (entity_id, entity_type, field, old_value, new_value, method, operator, source_doc_id, reason, changed_at) VALUES ('ORG_S_c45aa4c3865bf3f6', 'org', '*', NULL, '{"action": "create"}'::json, 'rule', NULL, 'mock_seed', NULL, '2026-06-15T12:00:00+00:00');
INSERT INTO org_profile (org_id, name_cn, name_en, name_other, country, founded_date, dissolved_date, operating_years, website, summary, org_types, nature, function, scale, tech_domains, predecessor_names, departments, strategic_plans, evaluation_report, new_key_projects, remark, confidence, completeness, created_at, updated_at) VALUES ('ORG_S_f7b14a530c5e2c35', '华信息股份', 'Org-026', '[]'::json, '新加坡', '2009-08-06', NULL, 17, 'www.org-026.example.com', '华信息股份是聚焦生物医药、氢能等领域的实体机构，致力于前沿技术研发与成果转化。', '["试验鉴定机构", "科研机构"]'::json, '实体机构', '应用研究', 200, '["生物医药", "氢能"]'::json, '[]'::json, '华信息股份下设基础研究部、应用工程部、国际合作部', '["2021-2025五年发展规划", "2026-2030五年发展规划"]'::json, '华信息股份在生物医药领域处于国内领先水平。', '["神经网络芯片"]'::json, '', 0.805, 0.594, '2026-06-15T12:00:00+00:00', '2026-06-15T12:00:00+00:00');
INSERT INTO org_history (org_id, change_date, change_description, created_at, updated_at) VALUES ('ORG_S_f7b14a530c5e2c35', '2014-08-19', '成立生物医药研究中心', '2026-06-15T12:00:00+00:00', '2026-06-15T12:00:00+00:00');
INSERT INTO org_history (org_id, change_date, change_description, created_at, updated_at) VALUES ('ORG_S_f7b14a530c5e2c35', '2013-07-14', '完成股份制改革', '2026-06-15T12:00:00+00:00', '2026-06-15T12:00:00+00:00');
INSERT INTO org_history (org_id, change_date, change_description, created_at, updated_at) VALUES ('ORG_S_f7b14a530c5e2c35', '2016-06-20', '获批国家重点实验室', '2026-06-15T12:00:00+00:00', '2026-06-15T12:00:00+00:00');
INSERT INTO org_award (org_id, description, name, reason, award_date, level, award_type, created_at, updated_at) VALUES ('ORG_S_f7b14a530c5e2c35', '', '省部级一等奖', '在生物医药取得突破', '2024-09-28', '行业级', '创新', '2026-06-15T12:00:00+00:00', '2026-06-15T12:00:00+00:00');
INSERT INTO org_award (org_id, description, name, reason, award_date, level, award_type, created_at, updated_at) VALUES ('ORG_S_f7b14a530c5e2c35', '', '省部级一等奖', '在生物医药取得突破', '2015-02-15', '行业级', '创新', '2026-06-15T12:00:00+00:00', '2026-06-15T12:00:00+00:00');
INSERT INTO org_award (org_id, description, name, reason, award_date, level, award_type, created_at, updated_at) VALUES ('ORG_S_f7b14a530c5e2c35', '', '行业金奖', '在氢能取得突破', '2019-02-05', '国家级', '工程', '2026-06-15T12:00:00+00:00', '2026-06-15T12:00:00+00:00');
INSERT INTO org_output (org_id, name, form, author, publish_date, attachment, created_at, updated_at) VALUES ('ORG_S_f7b14a530c5e2c35', '生物医药标准', '软件著作权', '华信息股份', '2024-05-27', '', '2026-06-15T12:00:00+00:00', '2026-06-15T12:00:00+00:00');
INSERT INTO org_output (org_id, name, form, author, publish_date, attachment, created_at, updated_at) VALUES ('ORG_S_f7b14a530c5e2c35', '生物医药系统', '标准', '华信息股份', '2019-01-09', '', '2026-06-15T12:00:00+00:00', '2026-06-15T12:00:00+00:00');
INSERT INTO org_output (org_id, name, form, author, publish_date, attachment, created_at, updated_at) VALUES ('ORG_S_f7b14a530c5e2c35', '生物医药系统', '专利', '华信息股份', '2021-09-14', '', '2026-06-15T12:00:00+00:00', '2026-06-15T12:00:00+00:00');
INSERT INTO org_output (org_id, name, form, author, publish_date, attachment, created_at, updated_at) VALUES ('ORG_S_f7b14a530c5e2c35', '氢能系统', '论文', '华信息股份', '2018-11-11', '', '2026-06-15T12:00:00+00:00', '2026-06-15T12:00:00+00:00');
INSERT INTO org_team (org_id, top_talents, award_winners, team_size, talent_type, created_at, updated_at) VALUES ('ORG_S_f7b14a530c5e2c35', '["杨霞宇航院士", "何峰院士"]'::json, '["刘超海燕", "徐超", "杨洋涛"]'::json, 1000, '研发团队', '2026-06-15T12:00:00+00:00', '2026-06-15T12:00:00+00:00');
INSERT INTO org_facility (org_id, name, purpose, experiment_status, launch_date, construction_cost_wan_usd, created_at, updated_at) VALUES ('ORG_S_f7b14a530c5e2c35', '氢能实验平台', '开展生物医药关键实验', '运行中', '2024-10-13', 15000, '2026-06-15T12:00:00+00:00', '2026-06-15T12:00:00+00:00');
INSERT INTO entity_change_log (entity_id, entity_type, field, old_value, new_value, method, operator, source_doc_id, reason, changed_at) VALUES ('ORG_S_f7b14a530c5e2c35', 'org', '*', NULL, '{"action": "create"}'::json, 'rule', NULL, 'mock_seed', NULL, '2026-06-15T12:00:00+00:00');
INSERT INTO org_profile (org_id, name_cn, name_en, name_other, country, founded_date, dissolved_date, operating_years, website, summary, org_types, nature, function, scale, tech_domains, predecessor_names, departments, strategic_plans, evaluation_report, new_key_projects, remark, confidence, completeness, created_at, updated_at) VALUES ('ORG_S_7ecba38e97acbaa9', '航天算力工程技术中心', 'Org-027', '[]'::json, '法国', '2014-04-21', NULL, 12, 'www.org-027.example.com', '航天算力工程技术中心是聚焦增材制造、卫星互联网、新能源等领域的实体机构，致力于前沿技术研发与成果转化。', '["高校"]'::json, '实体机构', '技术开发', 200, '["增材制造", "卫星互联网", "新能源"]'::json, '[]'::json, '航天算力工程技术中心下设基础研究部、应用工程部、国际合作部', '["2021-2025五年发展规划", "2026-2030五年发展规划"]'::json, '航天算力工程技术中心在卫星互联网领域处于国内领先水平。', '["自动驾驶域控制器"]'::json, '', 0.934, 0.629, '2026-06-15T12:00:00+00:00', '2026-06-15T12:00:00+00:00');
INSERT INTO org_history (org_id, change_date, change_description, created_at, updated_at) VALUES ('ORG_S_7ecba38e97acbaa9', '2015-09-09', '成立增材制造研究中心', '2026-06-15T12:00:00+00:00', '2026-06-15T12:00:00+00:00');
INSERT INTO org_history (org_id, change_date, change_description, created_at, updated_at) VALUES ('ORG_S_7ecba38e97acbaa9', '2014-09-21', '完成股份制改革', '2026-06-15T12:00:00+00:00', '2026-06-15T12:00:00+00:00');
INSERT INTO org_history (org_id, change_date, change_description, created_at, updated_at) VALUES ('ORG_S_7ecba38e97acbaa9', '2019-10-21', '获批国家重点实验室', '2026-06-15T12:00:00+00:00', '2026-06-15T12:00:00+00:00');
INSERT INTO org_award (org_id, description, name, reason, award_date, level, award_type, created_at, updated_at) VALUES ('ORG_S_7ecba38e97acbaa9', '', '行业金奖', '在新能源取得突破', '2018-09-01', '省部级', '工程', '2026-06-15T12:00:00+00:00', '2026-06-15T12:00:00+00:00');
INSERT INTO org_output (org_id, name, form, author, publish_date, attachment, created_at, updated_at) VALUES ('ORG_S_7ecba38e97acbaa9', '卫星互联网标准', '标准', '航天算力工程技术中心', '2018-02-04', '', '2026-06-15T12:00:00+00:00', '2026-06-15T12:00:00+00:00');
INSERT INTO org_output (org_id, name, form, author, publish_date, attachment, created_at, updated_at) VALUES ('ORG_S_7ecba38e97acbaa9', '增材制造关键技术', '论文', '航天算力工程技术中心', '2024-12-24', '', '2026-06-15T12:00:00+00:00', '2026-06-15T12:00:00+00:00');
INSERT INTO org_output (org_id, name, form, author, publish_date, attachment, created_at, updated_at) VALUES ('ORG_S_7ecba38e97acbaa9', '增材制造系统', '论文', '航天算力工程技术中心', '2019-09-11', '', '2026-06-15T12:00:00+00:00', '2026-06-15T12:00:00+00:00');
INSERT INTO org_team (org_id, top_talents, award_winners, team_size, talent_type, created_at, updated_at) VALUES ('ORG_S_7ecba38e97acbaa9', '["罗强志强院士"]'::json, '["宋军"]'::json, 200, '战略科学家团队', '2026-06-15T12:00:00+00:00', '2026-06-15T12:00:00+00:00');
INSERT INTO org_facility (org_id, name, purpose, experiment_status, launch_date, construction_cost_wan_usd, created_at, updated_at) VALUES ('ORG_S_7ecba38e97acbaa9', '增材制造实验平台', '开展新能源关键实验', '在建', '2020-09-26', 15000, '2026-06-15T12:00:00+00:00', '2026-06-15T12:00:00+00:00');
INSERT INTO entity_change_log (entity_id, entity_type, field, old_value, new_value, method, operator, source_doc_id, reason, changed_at) VALUES ('ORG_S_7ecba38e97acbaa9', 'org', '*', NULL, '{"action": "create"}'::json, 'rule', NULL, 'mock_seed', NULL, '2026-06-15T12:00:00+00:00');
INSERT INTO org_profile (org_id, name_cn, name_en, name_other, country, founded_date, dissolved_date, operating_years, website, summary, org_types, nature, function, scale, tech_domains, predecessor_names, departments, strategic_plans, evaluation_report, new_key_projects, remark, confidence, completeness, created_at, updated_at) VALUES ('ORG_S_7e18c49889c384c4', '新基因实验室', 'Org-028', '[]'::json, '以色列', '1984-06-04', NULL, 42, 'www.org-028.example.com', '新基因实验室是聚焦基因编辑、航空航天、新材料等领域的抽象机构，致力于前沿技术研发与成果转化。', '["高校"]'::json, '抽象机构', '成果转化', 200, '["基因编辑", "航空航天", "新材料", "无人机", "自动驾驶"]'::json, '[]'::json, '新基因实验室下设基础研究部、应用工程部、国际合作部', '["2021-2025五年发展规划", "2026-2030五年发展规划"]'::json, '新基因实验室在航空航天领域处于国内领先水平。', '["仿生机械臂", "金属3D打印", "量子纠错码"]'::json, '', 0.925, 0.749, '2026-06-15T12:00:00+00:00', '2026-06-15T12:00:00+00:00');
INSERT INTO org_history (org_id, change_date, change_description, created_at, updated_at) VALUES ('ORG_S_7e18c49889c384c4', '2023-11-04', '成立无人机研究中心', '2026-06-15T12:00:00+00:00', '2026-06-15T12:00:00+00:00');
INSERT INTO org_history (org_id, change_date, change_description, created_at, updated_at) VALUES ('ORG_S_7e18c49889c384c4', '2016-11-26', '完成股份制改革', '2026-06-15T12:00:00+00:00', '2026-06-15T12:00:00+00:00');
INSERT INTO org_history (org_id, change_date, change_description, created_at, updated_at) VALUES ('ORG_S_7e18c49889c384c4', '2015-02-04', '获批国家重点实验室', '2026-06-15T12:00:00+00:00', '2026-06-15T12:00:00+00:00');
INSERT INTO org_award (org_id, description, name, reason, award_date, level, award_type, created_at, updated_at) VALUES ('ORG_S_7e18c49889c384c4', '', '行业金奖', '在新材料取得突破', '2016-09-18', '国家级', '工程', '2026-06-15T12:00:00+00:00', '2026-06-15T12:00:00+00:00');
INSERT INTO org_award (org_id, description, name, reason, award_date, level, award_type, created_at, updated_at) VALUES ('ORG_S_7e18c49889c384c4', '', '省部级一等奖', '在航空航天取得突破', '2018-07-22', '行业级', '创新', '2026-06-15T12:00:00+00:00', '2026-06-15T12:00:00+00:00');
INSERT INTO org_output (org_id, name, form, author, publish_date, attachment, created_at, updated_at) VALUES ('ORG_S_7e18c49889c384c4', '自动驾驶标准', '论文', '新基因实验室', '2018-06-15', '', '2026-06-15T12:00:00+00:00', '2026-06-15T12:00:00+00:00');
INSERT INTO org_output (org_id, name, form, author, publish_date, attachment, created_at, updated_at) VALUES ('ORG_S_7e18c49889c384c4', '无人机系统', '标准', '新基因实验室', '2021-10-22', '', '2026-06-15T12:00:00+00:00', '2026-06-15T12:00:00+00:00');
INSERT INTO org_output (org_id, name, form, author, publish_date, attachment, created_at, updated_at) VALUES ('ORG_S_7e18c49889c384c4', '无人机标准', '论文', '新基因实验室', '2020-01-02', '', '2026-06-15T12:00:00+00:00', '2026-06-15T12:00:00+00:00');
INSERT INTO org_output (org_id, name, form, author, publish_date, attachment, created_at, updated_at) VALUES ('ORG_S_7e18c49889c384c4', '自动驾驶标准', '论文', '新基因实验室', '2021-05-17', '', '2026-06-15T12:00:00+00:00', '2026-06-15T12:00:00+00:00');
INSERT INTO org_team (org_id, top_talents, award_winners, team_size, talent_type, created_at, updated_at) VALUES ('ORG_S_7e18c49889c384c4', '["胡艳院士", "谢艳院士"]'::json, '["谢刚", "谢昊"]'::json, 1000, '战略科学家团队', '2026-06-15T12:00:00+00:00', '2026-06-15T12:00:00+00:00');
INSERT INTO org_facility (org_id, name, purpose, experiment_status, launch_date, construction_cost_wan_usd, created_at, updated_at) VALUES ('ORG_S_7e18c49889c384c4', '航空航天实验平台', '开展自动驾驶关键实验', '在建', '2022-07-14', 15000, '2026-06-15T12:00:00+00:00', '2026-06-15T12:00:00+00:00');
INSERT INTO entity_change_log (entity_id, entity_type, field, old_value, new_value, method, operator, source_doc_id, reason, changed_at) VALUES ('ORG_S_7e18c49889c384c4', 'org', '*', NULL, '{"action": "create"}'::json, 'rule', NULL, 'mock_seed', NULL, '2026-06-15T12:00:00+00:00');
INSERT INTO org_profile (org_id, name_cn, name_en, name_other, country, founded_date, dissolved_date, operating_years, website, summary, org_types, nature, function, scale, tech_domains, predecessor_names, departments, strategic_plans, evaluation_report, new_key_projects, remark, confidence, completeness, created_at, updated_at) VALUES ('ORG_S_dba270b4c3e1193b', '东方脑科学科技', 'Org-029', '[]'::json, '以色列', '1963-02-26', NULL, 63, 'www.org-029.example.com', '东方脑科学科技是聚焦5G通信、人工智能等领域的抽象机构，致力于前沿技术研发与成果转化。', '["其他", "企业", "科研机构"]'::json, '抽象机构', '战略咨询', 3000, '["5G通信", "人工智能"]'::json, '[]'::json, '东方脑科学科技下设基础研究部、应用工程部、国际合作部', '["2021-2025五年发展规划", "2026-2030五年发展规划"]'::json, '东方脑科学科技在5G通信领域处于国内领先水平。', '["类脑计算架构", "神经形态芯片", "仿生机械臂"]'::json, '', 0.727, 0.589, '2026-06-15T12:00:00+00:00', '2026-06-15T12:00:00+00:00');
INSERT INTO org_history (org_id, change_date, change_description, created_at, updated_at) VALUES ('ORG_S_dba270b4c3e1193b', '2022-06-18', '成立人工智能研究中心', '2026-06-15T12:00:00+00:00', '2026-06-15T12:00:00+00:00');
INSERT INTO org_history (org_id, change_date, change_description, created_at, updated_at) VALUES ('ORG_S_dba270b4c3e1193b', '2022-07-24', '完成股份制改革', '2026-06-15T12:00:00+00:00', '2026-06-15T12:00:00+00:00');
INSERT INTO org_history (org_id, change_date, change_description, created_at, updated_at) VALUES ('ORG_S_dba270b4c3e1193b', '2011-04-11', '获批国家重点实验室', '2026-06-15T12:00:00+00:00', '2026-06-15T12:00:00+00:00');
INSERT INTO org_award (org_id, description, name, reason, award_date, level, award_type, created_at, updated_at) VALUES ('ORG_S_dba270b4c3e1193b', '', '国家科技进步奖', '在5G通信取得突破', '2018-01-03', '国家级', '工程', '2026-06-15T12:00:00+00:00', '2026-06-15T12:00:00+00:00');
INSERT INTO org_award (org_id, description, name, reason, award_date, level, award_type, created_at, updated_at) VALUES ('ORG_S_dba270b4c3e1193b', '', '行业金奖', '在5G通信取得突破', '2018-12-26', '国家级', '科技', '2026-06-15T12:00:00+00:00', '2026-06-15T12:00:00+00:00');
INSERT INTO org_award (org_id, description, name, reason, award_date, level, award_type, created_at, updated_at) VALUES ('ORG_S_dba270b4c3e1193b', '', '行业金奖', '在人工智能取得突破', '2019-02-22', '省部级', '工程', '2026-06-15T12:00:00+00:00', '2026-06-15T12:00:00+00:00');
INSERT INTO org_output (org_id, name, form, author, publish_date, attachment, created_at, updated_at) VALUES ('ORG_S_dba270b4c3e1193b', '人工智能标准', '软件著作权', '东方脑科学科技', '2020-06-20', '', '2026-06-15T12:00:00+00:00', '2026-06-15T12:00:00+00:00');
INSERT INTO org_output (org_id, name, form, author, publish_date, attachment, created_at, updated_at) VALUES ('ORG_S_dba270b4c3e1193b', '人工智能系统', '软件著作权', '东方脑科学科技', '2019-05-17', '', '2026-06-15T12:00:00+00:00', '2026-06-15T12:00:00+00:00');
INSERT INTO org_output (org_id, name, form, author, publish_date, attachment, created_at, updated_at) VALUES ('ORG_S_dba270b4c3e1193b', '5G通信系统', '专利', '东方脑科学科技', '2023-11-10', '', '2026-06-15T12:00:00+00:00', '2026-06-15T12:00:00+00:00');
INSERT INTO org_output (org_id, name, form, author, publish_date, attachment, created_at, updated_at) VALUES ('ORG_S_dba270b4c3e1193b', '5G通信关键技术', '软件著作权', '东方脑科学科技', '2024-10-05', '', '2026-06-15T12:00:00+00:00', '2026-06-15T12:00:00+00:00');
INSERT INTO org_team (org_id, top_talents, award_winners, team_size, talent_type, created_at, updated_at) VALUES ('ORG_S_dba270b4c3e1193b', '["郑明院士", "冯强院士"]'::json, '["谢昊", "郑涛", "冯宁瑞"]'::json, 500, '研发团队', '2026-06-15T12:00:00+00:00', '2026-06-15T12:00:00+00:00');
INSERT INTO org_facility (org_id, name, purpose, experiment_status, launch_date, construction_cost_wan_usd, created_at, updated_at) VALUES ('ORG_S_dba270b4c3e1193b', '5G通信实验平台', '开展5G通信关键实验', '在建', '2021-09-15', 8000, '2026-06-15T12:00:00+00:00', '2026-06-15T12:00:00+00:00');
INSERT INTO org_facility (org_id, name, purpose, experiment_status, launch_date, construction_cost_wan_usd, created_at, updated_at) VALUES ('ORG_S_dba270b4c3e1193b', '人工智能实验平台', '开展人工智能关键实验', '运行中', '2022-02-06', 8000, '2026-06-15T12:00:00+00:00', '2026-06-15T12:00:00+00:00');
INSERT INTO entity_change_log (entity_id, entity_type, field, old_value, new_value, method, operator, source_doc_id, reason, changed_at) VALUES ('ORG_S_dba270b4c3e1193b', 'org', '*', NULL, '{"action": "create"}'::json, 'rule', NULL, 'mock_seed', NULL, '2026-06-15T12:00:00+00:00');
INSERT INTO org_profile (org_id, name_cn, name_en, name_other, country, founded_date, dissolved_date, operating_years, website, summary, org_types, nature, function, scale, tech_domains, predecessor_names, departments, strategic_plans, evaluation_report, new_key_projects, remark, confidence, completeness, created_at, updated_at) VALUES ('ORG_S_0a35ec14433c307d', '华芯创集团', 'Org-030', '[]'::json, '以色列', '1957-06-26', NULL, 69, 'www.org-030.example.com', '华芯创集团是聚焦先进算力、卫星互联网、脑机接口等领域的实体机构，致力于前沿技术研发与成果转化。', '["试验鉴定机构", "企业"]'::json, '实体机构', '应用研究', 15000, '["先进算力", "卫星互联网", "脑机接口", "光电技术"]'::json, '[]'::json, '华芯创集团下设基础研究部、应用工程部、国际合作部', '["2021-2025五年发展规划", "2026-2030五年发展规划"]'::json, '华芯创集团在脑机接口领域处于国内领先水平。', '["固态电池"]'::json, '', 0.951, 0.758, '2026-06-15T12:00:00+00:00', '2026-06-15T12:00:00+00:00');
INSERT INTO org_history (org_id, change_date, change_description, created_at, updated_at) VALUES ('ORG_S_0a35ec14433c307d', '2019-11-26', '成立光电技术研究中心', '2026-06-15T12:00:00+00:00', '2026-06-15T12:00:00+00:00');
INSERT INTO org_history (org_id, change_date, change_description, created_at, updated_at) VALUES ('ORG_S_0a35ec14433c307d', '2017-05-20', '完成股份制改革', '2026-06-15T12:00:00+00:00', '2026-06-15T12:00:00+00:00');
INSERT INTO org_history (org_id, change_date, change_description, created_at, updated_at) VALUES ('ORG_S_0a35ec14433c307d', '2012-09-01', '获批国家重点实验室', '2026-06-15T12:00:00+00:00', '2026-06-15T12:00:00+00:00');
INSERT INTO org_award (org_id, description, name, reason, award_date, level, award_type, created_at, updated_at) VALUES ('ORG_S_0a35ec14433c307d', '', '行业金奖', '在先进算力取得突破', '2018-06-12', '国家级', '科技', '2026-06-15T12:00:00+00:00', '2026-06-15T12:00:00+00:00');
INSERT INTO org_award (org_id, description, name, reason, award_date, level, award_type, created_at, updated_at) VALUES ('ORG_S_0a35ec14433c307d', '', '省部级一等奖', '在先进算力取得突破', '2022-02-19', '行业级', '创新', '2026-06-15T12:00:00+00:00', '2026-06-15T12:00:00+00:00');
INSERT INTO org_output (org_id, name, form, author, publish_date, attachment, created_at, updated_at) VALUES ('ORG_S_0a35ec14433c307d', '脑机接口系统', '软件著作权', '华芯创集团', '2023-11-13', '', '2026-06-15T12:00:00+00:00', '2026-06-15T12:00:00+00:00');
INSERT INTO org_output (org_id, name, form, author, publish_date, attachment, created_at, updated_at) VALUES ('ORG_S_0a35ec14433c307d', '光电技术系统', '标准', '华芯创集团', '2021-01-08', '', '2026-06-15T12:00:00+00:00', '2026-06-15T12:00:00+00:00');
INSERT INTO org_team (org_id, top_talents, award_winners, team_size, talent_type, created_at, updated_at) VALUES ('ORG_S_0a35ec14433c307d', '["冯瑞俊杰院士", "张桂英院士"]'::json, '["杨瑞", "唐雪松涛"]'::json, 200, '战略科学家团队', '2026-06-15T12:00:00+00:00', '2026-06-15T12:00:00+00:00');
INSERT INTO org_facility (org_id, name, purpose, experiment_status, launch_date, construction_cost_wan_usd, created_at, updated_at) VALUES ('ORG_S_0a35ec14433c307d', '卫星互联网实验平台', '开展光电技术关键实验', '调试', '2018-08-10', 15000, '2026-06-15T12:00:00+00:00', '2026-06-15T12:00:00+00:00');
INSERT INTO entity_change_log (entity_id, entity_type, field, old_value, new_value, method, operator, source_doc_id, reason, changed_at) VALUES ('ORG_S_0a35ec14433c307d', 'org', '*', NULL, '{"action": "create"}'::json, 'rule', NULL, 'mock_seed', NULL, '2026-06-15T12:00:00+00:00');
INSERT INTO org_profile (org_id, name_cn, name_en, name_other, country, founded_date, dissolved_date, operating_years, website, summary, org_types, nature, function, scale, tech_domains, predecessor_names, departments, strategic_plans, evaluation_report, new_key_projects, remark, confidence, completeness, created_at, updated_at) VALUES ('ORG_S_fa216fbfac01e8f7', '航天储能研究所', 'Org-031', '[]'::json, '中国', '1959-12-08', NULL, 67, 'www.org-031.example.com', '航天储能研究所是聚焦人工智能、量子计算等领域的抽象机构，致力于前沿技术研发与成果转化。', '["科研机构", "咨询机构", "管理机构"]'::json, '抽象机构', '战略咨询', 200, '["人工智能", "量子计算"]'::json, '[]'::json, '航天储能研究所下设基础研究部、应用工程部、国际合作部', '["2021-2025五年发展规划", "2026-2030五年发展规划"]'::json, '航天储能研究所在量子计算领域处于国内领先水平。', '["太赫兹通信"]'::json, '', 0.852, 0.892, '2026-06-15T12:00:00+00:00', '2026-06-15T12:00:00+00:00');
INSERT INTO org_history (org_id, change_date, change_description, created_at, updated_at) VALUES ('ORG_S_fa216fbfac01e8f7', '2024-12-01', '成立量子计算研究中心', '2026-06-15T12:00:00+00:00', '2026-06-15T12:00:00+00:00');
INSERT INTO org_history (org_id, change_date, change_description, created_at, updated_at) VALUES ('ORG_S_fa216fbfac01e8f7', '2013-09-15', '完成股份制改革', '2026-06-15T12:00:00+00:00', '2026-06-15T12:00:00+00:00');
INSERT INTO org_history (org_id, change_date, change_description, created_at, updated_at) VALUES ('ORG_S_fa216fbfac01e8f7', '2022-05-18', '获批国家重点实验室', '2026-06-15T12:00:00+00:00', '2026-06-15T12:00:00+00:00');
INSERT INTO org_award (org_id, description, name, reason, award_date, level, award_type, created_at, updated_at) VALUES ('ORG_S_fa216fbfac01e8f7', '', '省部级一等奖', '在人工智能取得突破', '2022-01-26', '国家级', '工程', '2026-06-15T12:00:00+00:00', '2026-06-15T12:00:00+00:00');
INSERT INTO org_output (org_id, name, form, author, publish_date, attachment, created_at, updated_at) VALUES ('ORG_S_fa216fbfac01e8f7', '人工智能关键技术', '专利', '航天储能研究所', '2023-05-18', '', '2026-06-15T12:00:00+00:00', '2026-06-15T12:00:00+00:00');
INSERT INTO org_output (org_id, name, form, author, publish_date, attachment, created_at, updated_at) VALUES ('ORG_S_fa216fbfac01e8f7', '人工智能标准', '软件著作权', '航天储能研究所', '2023-12-27', '', '2026-06-15T12:00:00+00:00', '2026-06-15T12:00:00+00:00');
INSERT INTO org_output (org_id, name, form, author, publish_date, attachment, created_at, updated_at) VALUES ('ORG_S_fa216fbfac01e8f7', '人工智能系统', '标准', '航天储能研究所', '2018-09-05', '', '2026-06-15T12:00:00+00:00', '2026-06-15T12:00:00+00:00');
INSERT INTO org_team (org_id, top_talents, award_winners, team_size, talent_type, created_at, updated_at) VALUES ('ORG_S_fa216fbfac01e8f7', '["谢宇航院士", "马海燕建华院士"]'::json, '["郑海燕俊杰", "梁艳"]'::json, 1000, '研发团队', '2026-06-15T12:00:00+00:00', '2026-06-15T12:00:00+00:00');
INSERT INTO org_facility (org_id, name, purpose, experiment_status, launch_date, construction_cost_wan_usd, created_at, updated_at) VALUES ('ORG_S_fa216fbfac01e8f7', '人工智能实验平台', '开展人工智能关键实验', '在建', '2019-04-11', 15000, '2026-06-15T12:00:00+00:00', '2026-06-15T12:00:00+00:00');
INSERT INTO entity_change_log (entity_id, entity_type, field, old_value, new_value, method, operator, source_doc_id, reason, changed_at) VALUES ('ORG_S_fa216fbfac01e8f7', 'org', '*', NULL, '{"action": "create"}'::json, 'rule', NULL, 'mock_seed', NULL, '2026-06-15T12:00:00+00:00');
INSERT INTO org_profile (org_id, name_cn, name_en, name_other, country, founded_date, dissolved_date, operating_years, website, summary, org_types, nature, function, scale, tech_domains, predecessor_names, departments, strategic_plans, evaluation_report, new_key_projects, remark, confidence, completeness, created_at, updated_at) VALUES ('ORG_S_b3cc556aeb168bbc', '国智算股份', 'Org-032', '[]'::json, '美国', '1966-05-05', NULL, 60, 'www.org-032.example.com', '国智算股份是聚焦新能源、机器人、生物医药等领域的抽象机构，致力于前沿技术研发与成果转化。', '["企业", "咨询机构"]'::json, '抽象机构', '基础研究', 8000, '["新能源", "机器人", "生物医药"]'::json, '[]'::json, '国智算股份下设基础研究部、应用工程部、国际合作部', '["2021-2025五年发展规划", "2026-2030五年发展规划"]'::json, '国智算股份在机器人领域处于国内领先水平。', '["光量子计算"]'::json, '', 0.902, 0.835, '2026-06-15T12:00:00+00:00', '2026-06-15T12:00:00+00:00');
INSERT INTO org_history (org_id, change_date, change_description, created_at, updated_at) VALUES ('ORG_S_b3cc556aeb168bbc', '2012-03-10', '成立机器人研究中心', '2026-06-15T12:00:00+00:00', '2026-06-15T12:00:00+00:00');
INSERT INTO org_history (org_id, change_date, change_description, created_at, updated_at) VALUES ('ORG_S_b3cc556aeb168bbc', '2013-04-12', '完成股份制改革', '2026-06-15T12:00:00+00:00', '2026-06-15T12:00:00+00:00');
INSERT INTO org_history (org_id, change_date, change_description, created_at, updated_at) VALUES ('ORG_S_b3cc556aeb168bbc', '2016-10-12', '获批国家重点实验室', '2026-06-15T12:00:00+00:00', '2026-06-15T12:00:00+00:00');
INSERT INTO org_award (org_id, description, name, reason, award_date, level, award_type, created_at, updated_at) VALUES ('ORG_S_b3cc556aeb168bbc', '', '行业金奖', '在新能源取得突破', '2016-05-13', '省部级', '工程', '2026-06-15T12:00:00+00:00', '2026-06-15T12:00:00+00:00');
INSERT INTO org_output (org_id, name, form, author, publish_date, attachment, created_at, updated_at) VALUES ('ORG_S_b3cc556aeb168bbc', '新能源关键技术', '标准', '国智算股份', '2020-08-17', '', '2026-06-15T12:00:00+00:00', '2026-06-15T12:00:00+00:00');
INSERT INTO org_output (org_id, name, form, author, publish_date, attachment, created_at, updated_at) VALUES ('ORG_S_b3cc556aeb168bbc', '生物医药关键技术', '软件著作权', '国智算股份', '2019-04-18', '', '2026-06-15T12:00:00+00:00', '2026-06-15T12:00:00+00:00');
INSERT INTO org_output (org_id, name, form, author, publish_date, attachment, created_at, updated_at) VALUES ('ORG_S_b3cc556aeb168bbc', '生物医药系统', '标准', '国智算股份', '2021-07-08', '', '2026-06-15T12:00:00+00:00', '2026-06-15T12:00:00+00:00');
INSERT INTO org_output (org_id, name, form, author, publish_date, attachment, created_at, updated_at) VALUES ('ORG_S_b3cc556aeb168bbc', '生物医药标准', '软件著作权', '国智算股份', '2018-12-12', '', '2026-06-15T12:00:00+00:00', '2026-06-15T12:00:00+00:00');
INSERT INTO org_team (org_id, top_talents, award_winners, team_size, talent_type, created_at, updated_at) VALUES ('ORG_S_b3cc556aeb168bbc', '["李杰磊院士", "吴宇航杰院士"]'::json, '["吴伟超"]'::json, 200, '战略科学家团队', '2026-06-15T12:00:00+00:00', '2026-06-15T12:00:00+00:00');
INSERT INTO org_facility (org_id, name, purpose, experiment_status, launch_date, construction_cost_wan_usd, created_at, updated_at) VALUES ('ORG_S_b3cc556aeb168bbc', '生物医药实验平台', '开展生物医药关键实验', '运行中', '2021-08-04', 15000, '2026-06-15T12:00:00+00:00', '2026-06-15T12:00:00+00:00');
INSERT INTO entity_change_log (entity_id, entity_type, field, old_value, new_value, method, operator, source_doc_id, reason, changed_at) VALUES ('ORG_S_b3cc556aeb168bbc', 'org', '*', NULL, '{"action": "create"}'::json, 'rule', NULL, 'mock_seed', NULL, '2026-06-15T12:00:00+00:00');
INSERT INTO org_profile (org_id, name_cn, name_en, name_other, country, founded_date, dissolved_date, operating_years, website, summary, org_types, nature, function, scale, tech_domains, predecessor_names, departments, strategic_plans, evaluation_report, new_key_projects, remark, confidence, completeness, created_at, updated_at) VALUES ('ORG_S_42703986659f4ebe', '航天芯创实验室', 'Org-033', '[]'::json, '韩国', '2010-08-13', NULL, 16, 'www.org-033.example.com', '航天芯创实验室是聚焦自动驾驶、氢能等领域的抽象机构，致力于前沿技术研发与成果转化。', '["高校", "科研机构", "试验鉴定机构"]'::json, '抽象机构', '应用研究', 15000, '["自动驾驶", "氢能"]'::json, '[]'::json, '航天芯创实验室下设基础研究部、应用工程部、国际合作部', '["2021-2025五年发展规划", "2026-2030五年发展规划"]'::json, '航天芯创实验室在自动驾驶领域处于国内领先水平。', '["mRNA疫苗", "毫米波雷达"]'::json, '', 0.896, 0.564, '2026-06-15T12:00:00+00:00', '2026-06-15T12:00:00+00:00');
INSERT INTO org_history (org_id, change_date, change_description, created_at, updated_at) VALUES ('ORG_S_42703986659f4ebe', '2017-01-05', '成立自动驾驶研究中心', '2026-06-15T12:00:00+00:00', '2026-06-15T12:00:00+00:00');
INSERT INTO org_history (org_id, change_date, change_description, created_at, updated_at) VALUES ('ORG_S_42703986659f4ebe', '2023-10-27', '完成股份制改革', '2026-06-15T12:00:00+00:00', '2026-06-15T12:00:00+00:00');
INSERT INTO org_history (org_id, change_date, change_description, created_at, updated_at) VALUES ('ORG_S_42703986659f4ebe', '2019-08-28', '获批国家重点实验室', '2026-06-15T12:00:00+00:00', '2026-06-15T12:00:00+00:00');
INSERT INTO org_award (org_id, description, name, reason, award_date, level, award_type, created_at, updated_at) VALUES ('ORG_S_42703986659f4ebe', '', '国家科技进步奖', '在自动驾驶取得突破', '2016-01-09', '行业级', '科技', '2026-06-15T12:00:00+00:00', '2026-06-15T12:00:00+00:00');
INSERT INTO org_award (org_id, description, name, reason, award_date, level, award_type, created_at, updated_at) VALUES ('ORG_S_42703986659f4ebe', '', '省部级一等奖', '在氢能取得突破', '2020-04-16', '国家级', '科技', '2026-06-15T12:00:00+00:00', '2026-06-15T12:00:00+00:00');
INSERT INTO org_output (org_id, name, form, author, publish_date, attachment, created_at, updated_at) VALUES ('ORG_S_42703986659f4ebe', '自动驾驶标准', '标准', '航天芯创实验室', '2021-12-21', '', '2026-06-15T12:00:00+00:00', '2026-06-15T12:00:00+00:00');
INSERT INTO org_output (org_id, name, form, author, publish_date, attachment, created_at, updated_at) VALUES ('ORG_S_42703986659f4ebe', '自动驾驶系统', '标准', '航天芯创实验室', '2018-11-28', '', '2026-06-15T12:00:00+00:00', '2026-06-15T12:00:00+00:00');
INSERT INTO org_output (org_id, name, form, author, publish_date, attachment, created_at, updated_at) VALUES ('ORG_S_42703986659f4ebe', '自动驾驶标准', '论文', '航天芯创实验室', '2022-07-04', '', '2026-06-15T12:00:00+00:00', '2026-06-15T12:00:00+00:00');
INSERT INTO org_output (org_id, name, form, author, publish_date, attachment, created_at, updated_at) VALUES ('ORG_S_42703986659f4ebe', '自动驾驶关键技术', '论文', '航天芯创实验室', '2022-10-04', '', '2026-06-15T12:00:00+00:00', '2026-06-15T12:00:00+00:00');
INSERT INTO org_team (org_id, top_talents, award_winners, team_size, talent_type, created_at, updated_at) VALUES ('ORG_S_42703986659f4ebe', '["冯志强院士"]'::json, '["徐平", "刘平志强", "韩伟建华"]'::json, 1000, '研发团队', '2026-06-15T12:00:00+00:00', '2026-06-15T12:00:00+00:00');
INSERT INTO org_facility (org_id, name, purpose, experiment_status, launch_date, construction_cost_wan_usd, created_at, updated_at) VALUES ('ORG_S_42703986659f4ebe', '氢能实验平台', '开展氢能关键实验', '运行中', '2023-11-15', 15000, '2026-06-15T12:00:00+00:00', '2026-06-15T12:00:00+00:00');
INSERT INTO entity_change_log (entity_id, entity_type, field, old_value, new_value, method, operator, source_doc_id, reason, changed_at) VALUES ('ORG_S_42703986659f4ebe', 'org', '*', NULL, '{"action": "create"}'::json, 'rule', NULL, 'mock_seed', NULL, '2026-06-15T12:00:00+00:00');
INSERT INTO org_profile (org_id, name_cn, name_en, name_other, country, founded_date, dissolved_date, operating_years, website, summary, org_types, nature, function, scale, tech_domains, predecessor_names, departments, strategic_plans, evaluation_report, new_key_projects, remark, confidence, completeness, created_at, updated_at) VALUES ('ORG_S_aae0346d09c17807', '新光电集团', 'Org-034', '[]'::json, '俄罗斯', '1961-04-19', NULL, 65, 'www.org-034.example.com', '新光电集团是聚焦脑机接口、氢能等领域的抽象机构，致力于前沿技术研发与成果转化。', '["科研机构", "企业"]'::json, '抽象机构', '基础研究', 8000, '["脑机接口", "氢能"]'::json, '[]'::json, '新光电集团下设基础研究部、应用工程部、国际合作部', '["2021-2025五年发展规划", "2026-2030五年发展规划"]'::json, '新光电集团在脑机接口领域处于国内领先水平。', '["可重复使用火箭", "碳化硅功率器件"]'::json, '', 0.862, 0.624, '2026-06-15T12:00:00+00:00', '2026-06-15T12:00:00+00:00');
INSERT INTO org_history (org_id, change_date, change_description, created_at, updated_at) VALUES ('ORG_S_aae0346d09c17807', '2018-11-07', '成立脑机接口研究中心', '2026-06-15T12:00:00+00:00', '2026-06-15T12:00:00+00:00');
INSERT INTO org_history (org_id, change_date, change_description, created_at, updated_at) VALUES ('ORG_S_aae0346d09c17807', '2022-03-21', '完成股份制改革', '2026-06-15T12:00:00+00:00', '2026-06-15T12:00:00+00:00');
INSERT INTO org_history (org_id, change_date, change_description, created_at, updated_at) VALUES ('ORG_S_aae0346d09c17807', '2011-02-14', '获批国家重点实验室', '2026-06-15T12:00:00+00:00', '2026-06-15T12:00:00+00:00');
INSERT INTO org_award (org_id, description, name, reason, award_date, level, award_type, created_at, updated_at) VALUES ('ORG_S_aae0346d09c17807', '', '行业金奖', '在脑机接口取得突破', '2018-04-03', '行业级', '科技', '2026-06-15T12:00:00+00:00', '2026-06-15T12:00:00+00:00');
INSERT INTO org_output (org_id, name, form, author, publish_date, attachment, created_at, updated_at) VALUES ('ORG_S_aae0346d09c17807', '脑机接口关键技术', '标准', '新光电集团', '2021-08-17', '', '2026-06-15T12:00:00+00:00', '2026-06-15T12:00:00+00:00');
INSERT INTO org_output (org_id, name, form, author, publish_date, attachment, created_at, updated_at) VALUES ('ORG_S_aae0346d09c17807', '氢能标准', '论文', '新光电集团', '2018-08-02', '', '2026-06-15T12:00:00+00:00', '2026-06-15T12:00:00+00:00');
INSERT INTO org_output (org_id, name, form, author, publish_date, attachment, created_at, updated_at) VALUES ('ORG_S_aae0346d09c17807', '脑机接口标准', '软件著作权', '新光电集团', '2019-06-14', '', '2026-06-15T12:00:00+00:00', '2026-06-15T12:00:00+00:00');
INSERT INTO org_team (org_id, top_talents, award_winners, team_size, talent_type, created_at, updated_at) VALUES ('ORG_S_aae0346d09c17807', '["刘艳院士", "孙伟志强院士"]'::json, '["郑伟瑞", "许宇航平"]'::json, 200, '工程团队', '2026-06-15T12:00:00+00:00', '2026-06-15T12:00:00+00:00');
INSERT INTO org_facility (org_id, name, purpose, experiment_status, launch_date, construction_cost_wan_usd, created_at, updated_at) VALUES ('ORG_S_aae0346d09c17807', '氢能实验平台', '开展脑机接口关键实验', '运行中', '2022-10-04', 15000, '2026-06-15T12:00:00+00:00', '2026-06-15T12:00:00+00:00');
INSERT INTO entity_change_log (entity_id, entity_type, field, old_value, new_value, method, operator, source_doc_id, reason, changed_at) VALUES ('ORG_S_aae0346d09c17807', 'org', '*', NULL, '{"action": "create"}'::json, 'rule', NULL, 'mock_seed', NULL, '2026-06-15T12:00:00+00:00');
INSERT INTO org_profile (org_id, name_cn, name_en, name_other, country, founded_date, dissolved_date, operating_years, website, summary, org_types, nature, function, scale, tech_domains, predecessor_names, departments, strategic_plans, evaluation_report, new_key_projects, remark, confidence, completeness, created_at, updated_at) VALUES ('ORG_S_7b8cf10d46ea093e', '国生医研究所', 'Org-035', '[]'::json, '中国', '1974-12-05', NULL, 52, 'www.org-035.example.com', '国生医研究所是聚焦集成电路、航空航天、碳捕集等领域的实体机构，致力于前沿技术研发与成果转化。', '["其他", "咨询机构", "试验鉴定机构"]'::json, '实体机构', '人才培养', 1000, '["集成电路", "航空航天", "碳捕集", "半导体", "先进算力"]'::json, '[]'::json, '国生医研究所下设基础研究部、应用工程部、国际合作部', '["2021-2025五年发展规划", "2026-2030五年发展规划"]'::json, '国生医研究所在碳捕集领域处于国内领先水平。', '["卫星星座组网", "碳化硅功率器件", "基因剪刀"]'::json, '', 0.745, 0.859, '2026-06-15T12:00:00+00:00', '2026-06-15T12:00:00+00:00');
INSERT INTO org_history (org_id, change_date, change_description, created_at, updated_at) VALUES ('ORG_S_7b8cf10d46ea093e', '2012-01-20', '成立碳捕集研究中心', '2026-06-15T12:00:00+00:00', '2026-06-15T12:00:00+00:00');
INSERT INTO org_history (org_id, change_date, change_description, created_at, updated_at) VALUES ('ORG_S_7b8cf10d46ea093e', '2013-03-12', '完成股份制改革', '2026-06-15T12:00:00+00:00', '2026-06-15T12:00:00+00:00');
INSERT INTO org_history (org_id, change_date, change_description, created_at, updated_at) VALUES ('ORG_S_7b8cf10d46ea093e', '2013-11-19', '获批国家重点实验室', '2026-06-15T12:00:00+00:00', '2026-06-15T12:00:00+00:00');
INSERT INTO org_award (org_id, description, name, reason, award_date, level, award_type, created_at, updated_at) VALUES ('ORG_S_7b8cf10d46ea093e', '', '国家科技进步奖', '在集成电路取得突破', '2015-03-27', '省部级', '工程', '2026-06-15T12:00:00+00:00', '2026-06-15T12:00:00+00:00');
INSERT INTO org_award (org_id, description, name, reason, award_date, level, award_type, created_at, updated_at) VALUES ('ORG_S_7b8cf10d46ea093e', '', '行业金奖', '在航空航天取得突破', '2022-09-02', '省部级', '创新', '2026-06-15T12:00:00+00:00', '2026-06-15T12:00:00+00:00');
INSERT INTO org_output (org_id, name, form, author, publish_date, attachment, created_at, updated_at) VALUES ('ORG_S_7b8cf10d46ea093e', '碳捕集关键技术', '论文', '国生医研究所', '2024-09-12', '', '2026-06-15T12:00:00+00:00', '2026-06-15T12:00:00+00:00');
INSERT INTO org_output (org_id, name, form, author, publish_date, attachment, created_at, updated_at) VALUES ('ORG_S_7b8cf10d46ea093e', '碳捕集关键技术', '专利', '国生医研究所', '2018-07-20', '', '2026-06-15T12:00:00+00:00', '2026-06-15T12:00:00+00:00');
INSERT INTO org_output (org_id, name, form, author, publish_date, attachment, created_at, updated_at) VALUES ('ORG_S_7b8cf10d46ea093e', '半导体系统', '软件著作权', '国生医研究所', '2022-05-22', '', '2026-06-15T12:00:00+00:00', '2026-06-15T12:00:00+00:00');
INSERT INTO org_output (org_id, name, form, author, publish_date, attachment, created_at, updated_at) VALUES ('ORG_S_7b8cf10d46ea093e', '先进算力关键技术', '论文', '国生医研究所', '2024-08-16', '', '2026-06-15T12:00:00+00:00', '2026-06-15T12:00:00+00:00');
INSERT INTO org_team (org_id, top_talents, award_winners, team_size, talent_type, created_at, updated_at) VALUES ('ORG_S_7b8cf10d46ea093e', '["孙军杰院士", "罗明宇航院士"]'::json, '["韩俊杰晓东", "周晓东"]'::json, 1000, '战略科学家团队', '2026-06-15T12:00:00+00:00', '2026-06-15T12:00:00+00:00');
INSERT INTO org_facility (org_id, name, purpose, experiment_status, launch_date, construction_cost_wan_usd, created_at, updated_at) VALUES ('ORG_S_7b8cf10d46ea093e', '集成电路实验平台', '开展半导体关键实验', '调试', '2020-01-23', 2000, '2026-06-15T12:00:00+00:00', '2026-06-15T12:00:00+00:00');
INSERT INTO entity_change_log (entity_id, entity_type, field, old_value, new_value, method, operator, source_doc_id, reason, changed_at) VALUES ('ORG_S_7b8cf10d46ea093e', 'org', '*', NULL, '{"action": "create"}'::json, 'rule', NULL, 'mock_seed', NULL, '2026-06-15T12:00:00+00:00');
INSERT INTO org_profile (org_id, name_cn, name_en, name_other, country, founded_date, dissolved_date, operating_years, website, summary, org_types, nature, function, scale, tech_domains, predecessor_names, departments, strategic_plans, evaluation_report, new_key_projects, remark, confidence, completeness, created_at, updated_at) VALUES ('ORG_S_2dfe1613b8d351a2', '新芯创研究院', 'Org-036', '[]'::json, '法国', '1993-10-19', NULL, 33, 'www.org-036.example.com', '新芯创研究院是聚焦人工智能、卫星互联网、航空航天等领域的抽象机构，致力于前沿技术研发与成果转化。', '["试验鉴定机构", "管理机构", "企业"]'::json, '抽象机构', '应用研究', 15000, '["人工智能", "卫星互联网", "航空航天", "6G通信", "集成电路"]'::json, '[]'::json, '新芯创研究院下设基础研究部、应用工程部、国际合作部', '["2021-2025五年发展规划", "2026-2030五年发展规划"]'::json, '新芯创研究院在航空航天领域处于国内领先水平。', '["太赫兹通信"]'::json, '', 0.766, 0.55, '2026-06-15T12:00:00+00:00', '2026-06-15T12:00:00+00:00');
INSERT INTO org_history (org_id, change_date, change_description, created_at, updated_at) VALUES ('ORG_S_2dfe1613b8d351a2', '2018-01-26', '成立6G通信研究中心', '2026-06-15T12:00:00+00:00', '2026-06-15T12:00:00+00:00');
INSERT INTO org_history (org_id, change_date, change_description, created_at, updated_at) VALUES ('ORG_S_2dfe1613b8d351a2', '2020-02-24', '完成股份制改革', '2026-06-15T12:00:00+00:00', '2026-06-15T12:00:00+00:00');
INSERT INTO org_history (org_id, change_date, change_description, created_at, updated_at) VALUES ('ORG_S_2dfe1613b8d351a2', '2017-12-05', '获批国家重点实验室', '2026-06-15T12:00:00+00:00', '2026-06-15T12:00:00+00:00');
INSERT INTO org_award (org_id, description, name, reason, award_date, level, award_type, created_at, updated_at) VALUES ('ORG_S_2dfe1613b8d351a2', '', '国家科技进步奖', '在6G通信取得突破', '2017-03-13', '行业级', '创新', '2026-06-15T12:00:00+00:00', '2026-06-15T12:00:00+00:00');
INSERT INTO org_award (org_id, description, name, reason, award_date, level, award_type, created_at, updated_at) VALUES ('ORG_S_2dfe1613b8d351a2', '', '行业金奖', '在卫星互联网取得突破', '2024-01-13', '省部级', '创新', '2026-06-15T12:00:00+00:00', '2026-06-15T12:00:00+00:00');
INSERT INTO org_output (org_id, name, form, author, publish_date, attachment, created_at, updated_at) VALUES ('ORG_S_2dfe1613b8d351a2', '集成电路标准', '论文', '新芯创研究院', '2021-11-25', '', '2026-06-15T12:00:00+00:00', '2026-06-15T12:00:00+00:00');
INSERT INTO org_output (org_id, name, form, author, publish_date, attachment, created_at, updated_at) VALUES ('ORG_S_2dfe1613b8d351a2', '人工智能系统', '软件著作权', '新芯创研究院', '2022-09-23', '', '2026-06-15T12:00:00+00:00', '2026-06-15T12:00:00+00:00');
INSERT INTO org_output (org_id, name, form, author, publish_date, attachment, created_at, updated_at) VALUES ('ORG_S_2dfe1613b8d351a2', '集成电路标准', '标准', '新芯创研究院', '2018-05-20', '', '2026-06-15T12:00:00+00:00', '2026-06-15T12:00:00+00:00');
INSERT INTO org_team (org_id, top_talents, award_winners, team_size, talent_type, created_at, updated_at) VALUES ('ORG_S_2dfe1613b8d351a2', '["何娟宁院士"]'::json, '["彭杰"]'::json, 200, '战略科学家团队', '2026-06-15T12:00:00+00:00', '2026-06-15T12:00:00+00:00');
INSERT INTO org_facility (org_id, name, purpose, experiment_status, launch_date, construction_cost_wan_usd, created_at, updated_at) VALUES ('ORG_S_2dfe1613b8d351a2', '6G通信实验平台', '开展卫星互联网关键实验', '调试', '2019-08-25', 2000, '2026-06-15T12:00:00+00:00', '2026-06-15T12:00:00+00:00');
INSERT INTO org_facility (org_id, name, purpose, experiment_status, launch_date, construction_cost_wan_usd, created_at, updated_at) VALUES ('ORG_S_2dfe1613b8d351a2', '航空航天实验平台', '开展6G通信关键实验', '运行中', '2019-12-18', 500, '2026-06-15T12:00:00+00:00', '2026-06-15T12:00:00+00:00');
INSERT INTO entity_change_log (entity_id, entity_type, field, old_value, new_value, method, operator, source_doc_id, reason, changed_at) VALUES ('ORG_S_2dfe1613b8d351a2', 'org', '*', NULL, '{"action": "create"}'::json, 'rule', NULL, 'mock_seed', NULL, '2026-06-15T12:00:00+00:00');
INSERT INTO org_profile (org_id, name_cn, name_en, name_other, country, founded_date, dissolved_date, operating_years, website, summary, org_types, nature, function, scale, tech_domains, predecessor_names, departments, strategic_plans, evaluation_report, new_key_projects, remark, confidence, completeness, created_at, updated_at) VALUES ('ORG_S_37cfb9aaaf34ae79', '华量子集团', 'Org-037', '[]'::json, '美国', '1992-11-04', NULL, 34, 'www.org-037.example.com', '华量子集团是聚焦生物医药、5G通信、卫星互联网等领域的抽象机构，致力于前沿技术研发与成果转化。', '["高校", "其他"]'::json, '抽象机构', '基础研究', 200, '["生物医药", "5G通信", "卫星互联网", "深海装备"]'::json, '[]'::json, '华量子集团下设基础研究部、应用工程部、国际合作部', '["2021-2025五年发展规划", "2026-2030五年发展规划"]'::json, '华量子集团在5G通信领域处于国内领先水平。', '["深海潜水器"]'::json, '', 0.886, 0.91, '2026-06-15T12:00:00+00:00', '2026-06-15T12:00:00+00:00');
INSERT INTO org_history (org_id, change_date, change_description, created_at, updated_at) VALUES ('ORG_S_37cfb9aaaf34ae79', '2022-08-05', '成立卫星互联网研究中心', '2026-06-15T12:00:00+00:00', '2026-06-15T12:00:00+00:00');
INSERT INTO org_history (org_id, change_date, change_description, created_at, updated_at) VALUES ('ORG_S_37cfb9aaaf34ae79', '2016-01-17', '完成股份制改革', '2026-06-15T12:00:00+00:00', '2026-06-15T12:00:00+00:00');
INSERT INTO org_history (org_id, change_date, change_description, created_at, updated_at) VALUES ('ORG_S_37cfb9aaaf34ae79', '2011-09-09', '获批国家重点实验室', '2026-06-15T12:00:00+00:00', '2026-06-15T12:00:00+00:00');
INSERT INTO org_award (org_id, description, name, reason, award_date, level, award_type, created_at, updated_at) VALUES ('ORG_S_37cfb9aaaf34ae79', '', '省部级一等奖', '在生物医药取得突破', '2021-10-05', '国家级', '工程', '2026-06-15T12:00:00+00:00', '2026-06-15T12:00:00+00:00');
INSERT INTO org_award (org_id, description, name, reason, award_date, level, award_type, created_at, updated_at) VALUES ('ORG_S_37cfb9aaaf34ae79', '', '省部级一等奖', '在卫星互联网取得突破', '2023-10-28', '行业级', '科技', '2026-06-15T12:00:00+00:00', '2026-06-15T12:00:00+00:00');
INSERT INTO org_award (org_id, description, name, reason, award_date, level, award_type, created_at, updated_at) VALUES ('ORG_S_37cfb9aaaf34ae79', '', '省部级一等奖', '在生物医药取得突破', '2021-03-23', '行业级', '科技', '2026-06-15T12:00:00+00:00', '2026-06-15T12:00:00+00:00');
INSERT INTO org_output (org_id, name, form, author, publish_date, attachment, created_at, updated_at) VALUES ('ORG_S_37cfb9aaaf34ae79', '生物医药标准', '专利', '华量子集团', '2021-12-04', '', '2026-06-15T12:00:00+00:00', '2026-06-15T12:00:00+00:00');
INSERT INTO org_output (org_id, name, form, author, publish_date, attachment, created_at, updated_at) VALUES ('ORG_S_37cfb9aaaf34ae79', '深海装备标准', '软件著作权', '华量子集团', '2022-01-17', '', '2026-06-15T12:00:00+00:00', '2026-06-15T12:00:00+00:00');
INSERT INTO org_team (org_id, top_talents, award_winners, team_size, talent_type, created_at, updated_at) VALUES ('ORG_S_37cfb9aaaf34ae79', '["李宁文博院士"]'::json, '["朱艳", "周宇航", "王斌"]'::json, 1000, '战略科学家团队', '2026-06-15T12:00:00+00:00', '2026-06-15T12:00:00+00:00');
INSERT INTO org_facility (org_id, name, purpose, experiment_status, launch_date, construction_cost_wan_usd, created_at, updated_at) VALUES ('ORG_S_37cfb9aaaf34ae79', '深海装备实验平台', '开展生物医药关键实验', '在建', '2024-10-26', 15000, '2026-06-15T12:00:00+00:00', '2026-06-15T12:00:00+00:00');
INSERT INTO entity_change_log (entity_id, entity_type, field, old_value, new_value, method, operator, source_doc_id, reason, changed_at) VALUES ('ORG_S_37cfb9aaaf34ae79', 'org', '*', NULL, '{"action": "create"}'::json, 'rule', NULL, 'mock_seed', NULL, '2026-06-15T12:00:00+00:00');
INSERT INTO org_profile (org_id, name_cn, name_en, name_other, country, founded_date, dissolved_date, operating_years, website, summary, org_types, nature, function, scale, tech_domains, predecessor_names, departments, strategic_plans, evaluation_report, new_key_projects, remark, confidence, completeness, created_at, updated_at) VALUES ('ORG_S_ece6f9bc52e4a110', '华航宇股份', 'Org-038', '[]'::json, '俄罗斯', '1960-12-11', NULL, 66, 'www.org-038.example.com', '华航宇股份是聚焦储能、基因编辑、集成电路等领域的抽象机构，致力于前沿技术研发与成果转化。', '["其他"]'::json, '抽象机构', '基础研究', 8000, '["储能", "基因编辑", "集成电路", "航空航天", "机器人"]'::json, '[]'::json, '华航宇股份下设基础研究部、应用工程部、国际合作部', '["2021-2025五年发展规划", "2026-2030五年发展规划"]'::json, '华航宇股份在基因编辑领域处于国内领先水平。', '["类脑计算架构", "量子纠错码", "可重复使用火箭"]'::json, '', 0.868, 0.866, '2026-06-15T12:00:00+00:00', '2026-06-15T12:00:00+00:00');
INSERT INTO org_history (org_id, change_date, change_description, created_at, updated_at) VALUES ('ORG_S_ece6f9bc52e4a110', '2013-12-22', '成立集成电路研究中心', '2026-06-15T12:00:00+00:00', '2026-06-15T12:00:00+00:00');
INSERT INTO org_history (org_id, change_date, change_description, created_at, updated_at) VALUES ('ORG_S_ece6f9bc52e4a110', '2014-09-11', '完成股份制改革', '2026-06-15T12:00:00+00:00', '2026-06-15T12:00:00+00:00');
INSERT INTO org_history (org_id, change_date, change_description, created_at, updated_at) VALUES ('ORG_S_ece6f9bc52e4a110', '2016-01-20', '获批国家重点实验室', '2026-06-15T12:00:00+00:00', '2026-06-15T12:00:00+00:00');
INSERT INTO org_award (org_id, description, name, reason, award_date, level, award_type, created_at, updated_at) VALUES ('ORG_S_ece6f9bc52e4a110', '', '国家科技进步奖', '在储能取得突破', '2015-06-24', '省部级', '工程', '2026-06-15T12:00:00+00:00', '2026-06-15T12:00:00+00:00');
INSERT INTO org_award (org_id, description, name, reason, award_date, level, award_type, created_at, updated_at) VALUES ('ORG_S_ece6f9bc52e4a110', '', '省部级一等奖', '在基因编辑取得突破', '2020-07-05', '行业级', '科技', '2026-06-15T12:00:00+00:00', '2026-06-15T12:00:00+00:00');
INSERT INTO org_output (org_id, name, form, author, publish_date, attachment, created_at, updated_at) VALUES ('ORG_S_ece6f9bc52e4a110', '航空航天关键技术', '软件著作权', '华航宇股份', '2023-02-02', '', '2026-06-15T12:00:00+00:00', '2026-06-15T12:00:00+00:00');
INSERT INTO org_output (org_id, name, form, author, publish_date, attachment, created_at, updated_at) VALUES ('ORG_S_ece6f9bc52e4a110', '机器人系统', '专利', '华航宇股份', '2022-08-03', '', '2026-06-15T12:00:00+00:00', '2026-06-15T12:00:00+00:00');
INSERT INTO org_team (org_id, top_talents, award_winners, team_size, talent_type, created_at, updated_at) VALUES ('ORG_S_ece6f9bc52e4a110', '["曹伟磊院士", "马霞明院士"]'::json, '["宋洋", "郭平", "王伟强"]'::json, 1000, '工程团队', '2026-06-15T12:00:00+00:00', '2026-06-15T12:00:00+00:00');
INSERT INTO org_facility (org_id, name, purpose, experiment_status, launch_date, construction_cost_wan_usd, created_at, updated_at) VALUES ('ORG_S_ece6f9bc52e4a110', '基因编辑实验平台', '开展集成电路关键实验', '在建', '2023-06-21', 15000, '2026-06-15T12:00:00+00:00', '2026-06-15T12:00:00+00:00');
INSERT INTO org_facility (org_id, name, purpose, experiment_status, launch_date, construction_cost_wan_usd, created_at, updated_at) VALUES ('ORG_S_ece6f9bc52e4a110', '航空航天实验平台', '开展机器人关键实验', '调试', '2022-06-03', 2000, '2026-06-15T12:00:00+00:00', '2026-06-15T12:00:00+00:00');
INSERT INTO entity_change_log (entity_id, entity_type, field, old_value, new_value, method, operator, source_doc_id, reason, changed_at) VALUES ('ORG_S_ece6f9bc52e4a110', 'org', '*', NULL, '{"action": "create"}'::json, 'rule', NULL, 'mock_seed', NULL, '2026-06-15T12:00:00+00:00');
INSERT INTO org_profile (org_id, name_cn, name_en, name_other, country, founded_date, dissolved_date, operating_years, website, summary, org_types, nature, function, scale, tech_domains, predecessor_names, departments, strategic_plans, evaluation_report, new_key_projects, remark, confidence, completeness, created_at, updated_at) VALUES ('ORG_S_7f3834899fb32cc1', '南方脑科学科技', 'Org-039', '[]'::json, '日本', '2007-01-02', NULL, 19, 'www.org-039.example.com', '南方脑科学科技是聚焦集成电路、碳捕集、机器人等领域的实体机构，致力于前沿技术研发与成果转化。', '["企业", "管理机构"]'::json, '实体机构', '应用研究', 8000, '["集成电路", "碳捕集", "机器人", "卫星互联网"]'::json, '[]'::json, '南方脑科学科技下设基础研究部、应用工程部、国际合作部', '["2021-2025五年发展规划", "2026-2030五年发展规划"]'::json, '南方脑科学科技在卫星互联网领域处于国内领先水平。', '["太赫兹通信", "固态电池", "钙钛矿太阳能电池"]'::json, '', 0.734, 0.825, '2026-06-15T12:00:00+00:00', '2026-06-15T12:00:00+00:00');
INSERT INTO org_history (org_id, change_date, change_description, created_at, updated_at) VALUES ('ORG_S_7f3834899fb32cc1', '2019-01-10', '成立集成电路研究中心', '2026-06-15T12:00:00+00:00', '2026-06-15T12:00:00+00:00');
INSERT INTO org_history (org_id, change_date, change_description, created_at, updated_at) VALUES ('ORG_S_7f3834899fb32cc1', '2024-07-17', '完成股份制改革', '2026-06-15T12:00:00+00:00', '2026-06-15T12:00:00+00:00');
INSERT INTO org_history (org_id, change_date, change_description, created_at, updated_at) VALUES ('ORG_S_7f3834899fb32cc1', '2020-12-26', '获批国家重点实验室', '2026-06-15T12:00:00+00:00', '2026-06-15T12:00:00+00:00');
INSERT INTO org_award (org_id, description, name, reason, award_date, level, award_type, created_at, updated_at) VALUES ('ORG_S_7f3834899fb32cc1', '', '省部级一等奖', '在集成电路取得突破', '2017-12-26', '国家级', '科技', '2026-06-15T12:00:00+00:00', '2026-06-15T12:00:00+00:00');
INSERT INTO org_output (org_id, name, form, author, publish_date, attachment, created_at, updated_at) VALUES ('ORG_S_7f3834899fb32cc1', '卫星互联网标准', '标准', '南方脑科学科技', '2020-09-18', '', '2026-06-15T12:00:00+00:00', '2026-06-15T12:00:00+00:00');
INSERT INTO org_output (org_id, name, form, author, publish_date, attachment, created_at, updated_at) VALUES ('ORG_S_7f3834899fb32cc1', '集成电路关键技术', '专利', '南方脑科学科技', '2023-06-10', '', '2026-06-15T12:00:00+00:00', '2026-06-15T12:00:00+00:00');
INSERT INTO org_output (org_id, name, form, author, publish_date, attachment, created_at, updated_at) VALUES ('ORG_S_7f3834899fb32cc1', '卫星互联网系统', '专利', '南方脑科学科技', '2021-01-14', '', '2026-06-15T12:00:00+00:00', '2026-06-15T12:00:00+00:00');
INSERT INTO org_team (org_id, top_talents, award_winners, team_size, talent_type, created_at, updated_at) VALUES ('ORG_S_7f3834899fb32cc1', '["邓宇航婷院士", "郭强洋院士"]'::json, '["郭勇"]'::json, 1000, '战略科学家团队', '2026-06-15T12:00:00+00:00', '2026-06-15T12:00:00+00:00');
INSERT INTO org_facility (org_id, name, purpose, experiment_status, launch_date, construction_cost_wan_usd, created_at, updated_at) VALUES ('ORG_S_7f3834899fb32cc1', '碳捕集实验平台', '开展碳捕集关键实验', '运行中', '2023-04-23', 500, '2026-06-15T12:00:00+00:00', '2026-06-15T12:00:00+00:00');
INSERT INTO org_facility (org_id, name, purpose, experiment_status, launch_date, construction_cost_wan_usd, created_at, updated_at) VALUES ('ORG_S_7f3834899fb32cc1', '碳捕集实验平台', '开展集成电路关键实验', '在建', '2024-05-09', 8000, '2026-06-15T12:00:00+00:00', '2026-06-15T12:00:00+00:00');
INSERT INTO entity_change_log (entity_id, entity_type, field, old_value, new_value, method, operator, source_doc_id, reason, changed_at) VALUES ('ORG_S_7f3834899fb32cc1', 'org', '*', NULL, '{"action": "create"}'::json, 'rule', NULL, 'mock_seed', NULL, '2026-06-15T12:00:00+00:00');
INSERT INTO org_profile (org_id, name_cn, name_en, name_other, country, founded_date, dissolved_date, operating_years, website, summary, org_types, nature, function, scale, tech_domains, predecessor_names, departments, strategic_plans, evaluation_report, new_key_projects, remark, confidence, completeness, created_at, updated_at) VALUES ('ORG_S_7594f0cc60524b48', '新深海科技', 'Org-040', '[]'::json, '中国', '1959-02-19', NULL, 67, 'www.org-040.example.com', '新深海科技是聚焦深海装备、大模型、新能源等领域的抽象机构，致力于前沿技术研发与成果转化。', '["科研机构", "试验鉴定机构"]'::json, '抽象机构', '技术开发', 1000, '["深海装备", "大模型", "新能源", "网络安全"]'::json, '[]'::json, '新深海科技下设基础研究部、应用工程部、国际合作部', '["2021-2025五年发展规划", "2026-2030五年发展规划"]'::json, '新深海科技在网络安全领域处于国内领先水平。', '["毫米波雷达"]'::json, '', 0.926, 0.801, '2026-06-15T12:00:00+00:00', '2026-06-15T12:00:00+00:00');
INSERT INTO org_history (org_id, change_date, change_description, created_at, updated_at) VALUES ('ORG_S_7594f0cc60524b48', '2022-08-02', '成立深海装备研究中心', '2026-06-15T12:00:00+00:00', '2026-06-15T12:00:00+00:00');
INSERT INTO org_history (org_id, change_date, change_description, created_at, updated_at) VALUES ('ORG_S_7594f0cc60524b48', '2019-11-21', '完成股份制改革', '2026-06-15T12:00:00+00:00', '2026-06-15T12:00:00+00:00');
INSERT INTO org_history (org_id, change_date, change_description, created_at, updated_at) VALUES ('ORG_S_7594f0cc60524b48', '2020-01-25', '获批国家重点实验室', '2026-06-15T12:00:00+00:00', '2026-06-15T12:00:00+00:00');
INSERT INTO org_award (org_id, description, name, reason, award_date, level, award_type, created_at, updated_at) VALUES ('ORG_S_7594f0cc60524b48', '', '省部级一等奖', '在大模型取得突破', '2015-09-27', '行业级', '工程', '2026-06-15T12:00:00+00:00', '2026-06-15T12:00:00+00:00');
INSERT INTO org_award (org_id, description, name, reason, award_date, level, award_type, created_at, updated_at) VALUES ('ORG_S_7594f0cc60524b48', '', '行业金奖', '在网络安全取得突破', '2021-07-08', '国家级', '科技', '2026-06-15T12:00:00+00:00', '2026-06-15T12:00:00+00:00');
INSERT INTO org_award (org_id, description, name, reason, award_date, level, award_type, created_at, updated_at) VALUES ('ORG_S_7594f0cc60524b48', '', '省部级一等奖', '在网络安全取得突破', '2019-11-18', '省部级', '创新', '2026-06-15T12:00:00+00:00', '2026-06-15T12:00:00+00:00');
INSERT INTO org_output (org_id, name, form, author, publish_date, attachment, created_at, updated_at) VALUES ('ORG_S_7594f0cc60524b48', '深海装备关键技术', '标准', '新深海科技', '2020-02-21', '', '2026-06-15T12:00:00+00:00', '2026-06-15T12:00:00+00:00');
INSERT INTO org_output (org_id, name, form, author, publish_date, attachment, created_at, updated_at) VALUES ('ORG_S_7594f0cc60524b48', '深海装备系统', '论文', '新深海科技', '2018-08-13', '', '2026-06-15T12:00:00+00:00', '2026-06-15T12:00:00+00:00');
INSERT INTO org_output (org_id, name, form, author, publish_date, attachment, created_at, updated_at) VALUES ('ORG_S_7594f0cc60524b48', '网络安全系统', '软件著作权', '新深海科技', '2019-06-23', '', '2026-06-15T12:00:00+00:00', '2026-06-15T12:00:00+00:00');
INSERT INTO org_team (org_id, top_talents, award_winners, team_size, talent_type, created_at, updated_at) VALUES ('ORG_S_7594f0cc60524b48', '["赵瑞院士"]'::json, '["吴志强", "周志强", "林瑞娟"]'::json, 200, '战略科学家团队', '2026-06-15T12:00:00+00:00', '2026-06-15T12:00:00+00:00');
INSERT INTO org_facility (org_id, name, purpose, experiment_status, launch_date, construction_cost_wan_usd, created_at, updated_at) VALUES ('ORG_S_7594f0cc60524b48', '网络安全实验平台', '开展大模型关键实验', '调试', '2021-09-12', 15000, '2026-06-15T12:00:00+00:00', '2026-06-15T12:00:00+00:00');
INSERT INTO org_facility (org_id, name, purpose, experiment_status, launch_date, construction_cost_wan_usd, created_at, updated_at) VALUES ('ORG_S_7594f0cc60524b48', '深海装备实验平台', '开展大模型关键实验', '在建', '2018-01-03', 15000, '2026-06-15T12:00:00+00:00', '2026-06-15T12:00:00+00:00');
INSERT INTO entity_change_log (entity_id, entity_type, field, old_value, new_value, method, operator, source_doc_id, reason, changed_at) VALUES ('ORG_S_7594f0cc60524b48', 'org', '*', NULL, '{"action": "create"}'::json, 'rule', NULL, 'mock_seed', NULL, '2026-06-15T12:00:00+00:00');
INSERT INTO org_profile (org_id, name_cn, name_en, name_other, country, founded_date, dissolved_date, operating_years, website, summary, org_types, nature, function, scale, tech_domains, predecessor_names, departments, strategic_plans, evaluation_report, new_key_projects, remark, confidence, completeness, created_at, updated_at) VALUES ('ORG_S_79650879164afc77', '国航宇集团', 'Org-041', '[]'::json, '以色列', '1964-06-07', NULL, 62, 'www.org-041.example.com', '国航宇集团是聚焦网络安全、大模型、生物医药等领域的抽象机构，致力于前沿技术研发与成果转化。', '["企业", "其他", "科研机构"]'::json, '抽象机构', '成果转化', 15000, '["网络安全", "大模型", "生物医药"]'::json, '[]'::json, '国航宇集团下设基础研究部、应用工程部、国际合作部', '["2021-2025五年发展规划", "2026-2030五年发展规划"]'::json, '国航宇集团在生物医药领域处于国内领先水平。', '["基因剪刀", "类脑计算架构"]'::json, '', 0.743, 0.909, '2026-06-15T12:00:00+00:00', '2026-06-15T12:00:00+00:00');
INSERT INTO org_history (org_id, change_date, change_description, created_at, updated_at) VALUES ('ORG_S_79650879164afc77', '2021-09-26', '成立网络安全研究中心', '2026-06-15T12:00:00+00:00', '2026-06-15T12:00:00+00:00');
INSERT INTO org_history (org_id, change_date, change_description, created_at, updated_at) VALUES ('ORG_S_79650879164afc77', '2021-06-15', '完成股份制改革', '2026-06-15T12:00:00+00:00', '2026-06-15T12:00:00+00:00');
INSERT INTO org_history (org_id, change_date, change_description, created_at, updated_at) VALUES ('ORG_S_79650879164afc77', '2024-05-17', '获批国家重点实验室', '2026-06-15T12:00:00+00:00', '2026-06-15T12:00:00+00:00');
INSERT INTO org_award (org_id, description, name, reason, award_date, level, award_type, created_at, updated_at) VALUES ('ORG_S_79650879164afc77', '', '国家科技进步奖', '在网络安全取得突破', '2019-01-25', '行业级', '工程', '2026-06-15T12:00:00+00:00', '2026-06-15T12:00:00+00:00');
INSERT INTO org_award (org_id, description, name, reason, award_date, level, award_type, created_at, updated_at) VALUES ('ORG_S_79650879164afc77', '', '行业金奖', '在生物医药取得突破', '2023-03-16', '省部级', '创新', '2026-06-15T12:00:00+00:00', '2026-06-15T12:00:00+00:00');
INSERT INTO org_award (org_id, description, name, reason, award_date, level, award_type, created_at, updated_at) VALUES ('ORG_S_79650879164afc77', '', '省部级一等奖', '在生物医药取得突破', '2023-12-18', '行业级', '科技', '2026-06-15T12:00:00+00:00', '2026-06-15T12:00:00+00:00');
INSERT INTO org_output (org_id, name, form, author, publish_date, attachment, created_at, updated_at) VALUES ('ORG_S_79650879164afc77', '网络安全标准', '专利', '国航宇集团', '2023-10-13', '', '2026-06-15T12:00:00+00:00', '2026-06-15T12:00:00+00:00');
INSERT INTO org_output (org_id, name, form, author, publish_date, attachment, created_at, updated_at) VALUES ('ORG_S_79650879164afc77', '网络安全关键技术', '软件著作权', '国航宇集团', '2021-03-27', '', '2026-06-15T12:00:00+00:00', '2026-06-15T12:00:00+00:00');
INSERT INTO org_output (org_id, name, form, author, publish_date, attachment, created_at, updated_at) VALUES ('ORG_S_79650879164afc77', '大模型关键技术', '论文', '国航宇集团', '2020-06-06', '', '2026-06-15T12:00:00+00:00', '2026-06-15T12:00:00+00:00');
INSERT INTO org_output (org_id, name, form, author, publish_date, attachment, created_at, updated_at) VALUES ('ORG_S_79650879164afc77', '大模型标准', '软件著作权', '国航宇集团', '2018-09-05', '', '2026-06-15T12:00:00+00:00', '2026-06-15T12:00:00+00:00');
INSERT INTO org_team (org_id, top_talents, award_winners, team_size, talent_type, created_at, updated_at) VALUES ('ORG_S_79650879164afc77', '["林斌院士", "梁伟院士"]'::json, '["冯峰"]'::json, 500, '战略科学家团队', '2026-06-15T12:00:00+00:00', '2026-06-15T12:00:00+00:00');
INSERT INTO org_facility (org_id, name, purpose, experiment_status, launch_date, construction_cost_wan_usd, created_at, updated_at) VALUES ('ORG_S_79650879164afc77', '生物医药实验平台', '开展生物医药关键实验', '在建', '2023-07-11', 15000, '2026-06-15T12:00:00+00:00', '2026-06-15T12:00:00+00:00');
INSERT INTO org_facility (org_id, name, purpose, experiment_status, launch_date, construction_cost_wan_usd, created_at, updated_at) VALUES ('ORG_S_79650879164afc77', '网络安全实验平台', '开展大模型关键实验', '调试', '2020-10-10', 8000, '2026-06-15T12:00:00+00:00', '2026-06-15T12:00:00+00:00');
INSERT INTO entity_change_log (entity_id, entity_type, field, old_value, new_value, method, operator, source_doc_id, reason, changed_at) VALUES ('ORG_S_79650879164afc77', 'org', '*', NULL, '{"action": "create"}'::json, 'rule', NULL, 'mock_seed', NULL, '2026-06-15T12:00:00+00:00');
INSERT INTO org_profile (org_id, name_cn, name_en, name_other, country, founded_date, dissolved_date, operating_years, website, summary, org_types, nature, function, scale, tech_domains, predecessor_names, departments, strategic_plans, evaluation_report, new_key_projects, remark, confidence, completeness, created_at, updated_at) VALUES ('ORG_S_7190ae68641cd0a3', '远聚变股份', 'Org-042', '[]'::json, '中国', '2008-03-08', NULL, 18, 'www.org-042.example.com', '远聚变股份是聚焦卫星互联网、网络安全、基因编辑等领域的抽象机构，致力于前沿技术研发与成果转化。', '["科研机构", "管理机构"]'::json, '抽象机构', '战略咨询', 8000, '["卫星互联网", "网络安全", "基因编辑"]'::json, '[]'::json, '远聚变股份下设基础研究部、应用工程部、国际合作部', '["2021-2025五年发展规划", "2026-2030五年发展规划"]'::json, '远聚变股份在基因编辑领域处于国内领先水平。', '["神经网络芯片", "碳化硅功率器件", "基因剪刀"]'::json, '', 0.804, 0.659, '2026-06-15T12:00:00+00:00', '2026-06-15T12:00:00+00:00');
INSERT INTO org_history (org_id, change_date, change_description, created_at, updated_at) VALUES ('ORG_S_7190ae68641cd0a3', '2010-01-13', '成立基因编辑研究中心', '2026-06-15T12:00:00+00:00', '2026-06-15T12:00:00+00:00');
INSERT INTO org_history (org_id, change_date, change_description, created_at, updated_at) VALUES ('ORG_S_7190ae68641cd0a3', '2022-09-16', '完成股份制改革', '2026-06-15T12:00:00+00:00', '2026-06-15T12:00:00+00:00');
INSERT INTO org_history (org_id, change_date, change_description, created_at, updated_at) VALUES ('ORG_S_7190ae68641cd0a3', '2013-04-06', '获批国家重点实验室', '2026-06-15T12:00:00+00:00', '2026-06-15T12:00:00+00:00');
INSERT INTO org_award (org_id, description, name, reason, award_date, level, award_type, created_at, updated_at) VALUES ('ORG_S_7190ae68641cd0a3', '', '国家科技进步奖', '在网络安全取得突破', '2017-09-05', '省部级', '科技', '2026-06-15T12:00:00+00:00', '2026-06-15T12:00:00+00:00');
INSERT INTO org_award (org_id, description, name, reason, award_date, level, award_type, created_at, updated_at) VALUES ('ORG_S_7190ae68641cd0a3', '', '国家科技进步奖', '在网络安全取得突破', '2015-04-01', '国家级', '科技', '2026-06-15T12:00:00+00:00', '2026-06-15T12:00:00+00:00');
INSERT INTO org_output (org_id, name, form, author, publish_date, attachment, created_at, updated_at) VALUES ('ORG_S_7190ae68641cd0a3', '卫星互联网标准', '软件著作权', '远聚变股份', '2020-12-07', '', '2026-06-15T12:00:00+00:00', '2026-06-15T12:00:00+00:00');
INSERT INTO org_output (org_id, name, form, author, publish_date, attachment, created_at, updated_at) VALUES ('ORG_S_7190ae68641cd0a3', '网络安全系统', '软件著作权', '远聚变股份', '2020-06-05', '', '2026-06-15T12:00:00+00:00', '2026-06-15T12:00:00+00:00');
INSERT INTO org_output (org_id, name, form, author, publish_date, attachment, created_at, updated_at) VALUES ('ORG_S_7190ae68641cd0a3', '基因编辑标准', '论文', '远聚变股份', '2024-11-01', '', '2026-06-15T12:00:00+00:00', '2026-06-15T12:00:00+00:00');
INSERT INTO org_team (org_id, top_talents, award_winners, team_size, talent_type, created_at, updated_at) VALUES ('ORG_S_7190ae68641cd0a3', '["周婷院士", "韩超宇航院士"]'::json, '["胡超"]'::json, 1000, '战略科学家团队', '2026-06-15T12:00:00+00:00', '2026-06-15T12:00:00+00:00');
INSERT INTO org_facility (org_id, name, purpose, experiment_status, launch_date, construction_cost_wan_usd, created_at, updated_at) VALUES ('ORG_S_7190ae68641cd0a3', '网络安全实验平台', '开展网络安全关键实验', '在建', '2023-03-17', 2000, '2026-06-15T12:00:00+00:00', '2026-06-15T12:00:00+00:00');
INSERT INTO org_facility (org_id, name, purpose, experiment_status, launch_date, construction_cost_wan_usd, created_at, updated_at) VALUES ('ORG_S_7190ae68641cd0a3', '卫星互联网实验平台', '开展卫星互联网关键实验', '调试', '2020-03-21', 15000, '2026-06-15T12:00:00+00:00', '2026-06-15T12:00:00+00:00');
INSERT INTO entity_change_log (entity_id, entity_type, field, old_value, new_value, method, operator, source_doc_id, reason, changed_at) VALUES ('ORG_S_7190ae68641cd0a3', 'org', '*', NULL, '{"action": "create"}'::json, 'rule', NULL, 'mock_seed', NULL, '2026-06-15T12:00:00+00:00');
INSERT INTO org_profile (org_id, name_cn, name_en, name_other, country, founded_date, dissolved_date, operating_years, website, summary, org_types, nature, function, scale, tech_domains, predecessor_names, departments, strategic_plans, evaluation_report, new_key_projects, remark, confidence, completeness, created_at, updated_at) VALUES ('ORG_S_ad91c7a1de019adc', '华氢动实验室', 'Org-043', '[]'::json, '中国', '2002-03-10', NULL, 24, 'www.org-043.example.com', '华氢动实验室是聚焦卫星互联网、大模型、机器人等领域的实体机构，致力于前沿技术研发与成果转化。', '["高校", "科研机构"]'::json, '实体机构', '应用研究', 200, '["卫星互联网", "大模型", "机器人"]'::json, '[]'::json, '华氢动实验室下设基础研究部、应用工程部、国际合作部', '["2021-2025五年发展规划", "2026-2030五年发展规划"]'::json, '华氢动实验室在大模型领域处于国内领先水平。', '["氢燃料电池电堆", "量子纠错码", "卫星星座组网"]'::json, '', 0.908, 0.637, '2026-06-15T12:00:00+00:00', '2026-06-15T12:00:00+00:00');
INSERT INTO org_history (org_id, change_date, change_description, created_at, updated_at) VALUES ('ORG_S_ad91c7a1de019adc', '2018-03-21', '成立机器人研究中心', '2026-06-15T12:00:00+00:00', '2026-06-15T12:00:00+00:00');
INSERT INTO org_history (org_id, change_date, change_description, created_at, updated_at) VALUES ('ORG_S_ad91c7a1de019adc', '2010-10-09', '完成股份制改革', '2026-06-15T12:00:00+00:00', '2026-06-15T12:00:00+00:00');
INSERT INTO org_history (org_id, change_date, change_description, created_at, updated_at) VALUES ('ORG_S_ad91c7a1de019adc', '2022-08-05', '获批国家重点实验室', '2026-06-15T12:00:00+00:00', '2026-06-15T12:00:00+00:00');
INSERT INTO org_award (org_id, description, name, reason, award_date, level, award_type, created_at, updated_at) VALUES ('ORG_S_ad91c7a1de019adc', '', '行业金奖', '在大模型取得突破', '2023-10-25', '省部级', '创新', '2026-06-15T12:00:00+00:00', '2026-06-15T12:00:00+00:00');
INSERT INTO org_output (org_id, name, form, author, publish_date, attachment, created_at, updated_at) VALUES ('ORG_S_ad91c7a1de019adc', '机器人关键技术', '软件著作权', '华氢动实验室', '2019-06-15', '', '2026-06-15T12:00:00+00:00', '2026-06-15T12:00:00+00:00');
INSERT INTO org_output (org_id, name, form, author, publish_date, attachment, created_at, updated_at) VALUES ('ORG_S_ad91c7a1de019adc', '卫星互联网标准', '软件著作权', '华氢动实验室', '2024-08-10', '', '2026-06-15T12:00:00+00:00', '2026-06-15T12:00:00+00:00');
INSERT INTO org_team (org_id, top_talents, award_winners, team_size, talent_type, created_at, updated_at) VALUES ('ORG_S_ad91c7a1de019adc', '["何峰斌院士", "朱平建华院士"]'::json, '["高宇航", "张桂英"]'::json, 200, '研发团队', '2026-06-15T12:00:00+00:00', '2026-06-15T12:00:00+00:00');
INSERT INTO org_facility (org_id, name, purpose, experiment_status, launch_date, construction_cost_wan_usd, created_at, updated_at) VALUES ('ORG_S_ad91c7a1de019adc', '机器人实验平台', '开展卫星互联网关键实验', '调试', '2018-05-16', 2000, '2026-06-15T12:00:00+00:00', '2026-06-15T12:00:00+00:00');
INSERT INTO entity_change_log (entity_id, entity_type, field, old_value, new_value, method, operator, source_doc_id, reason, changed_at) VALUES ('ORG_S_ad91c7a1de019adc', 'org', '*', NULL, '{"action": "create"}'::json, 'rule', NULL, 'mock_seed', NULL, '2026-06-15T12:00:00+00:00');
INSERT INTO org_profile (org_id, name_cn, name_en, name_other, country, founded_date, dissolved_date, operating_years, website, summary, org_types, nature, function, scale, tech_domains, predecessor_names, departments, strategic_plans, evaluation_report, new_key_projects, remark, confidence, completeness, created_at, updated_at) VALUES ('ORG_S_db9e7ca678e1ece8', '远脑科学股份', 'Org-044', '[]'::json, '韩国', '1959-04-16', NULL, 67, 'www.org-044.example.com', '远脑科学股份是聚焦新能源、6G通信等领域的抽象机构，致力于前沿技术研发与成果转化。', '["企业", "高校", "咨询机构"]'::json, '抽象机构', '技术开发', 15000, '["新能源", "6G通信"]'::json, '[]'::json, '远脑科学股份下设基础研究部、应用工程部、国际合作部', '["2021-2025五年发展规划", "2026-2030五年发展规划"]'::json, '远脑科学股份在6G通信领域处于国内领先水平。', '["卫星星座组网"]'::json, '', 0.824, 0.881, '2026-06-15T12:00:00+00:00', '2026-06-15T12:00:00+00:00');
INSERT INTO org_history (org_id, change_date, change_description, created_at, updated_at) VALUES ('ORG_S_db9e7ca678e1ece8', '2024-01-10', '成立6G通信研究中心', '2026-06-15T12:00:00+00:00', '2026-06-15T12:00:00+00:00');
INSERT INTO org_history (org_id, change_date, change_description, created_at, updated_at) VALUES ('ORG_S_db9e7ca678e1ece8', '2022-08-10', '完成股份制改革', '2026-06-15T12:00:00+00:00', '2026-06-15T12:00:00+00:00');
INSERT INTO org_history (org_id, change_date, change_description, created_at, updated_at) VALUES ('ORG_S_db9e7ca678e1ece8', '2013-07-15', '获批国家重点实验室', '2026-06-15T12:00:00+00:00', '2026-06-15T12:00:00+00:00');
INSERT INTO org_award (org_id, description, name, reason, award_date, level, award_type, created_at, updated_at) VALUES ('ORG_S_db9e7ca678e1ece8', '', '行业金奖', '在6G通信取得突破', '2021-09-02', '行业级', '工程', '2026-06-15T12:00:00+00:00', '2026-06-15T12:00:00+00:00');
INSERT INTO org_award (org_id, description, name, reason, award_date, level, award_type, created_at, updated_at) VALUES ('ORG_S_db9e7ca678e1ece8', '', '国家科技进步奖', '在新能源取得突破', '2020-04-14', '省部级', '工程', '2026-06-15T12:00:00+00:00', '2026-06-15T12:00:00+00:00');
INSERT INTO org_output (org_id, name, form, author, publish_date, attachment, created_at, updated_at) VALUES ('ORG_S_db9e7ca678e1ece8', '新能源标准', '专利', '远脑科学股份', '2021-11-06', '', '2026-06-15T12:00:00+00:00', '2026-06-15T12:00:00+00:00');
INSERT INTO org_output (org_id, name, form, author, publish_date, attachment, created_at, updated_at) VALUES ('ORG_S_db9e7ca678e1ece8', '新能源标准', '软件著作权', '远脑科学股份', '2022-11-13', '', '2026-06-15T12:00:00+00:00', '2026-06-15T12:00:00+00:00');
INSERT INTO org_output (org_id, name, form, author, publish_date, attachment, created_at, updated_at) VALUES ('ORG_S_db9e7ca678e1ece8', '新能源标准', '标准', '远脑科学股份', '2020-04-14', '', '2026-06-15T12:00:00+00:00', '2026-06-15T12:00:00+00:00');
INSERT INTO org_output (org_id, name, form, author, publish_date, attachment, created_at, updated_at) VALUES ('ORG_S_db9e7ca678e1ece8', '6G通信关键技术', '专利', '远脑科学股份', '2021-04-17', '', '2026-06-15T12:00:00+00:00', '2026-06-15T12:00:00+00:00');
INSERT INTO org_team (org_id, top_talents, award_winners, team_size, talent_type, created_at, updated_at) VALUES ('ORG_S_db9e7ca678e1ece8', '["唐娟建华院士"]'::json, '["李强伟"]'::json, 1000, '研发团队', '2026-06-15T12:00:00+00:00', '2026-06-15T12:00:00+00:00');
INSERT INTO org_facility (org_id, name, purpose, experiment_status, launch_date, construction_cost_wan_usd, created_at, updated_at) VALUES ('ORG_S_db9e7ca678e1ece8', '新能源实验平台', '开展新能源关键实验', '运行中', '2019-09-26', 2000, '2026-06-15T12:00:00+00:00', '2026-06-15T12:00:00+00:00');
INSERT INTO org_facility (org_id, name, purpose, experiment_status, launch_date, construction_cost_wan_usd, created_at, updated_at) VALUES ('ORG_S_db9e7ca678e1ece8', '6G通信实验平台', '开展6G通信关键实验', '运行中', '2022-12-02', 8000, '2026-06-15T12:00:00+00:00', '2026-06-15T12:00:00+00:00');
INSERT INTO entity_change_log (entity_id, entity_type, field, old_value, new_value, method, operator, source_doc_id, reason, changed_at) VALUES ('ORG_S_db9e7ca678e1ece8', 'org', '*', NULL, '{"action": "create"}'::json, 'rule', NULL, 'mock_seed', NULL, '2026-06-15T12:00:00+00:00');
INSERT INTO org_profile (org_id, name_cn, name_en, name_other, country, founded_date, dissolved_date, operating_years, website, summary, org_types, nature, function, scale, tech_domains, predecessor_names, departments, strategic_plans, evaluation_report, new_key_projects, remark, confidence, completeness, created_at, updated_at) VALUES ('ORG_S_e7133121e4d198e7', '中科智算工程技术中心', 'Org-045', '[]'::json, '以色列', '1967-06-13', NULL, 59, 'www.org-045.example.com', '中科智算工程技术中心是聚焦脑机接口、无人机、半导体等领域的实体机构，致力于前沿技术研发与成果转化。', '["高校", "科研机构"]'::json, '实体机构', '成果转化', 1000, '["脑机接口", "无人机", "半导体", "碳捕集", "网络安全"]'::json, '[]'::json, '中科智算工程技术中心下设基础研究部、应用工程部、国际合作部', '["2021-2025五年发展规划", "2026-2030五年发展规划"]'::json, '中科智算工程技术中心在无人机领域处于国内领先水平。', '["仿生机械臂", "基因剪刀", "光量子计算"]'::json, '', 0.88, 0.814, '2026-06-15T12:00:00+00:00', '2026-06-15T12:00:00+00:00');
INSERT INTO org_history (org_id, change_date, change_description, created_at, updated_at) VALUES ('ORG_S_e7133121e4d198e7', '2012-05-14', '成立网络安全研究中心', '2026-06-15T12:00:00+00:00', '2026-06-15T12:00:00+00:00');
INSERT INTO org_history (org_id, change_date, change_description, created_at, updated_at) VALUES ('ORG_S_e7133121e4d198e7', '2019-12-12', '完成股份制改革', '2026-06-15T12:00:00+00:00', '2026-06-15T12:00:00+00:00');
INSERT INTO org_history (org_id, change_date, change_description, created_at, updated_at) VALUES ('ORG_S_e7133121e4d198e7', '2021-08-08', '获批国家重点实验室', '2026-06-15T12:00:00+00:00', '2026-06-15T12:00:00+00:00');
INSERT INTO org_award (org_id, description, name, reason, award_date, level, award_type, created_at, updated_at) VALUES ('ORG_S_e7133121e4d198e7', '', '省部级一等奖', '在碳捕集取得突破', '2023-04-12', '国家级', '科技', '2026-06-15T12:00:00+00:00', '2026-06-15T12:00:00+00:00');
INSERT INTO org_award (org_id, description, name, reason, award_date, level, award_type, created_at, updated_at) VALUES ('ORG_S_e7133121e4d198e7', '', '国家科技进步奖', '在脑机接口取得突破', '2022-10-03', '省部级', '工程', '2026-06-15T12:00:00+00:00', '2026-06-15T12:00:00+00:00');
INSERT INTO org_output (org_id, name, form, author, publish_date, attachment, created_at, updated_at) VALUES ('ORG_S_e7133121e4d198e7', '半导体关键技术', '软件著作权', '中科智算工程技术中心', '2024-07-15', '', '2026-06-15T12:00:00+00:00', '2026-06-15T12:00:00+00:00');
INSERT INTO org_output (org_id, name, form, author, publish_date, attachment, created_at, updated_at) VALUES ('ORG_S_e7133121e4d198e7', '半导体系统', '标准', '中科智算工程技术中心', '2021-05-13', '', '2026-06-15T12:00:00+00:00', '2026-06-15T12:00:00+00:00');
INSERT INTO org_output (org_id, name, form, author, publish_date, attachment, created_at, updated_at) VALUES ('ORG_S_e7133121e4d198e7', '碳捕集系统', '专利', '中科智算工程技术中心', '2019-11-25', '', '2026-06-15T12:00:00+00:00', '2026-06-15T12:00:00+00:00');
INSERT INTO org_team (org_id, top_talents, award_winners, team_size, talent_type, created_at, updated_at) VALUES ('ORG_S_e7133121e4d198e7', '["何平洋院士"]'::json, '["王艳瑞"]'::json, 200, '工程团队', '2026-06-15T12:00:00+00:00', '2026-06-15T12:00:00+00:00');
INSERT INTO org_facility (org_id, name, purpose, experiment_status, launch_date, construction_cost_wan_usd, created_at, updated_at) VALUES ('ORG_S_e7133121e4d198e7', '网络安全实验平台', '开展脑机接口关键实验', '在建', '2021-04-07', 2000, '2026-06-15T12:00:00+00:00', '2026-06-15T12:00:00+00:00');
INSERT INTO entity_change_log (entity_id, entity_type, field, old_value, new_value, method, operator, source_doc_id, reason, changed_at) VALUES ('ORG_S_e7133121e4d198e7', 'org', '*', NULL, '{"action": "create"}'::json, 'rule', NULL, 'mock_seed', NULL, '2026-06-15T12:00:00+00:00');
INSERT INTO org_profile (org_id, name_cn, name_en, name_other, country, founded_date, dissolved_date, operating_years, website, summary, org_types, nature, function, scale, tech_domains, predecessor_names, departments, strategic_plans, evaluation_report, new_key_projects, remark, confidence, completeness, created_at, updated_at) VALUES ('ORG_S_dc756e39961214d5', '新前沿实验室', 'Org-046', '[]'::json, '英国', '1994-02-19', NULL, 32, 'www.org-046.example.com', '新前沿实验室是聚焦6G通信、无人机、半导体等领域的抽象机构，致力于前沿技术研发与成果转化。', '["科研机构", "高校"]'::json, '抽象机构', '人才培养', 15000, '["6G通信", "无人机", "半导体", "光电技术"]'::json, '[]'::json, '新前沿实验室下设基础研究部、应用工程部、国际合作部', '["2021-2025五年发展规划", "2026-2030五年发展规划"]'::json, '新前沿实验室在半导体领域处于国内领先水平。', '["神经网络芯片", "碳纳米管", "深海潜水器"]'::json, '', 0.942, 0.678, '2026-06-15T12:00:00+00:00', '2026-06-15T12:00:00+00:00');
INSERT INTO org_history (org_id, change_date, change_description, created_at, updated_at) VALUES ('ORG_S_dc756e39961214d5', '2015-12-27', '成立光电技术研究中心', '2026-06-15T12:00:00+00:00', '2026-06-15T12:00:00+00:00');
INSERT INTO org_history (org_id, change_date, change_description, created_at, updated_at) VALUES ('ORG_S_dc756e39961214d5', '2013-02-28', '完成股份制改革', '2026-06-15T12:00:00+00:00', '2026-06-15T12:00:00+00:00');
INSERT INTO org_history (org_id, change_date, change_description, created_at, updated_at) VALUES ('ORG_S_dc756e39961214d5', '2021-03-19', '获批国家重点实验室', '2026-06-15T12:00:00+00:00', '2026-06-15T12:00:00+00:00');
INSERT INTO org_award (org_id, description, name, reason, award_date, level, award_type, created_at, updated_at) VALUES ('ORG_S_dc756e39961214d5', '', '国家科技进步奖', '在无人机取得突破', '2021-04-12', '行业级', '科技', '2026-06-15T12:00:00+00:00', '2026-06-15T12:00:00+00:00');
INSERT INTO org_award (org_id, description, name, reason, award_date, level, award_type, created_at, updated_at) VALUES ('ORG_S_dc756e39961214d5', '', '省部级一等奖', '在半导体取得突破', '2024-10-02', '省部级', '科技', '2026-06-15T12:00:00+00:00', '2026-06-15T12:00:00+00:00');
INSERT INTO org_output (org_id, name, form, author, publish_date, attachment, created_at, updated_at) VALUES ('ORG_S_dc756e39961214d5', '无人机标准', '专利', '新前沿实验室', '2023-09-10', '', '2026-06-15T12:00:00+00:00', '2026-06-15T12:00:00+00:00');
INSERT INTO org_output (org_id, name, form, author, publish_date, attachment, created_at, updated_at) VALUES ('ORG_S_dc756e39961214d5', '半导体关键技术', '专利', '新前沿实验室', '2021-01-18', '', '2026-06-15T12:00:00+00:00', '2026-06-15T12:00:00+00:00');
INSERT INTO org_output (org_id, name, form, author, publish_date, attachment, created_at, updated_at) VALUES ('ORG_S_dc756e39961214d5', '无人机关键技术', '标准', '新前沿实验室', '2022-10-20', '', '2026-06-15T12:00:00+00:00', '2026-06-15T12:00:00+00:00');
INSERT INTO org_team (org_id, top_talents, award_winners, team_size, talent_type, created_at, updated_at) VALUES ('ORG_S_dc756e39961214d5', '["刘霞院士", "高军院士"]'::json, '["王婷"]'::json, 500, '战略科学家团队', '2026-06-15T12:00:00+00:00', '2026-06-15T12:00:00+00:00');
INSERT INTO org_facility (org_id, name, purpose, experiment_status, launch_date, construction_cost_wan_usd, created_at, updated_at) VALUES ('ORG_S_dc756e39961214d5', '无人机实验平台', '开展无人机关键实验', '调试', '2020-11-09', 15000, '2026-06-15T12:00:00+00:00', '2026-06-15T12:00:00+00:00');
INSERT INTO entity_change_log (entity_id, entity_type, field, old_value, new_value, method, operator, source_doc_id, reason, changed_at) VALUES ('ORG_S_dc756e39961214d5', 'org', '*', NULL, '{"action": "create"}'::json, 'rule', NULL, 'mock_seed', NULL, '2026-06-15T12:00:00+00:00');
INSERT INTO org_profile (org_id, name_cn, name_en, name_other, country, founded_date, dissolved_date, operating_years, website, summary, org_types, nature, function, scale, tech_domains, predecessor_names, departments, strategic_plans, evaluation_report, new_key_projects, remark, confidence, completeness, created_at, updated_at) VALUES ('ORG_S_68caf9a014fe67ba', '中科生医研究所', 'Org-047', '[]'::json, '美国', '1989-01-19', NULL, 37, 'www.org-047.example.com', '中科生医研究所是聚焦集成电路、大模型等领域的抽象机构，致力于前沿技术研发与成果转化。', '["其他", "科研机构"]'::json, '抽象机构', '技术开发', 15000, '["集成电路", "大模型"]'::json, '[]'::json, '中科生医研究所下设基础研究部、应用工程部、国际合作部', '["2021-2025五年发展规划", "2026-2030五年发展规划"]'::json, '中科生医研究所在集成电路领域处于国内领先水平。', '["固态电池", "基因剪刀"]'::json, '', 0.794, 0.692, '2026-06-15T12:00:00+00:00', '2026-06-15T12:00:00+00:00');
INSERT INTO org_history (org_id, change_date, change_description, created_at, updated_at) VALUES ('ORG_S_68caf9a014fe67ba', '2013-10-02', '成立大模型研究中心', '2026-06-15T12:00:00+00:00', '2026-06-15T12:00:00+00:00');
INSERT INTO org_history (org_id, change_date, change_description, created_at, updated_at) VALUES ('ORG_S_68caf9a014fe67ba', '2013-09-20', '完成股份制改革', '2026-06-15T12:00:00+00:00', '2026-06-15T12:00:00+00:00');
INSERT INTO org_history (org_id, change_date, change_description, created_at, updated_at) VALUES ('ORG_S_68caf9a014fe67ba', '2018-03-16', '获批国家重点实验室', '2026-06-15T12:00:00+00:00', '2026-06-15T12:00:00+00:00');
INSERT INTO org_award (org_id, description, name, reason, award_date, level, award_type, created_at, updated_at) VALUES ('ORG_S_68caf9a014fe67ba', '', '国家科技进步奖', '在大模型取得突破', '2022-09-22', '国家级', '科技', '2026-06-15T12:00:00+00:00', '2026-06-15T12:00:00+00:00');
INSERT INTO org_output (org_id, name, form, author, publish_date, attachment, created_at, updated_at) VALUES ('ORG_S_68caf9a014fe67ba', '大模型系统', '专利', '中科生医研究所', '2019-07-15', '', '2026-06-15T12:00:00+00:00', '2026-06-15T12:00:00+00:00');
INSERT INTO org_output (org_id, name, form, author, publish_date, attachment, created_at, updated_at) VALUES ('ORG_S_68caf9a014fe67ba', '集成电路标准', '软件著作权', '中科生医研究所', '2022-06-27', '', '2026-06-15T12:00:00+00:00', '2026-06-15T12:00:00+00:00');
INSERT INTO org_team (org_id, top_talents, award_winners, team_size, talent_type, created_at, updated_at) VALUES ('ORG_S_68caf9a014fe67ba', '["宋霞院士", "张昊伟院士"]'::json, '["唐军"]'::json, 1000, '研发团队', '2026-06-15T12:00:00+00:00', '2026-06-15T12:00:00+00:00');
INSERT INTO org_facility (org_id, name, purpose, experiment_status, launch_date, construction_cost_wan_usd, created_at, updated_at) VALUES ('ORG_S_68caf9a014fe67ba', '集成电路实验平台', '开展大模型关键实验', '在建', '2020-09-03', 2000, '2026-06-15T12:00:00+00:00', '2026-06-15T12:00:00+00:00');
INSERT INTO org_facility (org_id, name, purpose, experiment_status, launch_date, construction_cost_wan_usd, created_at, updated_at) VALUES ('ORG_S_68caf9a014fe67ba', '集成电路实验平台', '开展大模型关键实验', '在建', '2023-05-21', 15000, '2026-06-15T12:00:00+00:00', '2026-06-15T12:00:00+00:00');
INSERT INTO entity_change_log (entity_id, entity_type, field, old_value, new_value, method, operator, source_doc_id, reason, changed_at) VALUES ('ORG_S_68caf9a014fe67ba', 'org', '*', NULL, '{"action": "create"}'::json, 'rule', NULL, 'mock_seed', NULL, '2026-06-15T12:00:00+00:00');
INSERT INTO org_profile (org_id, name_cn, name_en, name_other, country, founded_date, dissolved_date, operating_years, website, summary, org_types, nature, function, scale, tech_domains, predecessor_names, departments, strategic_plans, evaluation_report, new_key_projects, remark, confidence, completeness, created_at, updated_at) VALUES ('ORG_S_6a9c63ab972350b1', '国深海科技', 'Org-048', '[]'::json, '以色列', '1984-07-15', NULL, 42, 'www.org-048.example.com', '国深海科技是聚焦5G通信、6G通信、先进算力等领域的抽象机构，致力于前沿技术研发与成果转化。', '["试验鉴定机构"]'::json, '抽象机构', '人才培养', 1000, '["5G通信", "6G通信", "先进算力", "氢能", "半导体"]'::json, '[]'::json, '国深海科技下设基础研究部、应用工程部、国际合作部', '["2021-2025五年发展规划", "2026-2030五年发展规划"]'::json, '国深海科技在半导体领域处于国内领先水平。', '["mRNA疫苗"]'::json, '', 0.982, 0.873, '2026-06-15T12:00:00+00:00', '2026-06-15T12:00:00+00:00');
INSERT INTO org_history (org_id, change_date, change_description, created_at, updated_at) VALUES ('ORG_S_6a9c63ab972350b1', '2018-12-10', '成立先进算力研究中心', '2026-06-15T12:00:00+00:00', '2026-06-15T12:00:00+00:00');
INSERT INTO org_history (org_id, change_date, change_description, created_at, updated_at) VALUES ('ORG_S_6a9c63ab972350b1', '2023-05-16', '完成股份制改革', '2026-06-15T12:00:00+00:00', '2026-06-15T12:00:00+00:00');
INSERT INTO org_history (org_id, change_date, change_description, created_at, updated_at) VALUES ('ORG_S_6a9c63ab972350b1', '2016-04-18', '获批国家重点实验室', '2026-06-15T12:00:00+00:00', '2026-06-15T12:00:00+00:00');
INSERT INTO org_award (org_id, description, name, reason, award_date, level, award_type, created_at, updated_at) VALUES ('ORG_S_6a9c63ab972350b1', '', '国家科技进步奖', '在先进算力取得突破', '2021-03-04', '省部级', '工程', '2026-06-15T12:00:00+00:00', '2026-06-15T12:00:00+00:00');
INSERT INTO org_output (org_id, name, form, author, publish_date, attachment, created_at, updated_at) VALUES ('ORG_S_6a9c63ab972350b1', '氢能标准', '专利', '国深海科技', '2018-09-18', '', '2026-06-15T12:00:00+00:00', '2026-06-15T12:00:00+00:00');
INSERT INTO org_output (org_id, name, form, author, publish_date, attachment, created_at, updated_at) VALUES ('ORG_S_6a9c63ab972350b1', '半导体标准', '标准', '国深海科技', '2019-09-06', '', '2026-06-15T12:00:00+00:00', '2026-06-15T12:00:00+00:00');
INSERT INTO org_output (org_id, name, form, author, publish_date, attachment, created_at, updated_at) VALUES ('ORG_S_6a9c63ab972350b1', '6G通信系统', '软件著作权', '国深海科技', '2021-08-12', '', '2026-06-15T12:00:00+00:00', '2026-06-15T12:00:00+00:00');
INSERT INTO org_team (org_id, top_talents, award_winners, team_size, talent_type, created_at, updated_at) VALUES ('ORG_S_6a9c63ab972350b1', '["许刚院士", "胡海燕院士"]'::json, '["高娟", "王志强宇航"]'::json, 1000, '战略科学家团队', '2026-06-15T12:00:00+00:00', '2026-06-15T12:00:00+00:00');
INSERT INTO org_facility (org_id, name, purpose, experiment_status, launch_date, construction_cost_wan_usd, created_at, updated_at) VALUES ('ORG_S_6a9c63ab972350b1', '先进算力实验平台', '开展半导体关键实验', '在建', '2021-08-03', 2000, '2026-06-15T12:00:00+00:00', '2026-06-15T12:00:00+00:00');
INSERT INTO org_facility (org_id, name, purpose, experiment_status, launch_date, construction_cost_wan_usd, created_at, updated_at) VALUES ('ORG_S_6a9c63ab972350b1', '氢能实验平台', '开展半导体关键实验', '调试', '2020-01-08', 2000, '2026-06-15T12:00:00+00:00', '2026-06-15T12:00:00+00:00');
INSERT INTO entity_change_log (entity_id, entity_type, field, old_value, new_value, method, operator, source_doc_id, reason, changed_at) VALUES ('ORG_S_6a9c63ab972350b1', 'org', '*', NULL, '{"action": "create"}'::json, 'rule', NULL, 'mock_seed', NULL, '2026-06-15T12:00:00+00:00');
INSERT INTO org_profile (org_id, name_cn, name_en, name_other, country, founded_date, dissolved_date, operating_years, website, summary, org_types, nature, function, scale, tech_domains, predecessor_names, departments, strategic_plans, evaluation_report, new_key_projects, remark, confidence, completeness, created_at, updated_at) VALUES ('ORG_S_4e0a074da62380ee', '新基因高科', 'Org-049', '[]'::json, '日本', '1979-03-04', NULL, 47, 'www.org-049.example.com', '新基因高科是聚焦新材料、碳捕集、量子计算等领域的实体机构，致力于前沿技术研发与成果转化。', '["管理机构", "科研机构", "试验鉴定机构"]'::json, '实体机构', '成果转化', 200, '["新材料", "碳捕集", "量子计算"]'::json, '[]'::json, '新基因高科下设基础研究部、应用工程部、国际合作部', '["2021-2025五年发展规划", "2026-2030五年发展规划"]'::json, '新基因高科在量子计算领域处于国内领先水平。', '["氢燃料电池电堆"]'::json, '', 0.701, 0.732, '2026-06-15T12:00:00+00:00', '2026-06-15T12:00:00+00:00');
INSERT INTO org_history (org_id, change_date, change_description, created_at, updated_at) VALUES ('ORG_S_4e0a074da62380ee', '2020-02-23', '成立碳捕集研究中心', '2026-06-15T12:00:00+00:00', '2026-06-15T12:00:00+00:00');
INSERT INTO org_history (org_id, change_date, change_description, created_at, updated_at) VALUES ('ORG_S_4e0a074da62380ee', '2015-10-11', '完成股份制改革', '2026-06-15T12:00:00+00:00', '2026-06-15T12:00:00+00:00');
INSERT INTO org_history (org_id, change_date, change_description, created_at, updated_at) VALUES ('ORG_S_4e0a074da62380ee', '2013-04-26', '获批国家重点实验室', '2026-06-15T12:00:00+00:00', '2026-06-15T12:00:00+00:00');
INSERT INTO org_award (org_id, description, name, reason, award_date, level, award_type, created_at, updated_at) VALUES ('ORG_S_4e0a074da62380ee', '', '省部级一等奖', '在碳捕集取得突破', '2023-05-18', '省部级', '创新', '2026-06-15T12:00:00+00:00', '2026-06-15T12:00:00+00:00');
INSERT INTO org_award (org_id, description, name, reason, award_date, level, award_type, created_at, updated_at) VALUES ('ORG_S_4e0a074da62380ee', '', '行业金奖', '在量子计算取得突破', '2024-05-06', '国家级', '工程', '2026-06-15T12:00:00+00:00', '2026-06-15T12:00:00+00:00');
INSERT INTO org_output (org_id, name, form, author, publish_date, attachment, created_at, updated_at) VALUES ('ORG_S_4e0a074da62380ee', '量子计算关键技术', '论文', '新基因高科', '2022-02-15', '', '2026-06-15T12:00:00+00:00', '2026-06-15T12:00:00+00:00');
INSERT INTO org_output (org_id, name, form, author, publish_date, attachment, created_at, updated_at) VALUES ('ORG_S_4e0a074da62380ee', '碳捕集系统', '软件著作权', '新基因高科', '2020-10-26', '', '2026-06-15T12:00:00+00:00', '2026-06-15T12:00:00+00:00');
INSERT INTO org_team (org_id, top_talents, award_winners, team_size, talent_type, created_at, updated_at) VALUES ('ORG_S_4e0a074da62380ee', '["陈俊杰志强院士"]'::json, '["孙宇航", "刘刚"]'::json, 1000, '战略科学家团队', '2026-06-15T12:00:00+00:00', '2026-06-15T12:00:00+00:00');
INSERT INTO org_facility (org_id, name, purpose, experiment_status, launch_date, construction_cost_wan_usd, created_at, updated_at) VALUES ('ORG_S_4e0a074da62380ee', '新材料实验平台', '开展量子计算关键实验', '在建', '2018-07-19', 8000, '2026-06-15T12:00:00+00:00', '2026-06-15T12:00:00+00:00');
INSERT INTO entity_change_log (entity_id, entity_type, field, old_value, new_value, method, operator, source_doc_id, reason, changed_at) VALUES ('ORG_S_4e0a074da62380ee', 'org', '*', NULL, '{"action": "create"}'::json, 'rule', NULL, 'mock_seed', NULL, '2026-06-15T12:00:00+00:00');
INSERT INTO org_profile (org_id, name_cn, name_en, name_other, country, founded_date, dissolved_date, operating_years, website, summary, org_types, nature, function, scale, tech_domains, predecessor_names, departments, strategic_plans, evaluation_report, new_key_projects, remark, confidence, completeness, created_at, updated_at) VALUES ('ORG_S_041add787f4f05de', '国新材股份', 'Org-050', '[]'::json, '法国', '1994-04-25', NULL, 32, 'www.org-050.example.com', '国新材股份是聚焦增材制造、6G通信等领域的抽象机构，致力于前沿技术研发与成果转化。', '["高校"]'::json, '抽象机构', '应用研究', 3000, '["增材制造", "6G通信"]'::json, '[]'::json, '国新材股份下设基础研究部、应用工程部、国际合作部', '["2021-2025五年发展规划", "2026-2030五年发展规划"]'::json, '国新材股份在6G通信领域处于国内领先水平。', '["固态电池"]'::json, '', 0.797, 0.79, '2026-06-15T12:00:00+00:00', '2026-06-15T12:00:00+00:00');
INSERT INTO org_history (org_id, change_date, change_description, created_at, updated_at) VALUES ('ORG_S_041add787f4f05de', '2023-06-07', '成立6G通信研究中心', '2026-06-15T12:00:00+00:00', '2026-06-15T12:00:00+00:00');
INSERT INTO org_history (org_id, change_date, change_description, created_at, updated_at) VALUES ('ORG_S_041add787f4f05de', '2012-08-01', '完成股份制改革', '2026-06-15T12:00:00+00:00', '2026-06-15T12:00:00+00:00');
INSERT INTO org_history (org_id, change_date, change_description, created_at, updated_at) VALUES ('ORG_S_041add787f4f05de', '2013-04-23', '获批国家重点实验室', '2026-06-15T12:00:00+00:00', '2026-06-15T12:00:00+00:00');
INSERT INTO org_award (org_id, description, name, reason, award_date, level, award_type, created_at, updated_at) VALUES ('ORG_S_041add787f4f05de', '', '省部级一等奖', '在增材制造取得突破', '2015-08-27', '行业级', '工程', '2026-06-15T12:00:00+00:00', '2026-06-15T12:00:00+00:00');
INSERT INTO org_award (org_id, description, name, reason, award_date, level, award_type, created_at, updated_at) VALUES ('ORG_S_041add787f4f05de', '', '省部级一等奖', '在6G通信取得突破', '2017-03-08', '国家级', '科技', '2026-06-15T12:00:00+00:00', '2026-06-15T12:00:00+00:00');
INSERT INTO org_award (org_id, description, name, reason, award_date, level, award_type, created_at, updated_at) VALUES ('ORG_S_041add787f4f05de', '', '省部级一等奖', '在增材制造取得突破', '2017-03-25', '国家级', '工程', '2026-06-15T12:00:00+00:00', '2026-06-15T12:00:00+00:00');
INSERT INTO org_output (org_id, name, form, author, publish_date, attachment, created_at, updated_at) VALUES ('ORG_S_041add787f4f05de', '增材制造标准', '标准', '国新材股份', '2019-09-27', '', '2026-06-15T12:00:00+00:00', '2026-06-15T12:00:00+00:00');
INSERT INTO org_output (org_id, name, form, author, publish_date, attachment, created_at, updated_at) VALUES ('ORG_S_041add787f4f05de', '6G通信系统', '专利', '国新材股份', '2024-03-18', '', '2026-06-15T12:00:00+00:00', '2026-06-15T12:00:00+00:00');
INSERT INTO org_output (org_id, name, form, author, publish_date, attachment, created_at, updated_at) VALUES ('ORG_S_041add787f4f05de', '增材制造标准', '专利', '国新材股份', '2018-02-20', '', '2026-06-15T12:00:00+00:00', '2026-06-15T12:00:00+00:00');
INSERT INTO org_output (org_id, name, form, author, publish_date, attachment, created_at, updated_at) VALUES ('ORG_S_041add787f4f05de', '6G通信关键技术', '软件著作权', '国新材股份', '2023-05-15', '', '2026-06-15T12:00:00+00:00', '2026-06-15T12:00:00+00:00');
INSERT INTO org_team (org_id, top_talents, award_winners, team_size, talent_type, created_at, updated_at) VALUES ('ORG_S_041add787f4f05de', '["何海燕院士", "刘峰洋院士"]'::json, '["邓平"]'::json, 1000, '工程团队', '2026-06-15T12:00:00+00:00', '2026-06-15T12:00:00+00:00');
INSERT INTO org_facility (org_id, name, purpose, experiment_status, launch_date, construction_cost_wan_usd, created_at, updated_at) VALUES ('ORG_S_041add787f4f05de', '6G通信实验平台', '开展6G通信关键实验', '运行中', '2019-07-22', 2000, '2026-06-15T12:00:00+00:00', '2026-06-15T12:00:00+00:00');
INSERT INTO org_facility (org_id, name, purpose, experiment_status, launch_date, construction_cost_wan_usd, created_at, updated_at) VALUES ('ORG_S_041add787f4f05de', '6G通信实验平台', '开展6G通信关键实验', '在建', '2023-03-12', 8000, '2026-06-15T12:00:00+00:00', '2026-06-15T12:00:00+00:00');
INSERT INTO entity_change_log (entity_id, entity_type, field, old_value, new_value, method, operator, source_doc_id, reason, changed_at) VALUES ('ORG_S_041add787f4f05de', 'org', '*', NULL, '{"action": "create"}'::json, 'rule', NULL, 'mock_seed', NULL, '2026-06-15T12:00:00+00:00');
INSERT INTO org_profile (org_id, name_cn, name_en, name_other, country, founded_date, dissolved_date, operating_years, website, summary, org_types, nature, function, scale, tech_domains, predecessor_names, departments, strategic_plans, evaluation_report, new_key_projects, remark, confidence, completeness, created_at, updated_at) VALUES ('ORG_S_2446de94addb74ee', '北方算力研究院', 'Org-051', '[]'::json, '美国', '1971-02-14', NULL, 55, 'www.org-051.example.com', '北方算力研究院是聚焦航空航天、机器人、半导体等领域的抽象机构，致力于前沿技术研发与成果转化。', '["企业", "科研机构", "试验鉴定机构"]'::json, '抽象机构', '人才培养', 15000, '["航空航天", "机器人", "半导体"]'::json, '[]'::json, '北方算力研究院下设基础研究部、应用工程部、国际合作部', '["2021-2025五年发展规划", "2026-2030五年发展规划"]'::json, '北方算力研究院在航空航天领域处于国内领先水平。', '["类脑计算架构", "碳化硅功率器件", "碳纳米管"]'::json, '', 0.882, 0.822, '2026-06-15T12:00:00+00:00', '2026-06-15T12:00:00+00:00');
INSERT INTO org_history (org_id, change_date, change_description, created_at, updated_at) VALUES ('ORG_S_2446de94addb74ee', '2012-09-22', '成立航空航天研究中心', '2026-06-15T12:00:00+00:00', '2026-06-15T12:00:00+00:00');
INSERT INTO org_history (org_id, change_date, change_description, created_at, updated_at) VALUES ('ORG_S_2446de94addb74ee', '2017-04-01', '完成股份制改革', '2026-06-15T12:00:00+00:00', '2026-06-15T12:00:00+00:00');
INSERT INTO org_history (org_id, change_date, change_description, created_at, updated_at) VALUES ('ORG_S_2446de94addb74ee', '2012-07-09', '获批国家重点实验室', '2026-06-15T12:00:00+00:00', '2026-06-15T12:00:00+00:00');
INSERT INTO org_award (org_id, description, name, reason, award_date, level, award_type, created_at, updated_at) VALUES ('ORG_S_2446de94addb74ee', '', '省部级一等奖', '在半导体取得突破', '2020-12-20', '国家级', '工程', '2026-06-15T12:00:00+00:00', '2026-06-15T12:00:00+00:00');
INSERT INTO org_award (org_id, description, name, reason, award_date, level, award_type, created_at, updated_at) VALUES ('ORG_S_2446de94addb74ee', '', '国家科技进步奖', '在航空航天取得突破', '2020-11-19', '国家级', '工程', '2026-06-15T12:00:00+00:00', '2026-06-15T12:00:00+00:00');
INSERT INTO org_award (org_id, description, name, reason, award_date, level, award_type, created_at, updated_at) VALUES ('ORG_S_2446de94addb74ee', '', '国家科技进步奖', '在机器人取得突破', '2018-09-05', '行业级', '工程', '2026-06-15T12:00:00+00:00', '2026-06-15T12:00:00+00:00');
INSERT INTO org_output (org_id, name, form, author, publish_date, attachment, created_at, updated_at) VALUES ('ORG_S_2446de94addb74ee', '机器人关键技术', '软件著作权', '北方算力研究院', '2023-10-22', '', '2026-06-15T12:00:00+00:00', '2026-06-15T12:00:00+00:00');
INSERT INTO org_output (org_id, name, form, author, publish_date, attachment, created_at, updated_at) VALUES ('ORG_S_2446de94addb74ee', '半导体关键技术', '软件著作权', '北方算力研究院', '2018-02-23', '', '2026-06-15T12:00:00+00:00', '2026-06-15T12:00:00+00:00');
INSERT INTO org_team (org_id, top_talents, award_winners, team_size, talent_type, created_at, updated_at) VALUES ('ORG_S_2446de94addb74ee', '["郭强明院士", "杨斌霞院士"]'::json, '["赵海燕伟", "唐强", "徐明强"]'::json, 200, '研发团队', '2026-06-15T12:00:00+00:00', '2026-06-15T12:00:00+00:00');
INSERT INTO org_facility (org_id, name, purpose, experiment_status, launch_date, construction_cost_wan_usd, created_at, updated_at) VALUES ('ORG_S_2446de94addb74ee', '半导体实验平台', '开展航空航天关键实验', '运行中', '2024-06-24', 500, '2026-06-15T12:00:00+00:00', '2026-06-15T12:00:00+00:00');
INSERT INTO org_facility (org_id, name, purpose, experiment_status, launch_date, construction_cost_wan_usd, created_at, updated_at) VALUES ('ORG_S_2446de94addb74ee', '航空航天实验平台', '开展机器人关键实验', '运行中', '2020-04-15', 8000, '2026-06-15T12:00:00+00:00', '2026-06-15T12:00:00+00:00');
INSERT INTO entity_change_log (entity_id, entity_type, field, old_value, new_value, method, operator, source_doc_id, reason, changed_at) VALUES ('ORG_S_2446de94addb74ee', 'org', '*', NULL, '{"action": "create"}'::json, 'rule', NULL, 'mock_seed', NULL, '2026-06-15T12:00:00+00:00');
INSERT INTO org_profile (org_id, name_cn, name_en, name_other, country, founded_date, dissolved_date, operating_years, website, summary, org_types, nature, function, scale, tech_domains, predecessor_names, departments, strategic_plans, evaluation_report, new_key_projects, remark, confidence, completeness, created_at, updated_at) VALUES ('ORG_S_4993c4532d2cb2d2', '北方前沿实验室', 'Org-052', '[]'::json, '日本', '2013-02-04', NULL, 13, 'www.org-052.example.com', '北方前沿实验室是聚焦基因编辑、量子计算、先进算力等领域的实体机构，致力于前沿技术研发与成果转化。', '["高校"]'::json, '实体机构', '基础研究', 15000, '["基因编辑", "量子计算", "先进算力", "氢能", "航空航天"]'::json, '[]'::json, '北方前沿实验室下设基础研究部、应用工程部、国际合作部', '["2021-2025五年发展规划", "2026-2030五年发展规划"]'::json, '北方前沿实验室在先进算力领域处于国内领先水平。', '["卫星星座组网", "金属3D打印", "基因剪刀"]'::json, '', 0.774, 0.586, '2026-06-15T12:00:00+00:00', '2026-06-15T12:00:00+00:00');
INSERT INTO org_history (org_id, change_date, change_description, created_at, updated_at) VALUES ('ORG_S_4993c4532d2cb2d2', '2017-05-07', '成立基因编辑研究中心', '2026-06-15T12:00:00+00:00', '2026-06-15T12:00:00+00:00');
INSERT INTO org_history (org_id, change_date, change_description, created_at, updated_at) VALUES ('ORG_S_4993c4532d2cb2d2', '2020-03-04', '完成股份制改革', '2026-06-15T12:00:00+00:00', '2026-06-15T12:00:00+00:00');
INSERT INTO org_history (org_id, change_date, change_description, created_at, updated_at) VALUES ('ORG_S_4993c4532d2cb2d2', '2014-12-24', '获批国家重点实验室', '2026-06-15T12:00:00+00:00', '2026-06-15T12:00:00+00:00');
INSERT INTO org_award (org_id, description, name, reason, award_date, level, award_type, created_at, updated_at) VALUES ('ORG_S_4993c4532d2cb2d2', '', '国家科技进步奖', '在基因编辑取得突破', '2020-08-23', '省部级', '创新', '2026-06-15T12:00:00+00:00', '2026-06-15T12:00:00+00:00');
INSERT INTO org_output (org_id, name, form, author, publish_date, attachment, created_at, updated_at) VALUES ('ORG_S_4993c4532d2cb2d2', '量子计算系统', '标准', '北方前沿实验室', '2019-02-01', '', '2026-06-15T12:00:00+00:00', '2026-06-15T12:00:00+00:00');
INSERT INTO org_output (org_id, name, form, author, publish_date, attachment, created_at, updated_at) VALUES ('ORG_S_4993c4532d2cb2d2', '先进算力标准', '标准', '北方前沿实验室', '2023-05-10', '', '2026-06-15T12:00:00+00:00', '2026-06-15T12:00:00+00:00');
INSERT INTO org_team (org_id, top_talents, award_winners, team_size, talent_type, created_at, updated_at) VALUES ('ORG_S_4993c4532d2cb2d2', '["韩刚婷院士", "马宁瑞院士"]'::json, '["郑强", "吴峰宁", "韩霞"]'::json, 1000, '研发团队', '2026-06-15T12:00:00+00:00', '2026-06-15T12:00:00+00:00');
INSERT INTO org_facility (org_id, name, purpose, experiment_status, launch_date, construction_cost_wan_usd, created_at, updated_at) VALUES ('ORG_S_4993c4532d2cb2d2', '基因编辑实验平台', '开展先进算力关键实验', '运行中', '2019-04-18', 15000, '2026-06-15T12:00:00+00:00', '2026-06-15T12:00:00+00:00');
INSERT INTO entity_change_log (entity_id, entity_type, field, old_value, new_value, method, operator, source_doc_id, reason, changed_at) VALUES ('ORG_S_4993c4532d2cb2d2', 'org', '*', NULL, '{"action": "create"}'::json, 'rule', NULL, 'mock_seed', NULL, '2026-06-15T12:00:00+00:00');
INSERT INTO org_profile (org_id, name_cn, name_en, name_other, country, founded_date, dissolved_date, operating_years, website, summary, org_types, nature, function, scale, tech_domains, predecessor_names, departments, strategic_plans, evaluation_report, new_key_projects, remark, confidence, completeness, created_at, updated_at) VALUES ('ORG_S_2e70524a84868778', '东方储能高科', 'Org-053', '[]'::json, '以色列', '2016-04-27', NULL, 10, 'www.org-053.example.com', '东方储能高科是聚焦机器人、氢能、光电技术等领域的实体机构，致力于前沿技术研发与成果转化。', '["管理机构"]'::json, '实体机构', '基础研究', 15000, '["机器人", "氢能", "光电技术", "6G通信"]'::json, '[]'::json, '东方储能高科下设基础研究部、应用工程部、国际合作部', '["2021-2025五年发展规划", "2026-2030五年发展规划"]'::json, '东方储能高科在6G通信领域处于国内领先水平。', '["钙钛矿太阳能电池", "可重复使用火箭"]'::json, '', 0.781, 0.573, '2026-06-15T12:00:00+00:00', '2026-06-15T12:00:00+00:00');
INSERT INTO org_history (org_id, change_date, change_description, created_at, updated_at) VALUES ('ORG_S_2e70524a84868778', '2022-12-04', '成立光电技术研究中心', '2026-06-15T12:00:00+00:00', '2026-06-15T12:00:00+00:00');
INSERT INTO org_history (org_id, change_date, change_description, created_at, updated_at) VALUES ('ORG_S_2e70524a84868778', '2020-07-09', '完成股份制改革', '2026-06-15T12:00:00+00:00', '2026-06-15T12:00:00+00:00');
INSERT INTO org_history (org_id, change_date, change_description, created_at, updated_at) VALUES ('ORG_S_2e70524a84868778', '2012-08-21', '获批国家重点实验室', '2026-06-15T12:00:00+00:00', '2026-06-15T12:00:00+00:00');
INSERT INTO org_award (org_id, description, name, reason, award_date, level, award_type, created_at, updated_at) VALUES ('ORG_S_2e70524a84868778', '', '省部级一等奖', '在机器人取得突破', '2024-11-17', '省部级', '创新', '2026-06-15T12:00:00+00:00', '2026-06-15T12:00:00+00:00');
INSERT INTO org_award (org_id, description, name, reason, award_date, level, award_type, created_at, updated_at) VALUES ('ORG_S_2e70524a84868778', '', '行业金奖', '在氢能取得突破', '2018-03-18', '国家级', '创新', '2026-06-15T12:00:00+00:00', '2026-06-15T12:00:00+00:00');
INSERT INTO org_award (org_id, description, name, reason, award_date, level, award_type, created_at, updated_at) VALUES ('ORG_S_2e70524a84868778', '', '国家科技进步奖', '在6G通信取得突破', '2022-04-21', '省部级', '创新', '2026-06-15T12:00:00+00:00', '2026-06-15T12:00:00+00:00');
INSERT INTO org_output (org_id, name, form, author, publish_date, attachment, created_at, updated_at) VALUES ('ORG_S_2e70524a84868778', '氢能关键技术', '论文', '东方储能高科', '2018-11-12', '', '2026-06-15T12:00:00+00:00', '2026-06-15T12:00:00+00:00');
INSERT INTO org_output (org_id, name, form, author, publish_date, attachment, created_at, updated_at) VALUES ('ORG_S_2e70524a84868778', '光电技术系统', '软件著作权', '东方储能高科', '2023-11-22', '', '2026-06-15T12:00:00+00:00', '2026-06-15T12:00:00+00:00');
INSERT INTO org_output (org_id, name, form, author, publish_date, attachment, created_at, updated_at) VALUES ('ORG_S_2e70524a84868778', '6G通信标准', '标准', '东方储能高科', '2018-04-09', '', '2026-06-15T12:00:00+00:00', '2026-06-15T12:00:00+00:00');
INSERT INTO org_output (org_id, name, form, author, publish_date, attachment, created_at, updated_at) VALUES ('ORG_S_2e70524a84868778', '氢能标准', '论文', '东方储能高科', '2024-05-22', '', '2026-06-15T12:00:00+00:00', '2026-06-15T12:00:00+00:00');
INSERT INTO org_team (org_id, top_talents, award_winners, team_size, talent_type, created_at, updated_at) VALUES ('ORG_S_2e70524a84868778', '["冯建华婷院士", "彭宇航院士"]'::json, '["何刚", "谢宇航瑞", "周涛"]'::json, 1000, '战略科学家团队', '2026-06-15T12:00:00+00:00', '2026-06-15T12:00:00+00:00');
INSERT INTO org_facility (org_id, name, purpose, experiment_status, launch_date, construction_cost_wan_usd, created_at, updated_at) VALUES ('ORG_S_2e70524a84868778', '光电技术实验平台', '开展氢能关键实验', '调试', '2023-02-26', 500, '2026-06-15T12:00:00+00:00', '2026-06-15T12:00:00+00:00');
INSERT INTO entity_change_log (entity_id, entity_type, field, old_value, new_value, method, operator, source_doc_id, reason, changed_at) VALUES ('ORG_S_2e70524a84868778', 'org', '*', NULL, '{"action": "create"}'::json, 'rule', NULL, 'mock_seed', NULL, '2026-06-15T12:00:00+00:00');
INSERT INTO org_profile (org_id, name_cn, name_en, name_other, country, founded_date, dissolved_date, operating_years, website, summary, org_types, nature, function, scale, tech_domains, predecessor_names, departments, strategic_plans, evaluation_report, new_key_projects, remark, confidence, completeness, created_at, updated_at) VALUES ('ORG_S_bc676cd72445777a', '东方航宇研究所', 'Org-054', '[]'::json, '法国', '1955-04-08', NULL, 71, 'www.org-054.example.com', '东方航宇研究所是聚焦生物医药、自动驾驶、半导体等领域的实体机构，致力于前沿技术研发与成果转化。', '["高校", "咨询机构"]'::json, '实体机构', '基础研究', 8000, '["生物医药", "自动驾驶", "半导体", "光电技术"]'::json, '[]'::json, '东方航宇研究所下设基础研究部、应用工程部、国际合作部', '["2021-2025五年发展规划", "2026-2030五年发展规划"]'::json, '东方航宇研究所在半导体领域处于国内领先水平。', '["深海潜水器", "量子纠错码"]'::json, '', 0.919, 0.752, '2026-06-15T12:00:00+00:00', '2026-06-15T12:00:00+00:00');
INSERT INTO org_history (org_id, change_date, change_description, created_at, updated_at) VALUES ('ORG_S_bc676cd72445777a', '2021-10-12', '成立生物医药研究中心', '2026-06-15T12:00:00+00:00', '2026-06-15T12:00:00+00:00');
INSERT INTO org_history (org_id, change_date, change_description, created_at, updated_at) VALUES ('ORG_S_bc676cd72445777a', '2020-02-16', '完成股份制改革', '2026-06-15T12:00:00+00:00', '2026-06-15T12:00:00+00:00');
INSERT INTO org_history (org_id, change_date, change_description, created_at, updated_at) VALUES ('ORG_S_bc676cd72445777a', '2021-07-27', '获批国家重点实验室', '2026-06-15T12:00:00+00:00', '2026-06-15T12:00:00+00:00');
INSERT INTO org_award (org_id, description, name, reason, award_date, level, award_type, created_at, updated_at) VALUES ('ORG_S_bc676cd72445777a', '', '省部级一等奖', '在半导体取得突破', '2015-02-16', '省部级', '工程', '2026-06-15T12:00:00+00:00', '2026-06-15T12:00:00+00:00');
INSERT INTO org_output (org_id, name, form, author, publish_date, attachment, created_at, updated_at) VALUES ('ORG_S_bc676cd72445777a', '半导体系统', '软件著作权', '东方航宇研究所', '2018-07-09', '', '2026-06-15T12:00:00+00:00', '2026-06-15T12:00:00+00:00');
INSERT INTO org_output (org_id, name, form, author, publish_date, attachment, created_at, updated_at) VALUES ('ORG_S_bc676cd72445777a', '光电技术系统', '专利', '东方航宇研究所', '2022-11-25', '', '2026-06-15T12:00:00+00:00', '2026-06-15T12:00:00+00:00');
INSERT INTO org_output (org_id, name, form, author, publish_date, attachment, created_at, updated_at) VALUES ('ORG_S_bc676cd72445777a', '自动驾驶关键技术', '论文', '东方航宇研究所', '2020-08-27', '', '2026-06-15T12:00:00+00:00', '2026-06-15T12:00:00+00:00');
INSERT INTO org_output (org_id, name, form, author, publish_date, attachment, created_at, updated_at) VALUES ('ORG_S_bc676cd72445777a', '自动驾驶系统', '标准', '东方航宇研究所', '2024-08-28', '', '2026-06-15T12:00:00+00:00', '2026-06-15T12:00:00+00:00');
INSERT INTO org_team (org_id, top_talents, award_winners, team_size, talent_type, created_at, updated_at) VALUES ('ORG_S_bc676cd72445777a', '["冯雪松院士"]'::json, '["林超勇"]'::json, 500, '研发团队', '2026-06-15T12:00:00+00:00', '2026-06-15T12:00:00+00:00');
INSERT INTO org_facility (org_id, name, purpose, experiment_status, launch_date, construction_cost_wan_usd, created_at, updated_at) VALUES ('ORG_S_bc676cd72445777a', '自动驾驶实验平台', '开展半导体关键实验', '运行中', '2022-11-24', 2000, '2026-06-15T12:00:00+00:00', '2026-06-15T12:00:00+00:00');
INSERT INTO org_facility (org_id, name, purpose, experiment_status, launch_date, construction_cost_wan_usd, created_at, updated_at) VALUES ('ORG_S_bc676cd72445777a', '光电技术实验平台', '开展生物医药关键实验', '调试', '2018-04-03', 8000, '2026-06-15T12:00:00+00:00', '2026-06-15T12:00:00+00:00');
INSERT INTO entity_change_log (entity_id, entity_type, field, old_value, new_value, method, operator, source_doc_id, reason, changed_at) VALUES ('ORG_S_bc676cd72445777a', 'org', '*', NULL, '{"action": "create"}'::json, 'rule', NULL, 'mock_seed', NULL, '2026-06-15T12:00:00+00:00');
INSERT INTO org_profile (org_id, name_cn, name_en, name_other, country, founded_date, dissolved_date, operating_years, website, summary, org_types, nature, function, scale, tech_domains, predecessor_names, departments, strategic_plans, evaluation_report, new_key_projects, remark, confidence, completeness, created_at, updated_at) VALUES ('ORG_S_ebc59ee308723f17', '中聚变研究所', 'Org-055', '[]'::json, '中国', '1983-11-19', NULL, 43, 'www.org-055.example.com', '中聚变研究所是聚焦大模型、量子计算、新能源等领域的抽象机构，致力于前沿技术研发与成果转化。', '["试验鉴定机构", "企业", "咨询机构"]'::json, '抽象机构', '成果转化', 8000, '["大模型", "量子计算", "新能源", "储能"]'::json, '[]'::json, '中聚变研究所下设基础研究部、应用工程部、国际合作部', '["2021-2025五年发展规划", "2026-2030五年发展规划"]'::json, '中聚变研究所在储能领域处于国内领先水平。', '["仿生机械臂", "神经形态芯片", "可重复使用火箭"]'::json, '', 0.758, 0.826, '2026-06-15T12:00:00+00:00', '2026-06-15T12:00:00+00:00');
INSERT INTO org_history (org_id, change_date, change_description, created_at, updated_at) VALUES ('ORG_S_ebc59ee308723f17', '2016-01-28', '成立大模型研究中心', '2026-06-15T12:00:00+00:00', '2026-06-15T12:00:00+00:00');
INSERT INTO org_history (org_id, change_date, change_description, created_at, updated_at) VALUES ('ORG_S_ebc59ee308723f17', '2014-10-07', '完成股份制改革', '2026-06-15T12:00:00+00:00', '2026-06-15T12:00:00+00:00');
INSERT INTO org_history (org_id, change_date, change_description, created_at, updated_at) VALUES ('ORG_S_ebc59ee308723f17', '2015-03-09', '获批国家重点实验室', '2026-06-15T12:00:00+00:00', '2026-06-15T12:00:00+00:00');
INSERT INTO org_award (org_id, description, name, reason, award_date, level, award_type, created_at, updated_at) VALUES ('ORG_S_ebc59ee308723f17', '', '国家科技进步奖', '在新能源取得突破', '2018-07-03', '省部级', '科技', '2026-06-15T12:00:00+00:00', '2026-06-15T12:00:00+00:00');
INSERT INTO org_award (org_id, description, name, reason, award_date, level, award_type, created_at, updated_at) VALUES ('ORG_S_ebc59ee308723f17', '', '省部级一等奖', '在储能取得突破', '2016-04-04', '国家级', '创新', '2026-06-15T12:00:00+00:00', '2026-06-15T12:00:00+00:00');
INSERT INTO org_output (org_id, name, form, author, publish_date, attachment, created_at, updated_at) VALUES ('ORG_S_ebc59ee308723f17', '量子计算系统', '专利', '中聚变研究所', '2020-09-27', '', '2026-06-15T12:00:00+00:00', '2026-06-15T12:00:00+00:00');
INSERT INTO org_output (org_id, name, form, author, publish_date, attachment, created_at, updated_at) VALUES ('ORG_S_ebc59ee308723f17', '量子计算系统', '标准', '中聚变研究所', '2018-07-21', '', '2026-06-15T12:00:00+00:00', '2026-06-15T12:00:00+00:00');
INSERT INTO org_output (org_id, name, form, author, publish_date, attachment, created_at, updated_at) VALUES ('ORG_S_ebc59ee308723f17', '大模型关键技术', '论文', '中聚变研究所', '2023-09-06', '', '2026-06-15T12:00:00+00:00', '2026-06-15T12:00:00+00:00');
INSERT INTO org_output (org_id, name, form, author, publish_date, attachment, created_at, updated_at) VALUES ('ORG_S_ebc59ee308723f17', '储能系统', '标准', '中聚变研究所', '2020-05-01', '', '2026-06-15T12:00:00+00:00', '2026-06-15T12:00:00+00:00');
INSERT INTO org_team (org_id, top_talents, award_winners, team_size, talent_type, created_at, updated_at) VALUES ('ORG_S_ebc59ee308723f17', '["刘俊杰院士"]'::json, '["郑伟"]'::json, 200, '战略科学家团队', '2026-06-15T12:00:00+00:00', '2026-06-15T12:00:00+00:00');
INSERT INTO org_facility (org_id, name, purpose, experiment_status, launch_date, construction_cost_wan_usd, created_at, updated_at) VALUES ('ORG_S_ebc59ee308723f17', '大模型实验平台', '开展储能关键实验', '运行中', '2018-10-11', 2000, '2026-06-15T12:00:00+00:00', '2026-06-15T12:00:00+00:00');
INSERT INTO org_facility (org_id, name, purpose, experiment_status, launch_date, construction_cost_wan_usd, created_at, updated_at) VALUES ('ORG_S_ebc59ee308723f17', '大模型实验平台', '开展大模型关键实验', '运行中', '2021-12-22', 2000, '2026-06-15T12:00:00+00:00', '2026-06-15T12:00:00+00:00');
INSERT INTO entity_change_log (entity_id, entity_type, field, old_value, new_value, method, operator, source_doc_id, reason, changed_at) VALUES ('ORG_S_ebc59ee308723f17', 'org', '*', NULL, '{"action": "create"}'::json, 'rule', NULL, 'mock_seed', NULL, '2026-06-15T12:00:00+00:00');
INSERT INTO org_profile (org_id, name_cn, name_en, name_other, country, founded_date, dissolved_date, operating_years, website, summary, org_types, nature, function, scale, tech_domains, predecessor_names, departments, strategic_plans, evaluation_report, new_key_projects, remark, confidence, completeness, created_at, updated_at) VALUES ('ORG_S_41351d1206e55609', '国未来研究院', 'Org-056', '[]'::json, '日本', '1973-01-23', NULL, 53, 'www.org-056.example.com', '国未来研究院是聚焦半导体、先进算力、光电技术等领域的实体机构，致力于前沿技术研发与成果转化。', '["企业", "科研机构", "试验鉴定机构"]'::json, '实体机构', '基础研究', 1000, '["半导体", "先进算力", "光电技术"]'::json, '[]'::json, '国未来研究院下设基础研究部、应用工程部、国际合作部', '["2021-2025五年发展规划", "2026-2030五年发展规划"]'::json, '国未来研究院在先进算力领域处于国内领先水平。', '["钙钛矿太阳能电池"]'::json, '', 0.805, 0.682, '2026-06-15T12:00:00+00:00', '2026-06-15T12:00:00+00:00');
INSERT INTO org_history (org_id, change_date, change_description, created_at, updated_at) VALUES ('ORG_S_41351d1206e55609', '2011-06-07', '成立光电技术研究中心', '2026-06-15T12:00:00+00:00', '2026-06-15T12:00:00+00:00');
INSERT INTO org_history (org_id, change_date, change_description, created_at, updated_at) VALUES ('ORG_S_41351d1206e55609', '2022-10-09', '完成股份制改革', '2026-06-15T12:00:00+00:00', '2026-06-15T12:00:00+00:00');
INSERT INTO org_history (org_id, change_date, change_description, created_at, updated_at) VALUES ('ORG_S_41351d1206e55609', '2019-05-03', '获批国家重点实验室', '2026-06-15T12:00:00+00:00', '2026-06-15T12:00:00+00:00');
INSERT INTO org_award (org_id, description, name, reason, award_date, level, award_type, created_at, updated_at) VALUES ('ORG_S_41351d1206e55609', '', '行业金奖', '在半导体取得突破', '2024-06-09', '行业级', '工程', '2026-06-15T12:00:00+00:00', '2026-06-15T12:00:00+00:00');
INSERT INTO org_output (org_id, name, form, author, publish_date, attachment, created_at, updated_at) VALUES ('ORG_S_41351d1206e55609', '半导体关键技术', '软件著作权', '国未来研究院', '2024-05-02', '', '2026-06-15T12:00:00+00:00', '2026-06-15T12:00:00+00:00');
INSERT INTO org_output (org_id, name, form, author, publish_date, attachment, created_at, updated_at) VALUES ('ORG_S_41351d1206e55609', '光电技术标准', '论文', '国未来研究院', '2022-12-17', '', '2026-06-15T12:00:00+00:00', '2026-06-15T12:00:00+00:00');
INSERT INTO org_output (org_id, name, form, author, publish_date, attachment, created_at, updated_at) VALUES ('ORG_S_41351d1206e55609', '先进算力系统', '专利', '国未来研究院', '2018-04-04', '', '2026-06-15T12:00:00+00:00', '2026-06-15T12:00:00+00:00');
INSERT INTO org_output (org_id, name, form, author, publish_date, attachment, created_at, updated_at) VALUES ('ORG_S_41351d1206e55609', '半导体关键技术', '论文', '国未来研究院', '2022-04-25', '', '2026-06-15T12:00:00+00:00', '2026-06-15T12:00:00+00:00');
INSERT INTO org_team (org_id, top_talents, award_winners, team_size, talent_type, created_at, updated_at) VALUES ('ORG_S_41351d1206e55609', '["杨霞院士", "谢艳院士"]'::json, '["张昊超", "郭斌"]'::json, 500, '工程团队', '2026-06-15T12:00:00+00:00', '2026-06-15T12:00:00+00:00');
INSERT INTO org_facility (org_id, name, purpose, experiment_status, launch_date, construction_cost_wan_usd, created_at, updated_at) VALUES ('ORG_S_41351d1206e55609', '光电技术实验平台', '开展光电技术关键实验', '在建', '2023-03-10', 500, '2026-06-15T12:00:00+00:00', '2026-06-15T12:00:00+00:00');
INSERT INTO org_facility (org_id, name, purpose, experiment_status, launch_date, construction_cost_wan_usd, created_at, updated_at) VALUES ('ORG_S_41351d1206e55609', '半导体实验平台', '开展半导体关键实验', '调试', '2021-01-15', 500, '2026-06-15T12:00:00+00:00', '2026-06-15T12:00:00+00:00');
INSERT INTO entity_change_log (entity_id, entity_type, field, old_value, new_value, method, operator, source_doc_id, reason, changed_at) VALUES ('ORG_S_41351d1206e55609', 'org', '*', NULL, '{"action": "create"}'::json, 'rule', NULL, 'mock_seed', NULL, '2026-06-15T12:00:00+00:00');
INSERT INTO org_profile (org_id, name_cn, name_en, name_other, country, founded_date, dissolved_date, operating_years, website, summary, org_types, nature, function, scale, tech_domains, predecessor_names, departments, strategic_plans, evaluation_report, new_key_projects, remark, confidence, completeness, created_at, updated_at) VALUES ('ORG_S_36fac8c3e4b0de04', '东方智算实验室', 'Org-057', '[]'::json, '日本', '1971-03-09', NULL, 55, 'www.org-057.example.com', '东方智算实验室是聚焦新材料、人工智能、深海装备等领域的抽象机构，致力于前沿技术研发与成果转化。', '["科研机构"]'::json, '抽象机构', '技术开发', 3000, '["新材料", "人工智能", "深海装备", "半导体"]'::json, '[]'::json, '东方智算实验室下设基础研究部、应用工程部、国际合作部', '["2021-2025五年发展规划", "2026-2030五年发展规划"]'::json, '东方智算实验室在深海装备领域处于国内领先水平。', '["基因剪刀", "神经网络芯片"]'::json, '', 0.81, 0.773, '2026-06-15T12:00:00+00:00', '2026-06-15T12:00:00+00:00');
INSERT INTO org_history (org_id, change_date, change_description, created_at, updated_at) VALUES ('ORG_S_36fac8c3e4b0de04', '2017-01-22', '成立深海装备研究中心', '2026-06-15T12:00:00+00:00', '2026-06-15T12:00:00+00:00');
INSERT INTO org_history (org_id, change_date, change_description, created_at, updated_at) VALUES ('ORG_S_36fac8c3e4b0de04', '2022-03-15', '完成股份制改革', '2026-06-15T12:00:00+00:00', '2026-06-15T12:00:00+00:00');
INSERT INTO org_history (org_id, change_date, change_description, created_at, updated_at) VALUES ('ORG_S_36fac8c3e4b0de04', '2011-07-15', '获批国家重点实验室', '2026-06-15T12:00:00+00:00', '2026-06-15T12:00:00+00:00');
INSERT INTO org_award (org_id, description, name, reason, award_date, level, award_type, created_at, updated_at) VALUES ('ORG_S_36fac8c3e4b0de04', '', '行业金奖', '在新材料取得突破', '2017-03-21', '行业级', '科技', '2026-06-15T12:00:00+00:00', '2026-06-15T12:00:00+00:00');
INSERT INTO org_award (org_id, description, name, reason, award_date, level, award_type, created_at, updated_at) VALUES ('ORG_S_36fac8c3e4b0de04', '', '国家科技进步奖', '在半导体取得突破', '2015-07-23', '行业级', '科技', '2026-06-15T12:00:00+00:00', '2026-06-15T12:00:00+00:00');
INSERT INTO org_award (org_id, description, name, reason, award_date, level, award_type, created_at, updated_at) VALUES ('ORG_S_36fac8c3e4b0de04', '', '省部级一等奖', '在新材料取得突破', '2018-08-02', '行业级', '工程', '2026-06-15T12:00:00+00:00', '2026-06-15T12:00:00+00:00');
INSERT INTO org_output (org_id, name, form, author, publish_date, attachment, created_at, updated_at) VALUES ('ORG_S_36fac8c3e4b0de04', '人工智能关键技术', '专利', '东方智算实验室', '2022-12-28', '', '2026-06-15T12:00:00+00:00', '2026-06-15T12:00:00+00:00');
INSERT INTO org_output (org_id, name, form, author, publish_date, attachment, created_at, updated_at) VALUES ('ORG_S_36fac8c3e4b0de04', '半导体标准', '专利', '东方智算实验室', '2018-01-17', '', '2026-06-15T12:00:00+00:00', '2026-06-15T12:00:00+00:00');
INSERT INTO org_team (org_id, top_talents, award_winners, team_size, talent_type, created_at, updated_at) VALUES ('ORG_S_36fac8c3e4b0de04', '["张晓东院士", "罗磊俊杰院士"]'::json, '["曹刚宇航", "罗伟杰", "唐勇峰"]'::json, 1000, '战略科学家团队', '2026-06-15T12:00:00+00:00', '2026-06-15T12:00:00+00:00');
INSERT INTO org_facility (org_id, name, purpose, experiment_status, launch_date, construction_cost_wan_usd, created_at, updated_at) VALUES ('ORG_S_36fac8c3e4b0de04', '人工智能实验平台', '开展新材料关键实验', '运行中', '2019-07-23', 500, '2026-06-15T12:00:00+00:00', '2026-06-15T12:00:00+00:00');
INSERT INTO entity_change_log (entity_id, entity_type, field, old_value, new_value, method, operator, source_doc_id, reason, changed_at) VALUES ('ORG_S_36fac8c3e4b0de04', 'org', '*', NULL, '{"action": "create"}'::json, 'rule', NULL, 'mock_seed', NULL, '2026-06-15T12:00:00+00:00');
INSERT INTO org_profile (org_id, name_cn, name_en, name_other, country, founded_date, dissolved_date, operating_years, website, summary, org_types, nature, function, scale, tech_domains, predecessor_names, departments, strategic_plans, evaluation_report, new_key_projects, remark, confidence, completeness, created_at, updated_at) VALUES ('ORG_S_713e5d54db28cf93', '东方芯创股份', 'Org-058', '[]'::json, '俄罗斯', '1958-08-26', NULL, 68, 'www.org-058.example.com', '东方芯创股份是聚焦氢能、自动驾驶、光电技术等领域的实体机构，致力于前沿技术研发与成果转化。', '["高校", "管理机构"]'::json, '实体机构', '成果转化', 3000, '["氢能", "自动驾驶", "光电技术", "脑机接口"]'::json, '[]'::json, '东方芯创股份下设基础研究部、应用工程部、国际合作部', '["2021-2025五年发展规划", "2026-2030五年发展规划"]'::json, '东方芯创股份在自动驾驶领域处于国内领先水平。', '["毫米波雷达"]'::json, '', 0.841, 0.614, '2026-06-15T12:00:00+00:00', '2026-06-15T12:00:00+00:00');
INSERT INTO org_history (org_id, change_date, change_description, created_at, updated_at) VALUES ('ORG_S_713e5d54db28cf93', '2013-11-01', '成立氢能研究中心', '2026-06-15T12:00:00+00:00', '2026-06-15T12:00:00+00:00');
INSERT INTO org_history (org_id, change_date, change_description, created_at, updated_at) VALUES ('ORG_S_713e5d54db28cf93', '2010-12-09', '完成股份制改革', '2026-06-15T12:00:00+00:00', '2026-06-15T12:00:00+00:00');
INSERT INTO org_history (org_id, change_date, change_description, created_at, updated_at) VALUES ('ORG_S_713e5d54db28cf93', '2010-10-14', '获批国家重点实验室', '2026-06-15T12:00:00+00:00', '2026-06-15T12:00:00+00:00');
INSERT INTO org_award (org_id, description, name, reason, award_date, level, award_type, created_at, updated_at) VALUES ('ORG_S_713e5d54db28cf93', '', '国家科技进步奖', '在自动驾驶取得突破', '2021-01-13', '省部级', '科技', '2026-06-15T12:00:00+00:00', '2026-06-15T12:00:00+00:00');
INSERT INTO org_output (org_id, name, form, author, publish_date, attachment, created_at, updated_at) VALUES ('ORG_S_713e5d54db28cf93', '脑机接口标准', '专利', '东方芯创股份', '2024-06-02', '', '2026-06-15T12:00:00+00:00', '2026-06-15T12:00:00+00:00');
INSERT INTO org_output (org_id, name, form, author, publish_date, attachment, created_at, updated_at) VALUES ('ORG_S_713e5d54db28cf93', '光电技术系统', '论文', '东方芯创股份', '2018-07-26', '', '2026-06-15T12:00:00+00:00', '2026-06-15T12:00:00+00:00');
INSERT INTO org_output (org_id, name, form, author, publish_date, attachment, created_at, updated_at) VALUES ('ORG_S_713e5d54db28cf93', '自动驾驶标准', '软件著作权', '东方芯创股份', '2018-09-09', '', '2026-06-15T12:00:00+00:00', '2026-06-15T12:00:00+00:00');
INSERT INTO org_output (org_id, name, form, author, publish_date, attachment, created_at, updated_at) VALUES ('ORG_S_713e5d54db28cf93', '脑机接口标准', '论文', '东方芯创股份', '2021-01-18', '', '2026-06-15T12:00:00+00:00', '2026-06-15T12:00:00+00:00');
INSERT INTO org_team (org_id, top_talents, award_winners, team_size, talent_type, created_at, updated_at) VALUES ('ORG_S_713e5d54db28cf93', '["朱娟院士", "杨平院士"]'::json, '["吴娟洋", "许伟", "高文博"]'::json, 200, '战略科学家团队', '2026-06-15T12:00:00+00:00', '2026-06-15T12:00:00+00:00');
INSERT INTO org_facility (org_id, name, purpose, experiment_status, launch_date, construction_cost_wan_usd, created_at, updated_at) VALUES ('ORG_S_713e5d54db28cf93', '光电技术实验平台', '开展自动驾驶关键实验', '在建', '2024-01-20', 15000, '2026-06-15T12:00:00+00:00', '2026-06-15T12:00:00+00:00');
INSERT INTO org_facility (org_id, name, purpose, experiment_status, launch_date, construction_cost_wan_usd, created_at, updated_at) VALUES ('ORG_S_713e5d54db28cf93', '氢能实验平台', '开展氢能关键实验', '运行中', '2023-12-24', 8000, '2026-06-15T12:00:00+00:00', '2026-06-15T12:00:00+00:00');
INSERT INTO entity_change_log (entity_id, entity_type, field, old_value, new_value, method, operator, source_doc_id, reason, changed_at) VALUES ('ORG_S_713e5d54db28cf93', 'org', '*', NULL, '{"action": "create"}'::json, 'rule', NULL, 'mock_seed', NULL, '2026-06-15T12:00:00+00:00');
INSERT INTO org_profile (org_id, name_cn, name_en, name_other, country, founded_date, dissolved_date, operating_years, website, summary, org_types, nature, function, scale, tech_domains, predecessor_names, departments, strategic_plans, evaluation_report, new_key_projects, remark, confidence, completeness, created_at, updated_at) VALUES ('ORG_S_65aa5014fe8b30e2', '国航宇高科', 'Org-059', '[]'::json, '德国', '2017-08-26', NULL, 9, 'www.org-059.example.com', '国航宇高科是聚焦6G通信、自动驾驶、增材制造等领域的抽象机构，致力于前沿技术研发与成果转化。', '["高校", "咨询机构"]'::json, '抽象机构', '应用研究', 8000, '["6G通信", "自动驾驶", "增材制造", "量子计算", "5G通信"]'::json, '[]'::json, '国航宇高科下设基础研究部、应用工程部、国际合作部', '["2021-2025五年发展规划", "2026-2030五年发展规划"]'::json, '国航宇高科在5G通信领域处于国内领先水平。', '["氢燃料电池电堆", "类脑计算架构", "量子纠错码"]'::json, '', 0.768, 0.932, '2026-06-15T12:00:00+00:00', '2026-06-15T12:00:00+00:00');
INSERT INTO org_history (org_id, change_date, change_description, created_at, updated_at) VALUES ('ORG_S_65aa5014fe8b30e2', '2015-01-23', '成立6G通信研究中心', '2026-06-15T12:00:00+00:00', '2026-06-15T12:00:00+00:00');
INSERT INTO org_history (org_id, change_date, change_description, created_at, updated_at) VALUES ('ORG_S_65aa5014fe8b30e2', '2015-12-05', '完成股份制改革', '2026-06-15T12:00:00+00:00', '2026-06-15T12:00:00+00:00');
INSERT INTO org_history (org_id, change_date, change_description, created_at, updated_at) VALUES ('ORG_S_65aa5014fe8b30e2', '2023-06-16', '获批国家重点实验室', '2026-06-15T12:00:00+00:00', '2026-06-15T12:00:00+00:00');
INSERT INTO org_award (org_id, description, name, reason, award_date, level, award_type, created_at, updated_at) VALUES ('ORG_S_65aa5014fe8b30e2', '', '国家科技进步奖', '在量子计算取得突破', '2021-02-05', '省部级', '科技', '2026-06-15T12:00:00+00:00', '2026-06-15T12:00:00+00:00');
INSERT INTO org_output (org_id, name, form, author, publish_date, attachment, created_at, updated_at) VALUES ('ORG_S_65aa5014fe8b30e2', '增材制造标准', '标准', '国航宇高科', '2024-07-16', '', '2026-06-15T12:00:00+00:00', '2026-06-15T12:00:00+00:00');
INSERT INTO org_output (org_id, name, form, author, publish_date, attachment, created_at, updated_at) VALUES ('ORG_S_65aa5014fe8b30e2', '增材制造关键技术', '专利', '国航宇高科', '2019-02-11', '', '2026-06-15T12:00:00+00:00', '2026-06-15T12:00:00+00:00');
INSERT INTO org_team (org_id, top_talents, award_winners, team_size, talent_type, created_at, updated_at) VALUES ('ORG_S_65aa5014fe8b30e2', '["韩杰宁院士", "曹娟院士"]'::json, '["吴宁军", "李明", "冯桂英霞"]'::json, 200, '研发团队', '2026-06-15T12:00:00+00:00', '2026-06-15T12:00:00+00:00');
INSERT INTO org_facility (org_id, name, purpose, experiment_status, launch_date, construction_cost_wan_usd, created_at, updated_at) VALUES ('ORG_S_65aa5014fe8b30e2', '5G通信实验平台', '开展增材制造关键实验', '运行中', '2023-10-09', 8000, '2026-06-15T12:00:00+00:00', '2026-06-15T12:00:00+00:00');
INSERT INTO org_facility (org_id, name, purpose, experiment_status, launch_date, construction_cost_wan_usd, created_at, updated_at) VALUES ('ORG_S_65aa5014fe8b30e2', '增材制造实验平台', '开展量子计算关键实验', '运行中', '2022-12-10', 2000, '2026-06-15T12:00:00+00:00', '2026-06-15T12:00:00+00:00');
INSERT INTO entity_change_log (entity_id, entity_type, field, old_value, new_value, method, operator, source_doc_id, reason, changed_at) VALUES ('ORG_S_65aa5014fe8b30e2', 'org', '*', NULL, '{"action": "create"}'::json, 'rule', NULL, 'mock_seed', NULL, '2026-06-15T12:00:00+00:00');
INSERT INTO org_profile (org_id, name_cn, name_en, name_other, country, founded_date, dissolved_date, operating_years, website, summary, org_types, nature, function, scale, tech_domains, predecessor_names, departments, strategic_plans, evaluation_report, new_key_projects, remark, confidence, completeness, created_at, updated_at) VALUES ('ORG_S_2094fe6686540cdf', '华信息高科', 'Org-060', '[]'::json, '新加坡', '1965-03-08', NULL, 61, 'www.org-060.example.com', '华信息高科是聚焦6G通信、航空航天、量子计算等领域的实体机构，致力于前沿技术研发与成果转化。', '["其他", "试验鉴定机构", "管理机构"]'::json, '实体机构', '应用研究', 500, '["6G通信", "航空航天", "量子计算", "半导体"]'::json, '[]'::json, '华信息高科下设基础研究部、应用工程部、国际合作部', '["2021-2025五年发展规划", "2026-2030五年发展规划"]'::json, '华信息高科在半导体领域处于国内领先水平。', '["mRNA疫苗", "碳化硅功率器件"]'::json, '', 0.97, 0.661, '2026-06-15T12:00:00+00:00', '2026-06-15T12:00:00+00:00');
INSERT INTO org_history (org_id, change_date, change_description, created_at, updated_at) VALUES ('ORG_S_2094fe6686540cdf', '2012-12-11', '成立量子计算研究中心', '2026-06-15T12:00:00+00:00', '2026-06-15T12:00:00+00:00');
INSERT INTO org_history (org_id, change_date, change_description, created_at, updated_at) VALUES ('ORG_S_2094fe6686540cdf', '2016-09-14', '完成股份制改革', '2026-06-15T12:00:00+00:00', '2026-06-15T12:00:00+00:00');
INSERT INTO org_history (org_id, change_date, change_description, created_at, updated_at) VALUES ('ORG_S_2094fe6686540cdf', '2012-07-14', '获批国家重点实验室', '2026-06-15T12:00:00+00:00', '2026-06-15T12:00:00+00:00');
INSERT INTO org_award (org_id, description, name, reason, award_date, level, award_type, created_at, updated_at) VALUES ('ORG_S_2094fe6686540cdf', '', '省部级一等奖', '在量子计算取得突破', '2015-10-04', '行业级', '科技', '2026-06-15T12:00:00+00:00', '2026-06-15T12:00:00+00:00');
INSERT INTO org_output (org_id, name, form, author, publish_date, attachment, created_at, updated_at) VALUES ('ORG_S_2094fe6686540cdf', '半导体系统', '软件著作权', '华信息高科', '2024-08-15', '', '2026-06-15T12:00:00+00:00', '2026-06-15T12:00:00+00:00');
INSERT INTO org_output (org_id, name, form, author, publish_date, attachment, created_at, updated_at) VALUES ('ORG_S_2094fe6686540cdf', '航空航天系统', '标准', '华信息高科', '2023-03-03', '', '2026-06-15T12:00:00+00:00', '2026-06-15T12:00:00+00:00');
INSERT INTO org_team (org_id, top_talents, award_winners, team_size, talent_type, created_at, updated_at) VALUES ('ORG_S_2094fe6686540cdf', '["罗超院士"]'::json, '["谢桂英"]'::json, 1000, '工程团队', '2026-06-15T12:00:00+00:00', '2026-06-15T12:00:00+00:00');
INSERT INTO org_facility (org_id, name, purpose, experiment_status, launch_date, construction_cost_wan_usd, created_at, updated_at) VALUES ('ORG_S_2094fe6686540cdf', '半导体实验平台', '开展6G通信关键实验', '在建', '2021-09-28', 8000, '2026-06-15T12:00:00+00:00', '2026-06-15T12:00:00+00:00');
INSERT INTO org_facility (org_id, name, purpose, experiment_status, launch_date, construction_cost_wan_usd, created_at, updated_at) VALUES ('ORG_S_2094fe6686540cdf', '航空航天实验平台', '开展6G通信关键实验', '调试', '2020-10-20', 500, '2026-06-15T12:00:00+00:00', '2026-06-15T12:00:00+00:00');
INSERT INTO entity_change_log (entity_id, entity_type, field, old_value, new_value, method, operator, source_doc_id, reason, changed_at) VALUES ('ORG_S_2094fe6686540cdf', 'org', '*', NULL, '{"action": "create"}'::json, 'rule', NULL, 'mock_seed', NULL, '2026-06-15T12:00:00+00:00');
INSERT INTO org_profile (org_id, name_cn, name_en, name_other, country, founded_date, dissolved_date, operating_years, website, summary, org_types, nature, function, scale, tech_domains, predecessor_names, departments, strategic_plans, evaluation_report, new_key_projects, remark, confidence, completeness, created_at, updated_at) VALUES ('ORG_S_e43653f364b376f6', '东方储能研究院', 'Org-061', '[]'::json, '美国', '2009-02-11', NULL, 17, 'www.org-061.example.com', '东方储能研究院是聚焦5G通信、增材制造、新能源等领域的抽象机构，致力于前沿技术研发与成果转化。', '["管理机构", "其他"]'::json, '抽象机构', '应用研究', 3000, '["5G通信", "增材制造", "新能源"]'::json, '[]'::json, '东方储能研究院下设基础研究部、应用工程部、国际合作部', '["2021-2025五年发展规划", "2026-2030五年发展规划"]'::json, '东方储能研究院在5G通信领域处于国内领先水平。', '["钙钛矿太阳能电池", "量子纠错码", "固态电池"]'::json, '', 0.812, 0.821, '2026-06-15T12:00:00+00:00', '2026-06-15T12:00:00+00:00');
INSERT INTO org_history (org_id, change_date, change_description, created_at, updated_at) VALUES ('ORG_S_e43653f364b376f6', '2020-03-15', '成立5G通信研究中心', '2026-06-15T12:00:00+00:00', '2026-06-15T12:00:00+00:00');
INSERT INTO org_history (org_id, change_date, change_description, created_at, updated_at) VALUES ('ORG_S_e43653f364b376f6', '2014-11-19', '完成股份制改革', '2026-06-15T12:00:00+00:00', '2026-06-15T12:00:00+00:00');
INSERT INTO org_history (org_id, change_date, change_description, created_at, updated_at) VALUES ('ORG_S_e43653f364b376f6', '2022-03-23', '获批国家重点实验室', '2026-06-15T12:00:00+00:00', '2026-06-15T12:00:00+00:00');
INSERT INTO org_award (org_id, description, name, reason, award_date, level, award_type, created_at, updated_at) VALUES ('ORG_S_e43653f364b376f6', '', '省部级一等奖', '在5G通信取得突破', '2021-03-11', '国家级', '工程', '2026-06-15T12:00:00+00:00', '2026-06-15T12:00:00+00:00');
INSERT INTO org_award (org_id, description, name, reason, award_date, level, award_type, created_at, updated_at) VALUES ('ORG_S_e43653f364b376f6', '', '国家科技进步奖', '在增材制造取得突破', '2015-09-22', '省部级', '工程', '2026-06-15T12:00:00+00:00', '2026-06-15T12:00:00+00:00');
INSERT INTO org_output (org_id, name, form, author, publish_date, attachment, created_at, updated_at) VALUES ('ORG_S_e43653f364b376f6', '增材制造标准', '论文', '东方储能研究院', '2020-08-07', '', '2026-06-15T12:00:00+00:00', '2026-06-15T12:00:00+00:00');
INSERT INTO org_output (org_id, name, form, author, publish_date, attachment, created_at, updated_at) VALUES ('ORG_S_e43653f364b376f6', '新能源系统', '软件著作权', '东方储能研究院', '2022-09-15', '', '2026-06-15T12:00:00+00:00', '2026-06-15T12:00:00+00:00');
INSERT INTO org_output (org_id, name, form, author, publish_date, attachment, created_at, updated_at) VALUES ('ORG_S_e43653f364b376f6', '5G通信关键技术', '软件著作权', '东方储能研究院', '2022-12-01', '', '2026-06-15T12:00:00+00:00', '2026-06-15T12:00:00+00:00');
INSERT INTO org_team (org_id, top_talents, award_winners, team_size, talent_type, created_at, updated_at) VALUES ('ORG_S_e43653f364b376f6', '["唐建华瑞院士", "胡宇航娟院士"]'::json, '["高峰", "高峰婷"]'::json, 1000, '工程团队', '2026-06-15T12:00:00+00:00', '2026-06-15T12:00:00+00:00');
INSERT INTO org_facility (org_id, name, purpose, experiment_status, launch_date, construction_cost_wan_usd, created_at, updated_at) VALUES ('ORG_S_e43653f364b376f6', '新能源实验平台', '开展增材制造关键实验', '运行中', '2018-11-26', 8000, '2026-06-15T12:00:00+00:00', '2026-06-15T12:00:00+00:00');
INSERT INTO org_facility (org_id, name, purpose, experiment_status, launch_date, construction_cost_wan_usd, created_at, updated_at) VALUES ('ORG_S_e43653f364b376f6', '增材制造实验平台', '开展增材制造关键实验', '在建', '2023-03-24', 8000, '2026-06-15T12:00:00+00:00', '2026-06-15T12:00:00+00:00');
INSERT INTO entity_change_log (entity_id, entity_type, field, old_value, new_value, method, operator, source_doc_id, reason, changed_at) VALUES ('ORG_S_e43653f364b376f6', 'org', '*', NULL, '{"action": "create"}'::json, 'rule', NULL, 'mock_seed', NULL, '2026-06-15T12:00:00+00:00');
INSERT INTO org_profile (org_id, name_cn, name_en, name_other, country, founded_date, dissolved_date, operating_years, website, summary, org_types, nature, function, scale, tech_domains, predecessor_names, departments, strategic_plans, evaluation_report, new_key_projects, remark, confidence, completeness, created_at, updated_at) VALUES ('ORG_S_1df954b1215c7b30', '东方基因股份', 'Org-062', '[]'::json, '德国', '2000-10-15', NULL, 26, 'www.org-062.example.com', '东方基因股份是聚焦先进算力、半导体、新能源等领域的实体机构，致力于前沿技术研发与成果转化。', '["管理机构", "其他", "试验鉴定机构"]'::json, '实体机构', '成果转化', 15000, '["先进算力", "半导体", "新能源"]'::json, '[]'::json, '东方基因股份下设基础研究部、应用工程部、国际合作部', '["2021-2025五年发展规划", "2026-2030五年发展规划"]'::json, '东方基因股份在先进算力领域处于国内领先水平。', '["卫星星座组网"]'::json, '', 0.733, 0.696, '2026-06-15T12:00:00+00:00', '2026-06-15T12:00:00+00:00');
INSERT INTO org_history (org_id, change_date, change_description, created_at, updated_at) VALUES ('ORG_S_1df954b1215c7b30', '2023-03-09', '成立半导体研究中心', '2026-06-15T12:00:00+00:00', '2026-06-15T12:00:00+00:00');
INSERT INTO org_history (org_id, change_date, change_description, created_at, updated_at) VALUES ('ORG_S_1df954b1215c7b30', '2016-04-11', '完成股份制改革', '2026-06-15T12:00:00+00:00', '2026-06-15T12:00:00+00:00');
INSERT INTO org_history (org_id, change_date, change_description, created_at, updated_at) VALUES ('ORG_S_1df954b1215c7b30', '2018-08-27', '获批国家重点实验室', '2026-06-15T12:00:00+00:00', '2026-06-15T12:00:00+00:00');
INSERT INTO org_award (org_id, description, name, reason, award_date, level, award_type, created_at, updated_at) VALUES ('ORG_S_1df954b1215c7b30', '', '省部级一等奖', '在新能源取得突破', '2019-03-26', '国家级', '工程', '2026-06-15T12:00:00+00:00', '2026-06-15T12:00:00+00:00');
INSERT INTO org_output (org_id, name, form, author, publish_date, attachment, created_at, updated_at) VALUES ('ORG_S_1df954b1215c7b30', '先进算力系统', '论文', '东方基因股份', '2018-05-27', '', '2026-06-15T12:00:00+00:00', '2026-06-15T12:00:00+00:00');
INSERT INTO org_output (org_id, name, form, author, publish_date, attachment, created_at, updated_at) VALUES ('ORG_S_1df954b1215c7b30', '先进算力系统', '论文', '东方基因股份', '2024-02-15', '', '2026-06-15T12:00:00+00:00', '2026-06-15T12:00:00+00:00');
INSERT INTO org_output (org_id, name, form, author, publish_date, attachment, created_at, updated_at) VALUES ('ORG_S_1df954b1215c7b30', '半导体关键技术', '软件著作权', '东方基因股份', '2021-09-08', '', '2026-06-15T12:00:00+00:00', '2026-06-15T12:00:00+00:00');
INSERT INTO org_output (org_id, name, form, author, publish_date, attachment, created_at, updated_at) VALUES ('ORG_S_1df954b1215c7b30', '半导体标准', '软件著作权', '东方基因股份', '2020-07-19', '', '2026-06-15T12:00:00+00:00', '2026-06-15T12:00:00+00:00');
INSERT INTO org_team (org_id, top_talents, award_winners, team_size, talent_type, created_at, updated_at) VALUES ('ORG_S_1df954b1215c7b30', '["刘宁军院士", "郭海燕院士"]'::json, '["唐海燕", "李霞瑞"]'::json, 1000, '战略科学家团队', '2026-06-15T12:00:00+00:00', '2026-06-15T12:00:00+00:00');
INSERT INTO org_facility (org_id, name, purpose, experiment_status, launch_date, construction_cost_wan_usd, created_at, updated_at) VALUES ('ORG_S_1df954b1215c7b30', '先进算力实验平台', '开展先进算力关键实验', '运行中', '2020-06-09', 15000, '2026-06-15T12:00:00+00:00', '2026-06-15T12:00:00+00:00');
INSERT INTO org_facility (org_id, name, purpose, experiment_status, launch_date, construction_cost_wan_usd, created_at, updated_at) VALUES ('ORG_S_1df954b1215c7b30', '新能源实验平台', '开展新能源关键实验', '在建', '2022-09-17', 2000, '2026-06-15T12:00:00+00:00', '2026-06-15T12:00:00+00:00');
INSERT INTO entity_change_log (entity_id, entity_type, field, old_value, new_value, method, operator, source_doc_id, reason, changed_at) VALUES ('ORG_S_1df954b1215c7b30', 'org', '*', NULL, '{"action": "create"}'::json, 'rule', NULL, 'mock_seed', NULL, '2026-06-15T12:00:00+00:00');
INSERT INTO org_profile (org_id, name_cn, name_en, name_other, country, founded_date, dissolved_date, operating_years, website, summary, org_types, nature, function, scale, tech_domains, predecessor_names, departments, strategic_plans, evaluation_report, new_key_projects, remark, confidence, completeness, created_at, updated_at) VALUES ('ORG_S_bca96c96a8275a6b', '北方光电集团', 'Org-063', '[]'::json, '英国', '1969-02-06', NULL, 57, 'www.org-063.example.com', '北方光电集团是聚焦氢能、新材料、5G通信等领域的抽象机构，致力于前沿技术研发与成果转化。', '["管理机构"]'::json, '抽象机构', '应用研究', 200, '["氢能", "新材料", "5G通信", "脑机接口", "增材制造"]'::json, '[]'::json, '北方光电集团下设基础研究部、应用工程部、国际合作部', '["2021-2025五年发展规划", "2026-2030五年发展规划"]'::json, '北方光电集团在脑机接口领域处于国内领先水平。', '["毫米波雷达", "mRNA疫苗"]'::json, '', 0.848, 0.811, '2026-06-15T12:00:00+00:00', '2026-06-15T12:00:00+00:00');
INSERT INTO org_history (org_id, change_date, change_description, created_at, updated_at) VALUES ('ORG_S_bca96c96a8275a6b', '2011-05-21', '成立增材制造研究中心', '2026-06-15T12:00:00+00:00', '2026-06-15T12:00:00+00:00');
INSERT INTO org_history (org_id, change_date, change_description, created_at, updated_at) VALUES ('ORG_S_bca96c96a8275a6b', '2010-05-19', '完成股份制改革', '2026-06-15T12:00:00+00:00', '2026-06-15T12:00:00+00:00');
INSERT INTO org_history (org_id, change_date, change_description, created_at, updated_at) VALUES ('ORG_S_bca96c96a8275a6b', '2016-10-10', '获批国家重点实验室', '2026-06-15T12:00:00+00:00', '2026-06-15T12:00:00+00:00');
INSERT INTO org_award (org_id, description, name, reason, award_date, level, award_type, created_at, updated_at) VALUES ('ORG_S_bca96c96a8275a6b', '', '行业金奖', '在5G通信取得突破', '2020-02-17', '行业级', '工程', '2026-06-15T12:00:00+00:00', '2026-06-15T12:00:00+00:00');
INSERT INTO org_award (org_id, description, name, reason, award_date, level, award_type, created_at, updated_at) VALUES ('ORG_S_bca96c96a8275a6b', '', '省部级一等奖', '在新材料取得突破', '2020-01-17', '行业级', '工程', '2026-06-15T12:00:00+00:00', '2026-06-15T12:00:00+00:00');
INSERT INTO org_output (org_id, name, form, author, publish_date, attachment, created_at, updated_at) VALUES ('ORG_S_bca96c96a8275a6b', '新材料标准', '论文', '北方光电集团', '2020-04-17', '', '2026-06-15T12:00:00+00:00', '2026-06-15T12:00:00+00:00');
INSERT INTO org_output (org_id, name, form, author, publish_date, attachment, created_at, updated_at) VALUES ('ORG_S_bca96c96a8275a6b', '氢能标准', '专利', '北方光电集团', '2021-11-01', '', '2026-06-15T12:00:00+00:00', '2026-06-15T12:00:00+00:00');
INSERT INTO org_output (org_id, name, form, author, publish_date, attachment, created_at, updated_at) VALUES ('ORG_S_bca96c96a8275a6b', '增材制造关键技术', '软件著作权', '北方光电集团', '2024-09-12', '', '2026-06-15T12:00:00+00:00', '2026-06-15T12:00:00+00:00');
INSERT INTO org_team (org_id, top_talents, award_winners, team_size, talent_type, created_at, updated_at) VALUES ('ORG_S_bca96c96a8275a6b', '["梁刚艳院士", "李斌海燕院士"]'::json, '["谢瑞"]'::json, 1000, '战略科学家团队', '2026-06-15T12:00:00+00:00', '2026-06-15T12:00:00+00:00');
INSERT INTO org_facility (org_id, name, purpose, experiment_status, launch_date, construction_cost_wan_usd, created_at, updated_at) VALUES ('ORG_S_bca96c96a8275a6b', '增材制造实验平台', '开展氢能关键实验', '在建', '2022-02-04', 500, '2026-06-15T12:00:00+00:00', '2026-06-15T12:00:00+00:00');
INSERT INTO entity_change_log (entity_id, entity_type, field, old_value, new_value, method, operator, source_doc_id, reason, changed_at) VALUES ('ORG_S_bca96c96a8275a6b', 'org', '*', NULL, '{"action": "create"}'::json, 'rule', NULL, 'mock_seed', NULL, '2026-06-15T12:00:00+00:00');
INSERT INTO org_profile (org_id, name_cn, name_en, name_other, country, founded_date, dissolved_date, operating_years, website, summary, org_types, nature, function, scale, tech_domains, predecessor_names, departments, strategic_plans, evaluation_report, new_key_projects, remark, confidence, completeness, created_at, updated_at) VALUES ('ORG_S_6db1e38d1813aa24', '中前沿研究所', 'Org-064', '[]'::json, '英国', '2009-08-08', NULL, 17, 'www.org-064.example.com', '中前沿研究所是聚焦机器人、人工智能、增材制造等领域的实体机构，致力于前沿技术研发与成果转化。', '["科研机构", "试验鉴定机构"]'::json, '实体机构', '技术开发', 3000, '["机器人", "人工智能", "增材制造", "储能"]'::json, '[]'::json, '中前沿研究所下设基础研究部、应用工程部、国际合作部', '["2021-2025五年发展规划", "2026-2030五年发展规划"]'::json, '中前沿研究所在人工智能领域处于国内领先水平。', '["钙钛矿太阳能电池"]'::json, '', 0.857, 0.792, '2026-06-15T12:00:00+00:00', '2026-06-15T12:00:00+00:00');
INSERT INTO org_history (org_id, change_date, change_description, created_at, updated_at) VALUES ('ORG_S_6db1e38d1813aa24', '2023-07-17', '成立人工智能研究中心', '2026-06-15T12:00:00+00:00', '2026-06-15T12:00:00+00:00');
INSERT INTO org_history (org_id, change_date, change_description, created_at, updated_at) VALUES ('ORG_S_6db1e38d1813aa24', '2015-05-19', '完成股份制改革', '2026-06-15T12:00:00+00:00', '2026-06-15T12:00:00+00:00');
INSERT INTO org_history (org_id, change_date, change_description, created_at, updated_at) VALUES ('ORG_S_6db1e38d1813aa24', '2022-04-24', '获批国家重点实验室', '2026-06-15T12:00:00+00:00', '2026-06-15T12:00:00+00:00');
INSERT INTO org_award (org_id, description, name, reason, award_date, level, award_type, created_at, updated_at) VALUES ('ORG_S_6db1e38d1813aa24', '', '行业金奖', '在储能取得突破', '2022-09-10', '行业级', '工程', '2026-06-15T12:00:00+00:00', '2026-06-15T12:00:00+00:00');
INSERT INTO org_output (org_id, name, form, author, publish_date, attachment, created_at, updated_at) VALUES ('ORG_S_6db1e38d1813aa24', '储能标准', '标准', '中前沿研究所', '2021-01-28', '', '2026-06-15T12:00:00+00:00', '2026-06-15T12:00:00+00:00');
INSERT INTO org_output (org_id, name, form, author, publish_date, attachment, created_at, updated_at) VALUES ('ORG_S_6db1e38d1813aa24', '人工智能关键技术', '标准', '中前沿研究所', '2018-12-09', '', '2026-06-15T12:00:00+00:00', '2026-06-15T12:00:00+00:00');
INSERT INTO org_team (org_id, top_talents, award_winners, team_size, talent_type, created_at, updated_at) VALUES ('ORG_S_6db1e38d1813aa24', '["周昊桂英院士"]'::json, '["周建华勇", "黄建华明"]'::json, 200, '战略科学家团队', '2026-06-15T12:00:00+00:00', '2026-06-15T12:00:00+00:00');
INSERT INTO org_facility (org_id, name, purpose, experiment_status, launch_date, construction_cost_wan_usd, created_at, updated_at) VALUES ('ORG_S_6db1e38d1813aa24', '储能实验平台', '开展人工智能关键实验', '在建', '2020-07-01', 2000, '2026-06-15T12:00:00+00:00', '2026-06-15T12:00:00+00:00');
INSERT INTO org_facility (org_id, name, purpose, experiment_status, launch_date, construction_cost_wan_usd, created_at, updated_at) VALUES ('ORG_S_6db1e38d1813aa24', '增材制造实验平台', '开展机器人关键实验', '运行中', '2019-04-23', 15000, '2026-06-15T12:00:00+00:00', '2026-06-15T12:00:00+00:00');
INSERT INTO entity_change_log (entity_id, entity_type, field, old_value, new_value, method, operator, source_doc_id, reason, changed_at) VALUES ('ORG_S_6db1e38d1813aa24', 'org', '*', NULL, '{"action": "create"}'::json, 'rule', NULL, 'mock_seed', NULL, '2026-06-15T12:00:00+00:00');
INSERT INTO org_profile (org_id, name_cn, name_en, name_other, country, founded_date, dissolved_date, operating_years, website, summary, org_types, nature, function, scale, tech_domains, predecessor_names, departments, strategic_plans, evaluation_report, new_key_projects, remark, confidence, completeness, created_at, updated_at) VALUES ('ORG_S_ca5279abd56677b8', '中智算研究院', 'Org-065', '[]'::json, '美国', '2011-09-22', NULL, 15, 'www.org-065.example.com', '中智算研究院是聚焦光电技术、储能、氢能等领域的抽象机构，致力于前沿技术研发与成果转化。', '["试验鉴定机构", "高校"]'::json, '抽象机构', '基础研究', 200, '["光电技术", "储能", "氢能", "大模型", "生物医药"]'::json, '[]'::json, '中智算研究院下设基础研究部、应用工程部、国际合作部', '["2021-2025五年发展规划", "2026-2030五年发展规划"]'::json, '中智算研究院在光电技术领域处于国内领先水平。', '["金属3D打印", "神经形态芯片", "氢燃料电池电堆"]'::json, '', 0.729, 0.893, '2026-06-15T12:00:00+00:00', '2026-06-15T12:00:00+00:00');
INSERT INTO org_history (org_id, change_date, change_description, created_at, updated_at) VALUES ('ORG_S_ca5279abd56677b8', '2012-03-18', '成立储能研究中心', '2026-06-15T12:00:00+00:00', '2026-06-15T12:00:00+00:00');
INSERT INTO org_history (org_id, change_date, change_description, created_at, updated_at) VALUES ('ORG_S_ca5279abd56677b8', '2021-10-08', '完成股份制改革', '2026-06-15T12:00:00+00:00', '2026-06-15T12:00:00+00:00');
INSERT INTO org_history (org_id, change_date, change_description, created_at, updated_at) VALUES ('ORG_S_ca5279abd56677b8', '2019-12-09', '获批国家重点实验室', '2026-06-15T12:00:00+00:00', '2026-06-15T12:00:00+00:00');
INSERT INTO org_award (org_id, description, name, reason, award_date, level, award_type, created_at, updated_at) VALUES ('ORG_S_ca5279abd56677b8', '', '国家科技进步奖', '在储能取得突破', '2021-10-23', '行业级', '工程', '2026-06-15T12:00:00+00:00', '2026-06-15T12:00:00+00:00');
INSERT INTO org_award (org_id, description, name, reason, award_date, level, award_type, created_at, updated_at) VALUES ('ORG_S_ca5279abd56677b8', '', '省部级一等奖', '在氢能取得突破', '2020-04-01', '省部级', '创新', '2026-06-15T12:00:00+00:00', '2026-06-15T12:00:00+00:00');
INSERT INTO org_award (org_id, description, name, reason, award_date, level, award_type, created_at, updated_at) VALUES ('ORG_S_ca5279abd56677b8', '', '省部级一等奖', '在光电技术取得突破', '2024-12-19', '省部级', '科技', '2026-06-15T12:00:00+00:00', '2026-06-15T12:00:00+00:00');
INSERT INTO org_output (org_id, name, form, author, publish_date, attachment, created_at, updated_at) VALUES ('ORG_S_ca5279abd56677b8', '生物医药系统', '论文', '中智算研究院', '2022-11-03', '', '2026-06-15T12:00:00+00:00', '2026-06-15T12:00:00+00:00');
INSERT INTO org_output (org_id, name, form, author, publish_date, attachment, created_at, updated_at) VALUES ('ORG_S_ca5279abd56677b8', '光电技术系统', '软件著作权', '中智算研究院', '2024-03-16', '', '2026-06-15T12:00:00+00:00', '2026-06-15T12:00:00+00:00');
INSERT INTO org_output (org_id, name, form, author, publish_date, attachment, created_at, updated_at) VALUES ('ORG_S_ca5279abd56677b8', '生物医药标准', '软件著作权', '中智算研究院', '2019-03-13', '', '2026-06-15T12:00:00+00:00', '2026-06-15T12:00:00+00:00');
INSERT INTO org_team (org_id, top_talents, award_winners, team_size, talent_type, created_at, updated_at) VALUES ('ORG_S_ca5279abd56677b8', '["徐瑞院士", "郑晓东海燕院士"]'::json, '["彭强晓东"]'::json, 200, '工程团队', '2026-06-15T12:00:00+00:00', '2026-06-15T12:00:00+00:00');
INSERT INTO org_facility (org_id, name, purpose, experiment_status, launch_date, construction_cost_wan_usd, created_at, updated_at) VALUES ('ORG_S_ca5279abd56677b8', '大模型实验平台', '开展储能关键实验', '运行中', '2020-11-21', 15000, '2026-06-15T12:00:00+00:00', '2026-06-15T12:00:00+00:00');
INSERT INTO org_facility (org_id, name, purpose, experiment_status, launch_date, construction_cost_wan_usd, created_at, updated_at) VALUES ('ORG_S_ca5279abd56677b8', '储能实验平台', '开展储能关键实验', '运行中', '2023-02-25', 2000, '2026-06-15T12:00:00+00:00', '2026-06-15T12:00:00+00:00');
INSERT INTO entity_change_log (entity_id, entity_type, field, old_value, new_value, method, operator, source_doc_id, reason, changed_at) VALUES ('ORG_S_ca5279abd56677b8', 'org', '*', NULL, '{"action": "create"}'::json, 'rule', NULL, 'mock_seed', NULL, '2026-06-15T12:00:00+00:00');
INSERT INTO org_profile (org_id, name_cn, name_en, name_other, country, founded_date, dissolved_date, operating_years, website, summary, org_types, nature, function, scale, tech_domains, predecessor_names, departments, strategic_plans, evaluation_report, new_key_projects, remark, confidence, completeness, created_at, updated_at) VALUES ('ORG_S_3dc0323c3ca2a37d', '航天聚变实验室', 'Org-066', '[]'::json, '中国', '1978-09-10', NULL, 48, 'www.org-066.example.com', '航天聚变实验室是聚焦航空航天、碳捕集、6G通信等领域的实体机构，致力于前沿技术研发与成果转化。', '["管理机构", "科研机构"]'::json, '实体机构', '成果转化', 15000, '["航空航天", "碳捕集", "6G通信", "人工智能", "先进算力"]'::json, '[]'::json, '航天聚变实验室下设基础研究部、应用工程部、国际合作部', '["2021-2025五年发展规划", "2026-2030五年发展规划"]'::json, '航天聚变实验室在先进算力领域处于国内领先水平。', '["氢燃料电池电堆", "基因剪刀", "神经网络芯片"]'::json, '', 0.959, 0.781, '2026-06-15T12:00:00+00:00', '2026-06-15T12:00:00+00:00');
INSERT INTO org_history (org_id, change_date, change_description, created_at, updated_at) VALUES ('ORG_S_3dc0323c3ca2a37d', '2020-02-11', '成立人工智能研究中心', '2026-06-15T12:00:00+00:00', '2026-06-15T12:00:00+00:00');
INSERT INTO org_history (org_id, change_date, change_description, created_at, updated_at) VALUES ('ORG_S_3dc0323c3ca2a37d', '2021-07-25', '完成股份制改革', '2026-06-15T12:00:00+00:00', '2026-06-15T12:00:00+00:00');
INSERT INTO org_history (org_id, change_date, change_description, created_at, updated_at) VALUES ('ORG_S_3dc0323c3ca2a37d', '2018-11-21', '获批国家重点实验室', '2026-06-15T12:00:00+00:00', '2026-06-15T12:00:00+00:00');
INSERT INTO org_award (org_id, description, name, reason, award_date, level, award_type, created_at, updated_at) VALUES ('ORG_S_3dc0323c3ca2a37d', '', '行业金奖', '在6G通信取得突破', '2021-02-24', '省部级', '科技', '2026-06-15T12:00:00+00:00', '2026-06-15T12:00:00+00:00');
INSERT INTO org_award (org_id, description, name, reason, award_date, level, award_type, created_at, updated_at) VALUES ('ORG_S_3dc0323c3ca2a37d', '', '行业金奖', '在先进算力取得突破', '2018-06-22', '行业级', '科技', '2026-06-15T12:00:00+00:00', '2026-06-15T12:00:00+00:00');
INSERT INTO org_output (org_id, name, form, author, publish_date, attachment, created_at, updated_at) VALUES ('ORG_S_3dc0323c3ca2a37d', '先进算力关键技术', '标准', '航天聚变实验室', '2019-04-11', '', '2026-06-15T12:00:00+00:00', '2026-06-15T12:00:00+00:00');
INSERT INTO org_output (org_id, name, form, author, publish_date, attachment, created_at, updated_at) VALUES ('ORG_S_3dc0323c3ca2a37d', '人工智能标准', '专利', '航天聚变实验室', '2021-08-18', '', '2026-06-15T12:00:00+00:00', '2026-06-15T12:00:00+00:00');
INSERT INTO org_output (org_id, name, form, author, publish_date, attachment, created_at, updated_at) VALUES ('ORG_S_3dc0323c3ca2a37d', '先进算力关键技术', '标准', '航天聚变实验室', '2020-04-21', '', '2026-06-15T12:00:00+00:00', '2026-06-15T12:00:00+00:00');
INSERT INTO org_output (org_id, name, form, author, publish_date, attachment, created_at, updated_at) VALUES ('ORG_S_3dc0323c3ca2a37d', '人工智能关键技术', '标准', '航天聚变实验室', '2023-07-14', '', '2026-06-15T12:00:00+00:00', '2026-06-15T12:00:00+00:00');
INSERT INTO org_team (org_id, top_talents, award_winners, team_size, talent_type, created_at, updated_at) VALUES ('ORG_S_3dc0323c3ca2a37d', '["宋明院士"]'::json, '["郭文博刚", "刘涛", "刘伟海燕"]'::json, 500, '研发团队', '2026-06-15T12:00:00+00:00', '2026-06-15T12:00:00+00:00');
INSERT INTO org_facility (org_id, name, purpose, experiment_status, launch_date, construction_cost_wan_usd, created_at, updated_at) VALUES ('ORG_S_3dc0323c3ca2a37d', '6G通信实验平台', '开展碳捕集关键实验', '调试', '2021-09-07', 15000, '2026-06-15T12:00:00+00:00', '2026-06-15T12:00:00+00:00');
INSERT INTO org_facility (org_id, name, purpose, experiment_status, launch_date, construction_cost_wan_usd, created_at, updated_at) VALUES ('ORG_S_3dc0323c3ca2a37d', '6G通信实验平台', '开展先进算力关键实验', '在建', '2018-09-25', 8000, '2026-06-15T12:00:00+00:00', '2026-06-15T12:00:00+00:00');
INSERT INTO entity_change_log (entity_id, entity_type, field, old_value, new_value, method, operator, source_doc_id, reason, changed_at) VALUES ('ORG_S_3dc0323c3ca2a37d', 'org', '*', NULL, '{"action": "create"}'::json, 'rule', NULL, 'mock_seed', NULL, '2026-06-15T12:00:00+00:00');
INSERT INTO org_profile (org_id, name_cn, name_en, name_other, country, founded_date, dissolved_date, operating_years, website, summary, org_types, nature, function, scale, tech_domains, predecessor_names, departments, strategic_plans, evaluation_report, new_key_projects, remark, confidence, completeness, created_at, updated_at) VALUES ('ORG_S_5bd2bf16685e6a66', '航天光电高科', 'Org-067', '[]'::json, '法国', '1995-07-13', NULL, 31, 'www.org-067.example.com', '航天光电高科是聚焦集成电路、基因编辑、光电技术等领域的实体机构，致力于前沿技术研发与成果转化。', '["管理机构"]'::json, '实体机构', '战略咨询', 200, '["集成电路", "基因编辑", "光电技术", "量子计算"]'::json, '[]'::json, '航天光电高科下设基础研究部、应用工程部、国际合作部', '["2021-2025五年发展规划", "2026-2030五年发展规划"]'::json, '航天光电高科在集成电路领域处于国内领先水平。', '["太赫兹通信", "固态电池", "金属3D打印"]'::json, '', 0.712, 0.67, '2026-06-15T12:00:00+00:00', '2026-06-15T12:00:00+00:00');
INSERT INTO org_history (org_id, change_date, change_description, created_at, updated_at) VALUES ('ORG_S_5bd2bf16685e6a66', '2023-01-10', '成立集成电路研究中心', '2026-06-15T12:00:00+00:00', '2026-06-15T12:00:00+00:00');
INSERT INTO org_history (org_id, change_date, change_description, created_at, updated_at) VALUES ('ORG_S_5bd2bf16685e6a66', '2014-04-03', '完成股份制改革', '2026-06-15T12:00:00+00:00', '2026-06-15T12:00:00+00:00');
INSERT INTO org_history (org_id, change_date, change_description, created_at, updated_at) VALUES ('ORG_S_5bd2bf16685e6a66', '2016-09-06', '获批国家重点实验室', '2026-06-15T12:00:00+00:00', '2026-06-15T12:00:00+00:00');
INSERT INTO org_award (org_id, description, name, reason, award_date, level, award_type, created_at, updated_at) VALUES ('ORG_S_5bd2bf16685e6a66', '', '省部级一等奖', '在集成电路取得突破', '2016-06-13', '国家级', '创新', '2026-06-15T12:00:00+00:00', '2026-06-15T12:00:00+00:00');
INSERT INTO org_award (org_id, description, name, reason, award_date, level, award_type, created_at, updated_at) VALUES ('ORG_S_5bd2bf16685e6a66', '', '省部级一等奖', '在量子计算取得突破', '2022-03-01', '行业级', '工程', '2026-06-15T12:00:00+00:00', '2026-06-15T12:00:00+00:00');
INSERT INTO org_output (org_id, name, form, author, publish_date, attachment, created_at, updated_at) VALUES ('ORG_S_5bd2bf16685e6a66', '基因编辑关键技术', '标准', '航天光电高科', '2020-10-06', '', '2026-06-15T12:00:00+00:00', '2026-06-15T12:00:00+00:00');
INSERT INTO org_output (org_id, name, form, author, publish_date, attachment, created_at, updated_at) VALUES ('ORG_S_5bd2bf16685e6a66', '基因编辑关键技术', '论文', '航天光电高科', '2020-03-20', '', '2026-06-15T12:00:00+00:00', '2026-06-15T12:00:00+00:00');
INSERT INTO org_output (org_id, name, form, author, publish_date, attachment, created_at, updated_at) VALUES ('ORG_S_5bd2bf16685e6a66', '量子计算关键技术', '软件著作权', '航天光电高科', '2020-04-27', '', '2026-06-15T12:00:00+00:00', '2026-06-15T12:00:00+00:00');
INSERT INTO org_team (org_id, top_talents, award_winners, team_size, talent_type, created_at, updated_at) VALUES ('ORG_S_5bd2bf16685e6a66', '["杨昊院士", "胡强娟院士"]'::json, '["胡磊宇航"]'::json, 200, '研发团队', '2026-06-15T12:00:00+00:00', '2026-06-15T12:00:00+00:00');
INSERT INTO org_facility (org_id, name, purpose, experiment_status, launch_date, construction_cost_wan_usd, created_at, updated_at) VALUES ('ORG_S_5bd2bf16685e6a66', '基因编辑实验平台', '开展基因编辑关键实验', '在建', '2019-08-17', 8000, '2026-06-15T12:00:00+00:00', '2026-06-15T12:00:00+00:00');
INSERT INTO org_facility (org_id, name, purpose, experiment_status, launch_date, construction_cost_wan_usd, created_at, updated_at) VALUES ('ORG_S_5bd2bf16685e6a66', '光电技术实验平台', '开展量子计算关键实验', '运行中', '2023-03-02', 15000, '2026-06-15T12:00:00+00:00', '2026-06-15T12:00:00+00:00');
INSERT INTO entity_change_log (entity_id, entity_type, field, old_value, new_value, method, operator, source_doc_id, reason, changed_at) VALUES ('ORG_S_5bd2bf16685e6a66', 'org', '*', NULL, '{"action": "create"}'::json, 'rule', NULL, 'mock_seed', NULL, '2026-06-15T12:00:00+00:00');
INSERT INTO org_profile (org_id, name_cn, name_en, name_other, country, founded_date, dissolved_date, operating_years, website, summary, org_types, nature, function, scale, tech_domains, predecessor_names, departments, strategic_plans, evaluation_report, new_key_projects, remark, confidence, completeness, created_at, updated_at) VALUES ('ORG_S_578240cb4da5a89b', '新氢动高科', 'Org-068', '[]'::json, '日本', '1954-02-11', NULL, 72, 'www.org-068.example.com', '新氢动高科是聚焦半导体、基因编辑、机器人等领域的实体机构，致力于前沿技术研发与成果转化。', '["其他", "科研机构"]'::json, '实体机构', '应用研究', 1000, '["半导体", "基因编辑", "机器人", "碳捕集"]'::json, '[]'::json, '新氢动高科下设基础研究部、应用工程部、国际合作部', '["2021-2025五年发展规划", "2026-2030五年发展规划"]'::json, '新氢动高科在半导体领域处于国内领先水平。', '["卫星星座组网", "碳化硅功率器件"]'::json, '', 0.706, 0.828, '2026-06-15T12:00:00+00:00', '2026-06-15T12:00:00+00:00');
INSERT INTO org_history (org_id, change_date, change_description, created_at, updated_at) VALUES ('ORG_S_578240cb4da5a89b', '2018-10-24', '成立碳捕集研究中心', '2026-06-15T12:00:00+00:00', '2026-06-15T12:00:00+00:00');
INSERT INTO org_history (org_id, change_date, change_description, created_at, updated_at) VALUES ('ORG_S_578240cb4da5a89b', '2017-06-25', '完成股份制改革', '2026-06-15T12:00:00+00:00', '2026-06-15T12:00:00+00:00');
INSERT INTO org_history (org_id, change_date, change_description, created_at, updated_at) VALUES ('ORG_S_578240cb4da5a89b', '2013-10-16', '获批国家重点实验室', '2026-06-15T12:00:00+00:00', '2026-06-15T12:00:00+00:00');
INSERT INTO org_award (org_id, description, name, reason, award_date, level, award_type, created_at, updated_at) VALUES ('ORG_S_578240cb4da5a89b', '', '行业金奖', '在基因编辑取得突破', '2022-12-23', '省部级', '创新', '2026-06-15T12:00:00+00:00', '2026-06-15T12:00:00+00:00');
INSERT INTO org_award (org_id, description, name, reason, award_date, level, award_type, created_at, updated_at) VALUES ('ORG_S_578240cb4da5a89b', '', '省部级一等奖', '在机器人取得突破', '2021-07-11', '国家级', '创新', '2026-06-15T12:00:00+00:00', '2026-06-15T12:00:00+00:00');
INSERT INTO org_output (org_id, name, form, author, publish_date, attachment, created_at, updated_at) VALUES ('ORG_S_578240cb4da5a89b', '机器人标准', '标准', '新氢动高科', '2019-01-15', '', '2026-06-15T12:00:00+00:00', '2026-06-15T12:00:00+00:00');
INSERT INTO org_output (org_id, name, form, author, publish_date, attachment, created_at, updated_at) VALUES ('ORG_S_578240cb4da5a89b', '机器人标准', '专利', '新氢动高科', '2018-06-08', '', '2026-06-15T12:00:00+00:00', '2026-06-15T12:00:00+00:00');
INSERT INTO org_output (org_id, name, form, author, publish_date, attachment, created_at, updated_at) VALUES ('ORG_S_578240cb4da5a89b', '基因编辑关键技术', '专利', '新氢动高科', '2020-04-11', '', '2026-06-15T12:00:00+00:00', '2026-06-15T12:00:00+00:00');
INSERT INTO org_team (org_id, top_talents, award_winners, team_size, talent_type, created_at, updated_at) VALUES ('ORG_S_578240cb4da5a89b', '["杨宁院士"]'::json, '["许建华", "赵艳"]'::json, 1000, '战略科学家团队', '2026-06-15T12:00:00+00:00', '2026-06-15T12:00:00+00:00');
INSERT INTO org_facility (org_id, name, purpose, experiment_status, launch_date, construction_cost_wan_usd, created_at, updated_at) VALUES ('ORG_S_578240cb4da5a89b', '半导体实验平台', '开展碳捕集关键实验', '在建', '2018-04-15', 500, '2026-06-15T12:00:00+00:00', '2026-06-15T12:00:00+00:00');
INSERT INTO entity_change_log (entity_id, entity_type, field, old_value, new_value, method, operator, source_doc_id, reason, changed_at) VALUES ('ORG_S_578240cb4da5a89b', 'org', '*', NULL, '{"action": "create"}'::json, 'rule', NULL, 'mock_seed', NULL, '2026-06-15T12:00:00+00:00');
INSERT INTO org_profile (org_id, name_cn, name_en, name_other, country, founded_date, dissolved_date, operating_years, website, summary, org_types, nature, function, scale, tech_domains, predecessor_names, departments, strategic_plans, evaluation_report, new_key_projects, remark, confidence, completeness, created_at, updated_at) VALUES ('ORG_S_42524ba3fde0d550', '航天储能实验室', 'Org-069', '[]'::json, '法国', '1953-03-04', NULL, 73, 'www.org-069.example.com', '航天储能实验室是聚焦机器人、网络安全、新材料等领域的抽象机构，致力于前沿技术研发与成果转化。', '["咨询机构", "管理机构", "企业"]'::json, '抽象机构', '基础研究', 1000, '["机器人", "网络安全", "新材料"]'::json, '[]'::json, '航天储能实验室下设基础研究部、应用工程部、国际合作部', '["2021-2025五年发展规划", "2026-2030五年发展规划"]'::json, '航天储能实验室在网络安全领域处于国内领先水平。', '["自动驾驶域控制器", "氢燃料电池电堆", "卫星星座组网"]'::json, '', 0.739, 0.935, '2026-06-15T12:00:00+00:00', '2026-06-15T12:00:00+00:00');
INSERT INTO org_history (org_id, change_date, change_description, created_at, updated_at) VALUES ('ORG_S_42524ba3fde0d550', '2020-06-14', '成立新材料研究中心', '2026-06-15T12:00:00+00:00', '2026-06-15T12:00:00+00:00');
INSERT INTO org_history (org_id, change_date, change_description, created_at, updated_at) VALUES ('ORG_S_42524ba3fde0d550', '2020-05-19', '完成股份制改革', '2026-06-15T12:00:00+00:00', '2026-06-15T12:00:00+00:00');
INSERT INTO org_history (org_id, change_date, change_description, created_at, updated_at) VALUES ('ORG_S_42524ba3fde0d550', '2013-09-28', '获批国家重点实验室', '2026-06-15T12:00:00+00:00', '2026-06-15T12:00:00+00:00');
INSERT INTO org_award (org_id, description, name, reason, award_date, level, award_type, created_at, updated_at) VALUES ('ORG_S_42524ba3fde0d550', '', '国家科技进步奖', '在机器人取得突破', '2022-03-08', '行业级', '工程', '2026-06-15T12:00:00+00:00', '2026-06-15T12:00:00+00:00');
INSERT INTO org_output (org_id, name, form, author, publish_date, attachment, created_at, updated_at) VALUES ('ORG_S_42524ba3fde0d550', '新材料标准', '软件著作权', '航天储能实验室', '2023-08-12', '', '2026-06-15T12:00:00+00:00', '2026-06-15T12:00:00+00:00');
INSERT INTO org_output (org_id, name, form, author, publish_date, attachment, created_at, updated_at) VALUES ('ORG_S_42524ba3fde0d550', '网络安全标准', '专利', '航天储能实验室', '2020-03-18', '', '2026-06-15T12:00:00+00:00', '2026-06-15T12:00:00+00:00');
INSERT INTO org_output (org_id, name, form, author, publish_date, attachment, created_at, updated_at) VALUES ('ORG_S_42524ba3fde0d550', '机器人系统', '软件著作权', '航天储能实验室', '2021-12-21', '', '2026-06-15T12:00:00+00:00', '2026-06-15T12:00:00+00:00');
INSERT INTO org_output (org_id, name, form, author, publish_date, attachment, created_at, updated_at) VALUES ('ORG_S_42524ba3fde0d550', '网络安全系统', '软件著作权', '航天储能实验室', '2022-03-09', '', '2026-06-15T12:00:00+00:00', '2026-06-15T12:00:00+00:00');
INSERT INTO org_team (org_id, top_talents, award_winners, team_size, talent_type, created_at, updated_at) VALUES ('ORG_S_42524ba3fde0d550', '["邓洋院士", "胡宇航晓东院士"]'::json, '["彭瑞霞", "周海燕"]'::json, 200, '工程团队', '2026-06-15T12:00:00+00:00', '2026-06-15T12:00:00+00:00');
INSERT INTO org_facility (org_id, name, purpose, experiment_status, launch_date, construction_cost_wan_usd, created_at, updated_at) VALUES ('ORG_S_42524ba3fde0d550', '网络安全实验平台', '开展新材料关键实验', '运行中', '2020-09-16', 500, '2026-06-15T12:00:00+00:00', '2026-06-15T12:00:00+00:00');
INSERT INTO org_facility (org_id, name, purpose, experiment_status, launch_date, construction_cost_wan_usd, created_at, updated_at) VALUES ('ORG_S_42524ba3fde0d550', '新材料实验平台', '开展网络安全关键实验', '运行中', '2021-10-09', 8000, '2026-06-15T12:00:00+00:00', '2026-06-15T12:00:00+00:00');
INSERT INTO entity_change_log (entity_id, entity_type, field, old_value, new_value, method, operator, source_doc_id, reason, changed_at) VALUES ('ORG_S_42524ba3fde0d550', 'org', '*', NULL, '{"action": "create"}'::json, 'rule', NULL, 'mock_seed', NULL, '2026-06-15T12:00:00+00:00');
INSERT INTO org_profile (org_id, name_cn, name_en, name_other, country, founded_date, dissolved_date, operating_years, website, summary, org_types, nature, function, scale, tech_domains, predecessor_names, departments, strategic_plans, evaluation_report, new_key_projects, remark, confidence, completeness, created_at, updated_at) VALUES ('ORG_S_d6010e8d79d93910', '东方未来研究院', 'Org-070', '[]'::json, '日本', '1973-08-11', NULL, 53, 'www.org-070.example.com', '东方未来研究院是聚焦卫星互联网、无人机、生物医药等领域的实体机构，致力于前沿技术研发与成果转化。', '["管理机构", "科研机构", "试验鉴定机构"]'::json, '实体机构', '基础研究', 15000, '["卫星互联网", "无人机", "生物医药", "增材制造", "网络安全"]'::json, '[]'::json, '东方未来研究院下设基础研究部、应用工程部、国际合作部', '["2021-2025五年发展规划", "2026-2030五年发展规划"]'::json, '东方未来研究院在卫星互联网领域处于国内领先水平。', '["太赫兹通信", "基因剪刀", "固态电池"]'::json, '', 0.83, 0.875, '2026-06-15T12:00:00+00:00', '2026-06-15T12:00:00+00:00');
INSERT INTO org_history (org_id, change_date, change_description, created_at, updated_at) VALUES ('ORG_S_d6010e8d79d93910', '2024-11-16', '成立增材制造研究中心', '2026-06-15T12:00:00+00:00', '2026-06-15T12:00:00+00:00');
INSERT INTO org_history (org_id, change_date, change_description, created_at, updated_at) VALUES ('ORG_S_d6010e8d79d93910', '2014-07-10', '完成股份制改革', '2026-06-15T12:00:00+00:00', '2026-06-15T12:00:00+00:00');
INSERT INTO org_history (org_id, change_date, change_description, created_at, updated_at) VALUES ('ORG_S_d6010e8d79d93910', '2020-09-25', '获批国家重点实验室', '2026-06-15T12:00:00+00:00', '2026-06-15T12:00:00+00:00');
INSERT INTO org_award (org_id, description, name, reason, award_date, level, award_type, created_at, updated_at) VALUES ('ORG_S_d6010e8d79d93910', '', '省部级一等奖', '在网络安全取得突破', '2020-09-01', '国家级', '工程', '2026-06-15T12:00:00+00:00', '2026-06-15T12:00:00+00:00');
INSERT INTO org_award (org_id, description, name, reason, award_date, level, award_type, created_at, updated_at) VALUES ('ORG_S_d6010e8d79d93910', '', '国家科技进步奖', '在增材制造取得突破', '2019-06-11', '国家级', '创新', '2026-06-15T12:00:00+00:00', '2026-06-15T12:00:00+00:00');
INSERT INTO org_output (org_id, name, form, author, publish_date, attachment, created_at, updated_at) VALUES ('ORG_S_d6010e8d79d93910', '卫星互联网系统', '论文', '东方未来研究院', '2020-10-14', '', '2026-06-15T12:00:00+00:00', '2026-06-15T12:00:00+00:00');
INSERT INTO org_output (org_id, name, form, author, publish_date, attachment, created_at, updated_at) VALUES ('ORG_S_d6010e8d79d93910', '生物医药关键技术', '标准', '东方未来研究院', '2019-12-16', '', '2026-06-15T12:00:00+00:00', '2026-06-15T12:00:00+00:00');
INSERT INTO org_team (org_id, top_talents, award_winners, team_size, talent_type, created_at, updated_at) VALUES ('ORG_S_d6010e8d79d93910', '["李洋院士", "刘宇航斌院士"]'::json, '["彭娟"]'::json, 1000, '战略科学家团队', '2026-06-15T12:00:00+00:00', '2026-06-15T12:00:00+00:00');
INSERT INTO org_facility (org_id, name, purpose, experiment_status, launch_date, construction_cost_wan_usd, created_at, updated_at) VALUES ('ORG_S_d6010e8d79d93910', '生物医药实验平台', '开展生物医药关键实验', '运行中', '2021-02-24', 2000, '2026-06-15T12:00:00+00:00', '2026-06-15T12:00:00+00:00');
INSERT INTO entity_change_log (entity_id, entity_type, field, old_value, new_value, method, operator, source_doc_id, reason, changed_at) VALUES ('ORG_S_d6010e8d79d93910', 'org', '*', NULL, '{"action": "create"}'::json, 'rule', NULL, 'mock_seed', NULL, '2026-06-15T12:00:00+00:00');
INSERT INTO org_profile (org_id, name_cn, name_en, name_other, country, founded_date, dissolved_date, operating_years, website, summary, org_types, nature, function, scale, tech_domains, predecessor_names, departments, strategic_plans, evaluation_report, new_key_projects, remark, confidence, completeness, created_at, updated_at) VALUES ('ORG_S_40f3b980fa84ef5d', '中光电实验室', 'Org-071', '[]'::json, '俄罗斯', '1969-09-15', NULL, 57, 'www.org-071.example.com', '中光电实验室是聚焦碳捕集、生物医药、人工智能等领域的抽象机构，致力于前沿技术研发与成果转化。', '["试验鉴定机构", "高校"]'::json, '抽象机构', '技术开发', 8000, '["碳捕集", "生物医药", "人工智能", "氢能", "光电技术"]'::json, '[]'::json, '中光电实验室下设基础研究部、应用工程部、国际合作部', '["2021-2025五年发展规划", "2026-2030五年发展规划"]'::json, '中光电实验室在生物医药领域处于国内领先水平。', '["神经形态芯片", "光量子计算"]'::json, '', 0.81, 0.931, '2026-06-15T12:00:00+00:00', '2026-06-15T12:00:00+00:00');
INSERT INTO org_history (org_id, change_date, change_description, created_at, updated_at) VALUES ('ORG_S_40f3b980fa84ef5d', '2021-10-11', '成立碳捕集研究中心', '2026-06-15T12:00:00+00:00', '2026-06-15T12:00:00+00:00');
INSERT INTO org_history (org_id, change_date, change_description, created_at, updated_at) VALUES ('ORG_S_40f3b980fa84ef5d', '2010-01-20', '完成股份制改革', '2026-06-15T12:00:00+00:00', '2026-06-15T12:00:00+00:00');
INSERT INTO org_history (org_id, change_date, change_description, created_at, updated_at) VALUES ('ORG_S_40f3b980fa84ef5d', '2017-03-26', '获批国家重点实验室', '2026-06-15T12:00:00+00:00', '2026-06-15T12:00:00+00:00');
INSERT INTO org_award (org_id, description, name, reason, award_date, level, award_type, created_at, updated_at) VALUES ('ORG_S_40f3b980fa84ef5d', '', '省部级一等奖', '在氢能取得突破', '2019-09-28', '国家级', '创新', '2026-06-15T12:00:00+00:00', '2026-06-15T12:00:00+00:00');
INSERT INTO org_award (org_id, description, name, reason, award_date, level, award_type, created_at, updated_at) VALUES ('ORG_S_40f3b980fa84ef5d', '', '行业金奖', '在人工智能取得突破', '2024-02-19', '行业级', '创新', '2026-06-15T12:00:00+00:00', '2026-06-15T12:00:00+00:00');
INSERT INTO org_output (org_id, name, form, author, publish_date, attachment, created_at, updated_at) VALUES ('ORG_S_40f3b980fa84ef5d', '光电技术标准', '论文', '中光电实验室', '2019-08-09', '', '2026-06-15T12:00:00+00:00', '2026-06-15T12:00:00+00:00');
INSERT INTO org_output (org_id, name, form, author, publish_date, attachment, created_at, updated_at) VALUES ('ORG_S_40f3b980fa84ef5d', '光电技术关键技术', '软件著作权', '中光电实验室', '2022-12-28', '', '2026-06-15T12:00:00+00:00', '2026-06-15T12:00:00+00:00');
INSERT INTO org_output (org_id, name, form, author, publish_date, attachment, created_at, updated_at) VALUES ('ORG_S_40f3b980fa84ef5d', '碳捕集标准', '标准', '中光电实验室', '2018-07-06', '', '2026-06-15T12:00:00+00:00', '2026-06-15T12:00:00+00:00');
INSERT INTO org_output (org_id, name, form, author, publish_date, attachment, created_at, updated_at) VALUES ('ORG_S_40f3b980fa84ef5d', '人工智能关键技术', '论文', '中光电实验室', '2018-02-28', '', '2026-06-15T12:00:00+00:00', '2026-06-15T12:00:00+00:00');
INSERT INTO org_team (org_id, top_talents, award_winners, team_size, talent_type, created_at, updated_at) VALUES ('ORG_S_40f3b980fa84ef5d', '["谢斌昊院士", "刘娟宁院士"]'::json, '["陈艳杰"]'::json, 200, '战略科学家团队', '2026-06-15T12:00:00+00:00', '2026-06-15T12:00:00+00:00');
INSERT INTO org_facility (org_id, name, purpose, experiment_status, launch_date, construction_cost_wan_usd, created_at, updated_at) VALUES ('ORG_S_40f3b980fa84ef5d', '人工智能实验平台', '开展生物医药关键实验', '在建', '2020-06-22', 8000, '2026-06-15T12:00:00+00:00', '2026-06-15T12:00:00+00:00');
INSERT INTO org_facility (org_id, name, purpose, experiment_status, launch_date, construction_cost_wan_usd, created_at, updated_at) VALUES ('ORG_S_40f3b980fa84ef5d', '碳捕集实验平台', '开展生物医药关键实验', '调试', '2024-09-19', 500, '2026-06-15T12:00:00+00:00', '2026-06-15T12:00:00+00:00');
INSERT INTO entity_change_log (entity_id, entity_type, field, old_value, new_value, method, operator, source_doc_id, reason, changed_at) VALUES ('ORG_S_40f3b980fa84ef5d', 'org', '*', NULL, '{"action": "create"}'::json, 'rule', NULL, 'mock_seed', NULL, '2026-06-15T12:00:00+00:00');
INSERT INTO org_profile (org_id, name_cn, name_en, name_other, country, founded_date, dissolved_date, operating_years, website, summary, org_types, nature, function, scale, tech_domains, predecessor_names, departments, strategic_plans, evaluation_report, new_key_projects, remark, confidence, completeness, created_at, updated_at) VALUES ('ORG_S_55b4d81135e52e42', '国前沿科技', 'Org-072', '[]'::json, '英国', '1968-11-08', NULL, 58, 'www.org-072.example.com', '国前沿科技是聚焦人工智能、机器人、碳捕集等领域的抽象机构，致力于前沿技术研发与成果转化。', '["科研机构", "其他"]'::json, '抽象机构', '应用研究', 200, '["人工智能", "机器人", "碳捕集", "航空航天"]'::json, '[]'::json, '国前沿科技下设基础研究部、应用工程部、国际合作部', '["2021-2025五年发展规划", "2026-2030五年发展规划"]'::json, '国前沿科技在碳捕集领域处于国内领先水平。', '["深海潜水器"]'::json, '', 0.91, 0.597, '2026-06-15T12:00:00+00:00', '2026-06-15T12:00:00+00:00');
INSERT INTO org_history (org_id, change_date, change_description, created_at, updated_at) VALUES ('ORG_S_55b4d81135e52e42', '2013-12-23', '成立碳捕集研究中心', '2026-06-15T12:00:00+00:00', '2026-06-15T12:00:00+00:00');
INSERT INTO org_history (org_id, change_date, change_description, created_at, updated_at) VALUES ('ORG_S_55b4d81135e52e42', '2020-09-07', '完成股份制改革', '2026-06-15T12:00:00+00:00', '2026-06-15T12:00:00+00:00');
INSERT INTO org_history (org_id, change_date, change_description, created_at, updated_at) VALUES ('ORG_S_55b4d81135e52e42', '2019-02-28', '获批国家重点实验室', '2026-06-15T12:00:00+00:00', '2026-06-15T12:00:00+00:00');
INSERT INTO org_award (org_id, description, name, reason, award_date, level, award_type, created_at, updated_at) VALUES ('ORG_S_55b4d81135e52e42', '', '省部级一等奖', '在机器人取得突破', '2017-05-27', '行业级', '创新', '2026-06-15T12:00:00+00:00', '2026-06-15T12:00:00+00:00');
INSERT INTO org_award (org_id, description, name, reason, award_date, level, award_type, created_at, updated_at) VALUES ('ORG_S_55b4d81135e52e42', '', '国家科技进步奖', '在碳捕集取得突破', '2022-05-03', '省部级', '创新', '2026-06-15T12:00:00+00:00', '2026-06-15T12:00:00+00:00');
INSERT INTO org_output (org_id, name, form, author, publish_date, attachment, created_at, updated_at) VALUES ('ORG_S_55b4d81135e52e42', '机器人标准', '论文', '国前沿科技', '2022-12-11', '', '2026-06-15T12:00:00+00:00', '2026-06-15T12:00:00+00:00');
INSERT INTO org_output (org_id, name, form, author, publish_date, attachment, created_at, updated_at) VALUES ('ORG_S_55b4d81135e52e42', '人工智能系统', '论文', '国前沿科技', '2024-11-24', '', '2026-06-15T12:00:00+00:00', '2026-06-15T12:00:00+00:00');
INSERT INTO org_output (org_id, name, form, author, publish_date, attachment, created_at, updated_at) VALUES ('ORG_S_55b4d81135e52e42', '碳捕集关键技术', '软件著作权', '国前沿科技', '2019-12-11', '', '2026-06-15T12:00:00+00:00', '2026-06-15T12:00:00+00:00');
INSERT INTO org_output (org_id, name, form, author, publish_date, attachment, created_at, updated_at) VALUES ('ORG_S_55b4d81135e52e42', '机器人系统', '标准', '国前沿科技', '2018-02-01', '', '2026-06-15T12:00:00+00:00', '2026-06-15T12:00:00+00:00');
INSERT INTO org_team (org_id, top_talents, award_winners, team_size, talent_type, created_at, updated_at) VALUES ('ORG_S_55b4d81135e52e42', '["冯勇雪松院士"]'::json, '["徐桂英", "郭斌"]'::json, 1000, '工程团队', '2026-06-15T12:00:00+00:00', '2026-06-15T12:00:00+00:00');
INSERT INTO org_facility (org_id, name, purpose, experiment_status, launch_date, construction_cost_wan_usd, created_at, updated_at) VALUES ('ORG_S_55b4d81135e52e42', '航空航天实验平台', '开展航空航天关键实验', '运行中', '2019-08-01', 15000, '2026-06-15T12:00:00+00:00', '2026-06-15T12:00:00+00:00');
INSERT INTO org_facility (org_id, name, purpose, experiment_status, launch_date, construction_cost_wan_usd, created_at, updated_at) VALUES ('ORG_S_55b4d81135e52e42', '机器人实验平台', '开展人工智能关键实验', '在建', '2024-04-03', 500, '2026-06-15T12:00:00+00:00', '2026-06-15T12:00:00+00:00');
INSERT INTO entity_change_log (entity_id, entity_type, field, old_value, new_value, method, operator, source_doc_id, reason, changed_at) VALUES ('ORG_S_55b4d81135e52e42', 'org', '*', NULL, '{"action": "create"}'::json, 'rule', NULL, 'mock_seed', NULL, '2026-06-15T12:00:00+00:00');
INSERT INTO org_profile (org_id, name_cn, name_en, name_other, country, founded_date, dissolved_date, operating_years, website, summary, org_types, nature, function, scale, tech_domains, predecessor_names, departments, strategic_plans, evaluation_report, new_key_projects, remark, confidence, completeness, created_at, updated_at) VALUES ('ORG_S_a6c6bf0b015a6072', '东方脑科学科技', 'Org-073', '[]'::json, '法国', '1966-10-22', NULL, 60, 'www.org-073.example.com', '东方脑科学科技是聚焦无人机、航空航天、新能源等领域的抽象机构，致力于前沿技术研发与成果转化。', '["咨询机构", "高校", "管理机构"]'::json, '抽象机构', '应用研究', 15000, '["无人机", "航空航天", "新能源", "6G通信"]'::json, '[]'::json, '东方脑科学科技下设基础研究部、应用工程部、国际合作部', '["2021-2025五年发展规划", "2026-2030五年发展规划"]'::json, '东方脑科学科技在航空航天领域处于国内领先水平。', '["太赫兹通信", "深海潜水器", "碳化硅功率器件"]'::json, '', 0.845, 0.879, '2026-06-15T12:00:00+00:00', '2026-06-15T12:00:00+00:00');
INSERT INTO org_history (org_id, change_date, change_description, created_at, updated_at) VALUES ('ORG_S_a6c6bf0b015a6072', '2018-07-25', '成立6G通信研究中心', '2026-06-15T12:00:00+00:00', '2026-06-15T12:00:00+00:00');
INSERT INTO org_history (org_id, change_date, change_description, created_at, updated_at) VALUES ('ORG_S_a6c6bf0b015a6072', '2014-08-28', '完成股份制改革', '2026-06-15T12:00:00+00:00', '2026-06-15T12:00:00+00:00');
INSERT INTO org_history (org_id, change_date, change_description, created_at, updated_at) VALUES ('ORG_S_a6c6bf0b015a6072', '2014-11-20', '获批国家重点实验室', '2026-06-15T12:00:00+00:00', '2026-06-15T12:00:00+00:00');
INSERT INTO org_award (org_id, description, name, reason, award_date, level, award_type, created_at, updated_at) VALUES ('ORG_S_a6c6bf0b015a6072', '', '行业金奖', '在新能源取得突破', '2020-02-01', '行业级', '科技', '2026-06-15T12:00:00+00:00', '2026-06-15T12:00:00+00:00');
INSERT INTO org_output (org_id, name, form, author, publish_date, attachment, created_at, updated_at) VALUES ('ORG_S_a6c6bf0b015a6072', '新能源标准', '标准', '东方脑科学科技', '2022-06-14', '', '2026-06-15T12:00:00+00:00', '2026-06-15T12:00:00+00:00');
INSERT INTO org_output (org_id, name, form, author, publish_date, attachment, created_at, updated_at) VALUES ('ORG_S_a6c6bf0b015a6072', '无人机关键技术', '软件著作权', '东方脑科学科技', '2021-11-08', '', '2026-06-15T12:00:00+00:00', '2026-06-15T12:00:00+00:00');
INSERT INTO org_team (org_id, top_talents, award_winners, team_size, talent_type, created_at, updated_at) VALUES ('ORG_S_a6c6bf0b015a6072', '["赵伟军院士", "张雪松俊杰院士"]'::json, '["陈军洋"]'::json, 500, '战略科学家团队', '2026-06-15T12:00:00+00:00', '2026-06-15T12:00:00+00:00');
INSERT INTO org_facility (org_id, name, purpose, experiment_status, launch_date, construction_cost_wan_usd, created_at, updated_at) VALUES ('ORG_S_a6c6bf0b015a6072', '无人机实验平台', '开展航空航天关键实验', '调试', '2024-03-15', 500, '2026-06-15T12:00:00+00:00', '2026-06-15T12:00:00+00:00');
INSERT INTO entity_change_log (entity_id, entity_type, field, old_value, new_value, method, operator, source_doc_id, reason, changed_at) VALUES ('ORG_S_a6c6bf0b015a6072', 'org', '*', NULL, '{"action": "create"}'::json, 'rule', NULL, 'mock_seed', NULL, '2026-06-15T12:00:00+00:00');
INSERT INTO org_profile (org_id, name_cn, name_en, name_other, country, founded_date, dissolved_date, operating_years, website, summary, org_types, nature, function, scale, tech_domains, predecessor_names, departments, strategic_plans, evaluation_report, new_key_projects, remark, confidence, completeness, created_at, updated_at) VALUES ('ORG_S_056807f17096be92', '航天脑科学高科', 'Org-074', '[]'::json, '韩国', '2009-02-21', NULL, 17, 'www.org-074.example.com', '航天脑科学高科是聚焦卫星互联网、量子计算、5G通信等领域的抽象机构，致力于前沿技术研发与成果转化。', '["科研机构", "管理机构"]'::json, '抽象机构', '人才培养', 8000, '["卫星互联网", "量子计算", "5G通信"]'::json, '[]'::json, '航天脑科学高科下设基础研究部、应用工程部、国际合作部', '["2021-2025五年发展规划", "2026-2030五年发展规划"]'::json, '航天脑科学高科在量子计算领域处于国内领先水平。', '["光量子计算"]'::json, '', 0.755, 0.85, '2026-06-15T12:00:00+00:00', '2026-06-15T12:00:00+00:00');
INSERT INTO org_history (org_id, change_date, change_description, created_at, updated_at) VALUES ('ORG_S_056807f17096be92', '2014-10-16', '成立5G通信研究中心', '2026-06-15T12:00:00+00:00', '2026-06-15T12:00:00+00:00');
INSERT INTO org_history (org_id, change_date, change_description, created_at, updated_at) VALUES ('ORG_S_056807f17096be92', '2020-05-01', '完成股份制改革', '2026-06-15T12:00:00+00:00', '2026-06-15T12:00:00+00:00');
INSERT INTO org_history (org_id, change_date, change_description, created_at, updated_at) VALUES ('ORG_S_056807f17096be92', '2012-01-14', '获批国家重点实验室', '2026-06-15T12:00:00+00:00', '2026-06-15T12:00:00+00:00');
INSERT INTO org_award (org_id, description, name, reason, award_date, level, award_type, created_at, updated_at) VALUES ('ORG_S_056807f17096be92', '', '国家科技进步奖', '在5G通信取得突破', '2020-05-10', '行业级', '创新', '2026-06-15T12:00:00+00:00', '2026-06-15T12:00:00+00:00');
INSERT INTO org_award (org_id, description, name, reason, award_date, level, award_type, created_at, updated_at) VALUES ('ORG_S_056807f17096be92', '', '行业金奖', '在5G通信取得突破', '2018-04-20', '省部级', '创新', '2026-06-15T12:00:00+00:00', '2026-06-15T12:00:00+00:00');
INSERT INTO org_output (org_id, name, form, author, publish_date, attachment, created_at, updated_at) VALUES ('ORG_S_056807f17096be92', '卫星互联网标准', '专利', '航天脑科学高科', '2018-10-19', '', '2026-06-15T12:00:00+00:00', '2026-06-15T12:00:00+00:00');
INSERT INTO org_output (org_id, name, form, author, publish_date, attachment, created_at, updated_at) VALUES ('ORG_S_056807f17096be92', '5G通信标准', '标准', '航天脑科学高科', '2022-12-28', '', '2026-06-15T12:00:00+00:00', '2026-06-15T12:00:00+00:00');
INSERT INTO org_output (org_id, name, form, author, publish_date, attachment, created_at, updated_at) VALUES ('ORG_S_056807f17096be92', '卫星互联网关键技术', '论文', '航天脑科学高科', '2024-04-17', '', '2026-06-15T12:00:00+00:00', '2026-06-15T12:00:00+00:00');
INSERT INTO org_team (org_id, top_talents, award_winners, team_size, talent_type, created_at, updated_at) VALUES ('ORG_S_056807f17096be92', '["杨桂英洋院士"]'::json, '["王志强磊", "赵霞", "许超"]'::json, 1000, '战略科学家团队', '2026-06-15T12:00:00+00:00', '2026-06-15T12:00:00+00:00');
INSERT INTO org_facility (org_id, name, purpose, experiment_status, launch_date, construction_cost_wan_usd, created_at, updated_at) VALUES ('ORG_S_056807f17096be92', '卫星互联网实验平台', '开展卫星互联网关键实验', '在建', '2019-07-15', 500, '2026-06-15T12:00:00+00:00', '2026-06-15T12:00:00+00:00');
INSERT INTO org_facility (org_id, name, purpose, experiment_status, launch_date, construction_cost_wan_usd, created_at, updated_at) VALUES ('ORG_S_056807f17096be92', '5G通信实验平台', '开展卫星互联网关键实验', '运行中', '2024-03-07', 8000, '2026-06-15T12:00:00+00:00', '2026-06-15T12:00:00+00:00');
INSERT INTO entity_change_log (entity_id, entity_type, field, old_value, new_value, method, operator, source_doc_id, reason, changed_at) VALUES ('ORG_S_056807f17096be92', 'org', '*', NULL, '{"action": "create"}'::json, 'rule', NULL, 'mock_seed', NULL, '2026-06-15T12:00:00+00:00');
INSERT INTO org_profile (org_id, name_cn, name_en, name_other, country, founded_date, dissolved_date, operating_years, website, summary, org_types, nature, function, scale, tech_domains, predecessor_names, departments, strategic_plans, evaluation_report, new_key_projects, remark, confidence, completeness, created_at, updated_at) VALUES ('ORG_S_dd0087ada9a16430', '北方航宇科技', 'Org-075', '[]'::json, '美国', '1962-07-04', NULL, 64, 'www.org-075.example.com', '北方航宇科技是聚焦人工智能、氢能等领域的抽象机构，致力于前沿技术研发与成果转化。', '["其他", "试验鉴定机构", "咨询机构"]'::json, '抽象机构', '应用研究', 1000, '["人工智能", "氢能"]'::json, '[]'::json, '北方航宇科技下设基础研究部、应用工程部、国际合作部', '["2021-2025五年发展规划", "2026-2030五年发展规划"]'::json, '北方航宇科技在氢能领域处于国内领先水平。', '["深海潜水器"]'::json, '', 0.8, 0.87, '2026-06-15T12:00:00+00:00', '2026-06-15T12:00:00+00:00');
INSERT INTO org_history (org_id, change_date, change_description, created_at, updated_at) VALUES ('ORG_S_dd0087ada9a16430', '2011-10-14', '成立氢能研究中心', '2026-06-15T12:00:00+00:00', '2026-06-15T12:00:00+00:00');
INSERT INTO org_history (org_id, change_date, change_description, created_at, updated_at) VALUES ('ORG_S_dd0087ada9a16430', '2022-02-21', '完成股份制改革', '2026-06-15T12:00:00+00:00', '2026-06-15T12:00:00+00:00');
INSERT INTO org_history (org_id, change_date, change_description, created_at, updated_at) VALUES ('ORG_S_dd0087ada9a16430', '2011-12-28', '获批国家重点实验室', '2026-06-15T12:00:00+00:00', '2026-06-15T12:00:00+00:00');
INSERT INTO org_award (org_id, description, name, reason, award_date, level, award_type, created_at, updated_at) VALUES ('ORG_S_dd0087ada9a16430', '', '行业金奖', '在氢能取得突破', '2015-01-01', '省部级', '科技', '2026-06-15T12:00:00+00:00', '2026-06-15T12:00:00+00:00');
INSERT INTO org_award (org_id, description, name, reason, award_date, level, award_type, created_at, updated_at) VALUES ('ORG_S_dd0087ada9a16430', '', '国家科技进步奖', '在人工智能取得突破', '2024-06-10', '省部级', '创新', '2026-06-15T12:00:00+00:00', '2026-06-15T12:00:00+00:00');
INSERT INTO org_output (org_id, name, form, author, publish_date, attachment, created_at, updated_at) VALUES ('ORG_S_dd0087ada9a16430', '氢能关键技术', '论文', '北方航宇科技', '2018-06-13', '', '2026-06-15T12:00:00+00:00', '2026-06-15T12:00:00+00:00');
INSERT INTO org_output (org_id, name, form, author, publish_date, attachment, created_at, updated_at) VALUES ('ORG_S_dd0087ada9a16430', '人工智能关键技术', '专利', '北方航宇科技', '2019-10-04', '', '2026-06-15T12:00:00+00:00', '2026-06-15T12:00:00+00:00');
INSERT INTO org_output (org_id, name, form, author, publish_date, attachment, created_at, updated_at) VALUES ('ORG_S_dd0087ada9a16430', '氢能标准', '标准', '北方航宇科技', '2018-02-02', '', '2026-06-15T12:00:00+00:00', '2026-06-15T12:00:00+00:00');
INSERT INTO org_output (org_id, name, form, author, publish_date, attachment, created_at, updated_at) VALUES ('ORG_S_dd0087ada9a16430', '氢能标准', '标准', '北方航宇科技', '2022-06-06', '', '2026-06-15T12:00:00+00:00', '2026-06-15T12:00:00+00:00');
INSERT INTO org_team (org_id, top_talents, award_winners, team_size, talent_type, created_at, updated_at) VALUES ('ORG_S_dd0087ada9a16430', '["陈磊涛院士", "罗婷俊杰院士"]'::json, '["赵晓东"]'::json, 200, '研发团队', '2026-06-15T12:00:00+00:00', '2026-06-15T12:00:00+00:00');
INSERT INTO org_facility (org_id, name, purpose, experiment_status, launch_date, construction_cost_wan_usd, created_at, updated_at) VALUES ('ORG_S_dd0087ada9a16430', '人工智能实验平台', '开展人工智能关键实验', '在建', '2024-02-12', 15000, '2026-06-15T12:00:00+00:00', '2026-06-15T12:00:00+00:00');
INSERT INTO org_facility (org_id, name, purpose, experiment_status, launch_date, construction_cost_wan_usd, created_at, updated_at) VALUES ('ORG_S_dd0087ada9a16430', '人工智能实验平台', '开展人工智能关键实验', '运行中', '2020-05-07', 8000, '2026-06-15T12:00:00+00:00', '2026-06-15T12:00:00+00:00');
INSERT INTO entity_change_log (entity_id, entity_type, field, old_value, new_value, method, operator, source_doc_id, reason, changed_at) VALUES ('ORG_S_dd0087ada9a16430', 'org', '*', NULL, '{"action": "create"}'::json, 'rule', NULL, 'mock_seed', NULL, '2026-06-15T12:00:00+00:00');
INSERT INTO org_profile (org_id, name_cn, name_en, name_other, country, founded_date, dissolved_date, operating_years, website, summary, org_types, nature, function, scale, tech_domains, predecessor_names, departments, strategic_plans, evaluation_report, new_key_projects, remark, confidence, completeness, created_at, updated_at) VALUES ('ORG_S_e575f2580998e6f5', '新芯创高科', 'Org-076', '[]'::json, '法国', '1965-03-01', NULL, 61, 'www.org-076.example.com', '新芯创高科是聚焦无人机、光电技术、增材制造等领域的抽象机构，致力于前沿技术研发与成果转化。', '["其他", "管理机构", "科研机构"]'::json, '抽象机构', '基础研究', 200, '["无人机", "光电技术", "增材制造", "量子计算", "集成电路"]'::json, '[]'::json, '新芯创高科下设基础研究部、应用工程部、国际合作部', '["2021-2025五年发展规划", "2026-2030五年发展规划"]'::json, '新芯创高科在光电技术领域处于国内领先水平。', '["金属3D打印", "深海潜水器", "神经网络芯片"]'::json, '', 0.728, 0.551, '2026-06-15T12:00:00+00:00', '2026-06-15T12:00:00+00:00');
INSERT INTO org_history (org_id, change_date, change_description, created_at, updated_at) VALUES ('ORG_S_e575f2580998e6f5', '2016-02-13', '成立量子计算研究中心', '2026-06-15T12:00:00+00:00', '2026-06-15T12:00:00+00:00');
INSERT INTO org_history (org_id, change_date, change_description, created_at, updated_at) VALUES ('ORG_S_e575f2580998e6f5', '2013-04-26', '完成股份制改革', '2026-06-15T12:00:00+00:00', '2026-06-15T12:00:00+00:00');
INSERT INTO org_history (org_id, change_date, change_description, created_at, updated_at) VALUES ('ORG_S_e575f2580998e6f5', '2020-08-13', '获批国家重点实验室', '2026-06-15T12:00:00+00:00', '2026-06-15T12:00:00+00:00');
INSERT INTO org_award (org_id, description, name, reason, award_date, level, award_type, created_at, updated_at) VALUES ('ORG_S_e575f2580998e6f5', '', '行业金奖', '在增材制造取得突破', '2017-08-21', '省部级', '创新', '2026-06-15T12:00:00+00:00', '2026-06-15T12:00:00+00:00');
INSERT INTO org_award (org_id, description, name, reason, award_date, level, award_type, created_at, updated_at) VALUES ('ORG_S_e575f2580998e6f5', '', '国家科技进步奖', '在光电技术取得突破', '2021-07-05', '省部级', '科技', '2026-06-15T12:00:00+00:00', '2026-06-15T12:00:00+00:00');
INSERT INTO org_output (org_id, name, form, author, publish_date, attachment, created_at, updated_at) VALUES ('ORG_S_e575f2580998e6f5', '光电技术关键技术', '论文', '新芯创高科', '2024-11-07', '', '2026-06-15T12:00:00+00:00', '2026-06-15T12:00:00+00:00');
INSERT INTO org_output (org_id, name, form, author, publish_date, attachment, created_at, updated_at) VALUES ('ORG_S_e575f2580998e6f5', '集成电路标准', '软件著作权', '新芯创高科', '2019-02-20', '', '2026-06-15T12:00:00+00:00', '2026-06-15T12:00:00+00:00');
INSERT INTO org_team (org_id, top_talents, award_winners, team_size, talent_type, created_at, updated_at) VALUES ('ORG_S_e575f2580998e6f5', '["胡伟涛院士", "韩建华院士"]'::json, '["杨洋", "邓艳洋", "冯刚娟"]'::json, 500, '战略科学家团队', '2026-06-15T12:00:00+00:00', '2026-06-15T12:00:00+00:00');
INSERT INTO org_facility (org_id, name, purpose, experiment_status, launch_date, construction_cost_wan_usd, created_at, updated_at) VALUES ('ORG_S_e575f2580998e6f5', '量子计算实验平台', '开展光电技术关键实验', '在建', '2023-06-05', 500, '2026-06-15T12:00:00+00:00', '2026-06-15T12:00:00+00:00');
INSERT INTO entity_change_log (entity_id, entity_type, field, old_value, new_value, method, operator, source_doc_id, reason, changed_at) VALUES ('ORG_S_e575f2580998e6f5', 'org', '*', NULL, '{"action": "create"}'::json, 'rule', NULL, 'mock_seed', NULL, '2026-06-15T12:00:00+00:00');
INSERT INTO org_profile (org_id, name_cn, name_en, name_other, country, founded_date, dissolved_date, operating_years, website, summary, org_types, nature, function, scale, tech_domains, predecessor_names, departments, strategic_plans, evaluation_report, new_key_projects, remark, confidence, completeness, created_at, updated_at) VALUES ('ORG_S_e0b330385a477336', '航天未来研究院', 'Org-077', '[]'::json, '英国', '1978-05-18', NULL, 48, 'www.org-077.example.com', '航天未来研究院是聚焦6G通信、生物医药、深海装备等领域的抽象机构，致力于前沿技术研发与成果转化。', '["高校"]'::json, '抽象机构', '基础研究', 500, '["6G通信", "生物医药", "深海装备", "卫星互联网", "机器人"]'::json, '[]'::json, '航天未来研究院下设基础研究部、应用工程部、国际合作部', '["2021-2025五年发展规划", "2026-2030五年发展规划"]'::json, '航天未来研究院在机器人领域处于国内领先水平。', '["太赫兹通信", "光量子计算", "金属3D打印"]'::json, '', 0.811, 0.928, '2026-06-15T12:00:00+00:00', '2026-06-15T12:00:00+00:00');
INSERT INTO org_history (org_id, change_date, change_description, created_at, updated_at) VALUES ('ORG_S_e0b330385a477336', '2015-05-22', '成立深海装备研究中心', '2026-06-15T12:00:00+00:00', '2026-06-15T12:00:00+00:00');
INSERT INTO org_history (org_id, change_date, change_description, created_at, updated_at) VALUES ('ORG_S_e0b330385a477336', '2024-06-16', '完成股份制改革', '2026-06-15T12:00:00+00:00', '2026-06-15T12:00:00+00:00');
INSERT INTO org_history (org_id, change_date, change_description, created_at, updated_at) VALUES ('ORG_S_e0b330385a477336', '2024-08-26', '获批国家重点实验室', '2026-06-15T12:00:00+00:00', '2026-06-15T12:00:00+00:00');
INSERT INTO org_award (org_id, description, name, reason, award_date, level, award_type, created_at, updated_at) VALUES ('ORG_S_e0b330385a477336', '', '国家科技进步奖', '在生物医药取得突破', '2020-06-04', '省部级', '创新', '2026-06-15T12:00:00+00:00', '2026-06-15T12:00:00+00:00');
INSERT INTO org_output (org_id, name, form, author, publish_date, attachment, created_at, updated_at) VALUES ('ORG_S_e0b330385a477336', '卫星互联网关键技术', '软件著作权', '航天未来研究院', '2023-08-08', '', '2026-06-15T12:00:00+00:00', '2026-06-15T12:00:00+00:00');
INSERT INTO org_output (org_id, name, form, author, publish_date, attachment, created_at, updated_at) VALUES ('ORG_S_e0b330385a477336', '生物医药关键技术', '论文', '航天未来研究院', '2020-03-21', '', '2026-06-15T12:00:00+00:00', '2026-06-15T12:00:00+00:00');
INSERT INTO org_output (org_id, name, form, author, publish_date, attachment, created_at, updated_at) VALUES ('ORG_S_e0b330385a477336', '生物医药系统', '论文', '航天未来研究院', '2018-09-28', '', '2026-06-15T12:00:00+00:00', '2026-06-15T12:00:00+00:00');
INSERT INTO org_team (org_id, top_talents, award_winners, team_size, talent_type, created_at, updated_at) VALUES ('ORG_S_e0b330385a477336', '["刘磊院士", "郑婷昊院士"]'::json, '["徐明", "郑宁涛", "邓俊杰"]'::json, 500, '研发团队', '2026-06-15T12:00:00+00:00', '2026-06-15T12:00:00+00:00');
INSERT INTO org_facility (org_id, name, purpose, experiment_status, launch_date, construction_cost_wan_usd, created_at, updated_at) VALUES ('ORG_S_e0b330385a477336', '机器人实验平台', '开展机器人关键实验', '调试', '2019-11-16', 500, '2026-06-15T12:00:00+00:00', '2026-06-15T12:00:00+00:00');
INSERT INTO entity_change_log (entity_id, entity_type, field, old_value, new_value, method, operator, source_doc_id, reason, changed_at) VALUES ('ORG_S_e0b330385a477336', 'org', '*', NULL, '{"action": "create"}'::json, 'rule', NULL, 'mock_seed', NULL, '2026-06-15T12:00:00+00:00');
INSERT INTO org_profile (org_id, name_cn, name_en, name_other, country, founded_date, dissolved_date, operating_years, website, summary, org_types, nature, function, scale, tech_domains, predecessor_names, departments, strategic_plans, evaluation_report, new_key_projects, remark, confidence, completeness, created_at, updated_at) VALUES ('ORG_S_d4abfd8a3df059ee', '中前沿研究院', 'Org-078', '[]'::json, '中国', '1977-07-09', NULL, 49, 'www.org-078.example.com', '中前沿研究院是聚焦量子计算、氢能、自动驾驶等领域的抽象机构，致力于前沿技术研发与成果转化。', '["其他"]'::json, '抽象机构', '应用研究', 15000, '["量子计算", "氢能", "自动驾驶"]'::json, '[]'::json, '中前沿研究院下设基础研究部、应用工程部、国际合作部', '["2021-2025五年发展规划", "2026-2030五年发展规划"]'::json, '中前沿研究院在氢能领域处于国内领先水平。', '["金属3D打印"]'::json, '', 0.77, 0.787, '2026-06-15T12:00:00+00:00', '2026-06-15T12:00:00+00:00');
INSERT INTO org_history (org_id, change_date, change_description, created_at, updated_at) VALUES ('ORG_S_d4abfd8a3df059ee', '2022-12-19', '成立量子计算研究中心', '2026-06-15T12:00:00+00:00', '2026-06-15T12:00:00+00:00');
INSERT INTO org_history (org_id, change_date, change_description, created_at, updated_at) VALUES ('ORG_S_d4abfd8a3df059ee', '2015-04-16', '完成股份制改革', '2026-06-15T12:00:00+00:00', '2026-06-15T12:00:00+00:00');
INSERT INTO org_history (org_id, change_date, change_description, created_at, updated_at) VALUES ('ORG_S_d4abfd8a3df059ee', '2023-08-02', '获批国家重点实验室', '2026-06-15T12:00:00+00:00', '2026-06-15T12:00:00+00:00');
INSERT INTO org_award (org_id, description, name, reason, award_date, level, award_type, created_at, updated_at) VALUES ('ORG_S_d4abfd8a3df059ee', '', '国家科技进步奖', '在自动驾驶取得突破', '2021-01-21', '省部级', '工程', '2026-06-15T12:00:00+00:00', '2026-06-15T12:00:00+00:00');
INSERT INTO org_award (org_id, description, name, reason, award_date, level, award_type, created_at, updated_at) VALUES ('ORG_S_d4abfd8a3df059ee', '', '省部级一等奖', '在氢能取得突破', '2022-10-24', '省部级', '科技', '2026-06-15T12:00:00+00:00', '2026-06-15T12:00:00+00:00');
INSERT INTO org_award (org_id, description, name, reason, award_date, level, award_type, created_at, updated_at) VALUES ('ORG_S_d4abfd8a3df059ee', '', '行业金奖', '在氢能取得突破', '2016-11-14', '国家级', '科技', '2026-06-15T12:00:00+00:00', '2026-06-15T12:00:00+00:00');
INSERT INTO org_output (org_id, name, form, author, publish_date, attachment, created_at, updated_at) VALUES ('ORG_S_d4abfd8a3df059ee', '量子计算系统', '专利', '中前沿研究院', '2021-10-25', '', '2026-06-15T12:00:00+00:00', '2026-06-15T12:00:00+00:00');
INSERT INTO org_output (org_id, name, form, author, publish_date, attachment, created_at, updated_at) VALUES ('ORG_S_d4abfd8a3df059ee', '氢能系统', '论文', '中前沿研究院', '2018-10-28', '', '2026-06-15T12:00:00+00:00', '2026-06-15T12:00:00+00:00');
INSERT INTO org_output (org_id, name, form, author, publish_date, attachment, created_at, updated_at) VALUES ('ORG_S_d4abfd8a3df059ee', '自动驾驶系统', '软件著作权', '中前沿研究院', '2024-06-20', '', '2026-06-15T12:00:00+00:00', '2026-06-15T12:00:00+00:00');
INSERT INTO org_output (org_id, name, form, author, publish_date, attachment, created_at, updated_at) VALUES ('ORG_S_d4abfd8a3df059ee', '量子计算系统', '标准', '中前沿研究院', '2019-08-08', '', '2026-06-15T12:00:00+00:00', '2026-06-15T12:00:00+00:00');
INSERT INTO org_team (org_id, top_talents, award_winners, team_size, talent_type, created_at, updated_at) VALUES ('ORG_S_d4abfd8a3df059ee', '["唐斌院士"]'::json, '["张俊杰"]'::json, 200, '研发团队', '2026-06-15T12:00:00+00:00', '2026-06-15T12:00:00+00:00');
INSERT INTO org_facility (org_id, name, purpose, experiment_status, launch_date, construction_cost_wan_usd, created_at, updated_at) VALUES ('ORG_S_d4abfd8a3df059ee', '量子计算实验平台', '开展氢能关键实验', '调试', '2020-05-23', 8000, '2026-06-15T12:00:00+00:00', '2026-06-15T12:00:00+00:00');
INSERT INTO entity_change_log (entity_id, entity_type, field, old_value, new_value, method, operator, source_doc_id, reason, changed_at) VALUES ('ORG_S_d4abfd8a3df059ee', 'org', '*', NULL, '{"action": "create"}'::json, 'rule', NULL, 'mock_seed', NULL, '2026-06-15T12:00:00+00:00');
INSERT INTO org_profile (org_id, name_cn, name_en, name_other, country, founded_date, dissolved_date, operating_years, website, summary, org_types, nature, function, scale, tech_domains, predecessor_names, departments, strategic_plans, evaluation_report, new_key_projects, remark, confidence, completeness, created_at, updated_at) VALUES ('ORG_S_2177ad6dea5f154f', '北方光电研究所', 'Org-079', '[]'::json, '德国', '1960-01-09', NULL, 66, 'www.org-079.example.com', '北方光电研究所是聚焦自动驾驶、5G通信、增材制造等领域的抽象机构，致力于前沿技术研发与成果转化。', '["试验鉴定机构", "管理机构", "其他"]'::json, '抽象机构', '应用研究', 3000, '["自动驾驶", "5G通信", "增材制造"]'::json, '[]'::json, '北方光电研究所下设基础研究部、应用工程部、国际合作部', '["2021-2025五年发展规划", "2026-2030五年发展规划"]'::json, '北方光电研究所在自动驾驶领域处于国内领先水平。', '["仿生机械臂", "类脑计算架构"]'::json, '', 0.955, 0.562, '2026-06-15T12:00:00+00:00', '2026-06-15T12:00:00+00:00');
INSERT INTO org_history (org_id, change_date, change_description, created_at, updated_at) VALUES ('ORG_S_2177ad6dea5f154f', '2023-06-26', '成立增材制造研究中心', '2026-06-15T12:00:00+00:00', '2026-06-15T12:00:00+00:00');
INSERT INTO org_history (org_id, change_date, change_description, created_at, updated_at) VALUES ('ORG_S_2177ad6dea5f154f', '2013-04-28', '完成股份制改革', '2026-06-15T12:00:00+00:00', '2026-06-15T12:00:00+00:00');
INSERT INTO org_history (org_id, change_date, change_description, created_at, updated_at) VALUES ('ORG_S_2177ad6dea5f154f', '2016-10-12', '获批国家重点实验室', '2026-06-15T12:00:00+00:00', '2026-06-15T12:00:00+00:00');
INSERT INTO org_award (org_id, description, name, reason, award_date, level, award_type, created_at, updated_at) VALUES ('ORG_S_2177ad6dea5f154f', '', '行业金奖', '在增材制造取得突破', '2016-10-07', '行业级', '工程', '2026-06-15T12:00:00+00:00', '2026-06-15T12:00:00+00:00');
INSERT INTO org_award (org_id, description, name, reason, award_date, level, award_type, created_at, updated_at) VALUES ('ORG_S_2177ad6dea5f154f', '', '行业金奖', '在自动驾驶取得突破', '2021-01-05', '国家级', '科技', '2026-06-15T12:00:00+00:00', '2026-06-15T12:00:00+00:00');
INSERT INTO org_award (org_id, description, name, reason, award_date, level, award_type, created_at, updated_at) VALUES ('ORG_S_2177ad6dea5f154f', '', '省部级一等奖', '在自动驾驶取得突破', '2019-11-22', '国家级', '工程', '2026-06-15T12:00:00+00:00', '2026-06-15T12:00:00+00:00');
INSERT INTO org_output (org_id, name, form, author, publish_date, attachment, created_at, updated_at) VALUES ('ORG_S_2177ad6dea5f154f', '自动驾驶系统', '论文', '北方光电研究所', '2021-06-27', '', '2026-06-15T12:00:00+00:00', '2026-06-15T12:00:00+00:00');
INSERT INTO org_output (org_id, name, form, author, publish_date, attachment, created_at, updated_at) VALUES ('ORG_S_2177ad6dea5f154f', '5G通信标准', '标准', '北方光电研究所', '2023-05-20', '', '2026-06-15T12:00:00+00:00', '2026-06-15T12:00:00+00:00');
INSERT INTO org_team (org_id, top_talents, award_winners, team_size, talent_type, created_at, updated_at) VALUES ('ORG_S_2177ad6dea5f154f', '["杨霞志强院士", "周涛霞院士"]'::json, '["曹霞", "邓洋", "林洋涛"]'::json, 200, '研发团队', '2026-06-15T12:00:00+00:00', '2026-06-15T12:00:00+00:00');
INSERT INTO org_facility (org_id, name, purpose, experiment_status, launch_date, construction_cost_wan_usd, created_at, updated_at) VALUES ('ORG_S_2177ad6dea5f154f', '增材制造实验平台', '开展5G通信关键实验', '运行中', '2022-12-03', 2000, '2026-06-15T12:00:00+00:00', '2026-06-15T12:00:00+00:00');
INSERT INTO org_facility (org_id, name, purpose, experiment_status, launch_date, construction_cost_wan_usd, created_at, updated_at) VALUES ('ORG_S_2177ad6dea5f154f', '5G通信实验平台', '开展增材制造关键实验', '运行中', '2023-12-22', 15000, '2026-06-15T12:00:00+00:00', '2026-06-15T12:00:00+00:00');
INSERT INTO entity_change_log (entity_id, entity_type, field, old_value, new_value, method, operator, source_doc_id, reason, changed_at) VALUES ('ORG_S_2177ad6dea5f154f', 'org', '*', NULL, '{"action": "create"}'::json, 'rule', NULL, 'mock_seed', NULL, '2026-06-15T12:00:00+00:00');
INSERT INTO org_profile (org_id, name_cn, name_en, name_other, country, founded_date, dissolved_date, operating_years, website, summary, org_types, nature, function, scale, tech_domains, predecessor_names, departments, strategic_plans, evaluation_report, new_key_projects, remark, confidence, completeness, created_at, updated_at) VALUES ('ORG_S_955e61984b7600cc', '航天量子集团', 'Org-080', '[]'::json, '德国', '1970-11-25', NULL, 56, 'www.org-080.example.com', '航天量子集团是聚焦增材制造、自动驾驶、6G通信等领域的实体机构，致力于前沿技术研发与成果转化。', '["其他", "企业", "管理机构"]'::json, '实体机构', '基础研究', 3000, '["增材制造", "自动驾驶", "6G通信"]'::json, '[]'::json, '航天量子集团下设基础研究部、应用工程部、国际合作部', '["2021-2025五年发展规划", "2026-2030五年发展规划"]'::json, '航天量子集团在6G通信领域处于国内领先水平。', '["基因剪刀", "氢燃料电池电堆", "碳纳米管"]'::json, '', 0.818, 0.798, '2026-06-15T12:00:00+00:00', '2026-06-15T12:00:00+00:00');
INSERT INTO org_history (org_id, change_date, change_description, created_at, updated_at) VALUES ('ORG_S_955e61984b7600cc', '2011-02-05', '成立自动驾驶研究中心', '2026-06-15T12:00:00+00:00', '2026-06-15T12:00:00+00:00');
INSERT INTO org_history (org_id, change_date, change_description, created_at, updated_at) VALUES ('ORG_S_955e61984b7600cc', '2013-06-08', '完成股份制改革', '2026-06-15T12:00:00+00:00', '2026-06-15T12:00:00+00:00');
INSERT INTO org_history (org_id, change_date, change_description, created_at, updated_at) VALUES ('ORG_S_955e61984b7600cc', '2017-07-15', '获批国家重点实验室', '2026-06-15T12:00:00+00:00', '2026-06-15T12:00:00+00:00');
INSERT INTO org_award (org_id, description, name, reason, award_date, level, award_type, created_at, updated_at) VALUES ('ORG_S_955e61984b7600cc', '', '省部级一等奖', '在自动驾驶取得突破', '2024-07-02', '国家级', '科技', '2026-06-15T12:00:00+00:00', '2026-06-15T12:00:00+00:00');
INSERT INTO org_award (org_id, description, name, reason, award_date, level, award_type, created_at, updated_at) VALUES ('ORG_S_955e61984b7600cc', '', '省部级一等奖', '在自动驾驶取得突破', '2022-09-07', '省部级', '创新', '2026-06-15T12:00:00+00:00', '2026-06-15T12:00:00+00:00');
INSERT INTO org_award (org_id, description, name, reason, award_date, level, award_type, created_at, updated_at) VALUES ('ORG_S_955e61984b7600cc', '', '国家科技进步奖', '在自动驾驶取得突破', '2021-11-13', '行业级', '创新', '2026-06-15T12:00:00+00:00', '2026-06-15T12:00:00+00:00');
INSERT INTO org_output (org_id, name, form, author, publish_date, attachment, created_at, updated_at) VALUES ('ORG_S_955e61984b7600cc', '自动驾驶标准', '标准', '航天量子集团', '2023-12-04', '', '2026-06-15T12:00:00+00:00', '2026-06-15T12:00:00+00:00');
INSERT INTO org_output (org_id, name, form, author, publish_date, attachment, created_at, updated_at) VALUES ('ORG_S_955e61984b7600cc', '自动驾驶系统', '标准', '航天量子集团', '2019-08-23', '', '2026-06-15T12:00:00+00:00', '2026-06-15T12:00:00+00:00');
INSERT INTO org_output (org_id, name, form, author, publish_date, attachment, created_at, updated_at) VALUES ('ORG_S_955e61984b7600cc', '6G通信系统', '专利', '航天量子集团', '2024-05-03', '', '2026-06-15T12:00:00+00:00', '2026-06-15T12:00:00+00:00');
INSERT INTO org_output (org_id, name, form, author, publish_date, attachment, created_at, updated_at) VALUES ('ORG_S_955e61984b7600cc', '增材制造系统', '论文', '航天量子集团', '2018-03-20', '', '2026-06-15T12:00:00+00:00', '2026-06-15T12:00:00+00:00');
INSERT INTO org_team (org_id, top_talents, award_winners, team_size, talent_type, created_at, updated_at) VALUES ('ORG_S_955e61984b7600cc', '["韩志强昊院士", "宋霞文博院士"]'::json, '["梁桂英", "罗艳文博", "郭霞"]'::json, 500, '战略科学家团队', '2026-06-15T12:00:00+00:00', '2026-06-15T12:00:00+00:00');
INSERT INTO org_facility (org_id, name, purpose, experiment_status, launch_date, construction_cost_wan_usd, created_at, updated_at) VALUES ('ORG_S_955e61984b7600cc', '自动驾驶实验平台', '开展自动驾驶关键实验', '运行中', '2023-02-23', 8000, '2026-06-15T12:00:00+00:00', '2026-06-15T12:00:00+00:00');
INSERT INTO entity_change_log (entity_id, entity_type, field, old_value, new_value, method, operator, source_doc_id, reason, changed_at) VALUES ('ORG_S_955e61984b7600cc', 'org', '*', NULL, '{"action": "create"}'::json, 'rule', NULL, 'mock_seed', NULL, '2026-06-15T12:00:00+00:00');
INSERT INTO org_profile (org_id, name_cn, name_en, name_other, country, founded_date, dissolved_date, operating_years, website, summary, org_types, nature, function, scale, tech_domains, predecessor_names, departments, strategic_plans, evaluation_report, new_key_projects, remark, confidence, completeness, created_at, updated_at) VALUES ('ORG_S_514632ea8a83ef4c', '国储能股份', 'Org-081', '[]'::json, '新加坡', '1999-10-22', NULL, 27, 'www.org-081.example.com', '国储能股份是聚焦氢能、5G通信、新材料等领域的抽象机构，致力于前沿技术研发与成果转化。', '["企业", "咨询机构", "管理机构"]'::json, '抽象机构', '基础研究', 1000, '["氢能", "5G通信", "新材料", "生物医药"]'::json, '[]'::json, '国储能股份下设基础研究部、应用工程部、国际合作部', '["2021-2025五年发展规划", "2026-2030五年发展规划"]'::json, '国储能股份在生物医药领域处于国内领先水平。', '["金属3D打印", "深海潜水器", "可重复使用火箭"]'::json, '', 0.965, 0.924, '2026-06-15T12:00:00+00:00', '2026-06-15T12:00:00+00:00');
INSERT INTO org_history (org_id, change_date, change_description, created_at, updated_at) VALUES ('ORG_S_514632ea8a83ef4c', '2016-03-20', '成立生物医药研究中心', '2026-06-15T12:00:00+00:00', '2026-06-15T12:00:00+00:00');
INSERT INTO org_history (org_id, change_date, change_description, created_at, updated_at) VALUES ('ORG_S_514632ea8a83ef4c', '2016-05-24', '完成股份制改革', '2026-06-15T12:00:00+00:00', '2026-06-15T12:00:00+00:00');
INSERT INTO org_history (org_id, change_date, change_description, created_at, updated_at) VALUES ('ORG_S_514632ea8a83ef4c', '2023-11-23', '获批国家重点实验室', '2026-06-15T12:00:00+00:00', '2026-06-15T12:00:00+00:00');
INSERT INTO org_award (org_id, description, name, reason, award_date, level, award_type, created_at, updated_at) VALUES ('ORG_S_514632ea8a83ef4c', '', '国家科技进步奖', '在氢能取得突破', '2016-10-20', '行业级', '创新', '2026-06-15T12:00:00+00:00', '2026-06-15T12:00:00+00:00');
INSERT INTO org_output (org_id, name, form, author, publish_date, attachment, created_at, updated_at) VALUES ('ORG_S_514632ea8a83ef4c', '新材料系统', '专利', '国储能股份', '2021-11-23', '', '2026-06-15T12:00:00+00:00', '2026-06-15T12:00:00+00:00');
INSERT INTO org_output (org_id, name, form, author, publish_date, attachment, created_at, updated_at) VALUES ('ORG_S_514632ea8a83ef4c', '新材料标准', '专利', '国储能股份', '2022-04-09', '', '2026-06-15T12:00:00+00:00', '2026-06-15T12:00:00+00:00');
INSERT INTO org_output (org_id, name, form, author, publish_date, attachment, created_at, updated_at) VALUES ('ORG_S_514632ea8a83ef4c', '新材料系统', '论文', '国储能股份', '2021-09-02', '', '2026-06-15T12:00:00+00:00', '2026-06-15T12:00:00+00:00');
INSERT INTO org_team (org_id, top_talents, award_winners, team_size, talent_type, created_at, updated_at) VALUES ('ORG_S_514632ea8a83ef4c', '["孙婷宇航院士", "吴强院士"]'::json, '["韩涛"]'::json, 500, '战略科学家团队', '2026-06-15T12:00:00+00:00', '2026-06-15T12:00:00+00:00');
INSERT INTO org_facility (org_id, name, purpose, experiment_status, launch_date, construction_cost_wan_usd, created_at, updated_at) VALUES ('ORG_S_514632ea8a83ef4c', '新材料实验平台', '开展新材料关键实验', '调试', '2023-09-21', 500, '2026-06-15T12:00:00+00:00', '2026-06-15T12:00:00+00:00');
INSERT INTO entity_change_log (entity_id, entity_type, field, old_value, new_value, method, operator, source_doc_id, reason, changed_at) VALUES ('ORG_S_514632ea8a83ef4c', 'org', '*', NULL, '{"action": "create"}'::json, 'rule', NULL, 'mock_seed', NULL, '2026-06-15T12:00:00+00:00');
INSERT INTO org_profile (org_id, name_cn, name_en, name_other, country, founded_date, dissolved_date, operating_years, website, summary, org_types, nature, function, scale, tech_domains, predecessor_names, departments, strategic_plans, evaluation_report, new_key_projects, remark, confidence, completeness, created_at, updated_at) VALUES ('ORG_S_e03ddc3c3d58d7ee', '中未来工程技术中心', 'Org-082', '[]'::json, '中国', '1974-06-24', NULL, 52, 'www.org-082.example.com', '中未来工程技术中心是聚焦深海装备、光电技术等领域的抽象机构，致力于前沿技术研发与成果转化。', '["其他", "咨询机构"]'::json, '抽象机构', '战略咨询', 1000, '["深海装备", "光电技术"]'::json, '[]'::json, '中未来工程技术中心下设基础研究部、应用工程部、国际合作部', '["2021-2025五年发展规划", "2026-2030五年发展规划"]'::json, '中未来工程技术中心在光电技术领域处于国内领先水平。', '["神经网络芯片", "固态电池", "类脑计算架构"]'::json, '', 0.829, 0.781, '2026-06-15T12:00:00+00:00', '2026-06-15T12:00:00+00:00');
INSERT INTO org_history (org_id, change_date, change_description, created_at, updated_at) VALUES ('ORG_S_e03ddc3c3d58d7ee', '2022-02-15', '成立深海装备研究中心', '2026-06-15T12:00:00+00:00', '2026-06-15T12:00:00+00:00');
INSERT INTO org_history (org_id, change_date, change_description, created_at, updated_at) VALUES ('ORG_S_e03ddc3c3d58d7ee', '2021-06-01', '完成股份制改革', '2026-06-15T12:00:00+00:00', '2026-06-15T12:00:00+00:00');
INSERT INTO org_history (org_id, change_date, change_description, created_at, updated_at) VALUES ('ORG_S_e03ddc3c3d58d7ee', '2021-07-28', '获批国家重点实验室', '2026-06-15T12:00:00+00:00', '2026-06-15T12:00:00+00:00');
INSERT INTO org_award (org_id, description, name, reason, award_date, level, award_type, created_at, updated_at) VALUES ('ORG_S_e03ddc3c3d58d7ee', '', '国家科技进步奖', '在光电技术取得突破', '2022-12-16', '省部级', '科技', '2026-06-15T12:00:00+00:00', '2026-06-15T12:00:00+00:00');
INSERT INTO org_award (org_id, description, name, reason, award_date, level, award_type, created_at, updated_at) VALUES ('ORG_S_e03ddc3c3d58d7ee', '', '省部级一等奖', '在光电技术取得突破', '2015-04-10', '省部级', '工程', '2026-06-15T12:00:00+00:00', '2026-06-15T12:00:00+00:00');
INSERT INTO org_award (org_id, description, name, reason, award_date, level, award_type, created_at, updated_at) VALUES ('ORG_S_e03ddc3c3d58d7ee', '', '国家科技进步奖', '在深海装备取得突破', '2022-10-08', '国家级', '工程', '2026-06-15T12:00:00+00:00', '2026-06-15T12:00:00+00:00');
INSERT INTO org_output (org_id, name, form, author, publish_date, attachment, created_at, updated_at) VALUES ('ORG_S_e03ddc3c3d58d7ee', '深海装备关键技术', '论文', '中未来工程技术中心', '2020-08-09', '', '2026-06-15T12:00:00+00:00', '2026-06-15T12:00:00+00:00');
INSERT INTO org_output (org_id, name, form, author, publish_date, attachment, created_at, updated_at) VALUES ('ORG_S_e03ddc3c3d58d7ee', '深海装备系统', '专利', '中未来工程技术中心', '2019-11-03', '', '2026-06-15T12:00:00+00:00', '2026-06-15T12:00:00+00:00');
INSERT INTO org_team (org_id, top_talents, award_winners, team_size, talent_type, created_at, updated_at) VALUES ('ORG_S_e03ddc3c3d58d7ee', '["韩雪松宇航院士", "马伟院士"]'::json, '["许霞昊", "孙宇航杰", "冯强"]'::json, 200, '研发团队', '2026-06-15T12:00:00+00:00', '2026-06-15T12:00:00+00:00');
INSERT INTO org_facility (org_id, name, purpose, experiment_status, launch_date, construction_cost_wan_usd, created_at, updated_at) VALUES ('ORG_S_e03ddc3c3d58d7ee', '光电技术实验平台', '开展光电技术关键实验', '在建', '2024-03-05', 15000, '2026-06-15T12:00:00+00:00', '2026-06-15T12:00:00+00:00');
INSERT INTO entity_change_log (entity_id, entity_type, field, old_value, new_value, method, operator, source_doc_id, reason, changed_at) VALUES ('ORG_S_e03ddc3c3d58d7ee', 'org', '*', NULL, '{"action": "create"}'::json, 'rule', NULL, 'mock_seed', NULL, '2026-06-15T12:00:00+00:00');
INSERT INTO org_profile (org_id, name_cn, name_en, name_other, country, founded_date, dissolved_date, operating_years, website, summary, org_types, nature, function, scale, tech_domains, predecessor_names, departments, strategic_plans, evaluation_report, new_key_projects, remark, confidence, completeness, created_at, updated_at) VALUES ('ORG_S_309d93e1c4a8bb5b', '国氢动高科', 'Org-083', '[]'::json, '以色列', '1974-02-03', NULL, 52, 'www.org-083.example.com', '国氢动高科是聚焦生物医药、储能、光电技术等领域的抽象机构，致力于前沿技术研发与成果转化。', '["高校"]'::json, '抽象机构', '成果转化', 8000, '["生物医药", "储能", "光电技术", "新能源"]'::json, '[]'::json, '国氢动高科下设基础研究部、应用工程部、国际合作部', '["2021-2025五年发展规划", "2026-2030五年发展规划"]'::json, '国氢动高科在储能领域处于国内领先水平。', '["深海潜水器", "固态电池"]'::json, '', 0.815, 0.596, '2026-06-15T12:00:00+00:00', '2026-06-15T12:00:00+00:00');
INSERT INTO org_history (org_id, change_date, change_description, created_at, updated_at) VALUES ('ORG_S_309d93e1c4a8bb5b', '2022-06-09', '成立新能源研究中心', '2026-06-15T12:00:00+00:00', '2026-06-15T12:00:00+00:00');
INSERT INTO org_history (org_id, change_date, change_description, created_at, updated_at) VALUES ('ORG_S_309d93e1c4a8bb5b', '2017-07-26', '完成股份制改革', '2026-06-15T12:00:00+00:00', '2026-06-15T12:00:00+00:00');
INSERT INTO org_history (org_id, change_date, change_description, created_at, updated_at) VALUES ('ORG_S_309d93e1c4a8bb5b', '2018-03-24', '获批国家重点实验室', '2026-06-15T12:00:00+00:00', '2026-06-15T12:00:00+00:00');
INSERT INTO org_award (org_id, description, name, reason, award_date, level, award_type, created_at, updated_at) VALUES ('ORG_S_309d93e1c4a8bb5b', '', '行业金奖', '在生物医药取得突破', '2017-02-24', '省部级', '工程', '2026-06-15T12:00:00+00:00', '2026-06-15T12:00:00+00:00');
INSERT INTO org_award (org_id, description, name, reason, award_date, level, award_type, created_at, updated_at) VALUES ('ORG_S_309d93e1c4a8bb5b', '', '行业金奖', '在光电技术取得突破', '2021-07-22', '省部级', '工程', '2026-06-15T12:00:00+00:00', '2026-06-15T12:00:00+00:00');
INSERT INTO org_award (org_id, description, name, reason, award_date, level, award_type, created_at, updated_at) VALUES ('ORG_S_309d93e1c4a8bb5b', '', '国家科技进步奖', '在储能取得突破', '2016-09-15', '行业级', '创新', '2026-06-15T12:00:00+00:00', '2026-06-15T12:00:00+00:00');
INSERT INTO org_output (org_id, name, form, author, publish_date, attachment, created_at, updated_at) VALUES ('ORG_S_309d93e1c4a8bb5b', '生物医药关键技术', '论文', '国氢动高科', '2018-12-22', '', '2026-06-15T12:00:00+00:00', '2026-06-15T12:00:00+00:00');
INSERT INTO org_output (org_id, name, form, author, publish_date, attachment, created_at, updated_at) VALUES ('ORG_S_309d93e1c4a8bb5b', '储能关键技术', '论文', '国氢动高科', '2022-06-26', '', '2026-06-15T12:00:00+00:00', '2026-06-15T12:00:00+00:00');
INSERT INTO org_team (org_id, top_talents, award_winners, team_size, talent_type, created_at, updated_at) VALUES ('ORG_S_309d93e1c4a8bb5b', '["刘磊院士"]'::json, '["韩建华斌", "郑晓东宁", "吴瑞"]'::json, 1000, '战略科学家团队', '2026-06-15T12:00:00+00:00', '2026-06-15T12:00:00+00:00');
INSERT INTO org_facility (org_id, name, purpose, experiment_status, launch_date, construction_cost_wan_usd, created_at, updated_at) VALUES ('ORG_S_309d93e1c4a8bb5b', '新能源实验平台', '开展储能关键实验', '调试', '2023-01-02', 2000, '2026-06-15T12:00:00+00:00', '2026-06-15T12:00:00+00:00');
INSERT INTO entity_change_log (entity_id, entity_type, field, old_value, new_value, method, operator, source_doc_id, reason, changed_at) VALUES ('ORG_S_309d93e1c4a8bb5b', 'org', '*', NULL, '{"action": "create"}'::json, 'rule', NULL, 'mock_seed', NULL, '2026-06-15T12:00:00+00:00');
INSERT INTO org_profile (org_id, name_cn, name_en, name_other, country, founded_date, dissolved_date, operating_years, website, summary, org_types, nature, function, scale, tech_domains, predecessor_names, departments, strategic_plans, evaluation_report, new_key_projects, remark, confidence, completeness, created_at, updated_at) VALUES ('ORG_S_43faf37a1733c808', '东方先进高科', 'Org-084', '[]'::json, '以色列', '2009-01-14', NULL, 17, 'www.org-084.example.com', '东方先进高科是聚焦生物医药、碳捕集、光电技术等领域的抽象机构，致力于前沿技术研发与成果转化。', '["其他", "管理机构"]'::json, '抽象机构', '技术开发', 3000, '["生物医药", "碳捕集", "光电技术", "先进算力", "深海装备"]'::json, '[]'::json, '东方先进高科下设基础研究部、应用工程部、国际合作部', '["2021-2025五年发展规划", "2026-2030五年发展规划"]'::json, '东方先进高科在先进算力领域处于国内领先水平。', '["金属3D打印"]'::json, '', 0.846, 0.819, '2026-06-15T12:00:00+00:00', '2026-06-15T12:00:00+00:00');
INSERT INTO org_history (org_id, change_date, change_description, created_at, updated_at) VALUES ('ORG_S_43faf37a1733c808', '2014-10-15', '成立先进算力研究中心', '2026-06-15T12:00:00+00:00', '2026-06-15T12:00:00+00:00');
INSERT INTO org_history (org_id, change_date, change_description, created_at, updated_at) VALUES ('ORG_S_43faf37a1733c808', '2012-06-25', '完成股份制改革', '2026-06-15T12:00:00+00:00', '2026-06-15T12:00:00+00:00');
INSERT INTO org_history (org_id, change_date, change_description, created_at, updated_at) VALUES ('ORG_S_43faf37a1733c808', '2015-04-21', '获批国家重点实验室', '2026-06-15T12:00:00+00:00', '2026-06-15T12:00:00+00:00');
INSERT INTO org_award (org_id, description, name, reason, award_date, level, award_type, created_at, updated_at) VALUES ('ORG_S_43faf37a1733c808', '', '行业金奖', '在碳捕集取得突破', '2023-05-06', '行业级', '创新', '2026-06-15T12:00:00+00:00', '2026-06-15T12:00:00+00:00');
INSERT INTO org_award (org_id, description, name, reason, award_date, level, award_type, created_at, updated_at) VALUES ('ORG_S_43faf37a1733c808', '', '国家科技进步奖', '在先进算力取得突破', '2017-08-28', '省部级', '科技', '2026-06-15T12:00:00+00:00', '2026-06-15T12:00:00+00:00');
INSERT INTO org_output (org_id, name, form, author, publish_date, attachment, created_at, updated_at) VALUES ('ORG_S_43faf37a1733c808', '光电技术系统', '专利', '东方先进高科', '2022-07-26', '', '2026-06-15T12:00:00+00:00', '2026-06-15T12:00:00+00:00');
INSERT INTO org_output (org_id, name, form, author, publish_date, attachment, created_at, updated_at) VALUES ('ORG_S_43faf37a1733c808', '光电技术系统', '软件著作权', '东方先进高科', '2023-08-12', '', '2026-06-15T12:00:00+00:00', '2026-06-15T12:00:00+00:00');
INSERT INTO org_output (org_id, name, form, author, publish_date, attachment, created_at, updated_at) VALUES ('ORG_S_43faf37a1733c808', '光电技术系统', '专利', '东方先进高科', '2019-06-08', '', '2026-06-15T12:00:00+00:00', '2026-06-15T12:00:00+00:00');
INSERT INTO org_output (org_id, name, form, author, publish_date, attachment, created_at, updated_at) VALUES ('ORG_S_43faf37a1733c808', '生物医药标准', '论文', '东方先进高科', '2021-12-27', '', '2026-06-15T12:00:00+00:00', '2026-06-15T12:00:00+00:00');
INSERT INTO org_team (org_id, top_talents, award_winners, team_size, talent_type, created_at, updated_at) VALUES ('ORG_S_43faf37a1733c808', '["李超院士", "罗平宁院士"]'::json, '["李伟", "唐磊志强", "罗桂英平"]'::json, 200, '工程团队', '2026-06-15T12:00:00+00:00', '2026-06-15T12:00:00+00:00');
INSERT INTO org_facility (org_id, name, purpose, experiment_status, launch_date, construction_cost_wan_usd, created_at, updated_at) VALUES ('ORG_S_43faf37a1733c808', '先进算力实验平台', '开展碳捕集关键实验', '在建', '2018-09-14', 2000, '2026-06-15T12:00:00+00:00', '2026-06-15T12:00:00+00:00');
INSERT INTO entity_change_log (entity_id, entity_type, field, old_value, new_value, method, operator, source_doc_id, reason, changed_at) VALUES ('ORG_S_43faf37a1733c808', 'org', '*', NULL, '{"action": "create"}'::json, 'rule', NULL, 'mock_seed', NULL, '2026-06-15T12:00:00+00:00');
INSERT INTO org_profile (org_id, name_cn, name_en, name_other, country, founded_date, dissolved_date, operating_years, website, summary, org_types, nature, function, scale, tech_domains, predecessor_names, departments, strategic_plans, evaluation_report, new_key_projects, remark, confidence, completeness, created_at, updated_at) VALUES ('ORG_S_2b9cfc8393e34471', '东方量子科技', 'Org-085', '[]'::json, '美国', '1952-04-26', NULL, 74, 'www.org-085.example.com', '东方量子科技是聚焦增材制造、5G通信等领域的抽象机构，致力于前沿技术研发与成果转化。', '["其他", "管理机构", "高校"]'::json, '抽象机构', '基础研究', 200, '["增材制造", "5G通信"]'::json, '[]'::json, '东方量子科技下设基础研究部、应用工程部、国际合作部', '["2021-2025五年发展规划", "2026-2030五年发展规划"]'::json, '东方量子科技在5G通信领域处于国内领先水平。', '["太赫兹通信"]'::json, '', 0.812, 0.862, '2026-06-15T12:00:00+00:00', '2026-06-15T12:00:00+00:00');
INSERT INTO org_history (org_id, change_date, change_description, created_at, updated_at) VALUES ('ORG_S_2b9cfc8393e34471', '2014-05-18', '成立增材制造研究中心', '2026-06-15T12:00:00+00:00', '2026-06-15T12:00:00+00:00');
INSERT INTO org_history (org_id, change_date, change_description, created_at, updated_at) VALUES ('ORG_S_2b9cfc8393e34471', '2021-12-08', '完成股份制改革', '2026-06-15T12:00:00+00:00', '2026-06-15T12:00:00+00:00');
INSERT INTO org_history (org_id, change_date, change_description, created_at, updated_at) VALUES ('ORG_S_2b9cfc8393e34471', '2014-07-26', '获批国家重点实验室', '2026-06-15T12:00:00+00:00', '2026-06-15T12:00:00+00:00');
INSERT INTO org_award (org_id, description, name, reason, award_date, level, award_type, created_at, updated_at) VALUES ('ORG_S_2b9cfc8393e34471', '', '国家科技进步奖', '在增材制造取得突破', '2016-01-23', '行业级', '创新', '2026-06-15T12:00:00+00:00', '2026-06-15T12:00:00+00:00');
INSERT INTO org_output (org_id, name, form, author, publish_date, attachment, created_at, updated_at) VALUES ('ORG_S_2b9cfc8393e34471', '增材制造关键技术', '专利', '东方量子科技', '2018-04-23', '', '2026-06-15T12:00:00+00:00', '2026-06-15T12:00:00+00:00');
INSERT INTO org_output (org_id, name, form, author, publish_date, attachment, created_at, updated_at) VALUES ('ORG_S_2b9cfc8393e34471', '增材制造标准', '软件著作权', '东方量子科技', '2020-02-06', '', '2026-06-15T12:00:00+00:00', '2026-06-15T12:00:00+00:00');
INSERT INTO org_output (org_id, name, form, author, publish_date, attachment, created_at, updated_at) VALUES ('ORG_S_2b9cfc8393e34471', '增材制造关键技术', '专利', '东方量子科技', '2022-05-26', '', '2026-06-15T12:00:00+00:00', '2026-06-15T12:00:00+00:00');
INSERT INTO org_output (org_id, name, form, author, publish_date, attachment, created_at, updated_at) VALUES ('ORG_S_2b9cfc8393e34471', '增材制造标准', '专利', '东方量子科技', '2024-04-16', '', '2026-06-15T12:00:00+00:00', '2026-06-15T12:00:00+00:00');
INSERT INTO org_team (org_id, top_talents, award_winners, team_size, talent_type, created_at, updated_at) VALUES ('ORG_S_2b9cfc8393e34471', '["胡艳院士"]'::json, '["胡强晓东"]'::json, 500, '工程团队', '2026-06-15T12:00:00+00:00', '2026-06-15T12:00:00+00:00');
INSERT INTO org_facility (org_id, name, purpose, experiment_status, launch_date, construction_cost_wan_usd, created_at, updated_at) VALUES ('ORG_S_2b9cfc8393e34471', '5G通信实验平台', '开展5G通信关键实验', '在建', '2018-04-12', 8000, '2026-06-15T12:00:00+00:00', '2026-06-15T12:00:00+00:00');
INSERT INTO org_facility (org_id, name, purpose, experiment_status, launch_date, construction_cost_wan_usd, created_at, updated_at) VALUES ('ORG_S_2b9cfc8393e34471', '5G通信实验平台', '开展增材制造关键实验', '在建', '2020-03-01', 15000, '2026-06-15T12:00:00+00:00', '2026-06-15T12:00:00+00:00');
INSERT INTO entity_change_log (entity_id, entity_type, field, old_value, new_value, method, operator, source_doc_id, reason, changed_at) VALUES ('ORG_S_2b9cfc8393e34471', 'org', '*', NULL, '{"action": "create"}'::json, 'rule', NULL, 'mock_seed', NULL, '2026-06-15T12:00:00+00:00');
INSERT INTO org_profile (org_id, name_cn, name_en, name_other, country, founded_date, dissolved_date, operating_years, website, summary, org_types, nature, function, scale, tech_domains, predecessor_names, departments, strategic_plans, evaluation_report, new_key_projects, remark, confidence, completeness, created_at, updated_at) VALUES ('ORG_S_27108497f8c0374e', '中科聚变研究所', 'Org-086', '[]'::json, '以色列', '2008-12-27', NULL, 18, 'www.org-086.example.com', '中科聚变研究所是聚焦量子计算、自动驾驶等领域的抽象机构，致力于前沿技术研发与成果转化。', '["高校", "其他"]'::json, '抽象机构', '成果转化', 500, '["量子计算", "自动驾驶"]'::json, '[]'::json, '中科聚变研究所下设基础研究部、应用工程部、国际合作部', '["2021-2025五年发展规划", "2026-2030五年发展规划"]'::json, '中科聚变研究所在自动驾驶领域处于国内领先水平。', '["仿生机械臂"]'::json, '', 0.767, 0.721, '2026-06-15T12:00:00+00:00', '2026-06-15T12:00:00+00:00');
INSERT INTO org_history (org_id, change_date, change_description, created_at, updated_at) VALUES ('ORG_S_27108497f8c0374e', '2015-06-02', '成立量子计算研究中心', '2026-06-15T12:00:00+00:00', '2026-06-15T12:00:00+00:00');
INSERT INTO org_history (org_id, change_date, change_description, created_at, updated_at) VALUES ('ORG_S_27108497f8c0374e', '2018-12-23', '完成股份制改革', '2026-06-15T12:00:00+00:00', '2026-06-15T12:00:00+00:00');
INSERT INTO org_history (org_id, change_date, change_description, created_at, updated_at) VALUES ('ORG_S_27108497f8c0374e', '2013-01-11', '获批国家重点实验室', '2026-06-15T12:00:00+00:00', '2026-06-15T12:00:00+00:00');
INSERT INTO org_award (org_id, description, name, reason, award_date, level, award_type, created_at, updated_at) VALUES ('ORG_S_27108497f8c0374e', '', '省部级一等奖', '在自动驾驶取得突破', '2017-02-26', '国家级', '工程', '2026-06-15T12:00:00+00:00', '2026-06-15T12:00:00+00:00');
INSERT INTO org_award (org_id, description, name, reason, award_date, level, award_type, created_at, updated_at) VALUES ('ORG_S_27108497f8c0374e', '', '省部级一等奖', '在自动驾驶取得突破', '2022-07-09', '国家级', '创新', '2026-06-15T12:00:00+00:00', '2026-06-15T12:00:00+00:00');
INSERT INTO org_output (org_id, name, form, author, publish_date, attachment, created_at, updated_at) VALUES ('ORG_S_27108497f8c0374e', '量子计算关键技术', '论文', '中科聚变研究所', '2018-02-05', '', '2026-06-15T12:00:00+00:00', '2026-06-15T12:00:00+00:00');
INSERT INTO org_output (org_id, name, form, author, publish_date, attachment, created_at, updated_at) VALUES ('ORG_S_27108497f8c0374e', '自动驾驶关键技术', '专利', '中科聚变研究所', '2020-07-21', '', '2026-06-15T12:00:00+00:00', '2026-06-15T12:00:00+00:00');
INSERT INTO org_team (org_id, top_talents, award_winners, team_size, talent_type, created_at, updated_at) VALUES ('ORG_S_27108497f8c0374e', '["冯洋院士", "李军昊院士"]'::json, '["徐文博", "彭明"]'::json, 1000, '战略科学家团队', '2026-06-15T12:00:00+00:00', '2026-06-15T12:00:00+00:00');
INSERT INTO org_facility (org_id, name, purpose, experiment_status, launch_date, construction_cost_wan_usd, created_at, updated_at) VALUES ('ORG_S_27108497f8c0374e', '量子计算实验平台', '开展量子计算关键实验', '在建', '2020-12-13', 8000, '2026-06-15T12:00:00+00:00', '2026-06-15T12:00:00+00:00');
INSERT INTO org_facility (org_id, name, purpose, experiment_status, launch_date, construction_cost_wan_usd, created_at, updated_at) VALUES ('ORG_S_27108497f8c0374e', '量子计算实验平台', '开展自动驾驶关键实验', '调试', '2022-07-12', 8000, '2026-06-15T12:00:00+00:00', '2026-06-15T12:00:00+00:00');
INSERT INTO entity_change_log (entity_id, entity_type, field, old_value, new_value, method, operator, source_doc_id, reason, changed_at) VALUES ('ORG_S_27108497f8c0374e', 'org', '*', NULL, '{"action": "create"}'::json, 'rule', NULL, 'mock_seed', NULL, '2026-06-15T12:00:00+00:00');
INSERT INTO org_profile (org_id, name_cn, name_en, name_other, country, founded_date, dissolved_date, operating_years, website, summary, org_types, nature, function, scale, tech_domains, predecessor_names, departments, strategic_plans, evaluation_report, new_key_projects, remark, confidence, completeness, created_at, updated_at) VALUES ('ORG_S_02399b40ed3b5e46', '南方量子科技', 'Org-087', '[]'::json, '美国', '1999-02-22', NULL, 27, 'www.org-087.example.com', '南方量子科技是聚焦增材制造、6G通信等领域的抽象机构，致力于前沿技术研发与成果转化。', '["企业", "试验鉴定机构"]'::json, '抽象机构', '基础研究', 200, '["增材制造", "6G通信"]'::json, '[]'::json, '南方量子科技下设基础研究部、应用工程部、国际合作部', '["2021-2025五年发展规划", "2026-2030五年发展规划"]'::json, '南方量子科技在6G通信领域处于国内领先水平。', '["钙钛矿太阳能电池"]'::json, '', 0.899, 0.645, '2026-06-15T12:00:00+00:00', '2026-06-15T12:00:00+00:00');
INSERT INTO org_history (org_id, change_date, change_description, created_at, updated_at) VALUES ('ORG_S_02399b40ed3b5e46', '2011-12-11', '成立增材制造研究中心', '2026-06-15T12:00:00+00:00', '2026-06-15T12:00:00+00:00');
INSERT INTO org_history (org_id, change_date, change_description, created_at, updated_at) VALUES ('ORG_S_02399b40ed3b5e46', '2023-03-03', '完成股份制改革', '2026-06-15T12:00:00+00:00', '2026-06-15T12:00:00+00:00');
INSERT INTO org_history (org_id, change_date, change_description, created_at, updated_at) VALUES ('ORG_S_02399b40ed3b5e46', '2011-07-01', '获批国家重点实验室', '2026-06-15T12:00:00+00:00', '2026-06-15T12:00:00+00:00');
INSERT INTO org_award (org_id, description, name, reason, award_date, level, award_type, created_at, updated_at) VALUES ('ORG_S_02399b40ed3b5e46', '', '省部级一等奖', '在6G通信取得突破', '2023-07-25', '国家级', '创新', '2026-06-15T12:00:00+00:00', '2026-06-15T12:00:00+00:00');
INSERT INTO org_award (org_id, description, name, reason, award_date, level, award_type, created_at, updated_at) VALUES ('ORG_S_02399b40ed3b5e46', '', '国家科技进步奖', '在6G通信取得突破', '2021-05-05', '国家级', '创新', '2026-06-15T12:00:00+00:00', '2026-06-15T12:00:00+00:00');
INSERT INTO org_output (org_id, name, form, author, publish_date, attachment, created_at, updated_at) VALUES ('ORG_S_02399b40ed3b5e46', '6G通信系统', '软件著作权', '南方量子科技', '2023-11-04', '', '2026-06-15T12:00:00+00:00', '2026-06-15T12:00:00+00:00');
INSERT INTO org_output (org_id, name, form, author, publish_date, attachment, created_at, updated_at) VALUES ('ORG_S_02399b40ed3b5e46', '增材制造系统', '论文', '南方量子科技', '2019-12-21', '', '2026-06-15T12:00:00+00:00', '2026-06-15T12:00:00+00:00');
INSERT INTO org_team (org_id, top_talents, award_winners, team_size, talent_type, created_at, updated_at) VALUES ('ORG_S_02399b40ed3b5e46', '["吴明院士", "梁晓东院士"]'::json, '["许磊明", "谢宁", "黄明"]'::json, 1000, '战略科学家团队', '2026-06-15T12:00:00+00:00', '2026-06-15T12:00:00+00:00');
INSERT INTO org_facility (org_id, name, purpose, experiment_status, launch_date, construction_cost_wan_usd, created_at, updated_at) VALUES ('ORG_S_02399b40ed3b5e46', '6G通信实验平台', '开展6G通信关键实验', '在建', '2018-03-24', 8000, '2026-06-15T12:00:00+00:00', '2026-06-15T12:00:00+00:00');
INSERT INTO entity_change_log (entity_id, entity_type, field, old_value, new_value, method, operator, source_doc_id, reason, changed_at) VALUES ('ORG_S_02399b40ed3b5e46', 'org', '*', NULL, '{"action": "create"}'::json, 'rule', NULL, 'mock_seed', NULL, '2026-06-15T12:00:00+00:00');
INSERT INTO org_profile (org_id, name_cn, name_en, name_other, country, founded_date, dissolved_date, operating_years, website, summary, org_types, nature, function, scale, tech_domains, predecessor_names, departments, strategic_plans, evaluation_report, new_key_projects, remark, confidence, completeness, created_at, updated_at) VALUES ('ORG_S_37c5fd55d1d2c968', '北方脑科学实验室', 'Org-088', '[]'::json, '日本', '1958-04-24', NULL, 68, 'www.org-088.example.com', '北方脑科学实验室是聚焦半导体、脑机接口、5G通信等领域的实体机构，致力于前沿技术研发与成果转化。', '["试验鉴定机构", "企业"]'::json, '实体机构', '应用研究', 200, '["半导体", "脑机接口", "5G通信", "集成电路", "航空航天"]'::json, '[]'::json, '北方脑科学实验室下设基础研究部、应用工程部、国际合作部', '["2021-2025五年发展规划", "2026-2030五年发展规划"]'::json, '北方脑科学实验室在脑机接口领域处于国内领先水平。', '["碳纳米管", "量子纠错码"]'::json, '', 0.767, 0.805, '2026-06-15T12:00:00+00:00', '2026-06-15T12:00:00+00:00');
INSERT INTO org_history (org_id, change_date, change_description, created_at, updated_at) VALUES ('ORG_S_37c5fd55d1d2c968', '2010-09-22', '成立5G通信研究中心', '2026-06-15T12:00:00+00:00', '2026-06-15T12:00:00+00:00');
INSERT INTO org_history (org_id, change_date, change_description, created_at, updated_at) VALUES ('ORG_S_37c5fd55d1d2c968', '2010-07-09', '完成股份制改革', '2026-06-15T12:00:00+00:00', '2026-06-15T12:00:00+00:00');
INSERT INTO org_history (org_id, change_date, change_description, created_at, updated_at) VALUES ('ORG_S_37c5fd55d1d2c968', '2017-02-09', '获批国家重点实验室', '2026-06-15T12:00:00+00:00', '2026-06-15T12:00:00+00:00');
INSERT INTO org_award (org_id, description, name, reason, award_date, level, award_type, created_at, updated_at) VALUES ('ORG_S_37c5fd55d1d2c968', '', '行业金奖', '在脑机接口取得突破', '2017-03-18', '省部级', '工程', '2026-06-15T12:00:00+00:00', '2026-06-15T12:00:00+00:00');
INSERT INTO org_award (org_id, description, name, reason, award_date, level, award_type, created_at, updated_at) VALUES ('ORG_S_37c5fd55d1d2c968', '', '行业金奖', '在半导体取得突破', '2024-07-27', '行业级', '创新', '2026-06-15T12:00:00+00:00', '2026-06-15T12:00:00+00:00');
INSERT INTO org_output (org_id, name, form, author, publish_date, attachment, created_at, updated_at) VALUES ('ORG_S_37c5fd55d1d2c968', '脑机接口标准', '软件著作权', '北方脑科学实验室', '2021-10-25', '', '2026-06-15T12:00:00+00:00', '2026-06-15T12:00:00+00:00');
INSERT INTO org_output (org_id, name, form, author, publish_date, attachment, created_at, updated_at) VALUES ('ORG_S_37c5fd55d1d2c968', '脑机接口系统', '软件著作权', '北方脑科学实验室', '2021-05-27', '', '2026-06-15T12:00:00+00:00', '2026-06-15T12:00:00+00:00');
INSERT INTO org_team (org_id, top_talents, award_winners, team_size, talent_type, created_at, updated_at) VALUES ('ORG_S_37c5fd55d1d2c968', '["冯海燕伟院士", "黄超俊杰院士"]'::json, '["韩桂英", "胡峰"]'::json, 500, '研发团队', '2026-06-15T12:00:00+00:00', '2026-06-15T12:00:00+00:00');
INSERT INTO org_facility (org_id, name, purpose, experiment_status, launch_date, construction_cost_wan_usd, created_at, updated_at) VALUES ('ORG_S_37c5fd55d1d2c968', '半导体实验平台', '开展航空航天关键实验', '调试', '2020-11-15', 8000, '2026-06-15T12:00:00+00:00', '2026-06-15T12:00:00+00:00');
INSERT INTO entity_change_log (entity_id, entity_type, field, old_value, new_value, method, operator, source_doc_id, reason, changed_at) VALUES ('ORG_S_37c5fd55d1d2c968', 'org', '*', NULL, '{"action": "create"}'::json, 'rule', NULL, 'mock_seed', NULL, '2026-06-15T12:00:00+00:00');
INSERT INTO org_profile (org_id, name_cn, name_en, name_other, country, founded_date, dissolved_date, operating_years, website, summary, org_types, nature, function, scale, tech_domains, predecessor_names, departments, strategic_plans, evaluation_report, new_key_projects, remark, confidence, completeness, created_at, updated_at) VALUES ('ORG_S_89b8a9039f1abcf8', '航天算力研究院', 'Org-089', '[]'::json, '英国', '1960-12-28', NULL, 66, 'www.org-089.example.com', '航天算力研究院是聚焦卫星互联网、基因编辑等领域的抽象机构，致力于前沿技术研发与成果转化。', '["管理机构", "高校", "科研机构"]'::json, '抽象机构', '技术开发', 200, '["卫星互联网", "基因编辑"]'::json, '[]'::json, '航天算力研究院下设基础研究部、应用工程部、国际合作部', '["2021-2025五年发展规划", "2026-2030五年发展规划"]'::json, '航天算力研究院在基因编辑领域处于国内领先水平。', '["可重复使用火箭"]'::json, '', 0.847, 0.932, '2026-06-15T12:00:00+00:00', '2026-06-15T12:00:00+00:00');
INSERT INTO org_history (org_id, change_date, change_description, created_at, updated_at) VALUES ('ORG_S_89b8a9039f1abcf8', '2010-05-28', '成立卫星互联网研究中心', '2026-06-15T12:00:00+00:00', '2026-06-15T12:00:00+00:00');
INSERT INTO org_history (org_id, change_date, change_description, created_at, updated_at) VALUES ('ORG_S_89b8a9039f1abcf8', '2021-03-09', '完成股份制改革', '2026-06-15T12:00:00+00:00', '2026-06-15T12:00:00+00:00');
INSERT INTO org_history (org_id, change_date, change_description, created_at, updated_at) VALUES ('ORG_S_89b8a9039f1abcf8', '2020-09-22', '获批国家重点实验室', '2026-06-15T12:00:00+00:00', '2026-06-15T12:00:00+00:00');
INSERT INTO org_award (org_id, description, name, reason, award_date, level, award_type, created_at, updated_at) VALUES ('ORG_S_89b8a9039f1abcf8', '', '行业金奖', '在卫星互联网取得突破', '2015-12-11', '行业级', '工程', '2026-06-15T12:00:00+00:00', '2026-06-15T12:00:00+00:00');
INSERT INTO org_award (org_id, description, name, reason, award_date, level, award_type, created_at, updated_at) VALUES ('ORG_S_89b8a9039f1abcf8', '', '省部级一等奖', '在基因编辑取得突破', '2015-01-13', '行业级', '工程', '2026-06-15T12:00:00+00:00', '2026-06-15T12:00:00+00:00');
INSERT INTO org_award (org_id, description, name, reason, award_date, level, award_type, created_at, updated_at) VALUES ('ORG_S_89b8a9039f1abcf8', '', '国家科技进步奖', '在卫星互联网取得突破', '2022-11-15', '行业级', '科技', '2026-06-15T12:00:00+00:00', '2026-06-15T12:00:00+00:00');
INSERT INTO org_output (org_id, name, form, author, publish_date, attachment, created_at, updated_at) VALUES ('ORG_S_89b8a9039f1abcf8', '基因编辑关键技术', '专利', '航天算力研究院', '2020-11-11', '', '2026-06-15T12:00:00+00:00', '2026-06-15T12:00:00+00:00');
INSERT INTO org_output (org_id, name, form, author, publish_date, attachment, created_at, updated_at) VALUES ('ORG_S_89b8a9039f1abcf8', '卫星互联网标准', '专利', '航天算力研究院', '2020-07-05', '', '2026-06-15T12:00:00+00:00', '2026-06-15T12:00:00+00:00');
INSERT INTO org_output (org_id, name, form, author, publish_date, attachment, created_at, updated_at) VALUES ('ORG_S_89b8a9039f1abcf8', '卫星互联网标准', '论文', '航天算力研究院', '2021-02-25', '', '2026-06-15T12:00:00+00:00', '2026-06-15T12:00:00+00:00');
INSERT INTO org_team (org_id, top_talents, award_winners, team_size, talent_type, created_at, updated_at) VALUES ('ORG_S_89b8a9039f1abcf8', '["郭娟院士", "郭斌院士"]'::json, '["周霞超", "吴杰"]'::json, 1000, '研发团队', '2026-06-15T12:00:00+00:00', '2026-06-15T12:00:00+00:00');
INSERT INTO org_facility (org_id, name, purpose, experiment_status, launch_date, construction_cost_wan_usd, created_at, updated_at) VALUES ('ORG_S_89b8a9039f1abcf8', '基因编辑实验平台', '开展基因编辑关键实验', '在建', '2024-09-02', 8000, '2026-06-15T12:00:00+00:00', '2026-06-15T12:00:00+00:00');
INSERT INTO entity_change_log (entity_id, entity_type, field, old_value, new_value, method, operator, source_doc_id, reason, changed_at) VALUES ('ORG_S_89b8a9039f1abcf8', 'org', '*', NULL, '{"action": "create"}'::json, 'rule', NULL, 'mock_seed', NULL, '2026-06-15T12:00:00+00:00');
INSERT INTO org_profile (org_id, name_cn, name_en, name_other, country, founded_date, dissolved_date, operating_years, website, summary, org_types, nature, function, scale, tech_domains, predecessor_names, departments, strategic_plans, evaluation_report, new_key_projects, remark, confidence, completeness, created_at, updated_at) VALUES ('ORG_S_6db6dc265a65d670', '中科天网研究所', 'Org-090', '[]'::json, '日本', '1989-11-16', NULL, 37, 'www.org-090.example.com', '中科天网研究所是聚焦半导体、网络安全、深海装备等领域的抽象机构，致力于前沿技术研发与成果转化。', '["企业", "其他", "科研机构"]'::json, '抽象机构', '技术开发', 3000, '["半导体", "网络安全", "深海装备", "新材料"]'::json, '[]'::json, '中科天网研究所下设基础研究部、应用工程部、国际合作部', '["2021-2025五年发展规划", "2026-2030五年发展规划"]'::json, '中科天网研究所在新材料领域处于国内领先水平。', '["毫米波雷达"]'::json, '', 0.915, 0.917, '2026-06-15T12:00:00+00:00', '2026-06-15T12:00:00+00:00');
INSERT INTO org_history (org_id, change_date, change_description, created_at, updated_at) VALUES ('ORG_S_6db6dc265a65d670', '2013-02-23', '成立半导体研究中心', '2026-06-15T12:00:00+00:00', '2026-06-15T12:00:00+00:00');
INSERT INTO org_history (org_id, change_date, change_description, created_at, updated_at) VALUES ('ORG_S_6db6dc265a65d670', '2022-12-01', '完成股份制改革', '2026-06-15T12:00:00+00:00', '2026-06-15T12:00:00+00:00');
INSERT INTO org_history (org_id, change_date, change_description, created_at, updated_at) VALUES ('ORG_S_6db6dc265a65d670', '2015-04-04', '获批国家重点实验室', '2026-06-15T12:00:00+00:00', '2026-06-15T12:00:00+00:00');
INSERT INTO org_award (org_id, description, name, reason, award_date, level, award_type, created_at, updated_at) VALUES ('ORG_S_6db6dc265a65d670', '', '国家科技进步奖', '在深海装备取得突破', '2015-09-04', '国家级', '工程', '2026-06-15T12:00:00+00:00', '2026-06-15T12:00:00+00:00');
INSERT INTO org_output (org_id, name, form, author, publish_date, attachment, created_at, updated_at) VALUES ('ORG_S_6db6dc265a65d670', '新材料标准', '专利', '中科天网研究所', '2023-09-21', '', '2026-06-15T12:00:00+00:00', '2026-06-15T12:00:00+00:00');
INSERT INTO org_output (org_id, name, form, author, publish_date, attachment, created_at, updated_at) VALUES ('ORG_S_6db6dc265a65d670', '深海装备标准', '专利', '中科天网研究所', '2018-02-27', '', '2026-06-15T12:00:00+00:00', '2026-06-15T12:00:00+00:00');
INSERT INTO org_team (org_id, top_talents, award_winners, team_size, talent_type, created_at, updated_at) VALUES ('ORG_S_6db6dc265a65d670', '["林俊杰院士", "孙俊杰娟院士"]'::json, '["罗瑞"]'::json, 1000, '工程团队', '2026-06-15T12:00:00+00:00', '2026-06-15T12:00:00+00:00');
INSERT INTO org_facility (org_id, name, purpose, experiment_status, launch_date, construction_cost_wan_usd, created_at, updated_at) VALUES ('ORG_S_6db6dc265a65d670', '深海装备实验平台', '开展深海装备关键实验', '调试', '2023-11-21', 15000, '2026-06-15T12:00:00+00:00', '2026-06-15T12:00:00+00:00');
INSERT INTO entity_change_log (entity_id, entity_type, field, old_value, new_value, method, operator, source_doc_id, reason, changed_at) VALUES ('ORG_S_6db6dc265a65d670', 'org', '*', NULL, '{"action": "create"}'::json, 'rule', NULL, 'mock_seed', NULL, '2026-06-15T12:00:00+00:00');
INSERT INTO org_profile (org_id, name_cn, name_en, name_other, country, founded_date, dissolved_date, operating_years, website, summary, org_types, nature, function, scale, tech_domains, predecessor_names, departments, strategic_plans, evaluation_report, new_key_projects, remark, confidence, completeness, created_at, updated_at) VALUES ('ORG_S_dbe518dab695f474', '远生医工程技术中心', 'Org-091', '[]'::json, '日本', '1968-01-17', NULL, 58, 'www.org-091.example.com', '远生医工程技术中心是聚焦量子计算、氢能、卫星互联网等领域的抽象机构，致力于前沿技术研发与成果转化。', '["高校", "科研机构"]'::json, '抽象机构', '成果转化', 200, '["量子计算", "氢能", "卫星互联网", "机器人", "光电技术"]'::json, '[]'::json, '远生医工程技术中心下设基础研究部、应用工程部、国际合作部', '["2021-2025五年发展规划", "2026-2030五年发展规划"]'::json, '远生医工程技术中心在卫星互联网领域处于国内领先水平。', '["固态电池", "可重复使用火箭", "基因剪刀"]'::json, '', 0.867, 0.79, '2026-06-15T12:00:00+00:00', '2026-06-15T12:00:00+00:00');
INSERT INTO org_history (org_id, change_date, change_description, created_at, updated_at) VALUES ('ORG_S_dbe518dab695f474', '2016-02-08', '成立卫星互联网研究中心', '2026-06-15T12:00:00+00:00', '2026-06-15T12:00:00+00:00');
INSERT INTO org_history (org_id, change_date, change_description, created_at, updated_at) VALUES ('ORG_S_dbe518dab695f474', '2021-08-21', '完成股份制改革', '2026-06-15T12:00:00+00:00', '2026-06-15T12:00:00+00:00');
INSERT INTO org_history (org_id, change_date, change_description, created_at, updated_at) VALUES ('ORG_S_dbe518dab695f474', '2020-06-14', '获批国家重点实验室', '2026-06-15T12:00:00+00:00', '2026-06-15T12:00:00+00:00');
INSERT INTO org_award (org_id, description, name, reason, award_date, level, award_type, created_at, updated_at) VALUES ('ORG_S_dbe518dab695f474', '', '省部级一等奖', '在氢能取得突破', '2018-03-26', '行业级', '创新', '2026-06-15T12:00:00+00:00', '2026-06-15T12:00:00+00:00');
INSERT INTO org_award (org_id, description, name, reason, award_date, level, award_type, created_at, updated_at) VALUES ('ORG_S_dbe518dab695f474', '', '省部级一等奖', '在机器人取得突破', '2019-02-01', '国家级', '创新', '2026-06-15T12:00:00+00:00', '2026-06-15T12:00:00+00:00');
INSERT INTO org_award (org_id, description, name, reason, award_date, level, award_type, created_at, updated_at) VALUES ('ORG_S_dbe518dab695f474', '', '行业金奖', '在光电技术取得突破', '2018-01-05', '行业级', '创新', '2026-06-15T12:00:00+00:00', '2026-06-15T12:00:00+00:00');
INSERT INTO org_output (org_id, name, form, author, publish_date, attachment, created_at, updated_at) VALUES ('ORG_S_dbe518dab695f474', '量子计算系统', '标准', '远生医工程技术中心', '2024-12-14', '', '2026-06-15T12:00:00+00:00', '2026-06-15T12:00:00+00:00');
INSERT INTO org_output (org_id, name, form, author, publish_date, attachment, created_at, updated_at) VALUES ('ORG_S_dbe518dab695f474', '卫星互联网系统', '标准', '远生医工程技术中心', '2021-04-26', '', '2026-06-15T12:00:00+00:00', '2026-06-15T12:00:00+00:00');
INSERT INTO org_output (org_id, name, form, author, publish_date, attachment, created_at, updated_at) VALUES ('ORG_S_dbe518dab695f474', '量子计算标准', '论文', '远生医工程技术中心', '2019-02-07', '', '2026-06-15T12:00:00+00:00', '2026-06-15T12:00:00+00:00');
INSERT INTO org_team (org_id, top_talents, award_winners, team_size, talent_type, created_at, updated_at) VALUES ('ORG_S_dbe518dab695f474', '["何超明院士", "冯桂英磊院士"]'::json, '["梁明", "吴洋艳", "唐霞"]'::json, 200, '工程团队', '2026-06-15T12:00:00+00:00', '2026-06-15T12:00:00+00:00');
INSERT INTO org_facility (org_id, name, purpose, experiment_status, launch_date, construction_cost_wan_usd, created_at, updated_at) VALUES ('ORG_S_dbe518dab695f474', '氢能实验平台', '开展量子计算关键实验', '运行中', '2021-12-13', 500, '2026-06-15T12:00:00+00:00', '2026-06-15T12:00:00+00:00');
INSERT INTO org_facility (org_id, name, purpose, experiment_status, launch_date, construction_cost_wan_usd, created_at, updated_at) VALUES ('ORG_S_dbe518dab695f474', '量子计算实验平台', '开展卫星互联网关键实验', '调试', '2018-01-22', 15000, '2026-06-15T12:00:00+00:00', '2026-06-15T12:00:00+00:00');
INSERT INTO entity_change_log (entity_id, entity_type, field, old_value, new_value, method, operator, source_doc_id, reason, changed_at) VALUES ('ORG_S_dbe518dab695f474', 'org', '*', NULL, '{"action": "create"}'::json, 'rule', NULL, 'mock_seed', NULL, '2026-06-15T12:00:00+00:00');
INSERT INTO org_profile (org_id, name_cn, name_en, name_other, country, founded_date, dissolved_date, operating_years, website, summary, org_types, nature, function, scale, tech_domains, predecessor_names, departments, strategic_plans, evaluation_report, new_key_projects, remark, confidence, completeness, created_at, updated_at) VALUES ('ORG_S_146b27fb7ae93b9b', '北方量子工程技术中心', 'Org-092', '[]'::json, '德国', '1956-09-09', NULL, 70, 'www.org-092.example.com', '北方量子工程技术中心是聚焦基因编辑、卫星互联网等领域的抽象机构，致力于前沿技术研发与成果转化。', '["试验鉴定机构", "高校", "其他"]'::json, '抽象机构', '战略咨询', 15000, '["基因编辑", "卫星互联网"]'::json, '[]'::json, '北方量子工程技术中心下设基础研究部、应用工程部、国际合作部', '["2021-2025五年发展规划", "2026-2030五年发展规划"]'::json, '北方量子工程技术中心在卫星互联网领域处于国内领先水平。', '["碳化硅功率器件", "固态电池", "光量子计算"]'::json, '', 0.883, 0.798, '2026-06-15T12:00:00+00:00', '2026-06-15T12:00:00+00:00');
INSERT INTO org_history (org_id, change_date, change_description, created_at, updated_at) VALUES ('ORG_S_146b27fb7ae93b9b', '2010-09-26', '成立卫星互联网研究中心', '2026-06-15T12:00:00+00:00', '2026-06-15T12:00:00+00:00');
INSERT INTO org_history (org_id, change_date, change_description, created_at, updated_at) VALUES ('ORG_S_146b27fb7ae93b9b', '2020-10-08', '完成股份制改革', '2026-06-15T12:00:00+00:00', '2026-06-15T12:00:00+00:00');
INSERT INTO org_history (org_id, change_date, change_description, created_at, updated_at) VALUES ('ORG_S_146b27fb7ae93b9b', '2015-01-25', '获批国家重点实验室', '2026-06-15T12:00:00+00:00', '2026-06-15T12:00:00+00:00');
INSERT INTO org_award (org_id, description, name, reason, award_date, level, award_type, created_at, updated_at) VALUES ('ORG_S_146b27fb7ae93b9b', '', '行业金奖', '在基因编辑取得突破', '2023-09-18', '行业级', '工程', '2026-06-15T12:00:00+00:00', '2026-06-15T12:00:00+00:00');
INSERT INTO org_award (org_id, description, name, reason, award_date, level, award_type, created_at, updated_at) VALUES ('ORG_S_146b27fb7ae93b9b', '', '国家科技进步奖', '在基因编辑取得突破', '2023-09-25', '省部级', '科技', '2026-06-15T12:00:00+00:00', '2026-06-15T12:00:00+00:00');
INSERT INTO org_award (org_id, description, name, reason, award_date, level, award_type, created_at, updated_at) VALUES ('ORG_S_146b27fb7ae93b9b', '', '行业金奖', '在基因编辑取得突破', '2021-09-07', '省部级', '工程', '2026-06-15T12:00:00+00:00', '2026-06-15T12:00:00+00:00');
INSERT INTO org_output (org_id, name, form, author, publish_date, attachment, created_at, updated_at) VALUES ('ORG_S_146b27fb7ae93b9b', '基因编辑标准', '软件著作权', '北方量子工程技术中心', '2023-10-10', '', '2026-06-15T12:00:00+00:00', '2026-06-15T12:00:00+00:00');
INSERT INTO org_output (org_id, name, form, author, publish_date, attachment, created_at, updated_at) VALUES ('ORG_S_146b27fb7ae93b9b', '卫星互联网关键技术', '专利', '北方量子工程技术中心', '2023-01-11', '', '2026-06-15T12:00:00+00:00', '2026-06-15T12:00:00+00:00');
INSERT INTO org_output (org_id, name, form, author, publish_date, attachment, created_at, updated_at) VALUES ('ORG_S_146b27fb7ae93b9b', '基因编辑系统', '标准', '北方量子工程技术中心', '2018-03-25', '', '2026-06-15T12:00:00+00:00', '2026-06-15T12:00:00+00:00');
INSERT INTO org_team (org_id, top_talents, award_winners, team_size, talent_type, created_at, updated_at) VALUES ('ORG_S_146b27fb7ae93b9b', '["曹文博艳院士"]'::json, '["徐雪松"]'::json, 1000, '工程团队', '2026-06-15T12:00:00+00:00', '2026-06-15T12:00:00+00:00');
INSERT INTO org_facility (org_id, name, purpose, experiment_status, launch_date, construction_cost_wan_usd, created_at, updated_at) VALUES ('ORG_S_146b27fb7ae93b9b', '基因编辑实验平台', '开展基因编辑关键实验', '调试', '2023-02-20', 8000, '2026-06-15T12:00:00+00:00', '2026-06-15T12:00:00+00:00');
INSERT INTO org_facility (org_id, name, purpose, experiment_status, launch_date, construction_cost_wan_usd, created_at, updated_at) VALUES ('ORG_S_146b27fb7ae93b9b', '卫星互联网实验平台', '开展基因编辑关键实验', '调试', '2019-01-24', 500, '2026-06-15T12:00:00+00:00', '2026-06-15T12:00:00+00:00');
INSERT INTO entity_change_log (entity_id, entity_type, field, old_value, new_value, method, operator, source_doc_id, reason, changed_at) VALUES ('ORG_S_146b27fb7ae93b9b', 'org', '*', NULL, '{"action": "create"}'::json, 'rule', NULL, 'mock_seed', NULL, '2026-06-15T12:00:00+00:00');
INSERT INTO org_profile (org_id, name_cn, name_en, name_other, country, founded_date, dissolved_date, operating_years, website, summary, org_types, nature, function, scale, tech_domains, predecessor_names, departments, strategic_plans, evaluation_report, new_key_projects, remark, confidence, completeness, created_at, updated_at) VALUES ('ORG_S_fe8339d4c652933e', '新脑科学实验室', 'Org-093', '[]'::json, '中国', '2013-12-13', NULL, 13, 'www.org-093.example.com', '新脑科学实验室是聚焦集成电路、先进算力、光电技术等领域的实体机构，致力于前沿技术研发与成果转化。', '["企业", "试验鉴定机构", "科研机构"]'::json, '实体机构', '成果转化', 200, '["集成电路", "先进算力", "光电技术"]'::json, '[]'::json, '新脑科学实验室下设基础研究部、应用工程部、国际合作部', '["2021-2025五年发展规划", "2026-2030五年发展规划"]'::json, '新脑科学实验室在光电技术领域处于国内领先水平。', '["自动驾驶域控制器", "神经网络芯片", "深海潜水器"]'::json, '', 0.861, 0.732, '2026-06-15T12:00:00+00:00', '2026-06-15T12:00:00+00:00');
INSERT INTO org_history (org_id, change_date, change_description, created_at, updated_at) VALUES ('ORG_S_fe8339d4c652933e', '2023-11-08', '成立先进算力研究中心', '2026-06-15T12:00:00+00:00', '2026-06-15T12:00:00+00:00');
INSERT INTO org_history (org_id, change_date, change_description, created_at, updated_at) VALUES ('ORG_S_fe8339d4c652933e', '2017-03-15', '完成股份制改革', '2026-06-15T12:00:00+00:00', '2026-06-15T12:00:00+00:00');
INSERT INTO org_history (org_id, change_date, change_description, created_at, updated_at) VALUES ('ORG_S_fe8339d4c652933e', '2011-04-01', '获批国家重点实验室', '2026-06-15T12:00:00+00:00', '2026-06-15T12:00:00+00:00');
INSERT INTO org_award (org_id, description, name, reason, award_date, level, award_type, created_at, updated_at) VALUES ('ORG_S_fe8339d4c652933e', '', '省部级一等奖', '在集成电路取得突破', '2018-08-28', '省部级', '工程', '2026-06-15T12:00:00+00:00', '2026-06-15T12:00:00+00:00');
INSERT INTO org_award (org_id, description, name, reason, award_date, level, award_type, created_at, updated_at) VALUES ('ORG_S_fe8339d4c652933e', '', '行业金奖', '在先进算力取得突破', '2023-10-17', '行业级', '创新', '2026-06-15T12:00:00+00:00', '2026-06-15T12:00:00+00:00');
INSERT INTO org_output (org_id, name, form, author, publish_date, attachment, created_at, updated_at) VALUES ('ORG_S_fe8339d4c652933e', '集成电路系统', '软件著作权', '新脑科学实验室', '2020-03-15', '', '2026-06-15T12:00:00+00:00', '2026-06-15T12:00:00+00:00');
INSERT INTO org_output (org_id, name, form, author, publish_date, attachment, created_at, updated_at) VALUES ('ORG_S_fe8339d4c652933e', '集成电路关键技术', '论文', '新脑科学实验室', '2018-04-14', '', '2026-06-15T12:00:00+00:00', '2026-06-15T12:00:00+00:00');
INSERT INTO org_team (org_id, top_talents, award_winners, team_size, talent_type, created_at, updated_at) VALUES ('ORG_S_fe8339d4c652933e', '["宋俊杰院士"]'::json, '["徐宇航婷"]'::json, 500, '战略科学家团队', '2026-06-15T12:00:00+00:00', '2026-06-15T12:00:00+00:00');
INSERT INTO org_facility (org_id, name, purpose, experiment_status, launch_date, construction_cost_wan_usd, created_at, updated_at) VALUES ('ORG_S_fe8339d4c652933e', '光电技术实验平台', '开展集成电路关键实验', '调试', '2024-07-09', 2000, '2026-06-15T12:00:00+00:00', '2026-06-15T12:00:00+00:00');
INSERT INTO org_facility (org_id, name, purpose, experiment_status, launch_date, construction_cost_wan_usd, created_at, updated_at) VALUES ('ORG_S_fe8339d4c652933e', '集成电路实验平台', '开展集成电路关键实验', '在建', '2018-12-07', 2000, '2026-06-15T12:00:00+00:00', '2026-06-15T12:00:00+00:00');
INSERT INTO entity_change_log (entity_id, entity_type, field, old_value, new_value, method, operator, source_doc_id, reason, changed_at) VALUES ('ORG_S_fe8339d4c652933e', 'org', '*', NULL, '{"action": "create"}'::json, 'rule', NULL, 'mock_seed', NULL, '2026-06-15T12:00:00+00:00');
INSERT INTO org_profile (org_id, name_cn, name_en, name_other, country, founded_date, dissolved_date, operating_years, website, summary, org_types, nature, function, scale, tech_domains, predecessor_names, departments, strategic_plans, evaluation_report, new_key_projects, remark, confidence, completeness, created_at, updated_at) VALUES ('ORG_S_172812a49122578d', '北方未来高科', 'Org-094', '[]'::json, '英国', '1958-08-04', NULL, 68, 'www.org-094.example.com', '北方未来高科是聚焦碳捕集、氢能等领域的实体机构，致力于前沿技术研发与成果转化。', '["试验鉴定机构", "管理机构", "高校"]'::json, '实体机构', '基础研究', 1000, '["碳捕集", "氢能"]'::json, '[]'::json, '北方未来高科下设基础研究部、应用工程部、国际合作部', '["2021-2025五年发展规划", "2026-2030五年发展规划"]'::json, '北方未来高科在氢能领域处于国内领先水平。', '["mRNA疫苗", "金属3D打印", "毫米波雷达"]'::json, '', 0.718, 0.873, '2026-06-15T12:00:00+00:00', '2026-06-15T12:00:00+00:00');
INSERT INTO org_history (org_id, change_date, change_description, created_at, updated_at) VALUES ('ORG_S_172812a49122578d', '2023-04-12', '成立碳捕集研究中心', '2026-06-15T12:00:00+00:00', '2026-06-15T12:00:00+00:00');
INSERT INTO org_history (org_id, change_date, change_description, created_at, updated_at) VALUES ('ORG_S_172812a49122578d', '2013-03-15', '完成股份制改革', '2026-06-15T12:00:00+00:00', '2026-06-15T12:00:00+00:00');
INSERT INTO org_history (org_id, change_date, change_description, created_at, updated_at) VALUES ('ORG_S_172812a49122578d', '2015-01-18', '获批国家重点实验室', '2026-06-15T12:00:00+00:00', '2026-06-15T12:00:00+00:00');
INSERT INTO org_award (org_id, description, name, reason, award_date, level, award_type, created_at, updated_at) VALUES ('ORG_S_172812a49122578d', '', '省部级一等奖', '在碳捕集取得突破', '2016-10-19', '省部级', '创新', '2026-06-15T12:00:00+00:00', '2026-06-15T12:00:00+00:00');
INSERT INTO org_award (org_id, description, name, reason, award_date, level, award_type, created_at, updated_at) VALUES ('ORG_S_172812a49122578d', '', '国家科技进步奖', '在氢能取得突破', '2018-02-06', '国家级', '科技', '2026-06-15T12:00:00+00:00', '2026-06-15T12:00:00+00:00');
INSERT INTO org_output (org_id, name, form, author, publish_date, attachment, created_at, updated_at) VALUES ('ORG_S_172812a49122578d', '氢能标准', '标准', '北方未来高科', '2020-01-28', '', '2026-06-15T12:00:00+00:00', '2026-06-15T12:00:00+00:00');
INSERT INTO org_output (org_id, name, form, author, publish_date, attachment, created_at, updated_at) VALUES ('ORG_S_172812a49122578d', '氢能系统', '软件著作权', '北方未来高科', '2021-06-02', '', '2026-06-15T12:00:00+00:00', '2026-06-15T12:00:00+00:00');
INSERT INTO org_output (org_id, name, form, author, publish_date, attachment, created_at, updated_at) VALUES ('ORG_S_172812a49122578d', '碳捕集系统', '论文', '北方未来高科', '2023-04-16', '', '2026-06-15T12:00:00+00:00', '2026-06-15T12:00:00+00:00');
INSERT INTO org_output (org_id, name, form, author, publish_date, attachment, created_at, updated_at) VALUES ('ORG_S_172812a49122578d', '碳捕集关键技术', '专利', '北方未来高科', '2022-02-12', '', '2026-06-15T12:00:00+00:00', '2026-06-15T12:00:00+00:00');
INSERT INTO org_team (org_id, top_talents, award_winners, team_size, talent_type, created_at, updated_at) VALUES ('ORG_S_172812a49122578d', '["许海燕刚院士"]'::json, '["邓婷"]'::json, 200, '工程团队', '2026-06-15T12:00:00+00:00', '2026-06-15T12:00:00+00:00');
INSERT INTO org_facility (org_id, name, purpose, experiment_status, launch_date, construction_cost_wan_usd, created_at, updated_at) VALUES ('ORG_S_172812a49122578d', '氢能实验平台', '开展氢能关键实验', '调试', '2020-09-26', 15000, '2026-06-15T12:00:00+00:00', '2026-06-15T12:00:00+00:00');
INSERT INTO entity_change_log (entity_id, entity_type, field, old_value, new_value, method, operator, source_doc_id, reason, changed_at) VALUES ('ORG_S_172812a49122578d', 'org', '*', NULL, '{"action": "create"}'::json, 'rule', NULL, 'mock_seed', NULL, '2026-06-15T12:00:00+00:00');
INSERT INTO org_profile (org_id, name_cn, name_en, name_other, country, founded_date, dissolved_date, operating_years, website, summary, org_types, nature, function, scale, tech_domains, predecessor_names, departments, strategic_plans, evaluation_report, new_key_projects, remark, confidence, completeness, created_at, updated_at) VALUES ('ORG_S_b84e18188fa69738', '北方储能工程技术中心', 'Org-095', '[]'::json, '日本', '1951-07-28', NULL, 75, 'www.org-095.example.com', '北方储能工程技术中心是聚焦储能、脑机接口、新能源等领域的抽象机构，致力于前沿技术研发与成果转化。', '["企业", "科研机构", "其他"]'::json, '抽象机构', '应用研究', 200, '["储能", "脑机接口", "新能源"]'::json, '[]'::json, '北方储能工程技术中心下设基础研究部、应用工程部、国际合作部', '["2021-2025五年发展规划", "2026-2030五年发展规划"]'::json, '北方储能工程技术中心在新能源领域处于国内领先水平。', '["神经形态芯片", "卫星星座组网", "金属3D打印"]'::json, '', 0.878, 0.578, '2026-06-15T12:00:00+00:00', '2026-06-15T12:00:00+00:00');
INSERT INTO org_history (org_id, change_date, change_description, created_at, updated_at) VALUES ('ORG_S_b84e18188fa69738', '2017-10-18', '成立储能研究中心', '2026-06-15T12:00:00+00:00', '2026-06-15T12:00:00+00:00');
INSERT INTO org_history (org_id, change_date, change_description, created_at, updated_at) VALUES ('ORG_S_b84e18188fa69738', '2011-02-01', '完成股份制改革', '2026-06-15T12:00:00+00:00', '2026-06-15T12:00:00+00:00');
INSERT INTO org_history (org_id, change_date, change_description, created_at, updated_at) VALUES ('ORG_S_b84e18188fa69738', '2018-07-03', '获批国家重点实验室', '2026-06-15T12:00:00+00:00', '2026-06-15T12:00:00+00:00');
INSERT INTO org_award (org_id, description, name, reason, award_date, level, award_type, created_at, updated_at) VALUES ('ORG_S_b84e18188fa69738', '', '行业金奖', '在储能取得突破', '2022-07-23', '行业级', '工程', '2026-06-15T12:00:00+00:00', '2026-06-15T12:00:00+00:00');
INSERT INTO org_award (org_id, description, name, reason, award_date, level, award_type, created_at, updated_at) VALUES ('ORG_S_b84e18188fa69738', '', '行业金奖', '在脑机接口取得突破', '2017-02-08', '行业级', '创新', '2026-06-15T12:00:00+00:00', '2026-06-15T12:00:00+00:00');
INSERT INTO org_award (org_id, description, name, reason, award_date, level, award_type, created_at, updated_at) VALUES ('ORG_S_b84e18188fa69738', '', '国家科技进步奖', '在储能取得突破', '2016-03-20', '省部级', '科技', '2026-06-15T12:00:00+00:00', '2026-06-15T12:00:00+00:00');
INSERT INTO org_output (org_id, name, form, author, publish_date, attachment, created_at, updated_at) VALUES ('ORG_S_b84e18188fa69738', '储能标准', '标准', '北方储能工程技术中心', '2022-11-22', '', '2026-06-15T12:00:00+00:00', '2026-06-15T12:00:00+00:00');
INSERT INTO org_output (org_id, name, form, author, publish_date, attachment, created_at, updated_at) VALUES ('ORG_S_b84e18188fa69738', '储能关键技术', '软件著作权', '北方储能工程技术中心', '2020-05-07', '', '2026-06-15T12:00:00+00:00', '2026-06-15T12:00:00+00:00');
INSERT INTO org_output (org_id, name, form, author, publish_date, attachment, created_at, updated_at) VALUES ('ORG_S_b84e18188fa69738', '新能源关键技术', '专利', '北方储能工程技术中心', '2023-12-27', '', '2026-06-15T12:00:00+00:00', '2026-06-15T12:00:00+00:00');
INSERT INTO org_output (org_id, name, form, author, publish_date, attachment, created_at, updated_at) VALUES ('ORG_S_b84e18188fa69738', '脑机接口标准', '软件著作权', '北方储能工程技术中心', '2023-05-01', '', '2026-06-15T12:00:00+00:00', '2026-06-15T12:00:00+00:00');
INSERT INTO org_team (org_id, top_talents, award_winners, team_size, talent_type, created_at, updated_at) VALUES ('ORG_S_b84e18188fa69738', '["黄桂英艳院士"]'::json, '["陈瑞杰", "孙杰", "梁军"]'::json, 1000, '工程团队', '2026-06-15T12:00:00+00:00', '2026-06-15T12:00:00+00:00');
INSERT INTO org_facility (org_id, name, purpose, experiment_status, launch_date, construction_cost_wan_usd, created_at, updated_at) VALUES ('ORG_S_b84e18188fa69738', '新能源实验平台', '开展脑机接口关键实验', '运行中', '2020-12-26', 2000, '2026-06-15T12:00:00+00:00', '2026-06-15T12:00:00+00:00');
INSERT INTO org_facility (org_id, name, purpose, experiment_status, launch_date, construction_cost_wan_usd, created_at, updated_at) VALUES ('ORG_S_b84e18188fa69738', '新能源实验平台', '开展脑机接口关键实验', '运行中', '2023-04-17', 2000, '2026-06-15T12:00:00+00:00', '2026-06-15T12:00:00+00:00');
INSERT INTO entity_change_log (entity_id, entity_type, field, old_value, new_value, method, operator, source_doc_id, reason, changed_at) VALUES ('ORG_S_b84e18188fa69738', 'org', '*', NULL, '{"action": "create"}'::json, 'rule', NULL, 'mock_seed', NULL, '2026-06-15T12:00:00+00:00');
INSERT INTO org_profile (org_id, name_cn, name_en, name_other, country, founded_date, dissolved_date, operating_years, website, summary, org_types, nature, function, scale, tech_domains, predecessor_names, departments, strategic_plans, evaluation_report, new_key_projects, remark, confidence, completeness, created_at, updated_at) VALUES ('ORG_S_1d83736d24537438', '国航宇股份', 'Org-096', '[]'::json, '韩国', '1969-01-09', NULL, 57, 'www.org-096.example.com', '国航宇股份是聚焦机器人、航空航天、人工智能等领域的抽象机构，致力于前沿技术研发与成果转化。', '["试验鉴定机构"]'::json, '抽象机构', '技术开发', 500, '["机器人", "航空航天", "人工智能", "无人机", "6G通信"]'::json, '[]'::json, '国航宇股份下设基础研究部、应用工程部、国际合作部', '["2021-2025五年发展规划", "2026-2030五年发展规划"]'::json, '国航宇股份在航空航天领域处于国内领先水平。', '["深海潜水器"]'::json, '', 0.962, 0.681, '2026-06-15T12:00:00+00:00', '2026-06-15T12:00:00+00:00');
INSERT INTO org_history (org_id, change_date, change_description, created_at, updated_at) VALUES ('ORG_S_1d83736d24537438', '2011-01-10', '成立6G通信研究中心', '2026-06-15T12:00:00+00:00', '2026-06-15T12:00:00+00:00');
INSERT INTO org_history (org_id, change_date, change_description, created_at, updated_at) VALUES ('ORG_S_1d83736d24537438', '2020-10-23', '完成股份制改革', '2026-06-15T12:00:00+00:00', '2026-06-15T12:00:00+00:00');
INSERT INTO org_history (org_id, change_date, change_description, created_at, updated_at) VALUES ('ORG_S_1d83736d24537438', '2020-09-17', '获批国家重点实验室', '2026-06-15T12:00:00+00:00', '2026-06-15T12:00:00+00:00');
INSERT INTO org_award (org_id, description, name, reason, award_date, level, award_type, created_at, updated_at) VALUES ('ORG_S_1d83736d24537438', '', '行业金奖', '在机器人取得突破', '2024-12-08', '行业级', '创新', '2026-06-15T12:00:00+00:00', '2026-06-15T12:00:00+00:00');
INSERT INTO org_award (org_id, description, name, reason, award_date, level, award_type, created_at, updated_at) VALUES ('ORG_S_1d83736d24537438', '', '省部级一等奖', '在无人机取得突破', '2022-04-04', '省部级', '工程', '2026-06-15T12:00:00+00:00', '2026-06-15T12:00:00+00:00');
INSERT INTO org_award (org_id, description, name, reason, award_date, level, award_type, created_at, updated_at) VALUES ('ORG_S_1d83736d24537438', '', '省部级一等奖', '在机器人取得突破', '2023-05-26', '行业级', '科技', '2026-06-15T12:00:00+00:00', '2026-06-15T12:00:00+00:00');
INSERT INTO org_output (org_id, name, form, author, publish_date, attachment, created_at, updated_at) VALUES ('ORG_S_1d83736d24537438', '机器人关键技术', '论文', '国航宇股份', '2018-07-18', '', '2026-06-15T12:00:00+00:00', '2026-06-15T12:00:00+00:00');
INSERT INTO org_output (org_id, name, form, author, publish_date, attachment, created_at, updated_at) VALUES ('ORG_S_1d83736d24537438', '无人机关键技术', '标准', '国航宇股份', '2021-01-27', '', '2026-06-15T12:00:00+00:00', '2026-06-15T12:00:00+00:00');
INSERT INTO org_team (org_id, top_talents, award_winners, team_size, talent_type, created_at, updated_at) VALUES ('ORG_S_1d83736d24537438', '["黄雪松涛院士"]'::json, '["徐宁"]'::json, 1000, '工程团队', '2026-06-15T12:00:00+00:00', '2026-06-15T12:00:00+00:00');
INSERT INTO org_facility (org_id, name, purpose, experiment_status, launch_date, construction_cost_wan_usd, created_at, updated_at) VALUES ('ORG_S_1d83736d24537438', '人工智能实验平台', '开展航空航天关键实验', '在建', '2023-12-02', 8000, '2026-06-15T12:00:00+00:00', '2026-06-15T12:00:00+00:00');
INSERT INTO entity_change_log (entity_id, entity_type, field, old_value, new_value, method, operator, source_doc_id, reason, changed_at) VALUES ('ORG_S_1d83736d24537438', 'org', '*', NULL, '{"action": "create"}'::json, 'rule', NULL, 'mock_seed', NULL, '2026-06-15T12:00:00+00:00');
INSERT INTO org_profile (org_id, name_cn, name_en, name_other, country, founded_date, dissolved_date, operating_years, website, summary, org_types, nature, function, scale, tech_domains, predecessor_names, departments, strategic_plans, evaluation_report, new_key_projects, remark, confidence, completeness, created_at, updated_at) VALUES ('ORG_S_e7c473fc3578a55f', '国生医工程技术中心', 'Org-097', '[]'::json, '日本', '2003-12-21', NULL, 23, 'www.org-097.example.com', '国生医工程技术中心是聚焦基因编辑、人工智能、新能源等领域的实体机构，致力于前沿技术研发与成果转化。', '["企业"]'::json, '实体机构', '基础研究', 3000, '["基因编辑", "人工智能", "新能源", "大模型", "量子计算"]'::json, '[]'::json, '国生医工程技术中心下设基础研究部、应用工程部、国际合作部', '["2021-2025五年发展规划", "2026-2030五年发展规划"]'::json, '国生医工程技术中心在人工智能领域处于国内领先水平。', '["神经网络芯片", "自动驾驶域控制器"]'::json, '', 0.768, 0.565, '2026-06-15T12:00:00+00:00', '2026-06-15T12:00:00+00:00');
INSERT INTO org_history (org_id, change_date, change_description, created_at, updated_at) VALUES ('ORG_S_e7c473fc3578a55f', '2022-05-27', '成立基因编辑研究中心', '2026-06-15T12:00:00+00:00', '2026-06-15T12:00:00+00:00');
INSERT INTO org_history (org_id, change_date, change_description, created_at, updated_at) VALUES ('ORG_S_e7c473fc3578a55f', '2014-12-17', '完成股份制改革', '2026-06-15T12:00:00+00:00', '2026-06-15T12:00:00+00:00');
INSERT INTO org_history (org_id, change_date, change_description, created_at, updated_at) VALUES ('ORG_S_e7c473fc3578a55f', '2017-01-09', '获批国家重点实验室', '2026-06-15T12:00:00+00:00', '2026-06-15T12:00:00+00:00');
INSERT INTO org_award (org_id, description, name, reason, award_date, level, award_type, created_at, updated_at) VALUES ('ORG_S_e7c473fc3578a55f', '', '省部级一等奖', '在基因编辑取得突破', '2015-09-14', '省部级', '创新', '2026-06-15T12:00:00+00:00', '2026-06-15T12:00:00+00:00');
INSERT INTO org_output (org_id, name, form, author, publish_date, attachment, created_at, updated_at) VALUES ('ORG_S_e7c473fc3578a55f', '量子计算关键技术', '专利', '国生医工程技术中心', '2021-06-15', '', '2026-06-15T12:00:00+00:00', '2026-06-15T12:00:00+00:00');
INSERT INTO org_output (org_id, name, form, author, publish_date, attachment, created_at, updated_at) VALUES ('ORG_S_e7c473fc3578a55f', '人工智能关键技术', '专利', '国生医工程技术中心', '2018-03-18', '', '2026-06-15T12:00:00+00:00', '2026-06-15T12:00:00+00:00');
INSERT INTO org_output (org_id, name, form, author, publish_date, attachment, created_at, updated_at) VALUES ('ORG_S_e7c473fc3578a55f', '量子计算关键技术', '标准', '国生医工程技术中心', '2020-08-05', '', '2026-06-15T12:00:00+00:00', '2026-06-15T12:00:00+00:00');
INSERT INTO org_output (org_id, name, form, author, publish_date, attachment, created_at, updated_at) VALUES ('ORG_S_e7c473fc3578a55f', '大模型关键技术', '标准', '国生医工程技术中心', '2021-01-17', '', '2026-06-15T12:00:00+00:00', '2026-06-15T12:00:00+00:00');
INSERT INTO org_team (org_id, top_talents, award_winners, team_size, talent_type, created_at, updated_at) VALUES ('ORG_S_e7c473fc3578a55f', '["李刚文博院士", "黄志强院士"]'::json, '["曹霞平"]'::json, 200, '研发团队', '2026-06-15T12:00:00+00:00', '2026-06-15T12:00:00+00:00');
INSERT INTO org_facility (org_id, name, purpose, experiment_status, launch_date, construction_cost_wan_usd, created_at, updated_at) VALUES ('ORG_S_e7c473fc3578a55f', '量子计算实验平台', '开展新能源关键实验', '调试', '2024-02-25', 8000, '2026-06-15T12:00:00+00:00', '2026-06-15T12:00:00+00:00');
INSERT INTO entity_change_log (entity_id, entity_type, field, old_value, new_value, method, operator, source_doc_id, reason, changed_at) VALUES ('ORG_S_e7c473fc3578a55f', 'org', '*', NULL, '{"action": "create"}'::json, 'rule', NULL, 'mock_seed', NULL, '2026-06-15T12:00:00+00:00');
INSERT INTO org_profile (org_id, name_cn, name_en, name_other, country, founded_date, dissolved_date, operating_years, website, summary, org_types, nature, function, scale, tech_domains, predecessor_names, departments, strategic_plans, evaluation_report, new_key_projects, remark, confidence, completeness, created_at, updated_at) VALUES ('ORG_S_f35d1179eaf92e29', '中未来科技', 'Org-098', '[]'::json, '韩国', '1980-12-11', NULL, 46, 'www.org-098.example.com', '中未来科技是聚焦5G通信、航空航天、集成电路等领域的抽象机构，致力于前沿技术研发与成果转化。', '["其他"]'::json, '抽象机构', '基础研究', 500, '["5G通信", "航空航天", "集成电路"]'::json, '[]'::json, '中未来科技下设基础研究部、应用工程部、国际合作部', '["2021-2025五年发展规划", "2026-2030五年发展规划"]'::json, '中未来科技在航空航天领域处于国内领先水平。', '["类脑计算架构", "钙钛矿太阳能电池", "神经网络芯片"]'::json, '', 0.803, 0.692, '2026-06-15T12:00:00+00:00', '2026-06-15T12:00:00+00:00');
INSERT INTO org_history (org_id, change_date, change_description, created_at, updated_at) VALUES ('ORG_S_f35d1179eaf92e29', '2014-12-04', '成立集成电路研究中心', '2026-06-15T12:00:00+00:00', '2026-06-15T12:00:00+00:00');
INSERT INTO org_history (org_id, change_date, change_description, created_at, updated_at) VALUES ('ORG_S_f35d1179eaf92e29', '2020-12-03', '完成股份制改革', '2026-06-15T12:00:00+00:00', '2026-06-15T12:00:00+00:00');
INSERT INTO org_history (org_id, change_date, change_description, created_at, updated_at) VALUES ('ORG_S_f35d1179eaf92e29', '2018-07-14', '获批国家重点实验室', '2026-06-15T12:00:00+00:00', '2026-06-15T12:00:00+00:00');
INSERT INTO org_award (org_id, description, name, reason, award_date, level, award_type, created_at, updated_at) VALUES ('ORG_S_f35d1179eaf92e29', '', '国家科技进步奖', '在5G通信取得突破', '2015-12-23', '行业级', '创新', '2026-06-15T12:00:00+00:00', '2026-06-15T12:00:00+00:00');
INSERT INTO org_award (org_id, description, name, reason, award_date, level, award_type, created_at, updated_at) VALUES ('ORG_S_f35d1179eaf92e29', '', '行业金奖', '在集成电路取得突破', '2017-01-19', '省部级', '科技', '2026-06-15T12:00:00+00:00', '2026-06-15T12:00:00+00:00');
INSERT INTO org_award (org_id, description, name, reason, award_date, level, award_type, created_at, updated_at) VALUES ('ORG_S_f35d1179eaf92e29', '', '省部级一等奖', '在5G通信取得突破', '2021-03-22', '省部级', '科技', '2026-06-15T12:00:00+00:00', '2026-06-15T12:00:00+00:00');
INSERT INTO org_output (org_id, name, form, author, publish_date, attachment, created_at, updated_at) VALUES ('ORG_S_f35d1179eaf92e29', '集成电路关键技术', '专利', '中未来科技', '2021-10-16', '', '2026-06-15T12:00:00+00:00', '2026-06-15T12:00:00+00:00');
INSERT INTO org_output (org_id, name, form, author, publish_date, attachment, created_at, updated_at) VALUES ('ORG_S_f35d1179eaf92e29', '航空航天系统', '软件著作权', '中未来科技', '2019-10-17', '', '2026-06-15T12:00:00+00:00', '2026-06-15T12:00:00+00:00');
INSERT INTO org_team (org_id, top_talents, award_winners, team_size, talent_type, created_at, updated_at) VALUES ('ORG_S_f35d1179eaf92e29', '["周娟院士"]'::json, '["曹峰刚", "郑婷霞"]'::json, 1000, '战略科学家团队', '2026-06-15T12:00:00+00:00', '2026-06-15T12:00:00+00:00');
INSERT INTO org_facility (org_id, name, purpose, experiment_status, launch_date, construction_cost_wan_usd, created_at, updated_at) VALUES ('ORG_S_f35d1179eaf92e29', '航空航天实验平台', '开展航空航天关键实验', '调试', '2019-10-13', 2000, '2026-06-15T12:00:00+00:00', '2026-06-15T12:00:00+00:00');
INSERT INTO entity_change_log (entity_id, entity_type, field, old_value, new_value, method, operator, source_doc_id, reason, changed_at) VALUES ('ORG_S_f35d1179eaf92e29', 'org', '*', NULL, '{"action": "create"}'::json, 'rule', NULL, 'mock_seed', NULL, '2026-06-15T12:00:00+00:00');
INSERT INTO org_profile (org_id, name_cn, name_en, name_other, country, founded_date, dissolved_date, operating_years, website, summary, org_types, nature, function, scale, tech_domains, predecessor_names, departments, strategic_plans, evaluation_report, new_key_projects, remark, confidence, completeness, created_at, updated_at) VALUES ('ORG_S_a45b148b09f63cf2', '远未来实验室', 'Org-099', '[]'::json, '以色列', '1977-04-04', NULL, 49, 'www.org-099.example.com', '远未来实验室是聚焦无人机、机器人等领域的实体机构，致力于前沿技术研发与成果转化。', '["科研机构"]'::json, '实体机构', '人才培养', 1000, '["无人机", "机器人"]'::json, '[]'::json, '远未来实验室下设基础研究部、应用工程部、国际合作部', '["2021-2025五年发展规划", "2026-2030五年发展规划"]'::json, '远未来实验室在无人机领域处于国内领先水平。', '["类脑计算架构", "固态电池"]'::json, '', 0.755, 0.909, '2026-06-15T12:00:00+00:00', '2026-06-15T12:00:00+00:00');
INSERT INTO org_history (org_id, change_date, change_description, created_at, updated_at) VALUES ('ORG_S_a45b148b09f63cf2', '2015-10-20', '成立机器人研究中心', '2026-06-15T12:00:00+00:00', '2026-06-15T12:00:00+00:00');
INSERT INTO org_history (org_id, change_date, change_description, created_at, updated_at) VALUES ('ORG_S_a45b148b09f63cf2', '2010-10-25', '完成股份制改革', '2026-06-15T12:00:00+00:00', '2026-06-15T12:00:00+00:00');
INSERT INTO org_history (org_id, change_date, change_description, created_at, updated_at) VALUES ('ORG_S_a45b148b09f63cf2', '2017-12-11', '获批国家重点实验室', '2026-06-15T12:00:00+00:00', '2026-06-15T12:00:00+00:00');
INSERT INTO org_award (org_id, description, name, reason, award_date, level, award_type, created_at, updated_at) VALUES ('ORG_S_a45b148b09f63cf2', '', '国家科技进步奖', '在无人机取得突破', '2021-06-04', '行业级', '科技', '2026-06-15T12:00:00+00:00', '2026-06-15T12:00:00+00:00');
INSERT INTO org_output (org_id, name, form, author, publish_date, attachment, created_at, updated_at) VALUES ('ORG_S_a45b148b09f63cf2', '无人机关键技术', '专利', '远未来实验室', '2021-01-25', '', '2026-06-15T12:00:00+00:00', '2026-06-15T12:00:00+00:00');
INSERT INTO org_output (org_id, name, form, author, publish_date, attachment, created_at, updated_at) VALUES ('ORG_S_a45b148b09f63cf2', '机器人系统', '软件著作权', '远未来实验室', '2021-01-20', '', '2026-06-15T12:00:00+00:00', '2026-06-15T12:00:00+00:00');
INSERT INTO org_output (org_id, name, form, author, publish_date, attachment, created_at, updated_at) VALUES ('ORG_S_a45b148b09f63cf2', '无人机系统', '软件著作权', '远未来实验室', '2019-10-02', '', '2026-06-15T12:00:00+00:00', '2026-06-15T12:00:00+00:00');
INSERT INTO org_output (org_id, name, form, author, publish_date, attachment, created_at, updated_at) VALUES ('ORG_S_a45b148b09f63cf2', '机器人标准', '软件著作权', '远未来实验室', '2018-03-14', '', '2026-06-15T12:00:00+00:00', '2026-06-15T12:00:00+00:00');
INSERT INTO org_team (org_id, top_talents, award_winners, team_size, talent_type, created_at, updated_at) VALUES ('ORG_S_a45b148b09f63cf2', '["宋晓东磊院士"]'::json, '["曹洋", "刘伟"]'::json, 200, '工程团队', '2026-06-15T12:00:00+00:00', '2026-06-15T12:00:00+00:00');
INSERT INTO org_facility (org_id, name, purpose, experiment_status, launch_date, construction_cost_wan_usd, created_at, updated_at) VALUES ('ORG_S_a45b148b09f63cf2', '机器人实验平台', '开展机器人关键实验', '调试', '2020-05-14', 2000, '2026-06-15T12:00:00+00:00', '2026-06-15T12:00:00+00:00');
INSERT INTO entity_change_log (entity_id, entity_type, field, old_value, new_value, method, operator, source_doc_id, reason, changed_at) VALUES ('ORG_S_a45b148b09f63cf2', 'org', '*', NULL, '{"action": "create"}'::json, 'rule', NULL, 'mock_seed', NULL, '2026-06-15T12:00:00+00:00');

-- ── 人员 ──
INSERT INTO person_profile (person_id, name_cn, name_en, gender, avatar, nationality, summary, birth_date, age, birthplace, ethnicity, current_residence, current_org, current_enterprise, current_military_unit, current_position, highest_degree, person_category, professional_domains, professional_skills, social_media, personality_traits, hobbies, management_philosophy, remark, confidence, completeness, created_at, updated_at) VALUES ('PERSON_S_705820fda5031b3b', '赵昊洋', 'Expert_Mfuzah', '女', '[]'::json, '中国', '赵昊洋，研究，主要从事量子计算、人工智能研究，现任东方未来研究院高级工程师。', '1995-04-04', 31, '成都', '汉族', '上海', '东方未来研究院', NULL, NULL, '["总工程师"]'::json, '硕士', '其他', '["量子计算", "人工智能", "储能", "6G通信"]'::json, '["数据分析", "系统架构"]'::json, '', '["创新", "坚韧"]'::json, '["运动"]'::json, '["产学研结合", "以问题为导向"]'::json, '[]'::json, 0.876, 0.666, '2026-06-15T12:00:00+00:00', '2026-06-15T12:00:00+00:00');
INSERT INTO person_education (person_id, start_date, degree_date, degree, school, major, created_at, updated_at) VALUES ('PERSON_S_705820fda5031b3b', '1995-12-28', '2017-09-27', '博士', '中国科学技术大学', '量子计算', '2026-06-15T12:00:00+00:00', '2026-06-15T12:00:00+00:00');
INSERT INTO person_career (person_id, start_date, end_date, org, enterprise, military_unit, position, created_at, updated_at) VALUES ('PERSON_S_705820fda5031b3b', '2015-11-10', NULL, '东方未来研究院', NULL, NULL, '高级工程师', '2026-06-15T12:00:00+00:00', '2026-06-15T12:00:00+00:00');
INSERT INTO person_award (person_id, description, created_at, updated_at) VALUES ('PERSON_S_705820fda5031b3b', '2018年获省部级奖励', '2026-06-15T12:00:00+00:00', '2026-06-15T12:00:00+00:00');
INSERT INTO person_academic_output (person_id, name, form, publish_date, rank, tech_domain, collaborators, citations, is_representative, created_at, updated_at) VALUES ('PERSON_S_705820fda5031b3b', '关于6G通信的综述', '论文', '2023-08-27', '第三作者', '量子计算', '["许涛"]'::json, 51, TRUE, '2026-06-15T12:00:00+00:00', '2026-06-15T12:00:00+00:00');
INSERT INTO person_academic_output (person_id, name, form, publish_date, rank, tech_domain, collaborators, citations, is_representative, created_at, updated_at) VALUES ('PERSON_S_705820fda5031b3b', '关于6G通信的综述', '论文', '2022-08-10', '独著', '量子计算', '["徐勇", "黄建华艳"]'::json, 59, TRUE, '2026-06-15T12:00:00+00:00', '2026-06-15T12:00:00+00:00');
INSERT INTO person_academic_output (person_id, name, form, publish_date, rank, tech_domain, collaborators, citations, is_representative, created_at, updated_at) VALUES ('PERSON_S_705820fda5031b3b', '关于量子计算的综述', '专著', '2022-05-26', '第二作者', '6G通信', '["李昊", "马平"]'::json, 199, TRUE, '2026-06-15T12:00:00+00:00', '2026-06-15T12:00:00+00:00');
INSERT INTO person_academic_output (person_id, name, form, publish_date, rank, tech_domain, collaborators, citations, is_representative, created_at, updated_at) VALUES ('PERSON_S_705820fda5031b3b', '关于6G通信的研究', '论文', '2024-07-13', '第二作者', '人工智能', '["郑晓东斌", "张涛"]'::json, 248, TRUE, '2026-06-15T12:00:00+00:00', '2026-06-15T12:00:00+00:00');
INSERT INTO person_focus (person_id, focus_type, content, consistency_with_policy, potential_impact, created_at, updated_at) VALUES ('PERSON_S_705820fda5031b3b', 'tech', '["人工智能前沿方向"]'::json, '符合国家科技创新规划', '["推动产业升级", "形成自主知识产权"]'::json, '2026-06-15T12:00:00+00:00', '2026-06-15T12:00:00+00:00');
INSERT INTO entity_change_log (entity_id, entity_type, field, old_value, new_value, method, operator, source_doc_id, reason, changed_at) VALUES ('PERSON_S_705820fda5031b3b', 'person', '*', NULL, '{"action": "create"}'::json, 'rule', NULL, 'mock_seed', NULL, '2026-06-15T12:00:00+00:00');
INSERT INTO person_profile (person_id, name_cn, name_en, gender, avatar, nationality, summary, birth_date, age, birthplace, ethnicity, current_residence, current_org, current_enterprise, current_military_unit, current_position, highest_degree, person_category, professional_domains, professional_skills, social_media, personality_traits, hobbies, management_philosophy, remark, confidence, completeness, created_at, updated_at) VALUES ('PERSON_S_c96c82d4cf1c31ac', '朱宁', 'Expert_Npdcjx', '男', '[]'::json, '中国', '朱宁，管理，主要从事无人机研究，现任新基因高科副教授。', '1993-05-16', 33, '武汉', '汉族', '北京', '新基因高科', NULL, NULL, '["高级工程师"]'::json, '博士', '管理', '["无人机"]'::json, '["工程化", "算法设计"]'::json, '', '["严谨", "务实", "创新"]'::json, '["旅行", "阅读"]'::json, '["产学研结合", "以问题为导向"]'::json, '[]'::json, 0.756, 0.731, '2026-06-15T12:00:00+00:00', '2026-06-15T12:00:00+00:00');
INSERT INTO person_education (person_id, start_date, degree_date, degree, school, major, created_at, updated_at) VALUES ('PERSON_S_c96c82d4cf1c31ac', '1991-03-12', '2013-08-18', '博士', '浙江大学', '人工智能', '2026-06-15T12:00:00+00:00', '2026-06-15T12:00:00+00:00');
INSERT INTO person_career (person_id, start_date, end_date, org, enterprise, military_unit, position, created_at, updated_at) VALUES ('PERSON_S_c96c82d4cf1c31ac', '2008-07-08', NULL, '新基因高科', NULL, NULL, '教授', '2026-06-15T12:00:00+00:00', '2026-06-15T12:00:00+00:00');
INSERT INTO person_award (person_id, description, created_at, updated_at) VALUES ('PERSON_S_c96c82d4cf1c31ac', '2020年获学会优秀论文', '2026-06-15T12:00:00+00:00', '2026-06-15T12:00:00+00:00');
INSERT INTO person_academic_output (person_id, name, form, publish_date, rank, tech_domain, collaborators, citations, is_representative, created_at, updated_at) VALUES ('PERSON_S_c96c82d4cf1c31ac', '关于无人机的综述', '汇报文稿', '2020-01-05', '第二作者', '无人机', '["吴斌", "曹超"]'::json, 660, TRUE, '2026-06-15T12:00:00+00:00', '2026-06-15T12:00:00+00:00');
INSERT INTO person_academic_output (person_id, name, form, publish_date, rank, tech_domain, collaborators, citations, is_representative, created_at, updated_at) VALUES ('PERSON_S_c96c82d4cf1c31ac', '关于无人机的研究', '专著', '2018-04-26', '第三作者', '无人机', '["王志强", "梁志强俊杰", "宋宇航峰"]'::json, 625, TRUE, '2026-06-15T12:00:00+00:00', '2026-06-15T12:00:00+00:00');
INSERT INTO person_focus (person_id, focus_type, content, consistency_with_policy, potential_impact, created_at, updated_at) VALUES ('PERSON_S_c96c82d4cf1c31ac', 'tech', '["无人机前沿方向"]'::json, '符合国家科技创新规划', '["推动产业升级", "形成自主知识产权"]'::json, '2026-06-15T12:00:00+00:00', '2026-06-15T12:00:00+00:00');
INSERT INTO entity_change_log (entity_id, entity_type, field, old_value, new_value, method, operator, source_doc_id, reason, changed_at) VALUES ('PERSON_S_c96c82d4cf1c31ac', 'person', '*', NULL, '{"action": "create"}'::json, 'rule', NULL, 'mock_seed', NULL, '2026-06-15T12:00:00+00:00');
INSERT INTO person_profile (person_id, name_cn, name_en, gender, avatar, nationality, summary, birth_date, age, birthplace, ethnicity, current_residence, current_org, current_enterprise, current_military_unit, current_position, highest_degree, person_category, professional_domains, professional_skills, social_media, personality_traits, hobbies, management_philosophy, remark, confidence, completeness, created_at, updated_at) VALUES ('PERSON_S_05eacc6ab92f0920', '唐宇航桂英', 'Expert_Bboxzg', '男', '[]'::json, '中国', '唐宇航桂英，其他，主要从事大模型、新材料研究，现任航天先进实验室首席科学家。', '1960-11-26', 66, '哈尔滨', '汉族', '深圳', '航天先进实验室', NULL, NULL, '["副教授"]'::json, '博士', '管理', '["大模型", "新材料", "卫星互联网", "增材制造"]'::json, '["实验验证", "算法设计", "工程化"]'::json, '', '["严谨"]'::json, '["运动"]'::json, '["产学研结合", "以问题为导向"]'::json, '[]'::json, 0.823, 0.917, '2026-06-15T12:00:00+00:00', '2026-06-15T12:00:00+00:00');
INSERT INTO person_education (person_id, start_date, degree_date, degree, school, major, created_at, updated_at) VALUES ('PERSON_S_05eacc6ab92f0920', '1998-06-03', '2003-01-06', '博士', '中国科学技术大学', '大模型', '2026-06-15T12:00:00+00:00', '2026-06-15T12:00:00+00:00');
INSERT INTO person_career (person_id, start_date, end_date, org, enterprise, military_unit, position, created_at, updated_at) VALUES ('PERSON_S_05eacc6ab92f0920', '2015-05-28', NULL, '航天先进实验室', NULL, NULL, '副教授', '2026-06-15T12:00:00+00:00', '2026-06-15T12:00:00+00:00');
INSERT INTO person_award (person_id, description, created_at, updated_at) VALUES ('PERSON_S_05eacc6ab92f0920', '2019年获国家自然科学奖', '2026-06-15T12:00:00+00:00', '2026-06-15T12:00:00+00:00');
INSERT INTO person_academic_output (person_id, name, form, publish_date, rank, tech_domain, collaborators, citations, is_representative, created_at, updated_at) VALUES ('PERSON_S_05eacc6ab92f0920', '关于增材制造的研究', '专利', '2022-01-28', '其他', '大模型', '["王明杰", "陈斌建华"]'::json, 106, TRUE, '2026-06-15T12:00:00+00:00', '2026-06-15T12:00:00+00:00');
INSERT INTO person_academic_output (person_id, name, form, publish_date, rank, tech_domain, collaborators, citations, is_representative, created_at, updated_at) VALUES ('PERSON_S_05eacc6ab92f0920', '关于增材制造的综述', '专著', '2018-04-26', '第一作者', '卫星互联网', '["刘昊", "宋杰"]'::json, 327, TRUE, '2026-06-15T12:00:00+00:00', '2026-06-15T12:00:00+00:00');
INSERT INTO person_academic_output (person_id, name, form, publish_date, rank, tech_domain, collaborators, citations, is_representative, created_at, updated_at) VALUES ('PERSON_S_05eacc6ab92f0920', '关于卫星互联网的方法', '专利', '2023-05-16', '独著', '卫星互联网', '["林昊海燕", "王斌俊杰"]'::json, 130, TRUE, '2026-06-15T12:00:00+00:00', '2026-06-15T12:00:00+00:00');
INSERT INTO person_academic_output (person_id, name, form, publish_date, rank, tech_domain, collaborators, citations, is_representative, created_at, updated_at) VALUES ('PERSON_S_05eacc6ab92f0920', '关于增材制造的研究', '专著', '2018-05-08', '第三作者', '卫星互联网', '["杨娟", "林磊", "彭俊杰"]'::json, 277, TRUE, '2026-06-15T12:00:00+00:00', '2026-06-15T12:00:00+00:00');
INSERT INTO person_focus (person_id, focus_type, content, consistency_with_policy, potential_impact, created_at, updated_at) VALUES ('PERSON_S_05eacc6ab92f0920', 'tech', '["新材料前沿方向"]'::json, '符合国家科技创新规划', '["推动产业升级", "形成自主知识产权"]'::json, '2026-06-15T12:00:00+00:00', '2026-06-15T12:00:00+00:00');
INSERT INTO entity_change_log (entity_id, entity_type, field, old_value, new_value, method, operator, source_doc_id, reason, changed_at) VALUES ('PERSON_S_05eacc6ab92f0920', 'person', '*', NULL, '{"action": "create"}'::json, 'rule', NULL, 'mock_seed', NULL, '2026-06-15T12:00:00+00:00');
INSERT INTO person_profile (person_id, name_cn, name_en, gender, avatar, nationality, summary, birth_date, age, birthplace, ethnicity, current_residence, current_org, current_enterprise, current_military_unit, current_position, highest_degree, person_category, professional_domains, professional_skills, social_media, personality_traits, hobbies, management_philosophy, remark, confidence, completeness, created_at, updated_at) VALUES ('PERSON_S_4ee72ac1727589a2', '马文博', 'Expert_Svswmg', '女', '[]'::json, '中国', '马文博，其他，主要从事基因编辑、大模型研究，现任中科微纳股份研究员。', '1989-10-21', 37, '成都', '汉族', '北京', '中科微纳股份', NULL, NULL, '["教授"]'::json, '博士', '研究', '["基因编辑", "大模型"]'::json, '["算法设计", "项目管理", "工程化", "数据分析"]'::json, '', '["坚韧"]'::json, '["运动", "阅读"]'::json, '["产学研结合", "以问题为导向"]'::json, '[]'::json, 0.978, 0.869, '2026-06-15T12:00:00+00:00', '2026-06-15T12:00:00+00:00');
INSERT INTO person_education (person_id, start_date, degree_date, degree, school, major, created_at, updated_at) VALUES ('PERSON_S_4ee72ac1727589a2', '1993-12-17', '2002-03-07', '硕士', '哈尔滨工业大学', '量子计算', '2026-06-15T12:00:00+00:00', '2026-06-15T12:00:00+00:00');
INSERT INTO person_career (person_id, start_date, end_date, org, enterprise, military_unit, position, created_at, updated_at) VALUES ('PERSON_S_4ee72ac1727589a2', '2007-08-05', NULL, '中科微纳股份', NULL, NULL, '副教授', '2026-06-15T12:00:00+00:00', '2026-06-15T12:00:00+00:00');
INSERT INTO person_award (person_id, description, created_at, updated_at) VALUES ('PERSON_S_4ee72ac1727589a2', '2022年获学会优秀论文', '2026-06-15T12:00:00+00:00', '2026-06-15T12:00:00+00:00');
INSERT INTO person_academic_output (person_id, name, form, publish_date, rank, tech_domain, collaborators, citations, is_representative, created_at, updated_at) VALUES ('PERSON_S_4ee72ac1727589a2', '关于大模型的研究', '专利', '2019-04-22', '独著', '大模型', '["何明文博", "曹明", "韩艳"]'::json, 735, TRUE, '2026-06-15T12:00:00+00:00', '2026-06-15T12:00:00+00:00');
INSERT INTO person_academic_output (person_id, name, form, publish_date, rank, tech_domain, collaborators, citations, is_representative, created_at, updated_at) VALUES ('PERSON_S_4ee72ac1727589a2', '关于基因编辑的方法', '专著', '2023-06-02', '其他', '基因编辑', '["郭刚", "刘军"]'::json, 62, TRUE, '2026-06-15T12:00:00+00:00', '2026-06-15T12:00:00+00:00');
INSERT INTO person_academic_output (person_id, name, form, publish_date, rank, tech_domain, collaborators, citations, is_representative, created_at, updated_at) VALUES ('PERSON_S_4ee72ac1727589a2', '关于大模型的研究', '论文', '2020-03-27', '独著', '大模型', '["郑志强霞"]'::json, 320, TRUE, '2026-06-15T12:00:00+00:00', '2026-06-15T12:00:00+00:00');
INSERT INTO person_focus (person_id, focus_type, content, consistency_with_policy, potential_impact, created_at, updated_at) VALUES ('PERSON_S_4ee72ac1727589a2', 'tech', '["基因编辑前沿方向"]'::json, '符合国家科技创新规划', '["推动产业升级", "形成自主知识产权"]'::json, '2026-06-15T12:00:00+00:00', '2026-06-15T12:00:00+00:00');
INSERT INTO entity_change_log (entity_id, entity_type, field, old_value, new_value, method, operator, source_doc_id, reason, changed_at) VALUES ('PERSON_S_4ee72ac1727589a2', 'person', '*', NULL, '{"action": "create"}'::json, 'rule', NULL, 'mock_seed', NULL, '2026-06-15T12:00:00+00:00');
INSERT INTO person_profile (person_id, name_cn, name_en, gender, avatar, nationality, summary, birth_date, age, birthplace, ethnicity, current_residence, current_org, current_enterprise, current_military_unit, current_position, highest_degree, person_category, professional_domains, professional_skills, social_media, personality_traits, hobbies, management_philosophy, remark, confidence, completeness, created_at, updated_at) VALUES ('PERSON_S_a91191a4a7e25c27', '曹杰志强', 'Expert_Oltere', '男', '[]'::json, '中国', '曹杰志强，研究，主要从事量子计算研究，现任东方先进高科副教授。', '1956-03-03', 70, '哈尔滨', '汉族', '杭州', '东方先进高科', NULL, NULL, '["主任"]'::json, '硕士', '研究', '["量子计算"]'::json, '["数据分析", "系统架构"]'::json, '', '["务实", "坚韧", "严谨"]'::json, '["旅行"]'::json, '["产学研结合", "以问题为导向"]'::json, '[]'::json, 0.775, 0.771, '2026-06-15T12:00:00+00:00', '2026-06-15T12:00:00+00:00');
INSERT INTO person_education (person_id, start_date, degree_date, degree, school, major, created_at, updated_at) VALUES ('PERSON_S_a91191a4a7e25c27', '1991-11-25', '2007-11-24', '硕士', '上海交通大学', '大模型', '2026-06-15T12:00:00+00:00', '2026-06-15T12:00:00+00:00');
INSERT INTO person_career (person_id, start_date, end_date, org, enterprise, military_unit, position, created_at, updated_at) VALUES ('PERSON_S_a91191a4a7e25c27', '2020-06-25', NULL, '东方先进高科', NULL, NULL, '高级工程师', '2026-06-15T12:00:00+00:00', '2026-06-15T12:00:00+00:00');
INSERT INTO person_award (person_id, description, created_at, updated_at) VALUES ('PERSON_S_a91191a4a7e25c27', '2015年获国家自然科学奖', '2026-06-15T12:00:00+00:00', '2026-06-15T12:00:00+00:00');
INSERT INTO person_academic_output (person_id, name, form, publish_date, rank, tech_domain, collaborators, citations, is_representative, created_at, updated_at) VALUES ('PERSON_S_a91191a4a7e25c27', '关于量子计算的研究', '论文', '2024-02-07', '第二作者', '量子计算', '["朱雪松"]'::json, 522, TRUE, '2026-06-15T12:00:00+00:00', '2026-06-15T12:00:00+00:00');
INSERT INTO person_academic_output (person_id, name, form, publish_date, rank, tech_domain, collaborators, citations, is_representative, created_at, updated_at) VALUES ('PERSON_S_a91191a4a7e25c27', '关于量子计算的研究', '专利', '2023-05-08', '独著', '量子计算', '["邓霞"]'::json, 599, TRUE, '2026-06-15T12:00:00+00:00', '2026-06-15T12:00:00+00:00');
INSERT INTO person_academic_output (person_id, name, form, publish_date, rank, tech_domain, collaborators, citations, is_representative, created_at, updated_at) VALUES ('PERSON_S_a91191a4a7e25c27', '关于量子计算的综述', '专利', '2022-10-27', '其他', '量子计算', '["刘文博建华", "杨婷", "张洋"]'::json, 118, TRUE, '2026-06-15T12:00:00+00:00', '2026-06-15T12:00:00+00:00');
INSERT INTO person_focus (person_id, focus_type, content, consistency_with_policy, potential_impact, created_at, updated_at) VALUES ('PERSON_S_a91191a4a7e25c27', 'tech', '["量子计算前沿方向"]'::json, '符合国家科技创新规划', '["推动产业升级", "形成自主知识产权"]'::json, '2026-06-15T12:00:00+00:00', '2026-06-15T12:00:00+00:00');
INSERT INTO entity_change_log (entity_id, entity_type, field, old_value, new_value, method, operator, source_doc_id, reason, changed_at) VALUES ('PERSON_S_a91191a4a7e25c27', 'person', '*', NULL, '{"action": "create"}'::json, 'rule', NULL, 'mock_seed', NULL, '2026-06-15T12:00:00+00:00');
INSERT INTO person_profile (person_id, name_cn, name_en, gender, avatar, nationality, summary, birth_date, age, birthplace, ethnicity, current_residence, current_org, current_enterprise, current_military_unit, current_position, highest_degree, person_category, professional_domains, professional_skills, social_media, personality_traits, hobbies, management_philosophy, remark, confidence, completeness, created_at, updated_at) VALUES ('PERSON_S_37fd4f3bfa5a9abc', '吴海燕宇航', 'Expert_Abjbdz', '女', '[]'::json, '中国', '吴海燕宇航，研究，主要从事碳捕集、增材制造研究，现任东方脑科学科技总工程师。', '1965-11-19', 61, '成都', '汉族', '北京', '东方脑科学科技', '东方脑科学科技', NULL, '["副院长"]'::json, '硕士', '其他', '["碳捕集", "增材制造", "生物医药", "航空航天"]'::json, '["工程化", "系统架构", "算法设计"]'::json, '', '["创新", "严谨"]'::json, '["运动", "阅读"]'::json, '["产学研结合", "以问题为导向"]'::json, '[]'::json, 0.872, 0.853, '2026-06-15T12:00:00+00:00', '2026-06-15T12:00:00+00:00');
INSERT INTO person_education (person_id, start_date, degree_date, degree, school, major, created_at, updated_at) VALUES ('PERSON_S_37fd4f3bfa5a9abc', '1998-06-18', '2001-09-17', '本科', '北京大学', '碳捕集', '2026-06-15T12:00:00+00:00', '2026-06-15T12:00:00+00:00');
INSERT INTO person_career (person_id, start_date, end_date, org, enterprise, military_unit, position, created_at, updated_at) VALUES ('PERSON_S_37fd4f3bfa5a9abc', '2019-03-20', NULL, '东方脑科学科技', '东方脑科学科技', NULL, '总工程师', '2026-06-15T12:00:00+00:00', '2026-06-15T12:00:00+00:00');
INSERT INTO person_award (person_id, description, created_at, updated_at) VALUES ('PERSON_S_37fd4f3bfa5a9abc', '2016年获学会优秀论文', '2026-06-15T12:00:00+00:00', '2026-06-15T12:00:00+00:00');
INSERT INTO person_academic_output (person_id, name, form, publish_date, rank, tech_domain, collaborators, citations, is_representative, created_at, updated_at) VALUES ('PERSON_S_37fd4f3bfa5a9abc', '关于碳捕集的综述', '论文', '2024-04-02', '独著', '生物医药', '["高勇雪松", "郭峰", "张明平"]'::json, 414, TRUE, '2026-06-15T12:00:00+00:00', '2026-06-15T12:00:00+00:00');
INSERT INTO person_academic_output (person_id, name, form, publish_date, rank, tech_domain, collaborators, citations, is_representative, created_at, updated_at) VALUES ('PERSON_S_37fd4f3bfa5a9abc', '关于航空航天的研究', '论文', '2021-01-02', '第三作者', '生物医药', '["赵超宇航", "宋建华军"]'::json, 218, TRUE, '2026-06-15T12:00:00+00:00', '2026-06-15T12:00:00+00:00');
INSERT INTO person_academic_output (person_id, name, form, publish_date, rank, tech_domain, collaborators, citations, is_representative, created_at, updated_at) VALUES ('PERSON_S_37fd4f3bfa5a9abc', '关于碳捕集的综述', '专著', '2022-04-14', '独著', '碳捕集', '["郑海燕平", "邓娟"]'::json, 305, TRUE, '2026-06-15T12:00:00+00:00', '2026-06-15T12:00:00+00:00');
INSERT INTO person_focus (person_id, focus_type, content, consistency_with_policy, potential_impact, created_at, updated_at) VALUES ('PERSON_S_37fd4f3bfa5a9abc', 'tech', '["航空航天前沿方向"]'::json, '符合国家科技创新规划', '["推动产业升级", "形成自主知识产权"]'::json, '2026-06-15T12:00:00+00:00', '2026-06-15T12:00:00+00:00');
INSERT INTO entity_change_log (entity_id, entity_type, field, old_value, new_value, method, operator, source_doc_id, reason, changed_at) VALUES ('PERSON_S_37fd4f3bfa5a9abc', 'person', '*', NULL, '{"action": "create"}'::json, 'rule', NULL, 'mock_seed', NULL, '2026-06-15T12:00:00+00:00');
INSERT INTO person_profile (person_id, name_cn, name_en, gender, avatar, nationality, summary, birth_date, age, birthplace, ethnicity, current_residence, current_org, current_enterprise, current_military_unit, current_position, highest_degree, person_category, professional_domains, professional_skills, social_media, personality_traits, hobbies, management_philosophy, remark, confidence, completeness, created_at, updated_at) VALUES ('PERSON_S_c45b061577c3719e', '吴明', 'Expert_Uzmffn', '女', '[]'::json, '中国', '吴明，管理，主要从事大模型、半导体研究，现任国深海科技高级工程师。', '1965-10-22', 61, '南京', '汉族', '深圳', '国深海科技', NULL, NULL, '["副教授"]'::json, '博士', '管理', '["大模型", "半导体"]'::json, '["实验验证", "项目管理", "工程化"]'::json, '', '["务实", "严谨"]'::json, '["音乐"]'::json, '["产学研结合", "以问题为导向"]'::json, '[]'::json, 0.727, 0.792, '2026-06-15T12:00:00+00:00', '2026-06-15T12:00:00+00:00');
INSERT INTO person_education (person_id, start_date, degree_date, degree, school, major, created_at, updated_at) VALUES ('PERSON_S_c45b061577c3719e', '2004-05-10', '2012-08-08', '硕士', '北京大学', '集成电路', '2026-06-15T12:00:00+00:00', '2026-06-15T12:00:00+00:00');
INSERT INTO person_career (person_id, start_date, end_date, org, enterprise, military_unit, position, created_at, updated_at) VALUES ('PERSON_S_c45b061577c3719e', '2013-08-12', NULL, '国深海科技', NULL, NULL, '副教授', '2026-06-15T12:00:00+00:00', '2026-06-15T12:00:00+00:00');
INSERT INTO person_award (person_id, description, created_at, updated_at) VALUES ('PERSON_S_c45b061577c3719e', '2022年获省部级奖励', '2026-06-15T12:00:00+00:00', '2026-06-15T12:00:00+00:00');
INSERT INTO person_academic_output (person_id, name, form, publish_date, rank, tech_domain, collaborators, citations, is_representative, created_at, updated_at) VALUES ('PERSON_S_c45b061577c3719e', '关于半导体的综述', '汇报文稿', '2018-06-08', '其他', '半导体', '["谢志强强", "黄杰海燕", "胡超"]'::json, 526, TRUE, '2026-06-15T12:00:00+00:00', '2026-06-15T12:00:00+00:00');
INSERT INTO person_academic_output (person_id, name, form, publish_date, rank, tech_domain, collaborators, citations, is_representative, created_at, updated_at) VALUES ('PERSON_S_c45b061577c3719e', '关于大模型的方法', '专利', '2024-03-22', '其他', '半导体', '["王涛", "黄艳"]'::json, 176, TRUE, '2026-06-15T12:00:00+00:00', '2026-06-15T12:00:00+00:00');
INSERT INTO person_academic_output (person_id, name, form, publish_date, rank, tech_domain, collaborators, citations, is_representative, created_at, updated_at) VALUES ('PERSON_S_c45b061577c3719e', '关于大模型的研究', '汇报文稿', '2021-04-15', '第二作者', '半导体', '["曹海燕", "彭婷", "胡洋宁"]'::json, 762, TRUE, '2026-06-15T12:00:00+00:00', '2026-06-15T12:00:00+00:00');
INSERT INTO person_focus (person_id, focus_type, content, consistency_with_policy, potential_impact, created_at, updated_at) VALUES ('PERSON_S_c45b061577c3719e', 'tech', '["半导体前沿方向"]'::json, '符合国家科技创新规划', '["推动产业升级", "形成自主知识产权"]'::json, '2026-06-15T12:00:00+00:00', '2026-06-15T12:00:00+00:00');
INSERT INTO entity_change_log (entity_id, entity_type, field, old_value, new_value, method, operator, source_doc_id, reason, changed_at) VALUES ('PERSON_S_c45b061577c3719e', 'person', '*', NULL, '{"action": "create"}'::json, 'rule', NULL, 'mock_seed', NULL, '2026-06-15T12:00:00+00:00');
INSERT INTO person_profile (person_id, name_cn, name_en, gender, avatar, nationality, summary, birth_date, age, birthplace, ethnicity, current_residence, current_org, current_enterprise, current_military_unit, current_position, highest_degree, person_category, professional_domains, professional_skills, social_media, personality_traits, hobbies, management_philosophy, remark, confidence, completeness, created_at, updated_at) VALUES ('PERSON_S_3f248295ddd11340', '郭娟雪松', 'Expert_Svxpff', '女', '[]'::json, '中国', '郭娟雪松，其他，主要从事卫星互联网研究，现任南方航宇研究院副教授。', '1961-06-02', 65, '西安', '汉族', '上海', '南方航宇研究院', NULL, NULL, '["主任"]'::json, '硕士', '管理', '["卫星互联网"]'::json, '["实验验证", "算法设计"]'::json, '', '["务实", "协作"]'::json, '["旅行"]'::json, '["产学研结合", "以问题为导向"]'::json, '[]'::json, 0.848, 0.81, '2026-06-15T12:00:00+00:00', '2026-06-15T12:00:00+00:00');
INSERT INTO person_education (person_id, start_date, degree_date, degree, school, major, created_at, updated_at) VALUES ('PERSON_S_3f248295ddd11340', '2003-10-11', '2001-06-08', '本科', '浙江大学', '量子计算', '2026-06-15T12:00:00+00:00', '2026-06-15T12:00:00+00:00');
INSERT INTO person_career (person_id, start_date, end_date, org, enterprise, military_unit, position, created_at, updated_at) VALUES ('PERSON_S_3f248295ddd11340', '2013-12-20', NULL, '南方航宇研究院', NULL, NULL, '首席科学家', '2026-06-15T12:00:00+00:00', '2026-06-15T12:00:00+00:00');
INSERT INTO person_award (person_id, description, created_at, updated_at) VALUES ('PERSON_S_3f248295ddd11340', '2022年获学会优秀论文', '2026-06-15T12:00:00+00:00', '2026-06-15T12:00:00+00:00');
INSERT INTO person_academic_output (person_id, name, form, publish_date, rank, tech_domain, collaborators, citations, is_representative, created_at, updated_at) VALUES ('PERSON_S_3f248295ddd11340', '关于卫星互联网的研究', '专利', '2022-06-25', '独著', '卫星互联网', '["高婷", "何宁平"]'::json, 388, TRUE, '2026-06-15T12:00:00+00:00', '2026-06-15T12:00:00+00:00');
INSERT INTO person_academic_output (person_id, name, form, publish_date, rank, tech_domain, collaborators, citations, is_representative, created_at, updated_at) VALUES ('PERSON_S_3f248295ddd11340', '关于卫星互联网的方法', '专利', '2020-12-03', '第三作者', '卫星互联网', '["王霞昊", "高军", "周志强"]'::json, 720, TRUE, '2026-06-15T12:00:00+00:00', '2026-06-15T12:00:00+00:00');
INSERT INTO person_focus (person_id, focus_type, content, consistency_with_policy, potential_impact, created_at, updated_at) VALUES ('PERSON_S_3f248295ddd11340', 'tech', '["卫星互联网前沿方向"]'::json, '符合国家科技创新规划', '["推动产业升级", "形成自主知识产权"]'::json, '2026-06-15T12:00:00+00:00', '2026-06-15T12:00:00+00:00');
INSERT INTO entity_change_log (entity_id, entity_type, field, old_value, new_value, method, operator, source_doc_id, reason, changed_at) VALUES ('PERSON_S_3f248295ddd11340', 'person', '*', NULL, '{"action": "create"}'::json, 'rule', NULL, 'mock_seed', NULL, '2026-06-15T12:00:00+00:00');
INSERT INTO person_profile (person_id, name_cn, name_en, gender, avatar, nationality, summary, birth_date, age, birthplace, ethnicity, current_residence, current_org, current_enterprise, current_military_unit, current_position, highest_degree, person_category, professional_domains, professional_skills, social_media, personality_traits, hobbies, management_philosophy, remark, confidence, completeness, created_at, updated_at) VALUES ('PERSON_S_748179710f3cbb0d', '陈峰', 'Expert_Zxgaty', '男', '[]'::json, '中国', '陈峰，其他，主要从事脑机接口研究，现任北方先进工程技术中心主任。', '1969-02-11', 57, '南京', '汉族', '杭州', '北方先进工程技术中心', NULL, NULL, '["教授"]'::json, '博士', '研究', '["脑机接口"]'::json, '["项目管理", "系统架构", "实验验证"]'::json, '', '["创新"]'::json, '["旅行"]'::json, '["产学研结合", "以问题为导向"]'::json, '[]'::json, 0.706, 0.615, '2026-06-15T12:00:00+00:00', '2026-06-15T12:00:00+00:00');
INSERT INTO person_education (person_id, start_date, degree_date, degree, school, major, created_at, updated_at) VALUES ('PERSON_S_748179710f3cbb0d', '2005-02-06', '1999-09-15', '硕士', '北京大学', '量子计算', '2026-06-15T12:00:00+00:00', '2026-06-15T12:00:00+00:00');
INSERT INTO person_career (person_id, start_date, end_date, org, enterprise, military_unit, position, created_at, updated_at) VALUES ('PERSON_S_748179710f3cbb0d', '2018-07-26', NULL, '北方先进工程技术中心', NULL, NULL, '研究员', '2026-06-15T12:00:00+00:00', '2026-06-15T12:00:00+00:00');
INSERT INTO person_award (person_id, description, created_at, updated_at) VALUES ('PERSON_S_748179710f3cbb0d', '2023年获国家自然科学奖', '2026-06-15T12:00:00+00:00', '2026-06-15T12:00:00+00:00');
INSERT INTO person_academic_output (person_id, name, form, publish_date, rank, tech_domain, collaborators, citations, is_representative, created_at, updated_at) VALUES ('PERSON_S_748179710f3cbb0d', '关于脑机接口的综述', '论文', '2021-06-12', '独著', '脑机接口', '["冯平军"]'::json, 773, TRUE, '2026-06-15T12:00:00+00:00', '2026-06-15T12:00:00+00:00');
INSERT INTO person_academic_output (person_id, name, form, publish_date, rank, tech_domain, collaborators, citations, is_representative, created_at, updated_at) VALUES ('PERSON_S_748179710f3cbb0d', '关于脑机接口的研究', '专著', '2020-09-13', '独著', '脑机接口', '["谢艳涛", "王刚"]'::json, 631, TRUE, '2026-06-15T12:00:00+00:00', '2026-06-15T12:00:00+00:00');
INSERT INTO person_academic_output (person_id, name, form, publish_date, rank, tech_domain, collaborators, citations, is_representative, created_at, updated_at) VALUES ('PERSON_S_748179710f3cbb0d', '关于脑机接口的研究', '论文', '2020-05-24', '其他', '脑机接口', '["徐涛"]'::json, 156, TRUE, '2026-06-15T12:00:00+00:00', '2026-06-15T12:00:00+00:00');
INSERT INTO person_focus (person_id, focus_type, content, consistency_with_policy, potential_impact, created_at, updated_at) VALUES ('PERSON_S_748179710f3cbb0d', 'tech', '["脑机接口前沿方向"]'::json, '符合国家科技创新规划', '["推动产业升级", "形成自主知识产权"]'::json, '2026-06-15T12:00:00+00:00', '2026-06-15T12:00:00+00:00');
INSERT INTO entity_change_log (entity_id, entity_type, field, old_value, new_value, method, operator, source_doc_id, reason, changed_at) VALUES ('PERSON_S_748179710f3cbb0d', 'person', '*', NULL, '{"action": "create"}'::json, 'rule', NULL, 'mock_seed', NULL, '2026-06-15T12:00:00+00:00');
INSERT INTO person_profile (person_id, name_cn, name_en, gender, avatar, nationality, summary, birth_date, age, birthplace, ethnicity, current_residence, current_org, current_enterprise, current_military_unit, current_position, highest_degree, person_category, professional_domains, professional_skills, social_media, personality_traits, hobbies, management_philosophy, remark, confidence, completeness, created_at, updated_at) VALUES ('PERSON_S_729acfc0dc33b33e', '周刚斌', 'Expert_Qqpsut', '女', '[]'::json, '中国', '周刚斌，其他，主要从事6G通信、生物医药研究，现任中科生医研究所总工程师。', '1992-06-19', 34, '成都', '汉族', '深圳', '中科生医研究所', NULL, NULL, '["教授"]'::json, '硕士', '其他', '["6G通信", "生物医药"]'::json, '["实验验证", "工程化", "系统架构"]'::json, '', '["坚韧"]'::json, '["音乐"]'::json, '["产学研结合", "以问题为导向"]'::json, '[]'::json, 0.948, 0.559, '2026-06-15T12:00:00+00:00', '2026-06-15T12:00:00+00:00');
INSERT INTO person_education (person_id, start_date, degree_date, degree, school, major, created_at, updated_at) VALUES ('PERSON_S_729acfc0dc33b33e', '2010-12-09', '2018-06-14', '本科', '北京大学', '半导体', '2026-06-15T12:00:00+00:00', '2026-06-15T12:00:00+00:00');
INSERT INTO person_career (person_id, start_date, end_date, org, enterprise, military_unit, position, created_at, updated_at) VALUES ('PERSON_S_729acfc0dc33b33e', '2017-05-02', NULL, '中科生医研究所', NULL, NULL, '教授', '2026-06-15T12:00:00+00:00', '2026-06-15T12:00:00+00:00');
INSERT INTO person_award (person_id, description, created_at, updated_at) VALUES ('PERSON_S_729acfc0dc33b33e', '2024年获国家自然科学奖', '2026-06-15T12:00:00+00:00', '2026-06-15T12:00:00+00:00');
INSERT INTO person_academic_output (person_id, name, form, publish_date, rank, tech_domain, collaborators, citations, is_representative, created_at, updated_at) VALUES ('PERSON_S_729acfc0dc33b33e', '关于生物医药的研究', '论文', '2024-01-10', '第一作者', '生物医药', '["吴宁斌", "黄文博桂英"]'::json, 487, TRUE, '2026-06-15T12:00:00+00:00', '2026-06-15T12:00:00+00:00');
INSERT INTO person_academic_output (person_id, name, form, publish_date, rank, tech_domain, collaborators, citations, is_representative, created_at, updated_at) VALUES ('PERSON_S_729acfc0dc33b33e', '关于生物医药的方法', '专利', '2020-05-06', '第二作者', '6G通信', '["冯平洋"]'::json, 308, TRUE, '2026-06-15T12:00:00+00:00', '2026-06-15T12:00:00+00:00');
INSERT INTO person_focus (person_id, focus_type, content, consistency_with_policy, potential_impact, created_at, updated_at) VALUES ('PERSON_S_729acfc0dc33b33e', 'tech', '["生物医药前沿方向"]'::json, '符合国家科技创新规划', '["推动产业升级", "形成自主知识产权"]'::json, '2026-06-15T12:00:00+00:00', '2026-06-15T12:00:00+00:00');
INSERT INTO entity_change_log (entity_id, entity_type, field, old_value, new_value, method, operator, source_doc_id, reason, changed_at) VALUES ('PERSON_S_729acfc0dc33b33e', 'person', '*', NULL, '{"action": "create"}'::json, 'rule', NULL, 'mock_seed', NULL, '2026-06-15T12:00:00+00:00');
INSERT INTO person_profile (person_id, name_cn, name_en, gender, avatar, nationality, summary, birth_date, age, birthplace, ethnicity, current_residence, current_org, current_enterprise, current_military_unit, current_position, highest_degree, person_category, professional_domains, professional_skills, social_media, personality_traits, hobbies, management_philosophy, remark, confidence, completeness, created_at, updated_at) VALUES ('PERSON_S_711eb0b6ed133944', '罗强建华', 'Expert_Ruhbzs', '女', '[]'::json, '中国', '罗强建华，其他，主要从事机器人、光电技术研究，现任航天未来研究院主任。', '1959-01-16', 67, '北京', '汉族', '北京', '航天未来研究院', NULL, NULL, '["主任"]'::json, '本科', '其他', '["机器人", "光电技术", "6G通信"]'::json, '["算法设计", "项目管理"]'::json, '', '["务实", "严谨"]'::json, '["阅读"]'::json, '["产学研结合", "以问题为导向"]'::json, '[]'::json, 0.931, 0.663, '2026-06-15T12:00:00+00:00', '2026-06-15T12:00:00+00:00');
INSERT INTO person_education (person_id, start_date, degree_date, degree, school, major, created_at, updated_at) VALUES ('PERSON_S_711eb0b6ed133944', '2008-06-25', '2015-08-26', '本科', '浙江大学', '量子计算', '2026-06-15T12:00:00+00:00', '2026-06-15T12:00:00+00:00');
INSERT INTO person_career (person_id, start_date, end_date, org, enterprise, military_unit, position, created_at, updated_at) VALUES ('PERSON_S_711eb0b6ed133944', '2019-06-25', NULL, '航天未来研究院', NULL, NULL, '研究员', '2026-06-15T12:00:00+00:00', '2026-06-15T12:00:00+00:00');
INSERT INTO person_award (person_id, description, created_at, updated_at) VALUES ('PERSON_S_711eb0b6ed133944', '2016年获省部级奖励', '2026-06-15T12:00:00+00:00', '2026-06-15T12:00:00+00:00');
INSERT INTO person_academic_output (person_id, name, form, publish_date, rank, tech_domain, collaborators, citations, is_representative, created_at, updated_at) VALUES ('PERSON_S_711eb0b6ed133944', '关于机器人的研究', '论文', '2024-01-11', '其他', '光电技术', '["邓峰军", "陈海燕娟"]'::json, 225, TRUE, '2026-06-15T12:00:00+00:00', '2026-06-15T12:00:00+00:00');
INSERT INTO person_academic_output (person_id, name, form, publish_date, rank, tech_domain, collaborators, citations, is_representative, created_at, updated_at) VALUES ('PERSON_S_711eb0b6ed133944', '关于机器人的方法', '论文', '2021-10-16', '第二作者', '光电技术', '["王超晓东", "黄建华勇"]'::json, 361, TRUE, '2026-06-15T12:00:00+00:00', '2026-06-15T12:00:00+00:00');
INSERT INTO person_focus (person_id, focus_type, content, consistency_with_policy, potential_impact, created_at, updated_at) VALUES ('PERSON_S_711eb0b6ed133944', 'tech', '["6G通信前沿方向"]'::json, '符合国家科技创新规划', '["推动产业升级", "形成自主知识产权"]'::json, '2026-06-15T12:00:00+00:00', '2026-06-15T12:00:00+00:00');
INSERT INTO entity_change_log (entity_id, entity_type, field, old_value, new_value, method, operator, source_doc_id, reason, changed_at) VALUES ('PERSON_S_711eb0b6ed133944', 'person', '*', NULL, '{"action": "create"}'::json, 'rule', NULL, 'mock_seed', NULL, '2026-06-15T12:00:00+00:00');
INSERT INTO person_profile (person_id, name_cn, name_en, gender, avatar, nationality, summary, birth_date, age, birthplace, ethnicity, current_residence, current_org, current_enterprise, current_military_unit, current_position, highest_degree, person_category, professional_domains, professional_skills, social_media, personality_traits, hobbies, management_philosophy, remark, confidence, completeness, created_at, updated_at) VALUES ('PERSON_S_073bc2b9405c5172', '李娟杰', 'Expert_Ezbyxq', '女', '[]'::json, '中国', '李娟杰，管理，主要从事卫星互联网、6G通信研究，现任东方芯创股份教授。', '1977-05-13', 49, '哈尔滨', '汉族', '深圳', '东方芯创股份', NULL, NULL, '["首席科学家"]'::json, '博士', '研究', '["卫星互联网", "6G通信", "生物医药"]'::json, '["系统架构", "项目管理", "实验验证"]'::json, '', '["创新", "协作", "务实"]'::json, '["旅行", "音乐"]'::json, '["产学研结合", "以问题为导向"]'::json, '[]'::json, 0.743, 0.643, '2026-06-15T12:00:00+00:00', '2026-06-15T12:00:00+00:00');
INSERT INTO person_education (person_id, start_date, degree_date, degree, school, major, created_at, updated_at) VALUES ('PERSON_S_073bc2b9405c5172', '1997-02-01', '2018-09-09', '本科', '哈尔滨工业大学', '集成电路', '2026-06-15T12:00:00+00:00', '2026-06-15T12:00:00+00:00');
INSERT INTO person_career (person_id, start_date, end_date, org, enterprise, military_unit, position, created_at, updated_at) VALUES ('PERSON_S_073bc2b9405c5172', '2016-06-21', NULL, '东方芯创股份', NULL, NULL, '高级工程师', '2026-06-15T12:00:00+00:00', '2026-06-15T12:00:00+00:00');
INSERT INTO person_award (person_id, description, created_at, updated_at) VALUES ('PERSON_S_073bc2b9405c5172', '2024年获国家自然科学奖', '2026-06-15T12:00:00+00:00', '2026-06-15T12:00:00+00:00');
INSERT INTO person_academic_output (person_id, name, form, publish_date, rank, tech_domain, collaborators, citations, is_representative, created_at, updated_at) VALUES ('PERSON_S_073bc2b9405c5172', '关于生物医药的综述', '专著', '2024-03-24', '独著', '生物医药', '["彭艳", "马俊杰娟", "梁平"]'::json, 107, TRUE, '2026-06-15T12:00:00+00:00', '2026-06-15T12:00:00+00:00');
INSERT INTO person_academic_output (person_id, name, form, publish_date, rank, tech_domain, collaborators, citations, is_representative, created_at, updated_at) VALUES ('PERSON_S_073bc2b9405c5172', '关于卫星互联网的研究', '论文', '2023-02-10', '其他', '6G通信', '["吴洋", "林超", "彭峰军"]'::json, 209, TRUE, '2026-06-15T12:00:00+00:00', '2026-06-15T12:00:00+00:00');
INSERT INTO person_academic_output (person_id, name, form, publish_date, rank, tech_domain, collaborators, citations, is_representative, created_at, updated_at) VALUES ('PERSON_S_073bc2b9405c5172', '关于卫星互联网的方法', '专著', '2021-12-07', '第三作者', '6G通信', '["胡峰", "彭平"]'::json, 389, TRUE, '2026-06-15T12:00:00+00:00', '2026-06-15T12:00:00+00:00');
INSERT INTO person_academic_output (person_id, name, form, publish_date, rank, tech_domain, collaborators, citations, is_representative, created_at, updated_at) VALUES ('PERSON_S_073bc2b9405c5172', '关于卫星互联网的方法', '汇报文稿', '2019-11-26', '第一作者', '生物医药', '["孙霞磊", "赵平杰"]'::json, 314, TRUE, '2026-06-15T12:00:00+00:00', '2026-06-15T12:00:00+00:00');
INSERT INTO person_focus (person_id, focus_type, content, consistency_with_policy, potential_impact, created_at, updated_at) VALUES ('PERSON_S_073bc2b9405c5172', 'tech', '["6G通信前沿方向"]'::json, '符合国家科技创新规划', '["推动产业升级", "形成自主知识产权"]'::json, '2026-06-15T12:00:00+00:00', '2026-06-15T12:00:00+00:00');
INSERT INTO entity_change_log (entity_id, entity_type, field, old_value, new_value, method, operator, source_doc_id, reason, changed_at) VALUES ('PERSON_S_073bc2b9405c5172', 'person', '*', NULL, '{"action": "create"}'::json, 'rule', NULL, 'mock_seed', NULL, '2026-06-15T12:00:00+00:00');
INSERT INTO person_profile (person_id, name_cn, name_en, gender, avatar, nationality, summary, birth_date, age, birthplace, ethnicity, current_residence, current_org, current_enterprise, current_military_unit, current_position, highest_degree, person_category, professional_domains, professional_skills, social_media, personality_traits, hobbies, management_philosophy, remark, confidence, completeness, created_at, updated_at) VALUES ('PERSON_S_40280235779a3a81', '张俊杰超', 'Expert_Rwayxi', '女', '[]'::json, '中国', '张俊杰超，其他，主要从事网络安全、大模型研究，现任新基因高科主任。', '1962-09-25', 64, '武汉', '汉族', '杭州', '新基因高科', NULL, NULL, '["副院长"]'::json, '博士', '研究', '["网络安全", "大模型", "6G通信", "自动驾驶"]'::json, '["系统架构", "算法设计"]'::json, '', '["严谨"]'::json, '["旅行", "阅读"]'::json, '["产学研结合", "以问题为导向"]'::json, '[]'::json, 0.865, 0.84, '2026-06-15T12:00:00+00:00', '2026-06-15T12:00:00+00:00');
INSERT INTO person_education (person_id, start_date, degree_date, degree, school, major, created_at, updated_at) VALUES ('PERSON_S_40280235779a3a81', '2007-01-12', '2005-06-08', '硕士', '哈尔滨工业大学', '大模型', '2026-06-15T12:00:00+00:00', '2026-06-15T12:00:00+00:00');
INSERT INTO person_career (person_id, start_date, end_date, org, enterprise, military_unit, position, created_at, updated_at) VALUES ('PERSON_S_40280235779a3a81', '2010-12-13', NULL, '新基因高科', NULL, NULL, '研究员', '2026-06-15T12:00:00+00:00', '2026-06-15T12:00:00+00:00');
INSERT INTO person_award (person_id, description, created_at, updated_at) VALUES ('PERSON_S_40280235779a3a81', '2023年获省部级奖励', '2026-06-15T12:00:00+00:00', '2026-06-15T12:00:00+00:00');
INSERT INTO person_academic_output (person_id, name, form, publish_date, rank, tech_domain, collaborators, citations, is_representative, created_at, updated_at) VALUES ('PERSON_S_40280235779a3a81', '关于6G通信的研究', '专利', '2023-11-10', '第一作者', '6G通信', '["林昊"]'::json, 139, TRUE, '2026-06-15T12:00:00+00:00', '2026-06-15T12:00:00+00:00');
INSERT INTO person_academic_output (person_id, name, form, publish_date, rank, tech_domain, collaborators, citations, is_representative, created_at, updated_at) VALUES ('PERSON_S_40280235779a3a81', '关于自动驾驶的研究', '汇报文稿', '2023-03-03', '第三作者', '网络安全', '["罗建华"]'::json, 779, TRUE, '2026-06-15T12:00:00+00:00', '2026-06-15T12:00:00+00:00');
INSERT INTO person_focus (person_id, focus_type, content, consistency_with_policy, potential_impact, created_at, updated_at) VALUES ('PERSON_S_40280235779a3a81', 'tech', '["网络安全前沿方向"]'::json, '符合国家科技创新规划', '["推动产业升级", "形成自主知识产权"]'::json, '2026-06-15T12:00:00+00:00', '2026-06-15T12:00:00+00:00');
INSERT INTO entity_change_log (entity_id, entity_type, field, old_value, new_value, method, operator, source_doc_id, reason, changed_at) VALUES ('PERSON_S_40280235779a3a81', 'person', '*', NULL, '{"action": "create"}'::json, 'rule', NULL, 'mock_seed', NULL, '2026-06-15T12:00:00+00:00');
INSERT INTO person_profile (person_id, name_cn, name_en, gender, avatar, nationality, summary, birth_date, age, birthplace, ethnicity, current_residence, current_org, current_enterprise, current_military_unit, current_position, highest_degree, person_category, professional_domains, professional_skills, social_media, personality_traits, hobbies, management_philosophy, remark, confidence, completeness, created_at, updated_at) VALUES ('PERSON_S_2ef6a3c04123bfe4', '马磊', 'Expert_Wfdmuw', '男', '[]'::json, '中国', '马磊，管理，主要从事人工智能、新材料研究，现任中光电实验室总工程师。', '1970-04-17', 56, '西安', '汉族', '深圳', '中光电实验室', NULL, NULL, '["主任"]'::json, '本科', '研究', '["人工智能", "新材料", "新能源"]'::json, '["工程化", "实验验证"]'::json, '', '["坚韧", "务实", "创新"]'::json, '["旅行"]'::json, '["产学研结合", "以问题为导向"]'::json, '[]'::json, 0.814, 0.644, '2026-06-15T12:00:00+00:00', '2026-06-15T12:00:00+00:00');
INSERT INTO person_education (person_id, start_date, degree_date, degree, school, major, created_at, updated_at) VALUES ('PERSON_S_2ef6a3c04123bfe4', '1990-06-28', '2015-07-23', '博士', '中国科学技术大学', '量子计算', '2026-06-15T12:00:00+00:00', '2026-06-15T12:00:00+00:00');
INSERT INTO person_career (person_id, start_date, end_date, org, enterprise, military_unit, position, created_at, updated_at) VALUES ('PERSON_S_2ef6a3c04123bfe4', '2020-03-04', NULL, '中光电实验室', NULL, NULL, '总工程师', '2026-06-15T12:00:00+00:00', '2026-06-15T12:00:00+00:00');
INSERT INTO person_award (person_id, description, created_at, updated_at) VALUES ('PERSON_S_2ef6a3c04123bfe4', '2017年获省部级奖励', '2026-06-15T12:00:00+00:00', '2026-06-15T12:00:00+00:00');
INSERT INTO person_academic_output (person_id, name, form, publish_date, rank, tech_domain, collaborators, citations, is_representative, created_at, updated_at) VALUES ('PERSON_S_2ef6a3c04123bfe4', '关于新能源的研究', '专利', '2023-02-06', '第一作者', '人工智能', '["郑军"]'::json, 226, TRUE, '2026-06-15T12:00:00+00:00', '2026-06-15T12:00:00+00:00');
INSERT INTO person_academic_output (person_id, name, form, publish_date, rank, tech_domain, collaborators, citations, is_representative, created_at, updated_at) VALUES ('PERSON_S_2ef6a3c04123bfe4', '关于新材料的方法', '汇报文稿', '2019-04-04', '第二作者', '新材料', '["李峰", "罗瑞", "彭瑞峰"]'::json, 529, TRUE, '2026-06-15T12:00:00+00:00', '2026-06-15T12:00:00+00:00');
INSERT INTO person_focus (person_id, focus_type, content, consistency_with_policy, potential_impact, created_at, updated_at) VALUES ('PERSON_S_2ef6a3c04123bfe4', 'tech', '["新材料前沿方向"]'::json, '符合国家科技创新规划', '["推动产业升级", "形成自主知识产权"]'::json, '2026-06-15T12:00:00+00:00', '2026-06-15T12:00:00+00:00');
INSERT INTO entity_change_log (entity_id, entity_type, field, old_value, new_value, method, operator, source_doc_id, reason, changed_at) VALUES ('PERSON_S_2ef6a3c04123bfe4', 'person', '*', NULL, '{"action": "create"}'::json, 'rule', NULL, 'mock_seed', NULL, '2026-06-15T12:00:00+00:00');
INSERT INTO person_profile (person_id, name_cn, name_en, gender, avatar, nationality, summary, birth_date, age, birthplace, ethnicity, current_residence, current_org, current_enterprise, current_military_unit, current_position, highest_degree, person_category, professional_domains, professional_skills, social_media, personality_traits, hobbies, management_philosophy, remark, confidence, completeness, created_at, updated_at) VALUES ('PERSON_S_59950479a4274f84', '韩勇', 'Expert_Ibsqqg', '女', '[]'::json, '中国', '韩勇，研究，主要从事储能、5G通信研究，现任国航宇集团副教授。', '1963-05-14', 63, '武汉', '汉族', '深圳', '国航宇集团', '国航宇集团', NULL, '["教授"]'::json, '本科', '管理', '["储能", "5G通信"]'::json, '["项目管理", "算法设计"]'::json, '', '["坚韧", "务实"]'::json, '["运动"]'::json, '["产学研结合", "以问题为导向"]'::json, '[]'::json, 0.792, 0.862, '2026-06-15T12:00:00+00:00', '2026-06-15T12:00:00+00:00');
INSERT INTO person_education (person_id, start_date, degree_date, degree, school, major, created_at, updated_at) VALUES ('PERSON_S_59950479a4274f84', '1992-02-17', '1998-12-01', '本科', '浙江大学', '量子计算', '2026-06-15T12:00:00+00:00', '2026-06-15T12:00:00+00:00');
INSERT INTO person_career (person_id, start_date, end_date, org, enterprise, military_unit, position, created_at, updated_at) VALUES ('PERSON_S_59950479a4274f84', '2015-08-01', NULL, '国航宇集团', '国航宇集团', NULL, '副教授', '2026-06-15T12:00:00+00:00', '2026-06-15T12:00:00+00:00');
INSERT INTO person_award (person_id, description, created_at, updated_at) VALUES ('PERSON_S_59950479a4274f84', '2022年获省部级奖励', '2026-06-15T12:00:00+00:00', '2026-06-15T12:00:00+00:00');
INSERT INTO person_academic_output (person_id, name, form, publish_date, rank, tech_domain, collaborators, citations, is_representative, created_at, updated_at) VALUES ('PERSON_S_59950479a4274f84', '关于5G通信的研究', '专著', '2020-05-04', '第二作者', '储能', '["杨瑞峰"]'::json, 273, TRUE, '2026-06-15T12:00:00+00:00', '2026-06-15T12:00:00+00:00');
INSERT INTO person_academic_output (person_id, name, form, publish_date, rank, tech_domain, collaborators, citations, is_representative, created_at, updated_at) VALUES ('PERSON_S_59950479a4274f84', '关于5G通信的方法', '专利', '2019-04-04', '独著', '5G通信', '["冯昊瑞", "郑伟"]'::json, 465, TRUE, '2026-06-15T12:00:00+00:00', '2026-06-15T12:00:00+00:00');
INSERT INTO person_academic_output (person_id, name, form, publish_date, rank, tech_domain, collaborators, citations, is_representative, created_at, updated_at) VALUES ('PERSON_S_59950479a4274f84', '关于储能的方法', '专著', '2018-03-19', '第二作者', '5G通信', '["马艳", "谢杰峰"]'::json, 298, TRUE, '2026-06-15T12:00:00+00:00', '2026-06-15T12:00:00+00:00');
INSERT INTO person_focus (person_id, focus_type, content, consistency_with_policy, potential_impact, created_at, updated_at) VALUES ('PERSON_S_59950479a4274f84', 'tech', '["储能前沿方向"]'::json, '符合国家科技创新规划', '["推动产业升级", "形成自主知识产权"]'::json, '2026-06-15T12:00:00+00:00', '2026-06-15T12:00:00+00:00');
INSERT INTO entity_change_log (entity_id, entity_type, field, old_value, new_value, method, operator, source_doc_id, reason, changed_at) VALUES ('PERSON_S_59950479a4274f84', 'person', '*', NULL, '{"action": "create"}'::json, 'rule', NULL, 'mock_seed', NULL, '2026-06-15T12:00:00+00:00');
INSERT INTO person_profile (person_id, name_cn, name_en, gender, avatar, nationality, summary, birth_date, age, birthplace, ethnicity, current_residence, current_org, current_enterprise, current_military_unit, current_position, highest_degree, person_category, professional_domains, professional_skills, social_media, personality_traits, hobbies, management_philosophy, remark, confidence, completeness, created_at, updated_at) VALUES ('PERSON_S_cfda80cbb9f1dcca', '胡晓东', 'Expert_Xkiysn', '男', '[]'::json, '中国', '胡晓东，其他，主要从事碳捕集、增材制造研究，现任航天储能实验室副教授。', '1967-01-26', 59, '上海', '汉族', '北京', '航天储能实验室', '航天储能实验室', NULL, '["首席科学家"]'::json, '硕士', '研究', '["碳捕集", "增材制造", "基因编辑", "集成电路"]'::json, '["项目管理", "工程化"]'::json, '', '["坚韧"]'::json, '["阅读"]'::json, '["产学研结合", "以问题为导向"]'::json, '[]'::json, 0.831, 0.622, '2026-06-15T12:00:00+00:00', '2026-06-15T12:00:00+00:00');
INSERT INTO person_education (person_id, start_date, degree_date, degree, school, major, created_at, updated_at) VALUES ('PERSON_S_cfda80cbb9f1dcca', '1990-03-06', '2008-11-11', '本科', '清华大学', '人工智能', '2026-06-15T12:00:00+00:00', '2026-06-15T12:00:00+00:00');
INSERT INTO person_career (person_id, start_date, end_date, org, enterprise, military_unit, position, created_at, updated_at) VALUES ('PERSON_S_cfda80cbb9f1dcca', '2009-11-26', NULL, '航天储能实验室', '航天储能实验室', NULL, '副教授', '2026-06-15T12:00:00+00:00', '2026-06-15T12:00:00+00:00');
INSERT INTO person_award (person_id, description, created_at, updated_at) VALUES ('PERSON_S_cfda80cbb9f1dcca', '2020年获国家自然科学奖', '2026-06-15T12:00:00+00:00', '2026-06-15T12:00:00+00:00');
INSERT INTO person_academic_output (person_id, name, form, publish_date, rank, tech_domain, collaborators, citations, is_representative, created_at, updated_at) VALUES ('PERSON_S_cfda80cbb9f1dcca', '关于集成电路的研究', '专利', '2022-03-21', '其他', '碳捕集', '["曹强"]'::json, 665, TRUE, '2026-06-15T12:00:00+00:00', '2026-06-15T12:00:00+00:00');
INSERT INTO person_academic_output (person_id, name, form, publish_date, rank, tech_domain, collaborators, citations, is_representative, created_at, updated_at) VALUES ('PERSON_S_cfda80cbb9f1dcca', '关于碳捕集的方法', '汇报文稿', '2022-05-28', '其他', '增材制造', '["赵涛", "宋桂英", "李超"]'::json, 400, TRUE, '2026-06-15T12:00:00+00:00', '2026-06-15T12:00:00+00:00');
INSERT INTO person_academic_output (person_id, name, form, publish_date, rank, tech_domain, collaborators, citations, is_representative, created_at, updated_at) VALUES ('PERSON_S_cfda80cbb9f1dcca', '关于增材制造的研究', '论文', '2018-02-23', '独著', '碳捕集', '["宋刚洋", "李平", "王超"]'::json, 779, TRUE, '2026-06-15T12:00:00+00:00', '2026-06-15T12:00:00+00:00');
INSERT INTO person_academic_output (person_id, name, form, publish_date, rank, tech_domain, collaborators, citations, is_representative, created_at, updated_at) VALUES ('PERSON_S_cfda80cbb9f1dcca', '关于集成电路的研究', '专利', '2019-10-05', '第二作者', '增材制造', '["宋洋", "张宇航勇", "许斌明"]'::json, 561, TRUE, '2026-06-15T12:00:00+00:00', '2026-06-15T12:00:00+00:00');
INSERT INTO person_focus (person_id, focus_type, content, consistency_with_policy, potential_impact, created_at, updated_at) VALUES ('PERSON_S_cfda80cbb9f1dcca', 'tech', '["增材制造前沿方向"]'::json, '符合国家科技创新规划', '["推动产业升级", "形成自主知识产权"]'::json, '2026-06-15T12:00:00+00:00', '2026-06-15T12:00:00+00:00');
INSERT INTO entity_change_log (entity_id, entity_type, field, old_value, new_value, method, operator, source_doc_id, reason, changed_at) VALUES ('PERSON_S_cfda80cbb9f1dcca', 'person', '*', NULL, '{"action": "create"}'::json, 'rule', NULL, 'mock_seed', NULL, '2026-06-15T12:00:00+00:00');
INSERT INTO person_profile (person_id, name_cn, name_en, gender, avatar, nationality, summary, birth_date, age, birthplace, ethnicity, current_residence, current_org, current_enterprise, current_military_unit, current_position, highest_degree, person_category, professional_domains, professional_skills, social_media, personality_traits, hobbies, management_philosophy, remark, confidence, completeness, created_at, updated_at) VALUES ('PERSON_S_4880cbec3514c586', '陈涛', 'Expert_Bdctsk', '女', '[]'::json, '中国', '陈涛，管理，主要从事新材料、网络安全研究，现任南方微纳实验室高级工程师。', '1957-02-04', 69, '南京', '汉族', '北京', '南方微纳实验室', NULL, NULL, '["副院长"]'::json, '硕士', '管理', '["新材料", "网络安全", "碳捕集", "自动驾驶"]'::json, '["算法设计", "数据分析", "实验验证", "工程化"]'::json, '', '["严谨"]'::json, '["运动", "阅读"]'::json, '["产学研结合", "以问题为导向"]'::json, '[]'::json, 0.775, 0.802, '2026-06-15T12:00:00+00:00', '2026-06-15T12:00:00+00:00');
INSERT INTO person_education (person_id, start_date, degree_date, degree, school, major, created_at, updated_at) VALUES ('PERSON_S_4880cbec3514c586', '2001-10-15', '2016-02-10', '本科', '浙江大学', '半导体', '2026-06-15T12:00:00+00:00', '2026-06-15T12:00:00+00:00');
INSERT INTO person_career (person_id, start_date, end_date, org, enterprise, military_unit, position, created_at, updated_at) VALUES ('PERSON_S_4880cbec3514c586', '2006-12-15', NULL, '南方微纳实验室', NULL, NULL, '副教授', '2026-06-15T12:00:00+00:00', '2026-06-15T12:00:00+00:00');
INSERT INTO person_award (person_id, description, created_at, updated_at) VALUES ('PERSON_S_4880cbec3514c586', '2020年获国家自然科学奖', '2026-06-15T12:00:00+00:00', '2026-06-15T12:00:00+00:00');
INSERT INTO person_academic_output (person_id, name, form, publish_date, rank, tech_domain, collaborators, citations, is_representative, created_at, updated_at) VALUES ('PERSON_S_4880cbec3514c586', '关于碳捕集的方法', '论文', '2021-11-06', '独著', '碳捕集', '["胡艳磊", "马超峰", "刘斌"]'::json, 464, TRUE, '2026-06-15T12:00:00+00:00', '2026-06-15T12:00:00+00:00');
INSERT INTO person_academic_output (person_id, name, form, publish_date, rank, tech_domain, collaborators, citations, is_representative, created_at, updated_at) VALUES ('PERSON_S_4880cbec3514c586', '关于新材料的综述', '专利', '2022-11-21', '第二作者', '网络安全', '["李俊杰昊", "彭洋", "李洋"]'::json, 596, TRUE, '2026-06-15T12:00:00+00:00', '2026-06-15T12:00:00+00:00');
INSERT INTO person_academic_output (person_id, name, form, publish_date, rank, tech_domain, collaborators, citations, is_representative, created_at, updated_at) VALUES ('PERSON_S_4880cbec3514c586', '关于碳捕集的方法', '专利', '2023-10-25', '独著', '新材料', '["何昊", "宋建华文博", "何娟"]'::json, 316, TRUE, '2026-06-15T12:00:00+00:00', '2026-06-15T12:00:00+00:00');
INSERT INTO person_academic_output (person_id, name, form, publish_date, rank, tech_domain, collaborators, citations, is_representative, created_at, updated_at) VALUES ('PERSON_S_4880cbec3514c586', '关于网络安全的方法', '汇报文稿', '2018-08-14', '其他', '新材料', '["赵婷", "韩桂英", "孙平宇航"]'::json, 409, TRUE, '2026-06-15T12:00:00+00:00', '2026-06-15T12:00:00+00:00');
INSERT INTO person_focus (person_id, focus_type, content, consistency_with_policy, potential_impact, created_at, updated_at) VALUES ('PERSON_S_4880cbec3514c586', 'tech', '["新材料前沿方向"]'::json, '符合国家科技创新规划', '["推动产业升级", "形成自主知识产权"]'::json, '2026-06-15T12:00:00+00:00', '2026-06-15T12:00:00+00:00');
INSERT INTO entity_change_log (entity_id, entity_type, field, old_value, new_value, method, operator, source_doc_id, reason, changed_at) VALUES ('PERSON_S_4880cbec3514c586', 'person', '*', NULL, '{"action": "create"}'::json, 'rule', NULL, 'mock_seed', NULL, '2026-06-15T12:00:00+00:00');
INSERT INTO person_profile (person_id, name_cn, name_en, gender, avatar, nationality, summary, birth_date, age, birthplace, ethnicity, current_residence, current_org, current_enterprise, current_military_unit, current_position, highest_degree, person_category, professional_domains, professional_skills, social_media, personality_traits, hobbies, management_philosophy, remark, confidence, completeness, created_at, updated_at) VALUES ('PERSON_S_b42bce35edaf8906', '周磊', 'Expert_Arfukm', '男', '[]'::json, '中国', '周磊，管理，主要从事5G通信、卫星互联网研究，现任南方脑科学科技研究员。', '1985-02-12', 41, '武汉', '汉族', '上海', '南方脑科学科技', '南方脑科学科技', NULL, '["副院长"]'::json, '本科', '其他', '["5G通信", "卫星互联网"]'::json, '["实验验证", "工程化"]'::json, '', '["协作"]'::json, '["旅行", "运动"]'::json, '["产学研结合", "以问题为导向"]'::json, '[]'::json, 0.971, 0.749, '2026-06-15T12:00:00+00:00', '2026-06-15T12:00:00+00:00');
INSERT INTO person_education (person_id, start_date, degree_date, degree, school, major, created_at, updated_at) VALUES ('PERSON_S_b42bce35edaf8906', '2006-07-09', '2007-02-11', '本科', '上海交通大学', '半导体', '2026-06-15T12:00:00+00:00', '2026-06-15T12:00:00+00:00');
INSERT INTO person_career (person_id, start_date, end_date, org, enterprise, military_unit, position, created_at, updated_at) VALUES ('PERSON_S_b42bce35edaf8906', '2009-07-02', NULL, '南方脑科学科技', '南方脑科学科技', NULL, '主任', '2026-06-15T12:00:00+00:00', '2026-06-15T12:00:00+00:00');
INSERT INTO person_award (person_id, description, created_at, updated_at) VALUES ('PERSON_S_b42bce35edaf8906', '2024年获省部级奖励', '2026-06-15T12:00:00+00:00', '2026-06-15T12:00:00+00:00');
INSERT INTO person_academic_output (person_id, name, form, publish_date, rank, tech_domain, collaborators, citations, is_representative, created_at, updated_at) VALUES ('PERSON_S_b42bce35edaf8906', '关于卫星互联网的综述', '论文', '2018-06-08', '第三作者', '卫星互联网', '["朱峰", "杨建华婷"]'::json, 405, TRUE, '2026-06-15T12:00:00+00:00', '2026-06-15T12:00:00+00:00');
INSERT INTO person_academic_output (person_id, name, form, publish_date, rank, tech_domain, collaborators, citations, is_representative, created_at, updated_at) VALUES ('PERSON_S_b42bce35edaf8906', '关于5G通信的方法', '专利', '2024-06-19', '其他', '卫星互联网', '["彭刚", "林磊俊杰", "徐峰婷"]'::json, 409, TRUE, '2026-06-15T12:00:00+00:00', '2026-06-15T12:00:00+00:00');
INSERT INTO person_focus (person_id, focus_type, content, consistency_with_policy, potential_impact, created_at, updated_at) VALUES ('PERSON_S_b42bce35edaf8906', 'tech', '["5G通信前沿方向"]'::json, '符合国家科技创新规划', '["推动产业升级", "形成自主知识产权"]'::json, '2026-06-15T12:00:00+00:00', '2026-06-15T12:00:00+00:00');
INSERT INTO entity_change_log (entity_id, entity_type, field, old_value, new_value, method, operator, source_doc_id, reason, changed_at) VALUES ('PERSON_S_b42bce35edaf8906', 'person', '*', NULL, '{"action": "create"}'::json, 'rule', NULL, 'mock_seed', NULL, '2026-06-15T12:00:00+00:00');
INSERT INTO person_profile (person_id, name_cn, name_en, gender, avatar, nationality, summary, birth_date, age, birthplace, ethnicity, current_residence, current_org, current_enterprise, current_military_unit, current_position, highest_degree, person_category, professional_domains, professional_skills, social_media, personality_traits, hobbies, management_philosophy, remark, confidence, completeness, created_at, updated_at) VALUES ('PERSON_S_9d9303d45b4f9516', '彭雪松', 'Expert_Qgieem', '女', '[]'::json, '中国', '彭雪松，管理，主要从事量子计算、大模型研究，现任华信息研究所首席科学家。', '1989-04-10', 37, '南京', '汉族', '深圳', '华信息研究所', NULL, NULL, '["高级工程师"]'::json, '本科', '研究', '["量子计算", "大模型"]'::json, '["实验验证", "项目管理"]'::json, '', '["坚韧"]'::json, '["旅行"]'::json, '["产学研结合", "以问题为导向"]'::json, '[]'::json, 0.816, 0.731, '2026-06-15T12:00:00+00:00', '2026-06-15T12:00:00+00:00');
INSERT INTO person_education (person_id, start_date, degree_date, degree, school, major, created_at, updated_at) VALUES ('PERSON_S_9d9303d45b4f9516', '2000-05-26', '2003-08-15', '硕士', '中国科学技术大学', '集成电路', '2026-06-15T12:00:00+00:00', '2026-06-15T12:00:00+00:00');
INSERT INTO person_career (person_id, start_date, end_date, org, enterprise, military_unit, position, created_at, updated_at) VALUES ('PERSON_S_9d9303d45b4f9516', '2017-05-24', NULL, '华信息研究所', NULL, NULL, '总工程师', '2026-06-15T12:00:00+00:00', '2026-06-15T12:00:00+00:00');
INSERT INTO person_award (person_id, description, created_at, updated_at) VALUES ('PERSON_S_9d9303d45b4f9516', '2024年获学会优秀论文', '2026-06-15T12:00:00+00:00', '2026-06-15T12:00:00+00:00');
INSERT INTO person_academic_output (person_id, name, form, publish_date, rank, tech_domain, collaborators, citations, is_representative, created_at, updated_at) VALUES ('PERSON_S_9d9303d45b4f9516', '关于量子计算的方法', '专著', '2024-08-05', '第二作者', '大模型', '["张宇航伟", "郑建华海燕"]'::json, 637, TRUE, '2026-06-15T12:00:00+00:00', '2026-06-15T12:00:00+00:00');
INSERT INTO person_academic_output (person_id, name, form, publish_date, rank, tech_domain, collaborators, citations, is_representative, created_at, updated_at) VALUES ('PERSON_S_9d9303d45b4f9516', '关于量子计算的研究', '论文', '2021-03-21', '第一作者', '大模型', '["朱宁"]'::json, 778, TRUE, '2026-06-15T12:00:00+00:00', '2026-06-15T12:00:00+00:00');
INSERT INTO person_focus (person_id, focus_type, content, consistency_with_policy, potential_impact, created_at, updated_at) VALUES ('PERSON_S_9d9303d45b4f9516', 'tech', '["量子计算前沿方向"]'::json, '符合国家科技创新规划', '["推动产业升级", "形成自主知识产权"]'::json, '2026-06-15T12:00:00+00:00', '2026-06-15T12:00:00+00:00');
INSERT INTO entity_change_log (entity_id, entity_type, field, old_value, new_value, method, operator, source_doc_id, reason, changed_at) VALUES ('PERSON_S_9d9303d45b4f9516', 'person', '*', NULL, '{"action": "create"}'::json, 'rule', NULL, 'mock_seed', NULL, '2026-06-15T12:00:00+00:00');
INSERT INTO person_profile (person_id, name_cn, name_en, gender, avatar, nationality, summary, birth_date, age, birthplace, ethnicity, current_residence, current_org, current_enterprise, current_military_unit, current_position, highest_degree, person_category, professional_domains, professional_skills, social_media, personality_traits, hobbies, management_philosophy, remark, confidence, completeness, created_at, updated_at) VALUES ('PERSON_S_a7b9105ce50eb212', '唐刚', 'Expert_Tpuupr', '女', '[]'::json, '中国', '唐刚，管理，主要从事集成电路、生物医药研究，现任南方航宇研究院高级工程师。', '1992-11-21', 34, '南京', '汉族', '北京', '南方航宇研究院', NULL, NULL, '["总工程师"]'::json, '本科', '管理', '["集成电路", "生物医药", "5G通信", "深海装备"]'::json, '["系统架构", "项目管理", "实验验证", "数据分析"]'::json, '', '["协作"]'::json, '["运动", "音乐"]'::json, '["产学研结合", "以问题为导向"]'::json, '[]'::json, 0.811, 0.925, '2026-06-15T12:00:00+00:00', '2026-06-15T12:00:00+00:00');
INSERT INTO person_education (person_id, start_date, degree_date, degree, school, major, created_at, updated_at) VALUES ('PERSON_S_a7b9105ce50eb212', '1996-09-06', '2004-08-21', '本科', '清华大学', '大模型', '2026-06-15T12:00:00+00:00', '2026-06-15T12:00:00+00:00');
INSERT INTO person_career (person_id, start_date, end_date, org, enterprise, military_unit, position, created_at, updated_at) VALUES ('PERSON_S_a7b9105ce50eb212', '2009-10-18', NULL, '南方航宇研究院', NULL, NULL, '副院长', '2026-06-15T12:00:00+00:00', '2026-06-15T12:00:00+00:00');
INSERT INTO person_award (person_id, description, created_at, updated_at) VALUES ('PERSON_S_a7b9105ce50eb212', '2021年获国家自然科学奖', '2026-06-15T12:00:00+00:00', '2026-06-15T12:00:00+00:00');
INSERT INTO person_academic_output (person_id, name, form, publish_date, rank, tech_domain, collaborators, citations, is_representative, created_at, updated_at) VALUES ('PERSON_S_a7b9105ce50eb212', '关于集成电路的综述', '专著', '2023-08-13', '第二作者', '深海装备', '["胡刚军", "徐刚文博", "罗勇"]'::json, 763, TRUE, '2026-06-15T12:00:00+00:00', '2026-06-15T12:00:00+00:00');
INSERT INTO person_academic_output (person_id, name, form, publish_date, rank, tech_domain, collaborators, citations, is_representative, created_at, updated_at) VALUES ('PERSON_S_a7b9105ce50eb212', '关于集成电路的研究', '汇报文稿', '2020-10-19', '第一作者', '集成电路', '["邓霞", "赵桂英", "邓瑞"]'::json, 604, TRUE, '2026-06-15T12:00:00+00:00', '2026-06-15T12:00:00+00:00');
INSERT INTO person_focus (person_id, focus_type, content, consistency_with_policy, potential_impact, created_at, updated_at) VALUES ('PERSON_S_a7b9105ce50eb212', 'tech', '["生物医药前沿方向"]'::json, '符合国家科技创新规划', '["推动产业升级", "形成自主知识产权"]'::json, '2026-06-15T12:00:00+00:00', '2026-06-15T12:00:00+00:00');
INSERT INTO entity_change_log (entity_id, entity_type, field, old_value, new_value, method, operator, source_doc_id, reason, changed_at) VALUES ('PERSON_S_a7b9105ce50eb212', 'person', '*', NULL, '{"action": "create"}'::json, 'rule', NULL, 'mock_seed', NULL, '2026-06-15T12:00:00+00:00');
INSERT INTO person_profile (person_id, name_cn, name_en, gender, avatar, nationality, summary, birth_date, age, birthplace, ethnicity, current_residence, current_org, current_enterprise, current_military_unit, current_position, highest_degree, person_category, professional_domains, professional_skills, social_media, personality_traits, hobbies, management_philosophy, remark, confidence, completeness, created_at, updated_at) VALUES ('PERSON_S_2e4b9ba5cf75aa01', '罗瑞文博', 'Expert_Hbbowy', '女', '[]'::json, '中国', '罗瑞文博，管理，主要从事脑机接口、碳捕集研究，现任中前沿研究院首席科学家。', '1967-11-01', 59, '武汉', '汉族', '杭州', '中前沿研究院', NULL, NULL, '["教授"]'::json, '博士', '其他', '["脑机接口", "碳捕集", "先进算力"]'::json, '["项目管理", "数据分析", "实验验证"]'::json, '', '["务实", "协作", "坚韧"]'::json, '["音乐"]'::json, '["产学研结合", "以问题为导向"]'::json, '[]'::json, 0.881, 0.916, '2026-06-15T12:00:00+00:00', '2026-06-15T12:00:00+00:00');
INSERT INTO person_education (person_id, start_date, degree_date, degree, school, major, created_at, updated_at) VALUES ('PERSON_S_2e4b9ba5cf75aa01', '2000-01-14', '2000-10-15', '博士', '浙江大学', '脑机接口', '2026-06-15T12:00:00+00:00', '2026-06-15T12:00:00+00:00');
INSERT INTO person_career (person_id, start_date, end_date, org, enterprise, military_unit, position, created_at, updated_at) VALUES ('PERSON_S_2e4b9ba5cf75aa01', '2013-12-27', NULL, '中前沿研究院', NULL, NULL, '高级工程师', '2026-06-15T12:00:00+00:00', '2026-06-15T12:00:00+00:00');
INSERT INTO person_award (person_id, description, created_at, updated_at) VALUES ('PERSON_S_2e4b9ba5cf75aa01', '2021年获国家自然科学奖', '2026-06-15T12:00:00+00:00', '2026-06-15T12:00:00+00:00');
INSERT INTO person_academic_output (person_id, name, form, publish_date, rank, tech_domain, collaborators, citations, is_representative, created_at, updated_at) VALUES ('PERSON_S_2e4b9ba5cf75aa01', '关于先进算力的综述', '论文', '2020-05-19', '第二作者', '脑机接口', '["彭海燕", "何明", "朱艳军"]'::json, 248, TRUE, '2026-06-15T12:00:00+00:00', '2026-06-15T12:00:00+00:00');
INSERT INTO person_academic_output (person_id, name, form, publish_date, rank, tech_domain, collaborators, citations, is_representative, created_at, updated_at) VALUES ('PERSON_S_2e4b9ba5cf75aa01', '关于脑机接口的方法', '汇报文稿', '2022-07-14', '第二作者', '先进算力', '["周平"]'::json, 588, TRUE, '2026-06-15T12:00:00+00:00', '2026-06-15T12:00:00+00:00');
INSERT INTO person_focus (person_id, focus_type, content, consistency_with_policy, potential_impact, created_at, updated_at) VALUES ('PERSON_S_2e4b9ba5cf75aa01', 'tech', '["先进算力前沿方向"]'::json, '符合国家科技创新规划', '["推动产业升级", "形成自主知识产权"]'::json, '2026-06-15T12:00:00+00:00', '2026-06-15T12:00:00+00:00');
INSERT INTO entity_change_log (entity_id, entity_type, field, old_value, new_value, method, operator, source_doc_id, reason, changed_at) VALUES ('PERSON_S_2e4b9ba5cf75aa01', 'person', '*', NULL, '{"action": "create"}'::json, 'rule', NULL, 'mock_seed', NULL, '2026-06-15T12:00:00+00:00');
INSERT INTO person_profile (person_id, name_cn, name_en, gender, avatar, nationality, summary, birth_date, age, birthplace, ethnicity, current_residence, current_org, current_enterprise, current_military_unit, current_position, highest_degree, person_category, professional_domains, professional_skills, social_media, personality_traits, hobbies, management_philosophy, remark, confidence, completeness, created_at, updated_at) VALUES ('PERSON_S_d2ce04c54023990c', '林瑞', 'Expert_Vbjmnh', '女', '[]'::json, '中国', '林瑞，其他，主要从事脑机接口、光电技术研究，现任航天聚变工程技术中心首席科学家。', '1985-11-15', 41, '哈尔滨', '汉族', '上海', '航天聚变工程技术中心', NULL, NULL, '["高级工程师"]'::json, '硕士', '其他', '["脑机接口", "光电技术"]'::json, '["实验验证", "算法设计", "系统架构"]'::json, '', '["协作", "严谨"]'::json, '["阅读"]'::json, '["产学研结合", "以问题为导向"]'::json, '[]'::json, 0.833, 0.943, '2026-06-15T12:00:00+00:00', '2026-06-15T12:00:00+00:00');
INSERT INTO person_education (person_id, start_date, degree_date, degree, school, major, created_at, updated_at) VALUES ('PERSON_S_d2ce04c54023990c', '2000-05-12', '2001-09-23', '硕士', '上海交通大学', '人工智能', '2026-06-15T12:00:00+00:00', '2026-06-15T12:00:00+00:00');
INSERT INTO person_career (person_id, start_date, end_date, org, enterprise, military_unit, position, created_at, updated_at) VALUES ('PERSON_S_d2ce04c54023990c', '2017-06-22', NULL, '航天聚变工程技术中心', NULL, NULL, '教授', '2026-06-15T12:00:00+00:00', '2026-06-15T12:00:00+00:00');
INSERT INTO person_award (person_id, description, created_at, updated_at) VALUES ('PERSON_S_d2ce04c54023990c', '2021年获学会优秀论文', '2026-06-15T12:00:00+00:00', '2026-06-15T12:00:00+00:00');
INSERT INTO person_academic_output (person_id, name, form, publish_date, rank, tech_domain, collaborators, citations, is_representative, created_at, updated_at) VALUES ('PERSON_S_d2ce04c54023990c', '关于光电技术的综述', '专著', '2023-01-09', '其他', '脑机接口', '["朱洋婷", "曹海燕瑞"]'::json, 610, TRUE, '2026-06-15T12:00:00+00:00', '2026-06-15T12:00:00+00:00');
INSERT INTO person_academic_output (person_id, name, form, publish_date, rank, tech_domain, collaborators, citations, is_representative, created_at, updated_at) VALUES ('PERSON_S_d2ce04c54023990c', '关于脑机接口的研究', '专著', '2019-04-20', '第三作者', '脑机接口', '["邓桂英志强", "刘桂英"]'::json, 32, TRUE, '2026-06-15T12:00:00+00:00', '2026-06-15T12:00:00+00:00');
INSERT INTO person_academic_output (person_id, name, form, publish_date, rank, tech_domain, collaborators, citations, is_representative, created_at, updated_at) VALUES ('PERSON_S_d2ce04c54023990c', '关于脑机接口的方法', '论文', '2021-12-06', '第一作者', '脑机接口', '["孙建华", "高艳斌", "彭刚"]'::json, 755, TRUE, '2026-06-15T12:00:00+00:00', '2026-06-15T12:00:00+00:00');
INSERT INTO person_academic_output (person_id, name, form, publish_date, rank, tech_domain, collaborators, citations, is_representative, created_at, updated_at) VALUES ('PERSON_S_d2ce04c54023990c', '关于脑机接口的综述', '专著', '2018-08-04', '第三作者', '脑机接口', '["邓军"]'::json, 138, TRUE, '2026-06-15T12:00:00+00:00', '2026-06-15T12:00:00+00:00');
INSERT INTO person_focus (person_id, focus_type, content, consistency_with_policy, potential_impact, created_at, updated_at) VALUES ('PERSON_S_d2ce04c54023990c', 'tech', '["光电技术前沿方向"]'::json, '符合国家科技创新规划', '["推动产业升级", "形成自主知识产权"]'::json, '2026-06-15T12:00:00+00:00', '2026-06-15T12:00:00+00:00');
INSERT INTO entity_change_log (entity_id, entity_type, field, old_value, new_value, method, operator, source_doc_id, reason, changed_at) VALUES ('PERSON_S_d2ce04c54023990c', 'person', '*', NULL, '{"action": "create"}'::json, 'rule', NULL, 'mock_seed', NULL, '2026-06-15T12:00:00+00:00');
INSERT INTO person_profile (person_id, name_cn, name_en, gender, avatar, nationality, summary, birth_date, age, birthplace, ethnicity, current_residence, current_org, current_enterprise, current_military_unit, current_position, highest_degree, person_category, professional_domains, professional_skills, social_media, personality_traits, hobbies, management_philosophy, remark, confidence, completeness, created_at, updated_at) VALUES ('PERSON_S_66b4e14881f14a5f', '朱晓东', 'Expert_Qaowmp', '男', '[]'::json, '中国', '朱晓东，研究，主要从事碳捕集、集成电路研究，现任新基因高科副教授。', '1987-04-09', 39, '北京', '汉族', '杭州', '新基因高科', NULL, NULL, '["教授"]'::json, '本科', '其他', '["碳捕集", "集成电路"]'::json, '["数据分析", "项目管理"]'::json, '', '["创新", "严谨"]'::json, '["运动"]'::json, '["产学研结合", "以问题为导向"]'::json, '[]'::json, 0.711, 0.781, '2026-06-15T12:00:00+00:00', '2026-06-15T12:00:00+00:00');
INSERT INTO person_education (person_id, start_date, degree_date, degree, school, major, created_at, updated_at) VALUES ('PERSON_S_66b4e14881f14a5f', '2002-08-02', '2002-12-18', '博士', '哈尔滨工业大学', '碳捕集', '2026-06-15T12:00:00+00:00', '2026-06-15T12:00:00+00:00');
INSERT INTO person_career (person_id, start_date, end_date, org, enterprise, military_unit, position, created_at, updated_at) VALUES ('PERSON_S_66b4e14881f14a5f', '2006-03-25', NULL, '新基因高科', NULL, NULL, '教授', '2026-06-15T12:00:00+00:00', '2026-06-15T12:00:00+00:00');
INSERT INTO person_award (person_id, description, created_at, updated_at) VALUES ('PERSON_S_66b4e14881f14a5f', '2015年获学会优秀论文', '2026-06-15T12:00:00+00:00', '2026-06-15T12:00:00+00:00');
INSERT INTO person_academic_output (person_id, name, form, publish_date, rank, tech_domain, collaborators, citations, is_representative, created_at, updated_at) VALUES ('PERSON_S_66b4e14881f14a5f', '关于集成电路的综述', '论文', '2018-03-14', '第二作者', '集成电路', '["林宇航", "朱宁晓东"]'::json, 274, TRUE, '2026-06-15T12:00:00+00:00', '2026-06-15T12:00:00+00:00');
INSERT INTO person_academic_output (person_id, name, form, publish_date, rank, tech_domain, collaborators, citations, is_representative, created_at, updated_at) VALUES ('PERSON_S_66b4e14881f14a5f', '关于集成电路的研究', '专著', '2024-11-15', '独著', '碳捕集', '["林婷志强", "韩俊杰", "孙志强昊"]'::json, 210, TRUE, '2026-06-15T12:00:00+00:00', '2026-06-15T12:00:00+00:00');
INSERT INTO person_academic_output (person_id, name, form, publish_date, rank, tech_domain, collaborators, citations, is_representative, created_at, updated_at) VALUES ('PERSON_S_66b4e14881f14a5f', '关于集成电路的研究', '汇报文稿', '2021-03-13', '第三作者', '集成电路', '["张志强娟", "王雪松"]'::json, 716, TRUE, '2026-06-15T12:00:00+00:00', '2026-06-15T12:00:00+00:00');
INSERT INTO person_focus (person_id, focus_type, content, consistency_with_policy, potential_impact, created_at, updated_at) VALUES ('PERSON_S_66b4e14881f14a5f', 'tech', '["碳捕集前沿方向"]'::json, '符合国家科技创新规划', '["推动产业升级", "形成自主知识产权"]'::json, '2026-06-15T12:00:00+00:00', '2026-06-15T12:00:00+00:00');
INSERT INTO entity_change_log (entity_id, entity_type, field, old_value, new_value, method, operator, source_doc_id, reason, changed_at) VALUES ('PERSON_S_66b4e14881f14a5f', 'person', '*', NULL, '{"action": "create"}'::json, 'rule', NULL, 'mock_seed', NULL, '2026-06-15T12:00:00+00:00');
INSERT INTO person_profile (person_id, name_cn, name_en, gender, avatar, nationality, summary, birth_date, age, birthplace, ethnicity, current_residence, current_org, current_enterprise, current_military_unit, current_position, highest_degree, person_category, professional_domains, professional_skills, social_media, personality_traits, hobbies, management_philosophy, remark, confidence, completeness, created_at, updated_at) VALUES ('PERSON_S_9fae9b4376b22972', '王娟', 'Expert_Qbyrwf', '男', '[]'::json, '中国', '王娟，研究，主要从事新能源研究，现任中未来工程技术中心副院长。', '1960-02-06', 66, '武汉', '汉族', '北京', '中未来工程技术中心', NULL, NULL, '["副教授"]'::json, '硕士', '研究', '["新能源"]'::json, '["算法设计", "系统架构", "项目管理"]'::json, '', '["坚韧"]'::json, '["音乐", "旅行"]'::json, '["产学研结合", "以问题为导向"]'::json, '[]'::json, 0.708, 0.597, '2026-06-15T12:00:00+00:00', '2026-06-15T12:00:00+00:00');
INSERT INTO person_education (person_id, start_date, degree_date, degree, school, major, created_at, updated_at) VALUES ('PERSON_S_9fae9b4376b22972', '1997-04-15', '2005-10-12', '本科', '哈尔滨工业大学', '新能源', '2026-06-15T12:00:00+00:00', '2026-06-15T12:00:00+00:00');
INSERT INTO person_career (person_id, start_date, end_date, org, enterprise, military_unit, position, created_at, updated_at) VALUES ('PERSON_S_9fae9b4376b22972', '2009-06-09', NULL, '中未来工程技术中心', NULL, NULL, '主任', '2026-06-15T12:00:00+00:00', '2026-06-15T12:00:00+00:00');
INSERT INTO person_award (person_id, description, created_at, updated_at) VALUES ('PERSON_S_9fae9b4376b22972', '2015年获省部级奖励', '2026-06-15T12:00:00+00:00', '2026-06-15T12:00:00+00:00');
INSERT INTO person_academic_output (person_id, name, form, publish_date, rank, tech_domain, collaborators, citations, is_representative, created_at, updated_at) VALUES ('PERSON_S_9fae9b4376b22972', '关于新能源的研究', '专利', '2024-09-18', '其他', '新能源', '["谢伟", "陈峰"]'::json, 660, TRUE, '2026-06-15T12:00:00+00:00', '2026-06-15T12:00:00+00:00');
INSERT INTO person_academic_output (person_id, name, form, publish_date, rank, tech_domain, collaborators, citations, is_representative, created_at, updated_at) VALUES ('PERSON_S_9fae9b4376b22972', '关于新能源的方法', '汇报文稿', '2023-06-21', '第二作者', '新能源', '["邓雪松建华", "林峰"]'::json, 736, TRUE, '2026-06-15T12:00:00+00:00', '2026-06-15T12:00:00+00:00');
INSERT INTO person_academic_output (person_id, name, form, publish_date, rank, tech_domain, collaborators, citations, is_representative, created_at, updated_at) VALUES ('PERSON_S_9fae9b4376b22972', '关于新能源的综述', '专利', '2021-10-10', '第一作者', '新能源', '["梁斌", "王强艳", "孙建华涛"]'::json, 96, TRUE, '2026-06-15T12:00:00+00:00', '2026-06-15T12:00:00+00:00');
INSERT INTO person_focus (person_id, focus_type, content, consistency_with_policy, potential_impact, created_at, updated_at) VALUES ('PERSON_S_9fae9b4376b22972', 'tech', '["新能源前沿方向"]'::json, '符合国家科技创新规划', '["推动产业升级", "形成自主知识产权"]'::json, '2026-06-15T12:00:00+00:00', '2026-06-15T12:00:00+00:00');
INSERT INTO entity_change_log (entity_id, entity_type, field, old_value, new_value, method, operator, source_doc_id, reason, changed_at) VALUES ('PERSON_S_9fae9b4376b22972', 'person', '*', NULL, '{"action": "create"}'::json, 'rule', NULL, 'mock_seed', NULL, '2026-06-15T12:00:00+00:00');
INSERT INTO person_profile (person_id, name_cn, name_en, gender, avatar, nationality, summary, birth_date, age, birthplace, ethnicity, current_residence, current_org, current_enterprise, current_military_unit, current_position, highest_degree, person_category, professional_domains, professional_skills, social_media, personality_traits, hobbies, management_philosophy, remark, confidence, completeness, created_at, updated_at) VALUES ('PERSON_S_3ba3bdcf800caff0', '韩建华', 'Expert_Fkjvio', '女', '[]'::json, '中国', '韩建华，其他，主要从事脑机接口研究，现任国航宇集团主任。', '1965-07-21', 61, '西安', '汉族', '上海', '国航宇集团', '国航宇集团', NULL, '["副院长"]'::json, '本科', '其他', '["脑机接口"]'::json, '["算法设计", "实验验证", "项目管理"]'::json, '', '["协作", "创新"]'::json, '["音乐", "运动"]'::json, '["产学研结合", "以问题为导向"]'::json, '[]'::json, 0.765, 0.656, '2026-06-15T12:00:00+00:00', '2026-06-15T12:00:00+00:00');
INSERT INTO person_education (person_id, start_date, degree_date, degree, school, major, created_at, updated_at) VALUES ('PERSON_S_3ba3bdcf800caff0', '2007-10-19', '2006-02-17', '硕士', '清华大学', '人工智能', '2026-06-15T12:00:00+00:00', '2026-06-15T12:00:00+00:00');
INSERT INTO person_career (person_id, start_date, end_date, org, enterprise, military_unit, position, created_at, updated_at) VALUES ('PERSON_S_3ba3bdcf800caff0', '2010-10-11', NULL, '国航宇集团', '国航宇集团', NULL, '教授', '2026-06-15T12:00:00+00:00', '2026-06-15T12:00:00+00:00');
INSERT INTO person_award (person_id, description, created_at, updated_at) VALUES ('PERSON_S_3ba3bdcf800caff0', '2020年获省部级奖励', '2026-06-15T12:00:00+00:00', '2026-06-15T12:00:00+00:00');
INSERT INTO person_academic_output (person_id, name, form, publish_date, rank, tech_domain, collaborators, citations, is_representative, created_at, updated_at) VALUES ('PERSON_S_3ba3bdcf800caff0', '关于脑机接口的综述', '专利', '2023-06-06', '第一作者', '脑机接口', '["胡超", "郑晓东涛"]'::json, 579, TRUE, '2026-06-15T12:00:00+00:00', '2026-06-15T12:00:00+00:00');
INSERT INTO person_academic_output (person_id, name, form, publish_date, rank, tech_domain, collaborators, citations, is_representative, created_at, updated_at) VALUES ('PERSON_S_3ba3bdcf800caff0', '关于脑机接口的研究', '论文', '2019-09-28', '第三作者', '脑机接口', '["冯伟", "罗明宁", "马艳磊"]'::json, 316, TRUE, '2026-06-15T12:00:00+00:00', '2026-06-15T12:00:00+00:00');
INSERT INTO person_academic_output (person_id, name, form, publish_date, rank, tech_domain, collaborators, citations, is_representative, created_at, updated_at) VALUES ('PERSON_S_3ba3bdcf800caff0', '关于脑机接口的研究', '专著', '2020-01-05', '独著', '脑机接口', '["徐建华海燕", "高洋婷", "陈昊超"]'::json, 447, TRUE, '2026-06-15T12:00:00+00:00', '2026-06-15T12:00:00+00:00');
INSERT INTO person_academic_output (person_id, name, form, publish_date, rank, tech_domain, collaborators, citations, is_representative, created_at, updated_at) VALUES ('PERSON_S_3ba3bdcf800caff0', '关于脑机接口的方法', '论文', '2018-05-26', '第三作者', '脑机接口', '["冯艳", "彭雪松"]'::json, 118, TRUE, '2026-06-15T12:00:00+00:00', '2026-06-15T12:00:00+00:00');
INSERT INTO person_focus (person_id, focus_type, content, consistency_with_policy, potential_impact, created_at, updated_at) VALUES ('PERSON_S_3ba3bdcf800caff0', 'tech', '["脑机接口前沿方向"]'::json, '符合国家科技创新规划', '["推动产业升级", "形成自主知识产权"]'::json, '2026-06-15T12:00:00+00:00', '2026-06-15T12:00:00+00:00');
INSERT INTO entity_change_log (entity_id, entity_type, field, old_value, new_value, method, operator, source_doc_id, reason, changed_at) VALUES ('PERSON_S_3ba3bdcf800caff0', 'person', '*', NULL, '{"action": "create"}'::json, 'rule', NULL, 'mock_seed', NULL, '2026-06-15T12:00:00+00:00');
INSERT INTO person_profile (person_id, name_cn, name_en, gender, avatar, nationality, summary, birth_date, age, birthplace, ethnicity, current_residence, current_org, current_enterprise, current_military_unit, current_position, highest_degree, person_category, professional_domains, professional_skills, social_media, personality_traits, hobbies, management_philosophy, remark, confidence, completeness, created_at, updated_at) VALUES ('PERSON_S_85b184bcfe5f74a0', '黄勇', 'Expert_Osplie', '女', '[]'::json, '中国', '黄勇，管理，主要从事碳捕集、5G通信研究，现任华量子集团高级工程师。', '1960-06-18', 66, '西安', '汉族', '杭州', '华量子集团', NULL, NULL, '["总工程师"]'::json, '硕士', '其他', '["碳捕集", "5G通信", "深海装备"]'::json, '["实验验证", "项目管理"]'::json, '', '["坚韧"]'::json, '["音乐", "运动"]'::json, '["产学研结合", "以问题为导向"]'::json, '[]'::json, 0.891, 0.611, '2026-06-15T12:00:00+00:00', '2026-06-15T12:00:00+00:00');
INSERT INTO person_education (person_id, start_date, degree_date, degree, school, major, created_at, updated_at) VALUES ('PERSON_S_85b184bcfe5f74a0', '2004-12-21', '1999-06-26', '本科', '清华大学', '集成电路', '2026-06-15T12:00:00+00:00', '2026-06-15T12:00:00+00:00');
INSERT INTO person_career (person_id, start_date, end_date, org, enterprise, military_unit, position, created_at, updated_at) VALUES ('PERSON_S_85b184bcfe5f74a0', '2016-04-06', NULL, '华量子集团', NULL, NULL, '研究员', '2026-06-15T12:00:00+00:00', '2026-06-15T12:00:00+00:00');
INSERT INTO person_award (person_id, description, created_at, updated_at) VALUES ('PERSON_S_85b184bcfe5f74a0', '2016年获学会优秀论文', '2026-06-15T12:00:00+00:00', '2026-06-15T12:00:00+00:00');
INSERT INTO person_academic_output (person_id, name, form, publish_date, rank, tech_domain, collaborators, citations, is_representative, created_at, updated_at) VALUES ('PERSON_S_85b184bcfe5f74a0', '关于5G通信的方法', '论文', '2019-02-13', '其他', '深海装备', '["唐明瑞", "韩洋", "张超"]'::json, 796, TRUE, '2026-06-15T12:00:00+00:00', '2026-06-15T12:00:00+00:00');
INSERT INTO person_academic_output (person_id, name, form, publish_date, rank, tech_domain, collaborators, citations, is_representative, created_at, updated_at) VALUES ('PERSON_S_85b184bcfe5f74a0', '关于5G通信的综述', '汇报文稿', '2020-05-19', '第二作者', '5G通信', '["梁晓东", "刘霞", "宋娟"]'::json, 373, TRUE, '2026-06-15T12:00:00+00:00', '2026-06-15T12:00:00+00:00');
INSERT INTO person_focus (person_id, focus_type, content, consistency_with_policy, potential_impact, created_at, updated_at) VALUES ('PERSON_S_85b184bcfe5f74a0', 'tech', '["深海装备前沿方向"]'::json, '符合国家科技创新规划', '["推动产业升级", "形成自主知识产权"]'::json, '2026-06-15T12:00:00+00:00', '2026-06-15T12:00:00+00:00');
INSERT INTO entity_change_log (entity_id, entity_type, field, old_value, new_value, method, operator, source_doc_id, reason, changed_at) VALUES ('PERSON_S_85b184bcfe5f74a0', 'person', '*', NULL, '{"action": "create"}'::json, 'rule', NULL, 'mock_seed', NULL, '2026-06-15T12:00:00+00:00');
INSERT INTO person_profile (person_id, name_cn, name_en, gender, avatar, nationality, summary, birth_date, age, birthplace, ethnicity, current_residence, current_org, current_enterprise, current_military_unit, current_position, highest_degree, person_category, professional_domains, professional_skills, social_media, personality_traits, hobbies, management_philosophy, remark, confidence, completeness, created_at, updated_at) VALUES ('PERSON_S_ea395bcbac262f74', '黄娟', 'Expert_Pwxwtt', '女', '[]'::json, '中国', '黄娟，研究，主要从事机器人、新材料研究，现任国氢动高科教授。', '1962-09-07', 64, '成都', '汉族', '北京', '国氢动高科', NULL, NULL, '["主任"]'::json, '博士', '管理', '["机器人", "新材料"]'::json, '["算法设计", "项目管理"]'::json, '', '["协作"]'::json, '["音乐"]'::json, '["产学研结合", "以问题为导向"]'::json, '[]'::json, 0.737, 0.588, '2026-06-15T12:00:00+00:00', '2026-06-15T12:00:00+00:00');
INSERT INTO person_education (person_id, start_date, degree_date, degree, school, major, created_at, updated_at) VALUES ('PERSON_S_ea395bcbac262f74', '2004-07-12', '2012-06-13', '硕士', '中国科学技术大学', '集成电路', '2026-06-15T12:00:00+00:00', '2026-06-15T12:00:00+00:00');
INSERT INTO person_career (person_id, start_date, end_date, org, enterprise, military_unit, position, created_at, updated_at) VALUES ('PERSON_S_ea395bcbac262f74', '2009-07-07', NULL, '国氢动高科', NULL, NULL, '总工程师', '2026-06-15T12:00:00+00:00', '2026-06-15T12:00:00+00:00');
INSERT INTO person_award (person_id, description, created_at, updated_at) VALUES ('PERSON_S_ea395bcbac262f74', '2022年获省部级奖励', '2026-06-15T12:00:00+00:00', '2026-06-15T12:00:00+00:00');
INSERT INTO person_academic_output (person_id, name, form, publish_date, rank, tech_domain, collaborators, citations, is_representative, created_at, updated_at) VALUES ('PERSON_S_ea395bcbac262f74', '关于机器人的方法', '汇报文稿', '2019-02-24', '其他', '新材料', '["刘娟", "赵强"]'::json, 253, TRUE, '2026-06-15T12:00:00+00:00', '2026-06-15T12:00:00+00:00');
INSERT INTO person_academic_output (person_id, name, form, publish_date, rank, tech_domain, collaborators, citations, is_representative, created_at, updated_at) VALUES ('PERSON_S_ea395bcbac262f74', '关于新材料的方法', '专著', '2019-12-01', '独著', '新材料', '["宋宁", "黄磊"]'::json, 112, TRUE, '2026-06-15T12:00:00+00:00', '2026-06-15T12:00:00+00:00');
INSERT INTO person_academic_output (person_id, name, form, publish_date, rank, tech_domain, collaborators, citations, is_representative, created_at, updated_at) VALUES ('PERSON_S_ea395bcbac262f74', '关于机器人的方法', '专利', '2022-10-08', '独著', '机器人', '["杨俊杰", "韩明", "黄强晓东"]'::json, 205, TRUE, '2026-06-15T12:00:00+00:00', '2026-06-15T12:00:00+00:00');
INSERT INTO person_focus (person_id, focus_type, content, consistency_with_policy, potential_impact, created_at, updated_at) VALUES ('PERSON_S_ea395bcbac262f74', 'tech', '["新材料前沿方向"]'::json, '符合国家科技创新规划', '["推动产业升级", "形成自主知识产权"]'::json, '2026-06-15T12:00:00+00:00', '2026-06-15T12:00:00+00:00');
INSERT INTO entity_change_log (entity_id, entity_type, field, old_value, new_value, method, operator, source_doc_id, reason, changed_at) VALUES ('PERSON_S_ea395bcbac262f74', 'person', '*', NULL, '{"action": "create"}'::json, 'rule', NULL, 'mock_seed', NULL, '2026-06-15T12:00:00+00:00');
INSERT INTO person_profile (person_id, name_cn, name_en, gender, avatar, nationality, summary, birth_date, age, birthplace, ethnicity, current_residence, current_org, current_enterprise, current_military_unit, current_position, highest_degree, person_category, professional_domains, professional_skills, social_media, personality_traits, hobbies, management_philosophy, remark, confidence, completeness, created_at, updated_at) VALUES ('PERSON_S_ff3911c4827c2411', '吴俊杰', 'Expert_Btjgjq', '男', '[]'::json, '中国', '吴俊杰，管理，主要从事人工智能、先进算力研究，现任东方基因股份研究员。', '1995-01-01', 31, '上海', '汉族', '杭州', '东方基因股份', NULL, NULL, '["教授"]'::json, '硕士', '其他', '["人工智能", "先进算力", "基因编辑"]'::json, '["系统架构", "数据分析", "项目管理", "实验验证"]'::json, '', '["务实", "坚韧", "创新"]'::json, '["音乐", "阅读"]'::json, '["产学研结合", "以问题为导向"]'::json, '[]'::json, 0.877, 0.597, '2026-06-15T12:00:00+00:00', '2026-06-15T12:00:00+00:00');
INSERT INTO person_education (person_id, start_date, degree_date, degree, school, major, created_at, updated_at) VALUES ('PERSON_S_ff3911c4827c2411', '1998-05-13', '2000-12-15', '本科', '中国科学技术大学', '人工智能', '2026-06-15T12:00:00+00:00', '2026-06-15T12:00:00+00:00');
INSERT INTO person_career (person_id, start_date, end_date, org, enterprise, military_unit, position, created_at, updated_at) VALUES ('PERSON_S_ff3911c4827c2411', '2019-04-21', NULL, '东方基因股份', NULL, NULL, '高级工程师', '2026-06-15T12:00:00+00:00', '2026-06-15T12:00:00+00:00');
INSERT INTO person_award (person_id, description, created_at, updated_at) VALUES ('PERSON_S_ff3911c4827c2411', '2021年获学会优秀论文', '2026-06-15T12:00:00+00:00', '2026-06-15T12:00:00+00:00');
INSERT INTO person_academic_output (person_id, name, form, publish_date, rank, tech_domain, collaborators, citations, is_representative, created_at, updated_at) VALUES ('PERSON_S_ff3911c4827c2411', '关于先进算力的方法', '论文', '2021-07-12', '第一作者', '基因编辑', '["许宁涛", "高宇航文博", "赵建华斌"]'::json, 267, TRUE, '2026-06-15T12:00:00+00:00', '2026-06-15T12:00:00+00:00');
INSERT INTO person_academic_output (person_id, name, form, publish_date, rank, tech_domain, collaborators, citations, is_representative, created_at, updated_at) VALUES ('PERSON_S_ff3911c4827c2411', '关于人工智能的方法', '专利', '2021-03-07', '独著', '基因编辑', '["林雪松洋", "谢宇航宁"]'::json, 374, TRUE, '2026-06-15T12:00:00+00:00', '2026-06-15T12:00:00+00:00');
INSERT INTO person_academic_output (person_id, name, form, publish_date, rank, tech_domain, collaborators, citations, is_representative, created_at, updated_at) VALUES ('PERSON_S_ff3911c4827c2411', '关于人工智能的综述', '专著', '2021-04-06', '第二作者', '人工智能', '["徐建华桂英"]'::json, 174, TRUE, '2026-06-15T12:00:00+00:00', '2026-06-15T12:00:00+00:00');
INSERT INTO person_academic_output (person_id, name, form, publish_date, rank, tech_domain, collaborators, citations, is_representative, created_at, updated_at) VALUES ('PERSON_S_ff3911c4827c2411', '关于基因编辑的综述', '专利', '2020-06-22', '独著', '人工智能', '["冯昊杰"]'::json, 74, TRUE, '2026-06-15T12:00:00+00:00', '2026-06-15T12:00:00+00:00');
INSERT INTO person_focus (person_id, focus_type, content, consistency_with_policy, potential_impact, created_at, updated_at) VALUES ('PERSON_S_ff3911c4827c2411', 'tech', '["先进算力前沿方向"]'::json, '符合国家科技创新规划', '["推动产业升级", "形成自主知识产权"]'::json, '2026-06-15T12:00:00+00:00', '2026-06-15T12:00:00+00:00');
INSERT INTO entity_change_log (entity_id, entity_type, field, old_value, new_value, method, operator, source_doc_id, reason, changed_at) VALUES ('PERSON_S_ff3911c4827c2411', 'person', '*', NULL, '{"action": "create"}'::json, 'rule', NULL, 'mock_seed', NULL, '2026-06-15T12:00:00+00:00');
INSERT INTO person_profile (person_id, name_cn, name_en, gender, avatar, nationality, summary, birth_date, age, birthplace, ethnicity, current_residence, current_org, current_enterprise, current_military_unit, current_position, highest_degree, person_category, professional_domains, professional_skills, social_media, personality_traits, hobbies, management_philosophy, remark, confidence, completeness, created_at, updated_at) VALUES ('PERSON_S_474b7cec8024c22e', '林峰', 'Expert_Zcsnsc', '女', '[]'::json, '中国', '林峰，研究，主要从事光电技术、航空航天研究，现任南方储能实验室副院长。', '1965-03-09', 61, '北京', '汉族', '上海', '南方储能实验室', NULL, NULL, '["高级工程师"]'::json, '本科', '其他', '["光电技术", "航空航天"]'::json, '["系统架构", "算法设计"]'::json, '', '["创新", "协作", "务实"]'::json, '["音乐", "旅行"]'::json, '["产学研结合", "以问题为导向"]'::json, '[]'::json, 0.767, 0.931, '2026-06-15T12:00:00+00:00', '2026-06-15T12:00:00+00:00');
INSERT INTO person_education (person_id, start_date, degree_date, degree, school, major, created_at, updated_at) VALUES ('PERSON_S_474b7cec8024c22e', '2006-10-17', '2006-04-17', '本科', '上海交通大学', '人工智能', '2026-06-15T12:00:00+00:00', '2026-06-15T12:00:00+00:00');
INSERT INTO person_career (person_id, start_date, end_date, org, enterprise, military_unit, position, created_at, updated_at) VALUES ('PERSON_S_474b7cec8024c22e', '2010-07-02', NULL, '南方储能实验室', NULL, NULL, '副教授', '2026-06-15T12:00:00+00:00', '2026-06-15T12:00:00+00:00');
INSERT INTO person_award (person_id, description, created_at, updated_at) VALUES ('PERSON_S_474b7cec8024c22e', '2023年获学会优秀论文', '2026-06-15T12:00:00+00:00', '2026-06-15T12:00:00+00:00');
INSERT INTO person_academic_output (person_id, name, form, publish_date, rank, tech_domain, collaborators, citations, is_representative, created_at, updated_at) VALUES ('PERSON_S_474b7cec8024c22e', '关于航空航天的研究', '汇报文稿', '2024-09-11', '其他', '光电技术', '["梁洋峰", "朱桂英艳", "陈俊杰"]'::json, 171, TRUE, '2026-06-15T12:00:00+00:00', '2026-06-15T12:00:00+00:00');
INSERT INTO person_academic_output (person_id, name, form, publish_date, rank, tech_domain, collaborators, citations, is_representative, created_at, updated_at) VALUES ('PERSON_S_474b7cec8024c22e', '关于航空航天的综述', '专利', '2021-06-01', '第二作者', '光电技术', '["许海燕昊", "曹强"]'::json, 645, TRUE, '2026-06-15T12:00:00+00:00', '2026-06-15T12:00:00+00:00');
INSERT INTO person_academic_output (person_id, name, form, publish_date, rank, tech_domain, collaborators, citations, is_representative, created_at, updated_at) VALUES ('PERSON_S_474b7cec8024c22e', '关于光电技术的方法', '论文', '2020-10-13', '第三作者', '航空航天', '["林志强霞", "罗霞", "王霞"]'::json, 333, TRUE, '2026-06-15T12:00:00+00:00', '2026-06-15T12:00:00+00:00');
INSERT INTO person_academic_output (person_id, name, form, publish_date, rank, tech_domain, collaborators, citations, is_representative, created_at, updated_at) VALUES ('PERSON_S_474b7cec8024c22e', '关于光电技术的综述', '论文', '2018-11-04', '独著', '航空航天', '["谢晓东", "刘勇", "张磊桂英"]'::json, 441, TRUE, '2026-06-15T12:00:00+00:00', '2026-06-15T12:00:00+00:00');
INSERT INTO person_focus (person_id, focus_type, content, consistency_with_policy, potential_impact, created_at, updated_at) VALUES ('PERSON_S_474b7cec8024c22e', 'tech', '["光电技术前沿方向"]'::json, '符合国家科技创新规划', '["推动产业升级", "形成自主知识产权"]'::json, '2026-06-15T12:00:00+00:00', '2026-06-15T12:00:00+00:00');
INSERT INTO entity_change_log (entity_id, entity_type, field, old_value, new_value, method, operator, source_doc_id, reason, changed_at) VALUES ('PERSON_S_474b7cec8024c22e', 'person', '*', NULL, '{"action": "create"}'::json, 'rule', NULL, 'mock_seed', NULL, '2026-06-15T12:00:00+00:00');
INSERT INTO person_profile (person_id, name_cn, name_en, gender, avatar, nationality, summary, birth_date, age, birthplace, ethnicity, current_residence, current_org, current_enterprise, current_military_unit, current_position, highest_degree, person_category, professional_domains, professional_skills, social_media, personality_traits, hobbies, management_philosophy, remark, confidence, completeness, created_at, updated_at) VALUES ('PERSON_S_9200f83a8fe94546', '李昊强', 'Expert_Tousli', '女', '[]'::json, '中国', '李昊强，管理，主要从事储能、网络安全研究，现任华生医实验室主任。', '1985-06-23', 41, '哈尔滨', '汉族', '上海', '华生医实验室', NULL, NULL, '["首席科学家"]'::json, '本科', '其他', '["储能", "网络安全"]'::json, '["工程化", "数据分析", "项目管理"]'::json, '', '["坚韧", "协作"]'::json, '["运动"]'::json, '["产学研结合", "以问题为导向"]'::json, '[]'::json, 0.789, 0.745, '2026-06-15T12:00:00+00:00', '2026-06-15T12:00:00+00:00');
INSERT INTO person_education (person_id, start_date, degree_date, degree, school, major, created_at, updated_at) VALUES ('PERSON_S_9200f83a8fe94546', '1998-09-28', '2004-06-09', '博士', '上海交通大学', '半导体', '2026-06-15T12:00:00+00:00', '2026-06-15T12:00:00+00:00');
INSERT INTO person_career (person_id, start_date, end_date, org, enterprise, military_unit, position, created_at, updated_at) VALUES ('PERSON_S_9200f83a8fe94546', '2019-07-21', NULL, '华生医实验室', NULL, NULL, '副院长', '2026-06-15T12:00:00+00:00', '2026-06-15T12:00:00+00:00');
INSERT INTO person_award (person_id, description, created_at, updated_at) VALUES ('PERSON_S_9200f83a8fe94546', '2023年获省部级奖励', '2026-06-15T12:00:00+00:00', '2026-06-15T12:00:00+00:00');
INSERT INTO person_academic_output (person_id, name, form, publish_date, rank, tech_domain, collaborators, citations, is_representative, created_at, updated_at) VALUES ('PERSON_S_9200f83a8fe94546', '关于储能的研究', '汇报文稿', '2019-12-02', '第二作者', '储能', '["何海燕", "周军"]'::json, 21, TRUE, '2026-06-15T12:00:00+00:00', '2026-06-15T12:00:00+00:00');
INSERT INTO person_academic_output (person_id, name, form, publish_date, rank, tech_domain, collaborators, citations, is_representative, created_at, updated_at) VALUES ('PERSON_S_9200f83a8fe94546', '关于储能的研究', '论文', '2018-11-04', '其他', '网络安全', '["周明", "马峰超", "邓桂英"]'::json, 697, TRUE, '2026-06-15T12:00:00+00:00', '2026-06-15T12:00:00+00:00');
INSERT INTO person_focus (person_id, focus_type, content, consistency_with_policy, potential_impact, created_at, updated_at) VALUES ('PERSON_S_9200f83a8fe94546', 'tech', '["网络安全前沿方向"]'::json, '符合国家科技创新规划', '["推动产业升级", "形成自主知识产权"]'::json, '2026-06-15T12:00:00+00:00', '2026-06-15T12:00:00+00:00');
INSERT INTO entity_change_log (entity_id, entity_type, field, old_value, new_value, method, operator, source_doc_id, reason, changed_at) VALUES ('PERSON_S_9200f83a8fe94546', 'person', '*', NULL, '{"action": "create"}'::json, 'rule', NULL, 'mock_seed', NULL, '2026-06-15T12:00:00+00:00');
INSERT INTO person_profile (person_id, name_cn, name_en, gender, avatar, nationality, summary, birth_date, age, birthplace, ethnicity, current_residence, current_org, current_enterprise, current_military_unit, current_position, highest_degree, person_category, professional_domains, professional_skills, social_media, personality_traits, hobbies, management_philosophy, remark, confidence, completeness, created_at, updated_at) VALUES ('PERSON_S_194f68acffea3481', '韩艳强', 'Expert_Gdgofq', '女', '[]'::json, '中国', '韩艳强，研究，主要从事深海装备、增材制造研究，现任新氢动高科主任。', '1994-05-01', 32, '南京', '汉族', '深圳', '新氢动高科', NULL, NULL, '["教授"]'::json, '硕士', '其他', '["深海装备", "增材制造", "新能源"]'::json, '["数据分析", "算法设计"]'::json, '', '["务实"]'::json, '["运动", "音乐"]'::json, '["产学研结合", "以问题为导向"]'::json, '[]'::json, 0.955, 0.824, '2026-06-15T12:00:00+00:00', '2026-06-15T12:00:00+00:00');
INSERT INTO person_education (person_id, start_date, degree_date, degree, school, major, created_at, updated_at) VALUES ('PERSON_S_194f68acffea3481', '2003-06-04', '2013-09-23', '本科', '上海交通大学', '人工智能', '2026-06-15T12:00:00+00:00', '2026-06-15T12:00:00+00:00');
INSERT INTO person_career (person_id, start_date, end_date, org, enterprise, military_unit, position, created_at, updated_at) VALUES ('PERSON_S_194f68acffea3481', '2016-12-14', NULL, '新氢动高科', NULL, NULL, '研究员', '2026-06-15T12:00:00+00:00', '2026-06-15T12:00:00+00:00');
INSERT INTO person_award (person_id, description, created_at, updated_at) VALUES ('PERSON_S_194f68acffea3481', '2017年获学会优秀论文', '2026-06-15T12:00:00+00:00', '2026-06-15T12:00:00+00:00');
INSERT INTO person_academic_output (person_id, name, form, publish_date, rank, tech_domain, collaborators, citations, is_representative, created_at, updated_at) VALUES ('PERSON_S_194f68acffea3481', '关于新能源的综述', '论文', '2024-07-14', '独著', '新能源', '["宋雪松俊杰", "高杰", "彭文博"]'::json, 466, TRUE, '2026-06-15T12:00:00+00:00', '2026-06-15T12:00:00+00:00');
INSERT INTO person_academic_output (person_id, name, form, publish_date, rank, tech_domain, collaborators, citations, is_representative, created_at, updated_at) VALUES ('PERSON_S_194f68acffea3481', '关于深海装备的方法', '汇报文稿', '2022-06-05', '独著', '新能源', '["何艳"]'::json, 706, TRUE, '2026-06-15T12:00:00+00:00', '2026-06-15T12:00:00+00:00');
INSERT INTO person_academic_output (person_id, name, form, publish_date, rank, tech_domain, collaborators, citations, is_representative, created_at, updated_at) VALUES ('PERSON_S_194f68acffea3481', '关于增材制造的研究', '专利', '2024-12-06', '第一作者', '深海装备', '["孙平桂英"]'::json, 625, TRUE, '2026-06-15T12:00:00+00:00', '2026-06-15T12:00:00+00:00');
INSERT INTO person_academic_output (person_id, name, form, publish_date, rank, tech_domain, collaborators, citations, is_representative, created_at, updated_at) VALUES ('PERSON_S_194f68acffea3481', '关于新能源的综述', '汇报文稿', '2018-12-19', '第三作者', '增材制造', '["谢俊杰志强", "张涛平"]'::json, 456, TRUE, '2026-06-15T12:00:00+00:00', '2026-06-15T12:00:00+00:00');
INSERT INTO person_focus (person_id, focus_type, content, consistency_with_policy, potential_impact, created_at, updated_at) VALUES ('PERSON_S_194f68acffea3481', 'tech', '["增材制造前沿方向"]'::json, '符合国家科技创新规划', '["推动产业升级", "形成自主知识产权"]'::json, '2026-06-15T12:00:00+00:00', '2026-06-15T12:00:00+00:00');
INSERT INTO entity_change_log (entity_id, entity_type, field, old_value, new_value, method, operator, source_doc_id, reason, changed_at) VALUES ('PERSON_S_194f68acffea3481', 'person', '*', NULL, '{"action": "create"}'::json, 'rule', NULL, 'mock_seed', NULL, '2026-06-15T12:00:00+00:00');
INSERT INTO person_profile (person_id, name_cn, name_en, gender, avatar, nationality, summary, birth_date, age, birthplace, ethnicity, current_residence, current_org, current_enterprise, current_military_unit, current_position, highest_degree, person_category, professional_domains, professional_skills, social_media, personality_traits, hobbies, management_philosophy, remark, confidence, completeness, created_at, updated_at) VALUES ('PERSON_S_ce514c2a3a93a18c', '张磊', 'Expert_Vexwpt', '女', '[]'::json, '中国', '张磊，研究，主要从事增材制造研究，现任华航宇股份副教授。', '1993-05-01', 33, '哈尔滨', '汉族', '深圳', '华航宇股份', NULL, NULL, '["副教授"]'::json, '本科', '管理', '["增材制造"]'::json, '["工程化", "系统架构", "算法设计"]'::json, '', '["务实", "协作", "坚韧"]'::json, '["运动"]'::json, '["产学研结合", "以问题为导向"]'::json, '[]'::json, 0.712, 0.69, '2026-06-15T12:00:00+00:00', '2026-06-15T12:00:00+00:00');
INSERT INTO person_education (person_id, start_date, degree_date, degree, school, major, created_at, updated_at) VALUES ('PERSON_S_ce514c2a3a93a18c', '1999-08-19', '2008-05-24', '本科', '清华大学', '增材制造', '2026-06-15T12:00:00+00:00', '2026-06-15T12:00:00+00:00');
INSERT INTO person_career (person_id, start_date, end_date, org, enterprise, military_unit, position, created_at, updated_at) VALUES ('PERSON_S_ce514c2a3a93a18c', '2006-09-23', NULL, '华航宇股份', NULL, NULL, '主任', '2026-06-15T12:00:00+00:00', '2026-06-15T12:00:00+00:00');
INSERT INTO person_award (person_id, description, created_at, updated_at) VALUES ('PERSON_S_ce514c2a3a93a18c', '2018年获省部级奖励', '2026-06-15T12:00:00+00:00', '2026-06-15T12:00:00+00:00');
INSERT INTO person_academic_output (person_id, name, form, publish_date, rank, tech_domain, collaborators, citations, is_representative, created_at, updated_at) VALUES ('PERSON_S_ce514c2a3a93a18c', '关于增材制造的研究', '论文', '2022-08-18', '第三作者', '增材制造', '["邓峰涛", "徐海燕", "罗建华"]'::json, 656, TRUE, '2026-06-15T12:00:00+00:00', '2026-06-15T12:00:00+00:00');
INSERT INTO person_academic_output (person_id, name, form, publish_date, rank, tech_domain, collaborators, citations, is_representative, created_at, updated_at) VALUES ('PERSON_S_ce514c2a3a93a18c', '关于增材制造的方法', '汇报文稿', '2024-12-13', '第一作者', '增材制造', '["彭刚军", "徐文博宁"]'::json, 360, TRUE, '2026-06-15T12:00:00+00:00', '2026-06-15T12:00:00+00:00');
INSERT INTO person_academic_output (person_id, name, form, publish_date, rank, tech_domain, collaborators, citations, is_representative, created_at, updated_at) VALUES ('PERSON_S_ce514c2a3a93a18c', '关于增材制造的方法', '汇报文稿', '2023-10-20', '独著', '增材制造', '["林磊", "宋娟刚", "黄建华"]'::json, 640, TRUE, '2026-06-15T12:00:00+00:00', '2026-06-15T12:00:00+00:00');
INSERT INTO person_focus (person_id, focus_type, content, consistency_with_policy, potential_impact, created_at, updated_at) VALUES ('PERSON_S_ce514c2a3a93a18c', 'tech', '["增材制造前沿方向"]'::json, '符合国家科技创新规划', '["推动产业升级", "形成自主知识产权"]'::json, '2026-06-15T12:00:00+00:00', '2026-06-15T12:00:00+00:00');
INSERT INTO entity_change_log (entity_id, entity_type, field, old_value, new_value, method, operator, source_doc_id, reason, changed_at) VALUES ('PERSON_S_ce514c2a3a93a18c', 'person', '*', NULL, '{"action": "create"}'::json, 'rule', NULL, 'mock_seed', NULL, '2026-06-15T12:00:00+00:00');
INSERT INTO person_profile (person_id, name_cn, name_en, gender, avatar, nationality, summary, birth_date, age, birthplace, ethnicity, current_residence, current_org, current_enterprise, current_military_unit, current_position, highest_degree, person_category, professional_domains, professional_skills, social_media, personality_traits, hobbies, management_philosophy, remark, confidence, completeness, created_at, updated_at) VALUES ('PERSON_S_1337710774e8e152', '吴昊', 'Expert_Yqaaxa', '男', '[]'::json, '中国', '吴昊，研究，主要从事半导体、大模型研究，现任新基因实验室副院长。', '1980-03-26', 46, '南京', '汉族', '深圳', '新基因实验室', NULL, NULL, '["总工程师"]'::json, '硕士', '其他', '["半导体", "大模型", "光电技术"]'::json, '["工程化", "实验验证"]'::json, '', '["务实", "创新"]'::json, '["旅行", "运动"]'::json, '["产学研结合", "以问题为导向"]'::json, '[]'::json, 0.864, 0.945, '2026-06-15T12:00:00+00:00', '2026-06-15T12:00:00+00:00');
INSERT INTO person_education (person_id, start_date, degree_date, degree, school, major, created_at, updated_at) VALUES ('PERSON_S_1337710774e8e152', '1995-05-11', '2012-03-18', '博士', '清华大学', '集成电路', '2026-06-15T12:00:00+00:00', '2026-06-15T12:00:00+00:00');
INSERT INTO person_career (person_id, start_date, end_date, org, enterprise, military_unit, position, created_at, updated_at) VALUES ('PERSON_S_1337710774e8e152', '2018-04-11', NULL, '新基因实验室', NULL, NULL, '副院长', '2026-06-15T12:00:00+00:00', '2026-06-15T12:00:00+00:00');
INSERT INTO person_award (person_id, description, created_at, updated_at) VALUES ('PERSON_S_1337710774e8e152', '2020年获国家自然科学奖', '2026-06-15T12:00:00+00:00', '2026-06-15T12:00:00+00:00');
INSERT INTO person_academic_output (person_id, name, form, publish_date, rank, tech_domain, collaborators, citations, is_representative, created_at, updated_at) VALUES ('PERSON_S_1337710774e8e152', '关于大模型的研究', '专著', '2018-05-15', '第二作者', '大模型', '["孙宁勇", "唐强"]'::json, 234, TRUE, '2026-06-15T12:00:00+00:00', '2026-06-15T12:00:00+00:00');
INSERT INTO person_academic_output (person_id, name, form, publish_date, rank, tech_domain, collaborators, citations, is_representative, created_at, updated_at) VALUES ('PERSON_S_1337710774e8e152', '关于光电技术的研究', '专著', '2018-01-09', '第一作者', '半导体', '["林超瑞", "吴宇航"]'::json, 88, TRUE, '2026-06-15T12:00:00+00:00', '2026-06-15T12:00:00+00:00');
INSERT INTO person_academic_output (person_id, name, form, publish_date, rank, tech_domain, collaborators, citations, is_representative, created_at, updated_at) VALUES ('PERSON_S_1337710774e8e152', '关于大模型的方法', '专著', '2022-10-08', '第二作者', '半导体', '["谢峰"]'::json, 225, TRUE, '2026-06-15T12:00:00+00:00', '2026-06-15T12:00:00+00:00');
INSERT INTO person_academic_output (person_id, name, form, publish_date, rank, tech_domain, collaborators, citations, is_representative, created_at, updated_at) VALUES ('PERSON_S_1337710774e8e152', '关于半导体的方法', '论文', '2020-08-08', '第二作者', '半导体', '["罗宇航", "周桂英", "赵宇航"]'::json, 651, TRUE, '2026-06-15T12:00:00+00:00', '2026-06-15T12:00:00+00:00');
INSERT INTO person_focus (person_id, focus_type, content, consistency_with_policy, potential_impact, created_at, updated_at) VALUES ('PERSON_S_1337710774e8e152', 'tech', '["半导体前沿方向"]'::json, '符合国家科技创新规划', '["推动产业升级", "形成自主知识产权"]'::json, '2026-06-15T12:00:00+00:00', '2026-06-15T12:00:00+00:00');
INSERT INTO entity_change_log (entity_id, entity_type, field, old_value, new_value, method, operator, source_doc_id, reason, changed_at) VALUES ('PERSON_S_1337710774e8e152', 'person', '*', NULL, '{"action": "create"}'::json, 'rule', NULL, 'mock_seed', NULL, '2026-06-15T12:00:00+00:00');
INSERT INTO person_profile (person_id, name_cn, name_en, gender, avatar, nationality, summary, birth_date, age, birthplace, ethnicity, current_residence, current_org, current_enterprise, current_military_unit, current_position, highest_degree, person_category, professional_domains, professional_skills, social_media, personality_traits, hobbies, management_philosophy, remark, confidence, completeness, created_at, updated_at) VALUES ('PERSON_S_c9488af8af8c90c4', '黄霞', 'Expert_Tmhvzf', '女', '[]'::json, '中国', '黄霞，其他，主要从事储能、氢能研究，现任国储能股份总工程师。', '1974-11-27', 52, '上海', '汉族', '深圳', '国储能股份', '国储能股份', NULL, '["研究员"]'::json, '博士', '其他', '["储能", "氢能"]'::json, '["算法设计", "实验验证", "项目管理", "数据分析"]'::json, '', '["创新"]'::json, '["音乐", "阅读"]'::json, '["产学研结合", "以问题为导向"]'::json, '[]'::json, 0.725, 0.765, '2026-06-15T12:00:00+00:00', '2026-06-15T12:00:00+00:00');
INSERT INTO person_education (person_id, start_date, degree_date, degree, school, major, created_at, updated_at) VALUES ('PERSON_S_c9488af8af8c90c4', '1999-07-26', '2009-05-22', '本科', '中国科学技术大学', '量子计算', '2026-06-15T12:00:00+00:00', '2026-06-15T12:00:00+00:00');
INSERT INTO person_career (person_id, start_date, end_date, org, enterprise, military_unit, position, created_at, updated_at) VALUES ('PERSON_S_c9488af8af8c90c4', '2005-03-01', NULL, '国储能股份', '国储能股份', NULL, '副院长', '2026-06-15T12:00:00+00:00', '2026-06-15T12:00:00+00:00');
INSERT INTO person_award (person_id, description, created_at, updated_at) VALUES ('PERSON_S_c9488af8af8c90c4', '2024年获省部级奖励', '2026-06-15T12:00:00+00:00', '2026-06-15T12:00:00+00:00');
INSERT INTO person_academic_output (person_id, name, form, publish_date, rank, tech_domain, collaborators, citations, is_representative, created_at, updated_at) VALUES ('PERSON_S_c9488af8af8c90c4', '关于储能的综述', '汇报文稿', '2020-09-04', '其他', '氢能', '["周超", "邓超瑞"]'::json, 718, TRUE, '2026-06-15T12:00:00+00:00', '2026-06-15T12:00:00+00:00');
INSERT INTO person_academic_output (person_id, name, form, publish_date, rank, tech_domain, collaborators, citations, is_representative, created_at, updated_at) VALUES ('PERSON_S_c9488af8af8c90c4', '关于氢能的综述', '专利', '2018-02-10', '第一作者', '氢能', '["罗杰强", "徐刚艳"]'::json, 765, TRUE, '2026-06-15T12:00:00+00:00', '2026-06-15T12:00:00+00:00');
INSERT INTO person_academic_output (person_id, name, form, publish_date, rank, tech_domain, collaborators, citations, is_representative, created_at, updated_at) VALUES ('PERSON_S_c9488af8af8c90c4', '关于氢能的研究', '专利', '2024-12-28', '第二作者', '储能', '["李宇航", "何建华"]'::json, 710, TRUE, '2026-06-15T12:00:00+00:00', '2026-06-15T12:00:00+00:00');
INSERT INTO person_focus (person_id, focus_type, content, consistency_with_policy, potential_impact, created_at, updated_at) VALUES ('PERSON_S_c9488af8af8c90c4', 'tech', '["氢能前沿方向"]'::json, '符合国家科技创新规划', '["推动产业升级", "形成自主知识产权"]'::json, '2026-06-15T12:00:00+00:00', '2026-06-15T12:00:00+00:00');
INSERT INTO entity_change_log (entity_id, entity_type, field, old_value, new_value, method, operator, source_doc_id, reason, changed_at) VALUES ('PERSON_S_c9488af8af8c90c4', 'person', '*', NULL, '{"action": "create"}'::json, 'rule', NULL, 'mock_seed', NULL, '2026-06-15T12:00:00+00:00');
INSERT INTO person_profile (person_id, name_cn, name_en, gender, avatar, nationality, summary, birth_date, age, birthplace, ethnicity, current_residence, current_org, current_enterprise, current_military_unit, current_position, highest_degree, person_category, professional_domains, professional_skills, social_media, personality_traits, hobbies, management_philosophy, remark, confidence, completeness, created_at, updated_at) VALUES ('PERSON_S_6e7b1d64f66e3796', '杨建华明', 'Expert_Iffmnb', '女', '[]'::json, '中国', '杨建华明，研究，主要从事光电技术、生物医药研究，现任华生医实验室研究员。', '1977-07-13', 49, '南京', '汉族', '北京', '华生医实验室', NULL, NULL, '["教授"]'::json, '博士', '管理', '["光电技术", "生物医药"]'::json, '["实验验证", "系统架构", "项目管理", "算法设计"]'::json, '', '["创新", "坚韧"]'::json, '["音乐"]'::json, '["产学研结合", "以问题为导向"]'::json, '[]'::json, 0.843, 0.652, '2026-06-15T12:00:00+00:00', '2026-06-15T12:00:00+00:00');
INSERT INTO person_education (person_id, start_date, degree_date, degree, school, major, created_at, updated_at) VALUES ('PERSON_S_6e7b1d64f66e3796', '2010-05-20', '2007-05-10', '本科', '浙江大学', '人工智能', '2026-06-15T12:00:00+00:00', '2026-06-15T12:00:00+00:00');
INSERT INTO person_career (person_id, start_date, end_date, org, enterprise, military_unit, position, created_at, updated_at) VALUES ('PERSON_S_6e7b1d64f66e3796', '2005-12-07', NULL, '华生医实验室', NULL, NULL, '主任', '2026-06-15T12:00:00+00:00', '2026-06-15T12:00:00+00:00');
INSERT INTO person_award (person_id, description, created_at, updated_at) VALUES ('PERSON_S_6e7b1d64f66e3796', '2017年获省部级奖励', '2026-06-15T12:00:00+00:00', '2026-06-15T12:00:00+00:00');
INSERT INTO person_academic_output (person_id, name, form, publish_date, rank, tech_domain, collaborators, citations, is_representative, created_at, updated_at) VALUES ('PERSON_S_6e7b1d64f66e3796', '关于生物医药的方法', '专著', '2024-02-28', '第一作者', '生物医药', '["王建华", "韩超海燕", "陈平"]'::json, 69, TRUE, '2026-06-15T12:00:00+00:00', '2026-06-15T12:00:00+00:00');
INSERT INTO person_academic_output (person_id, name, form, publish_date, rank, tech_domain, collaborators, citations, is_representative, created_at, updated_at) VALUES ('PERSON_S_6e7b1d64f66e3796', '关于光电技术的方法', '论文', '2023-12-07', '第三作者', '生物医药', '["吴涛", "李艳"]'::json, 707, TRUE, '2026-06-15T12:00:00+00:00', '2026-06-15T12:00:00+00:00');
INSERT INTO person_academic_output (person_id, name, form, publish_date, rank, tech_domain, collaborators, citations, is_representative, created_at, updated_at) VALUES ('PERSON_S_6e7b1d64f66e3796', '关于生物医药的研究', '专著', '2022-12-18', '第一作者', '生物医药', '["徐洋强"]'::json, 578, TRUE, '2026-06-15T12:00:00+00:00', '2026-06-15T12:00:00+00:00');
INSERT INTO person_academic_output (person_id, name, form, publish_date, rank, tech_domain, collaborators, citations, is_representative, created_at, updated_at) VALUES ('PERSON_S_6e7b1d64f66e3796', '关于光电技术的方法', '汇报文稿', '2023-02-19', '第二作者', '生物医药', '["黄志强晓东", "许勇峰", "赵勇瑞"]'::json, 598, TRUE, '2026-06-15T12:00:00+00:00', '2026-06-15T12:00:00+00:00');
INSERT INTO person_focus (person_id, focus_type, content, consistency_with_policy, potential_impact, created_at, updated_at) VALUES ('PERSON_S_6e7b1d64f66e3796', 'tech', '["光电技术前沿方向"]'::json, '符合国家科技创新规划', '["推动产业升级", "形成自主知识产权"]'::json, '2026-06-15T12:00:00+00:00', '2026-06-15T12:00:00+00:00');
INSERT INTO entity_change_log (entity_id, entity_type, field, old_value, new_value, method, operator, source_doc_id, reason, changed_at) VALUES ('PERSON_S_6e7b1d64f66e3796', 'person', '*', NULL, '{"action": "create"}'::json, 'rule', NULL, 'mock_seed', NULL, '2026-06-15T12:00:00+00:00');
INSERT INTO person_profile (person_id, name_cn, name_en, gender, avatar, nationality, summary, birth_date, age, birthplace, ethnicity, current_residence, current_org, current_enterprise, current_military_unit, current_position, highest_degree, person_category, professional_domains, professional_skills, social_media, personality_traits, hobbies, management_philosophy, remark, confidence, completeness, created_at, updated_at) VALUES ('PERSON_S_61f67ea5aa867bb5', '周强', 'Expert_Rxxlwf', '男', '[]'::json, '中国', '周强，研究，主要从事机器人研究，现任南方量子科技副教授。', '1958-05-15', 68, '成都', '汉族', '北京', '南方量子科技', '南方量子科技', NULL, '["副教授"]'::json, '博士', '其他', '["机器人"]'::json, '["算法设计", "项目管理", "系统架构", "实验验证"]'::json, '', '["坚韧", "务实"]'::json, '["阅读"]'::json, '["产学研结合", "以问题为导向"]'::json, '[]'::json, 0.886, 0.727, '2026-06-15T12:00:00+00:00', '2026-06-15T12:00:00+00:00');
INSERT INTO person_education (person_id, start_date, degree_date, degree, school, major, created_at, updated_at) VALUES ('PERSON_S_61f67ea5aa867bb5', '1991-11-06', '2003-03-11', '博士', '北京大学', '机器人', '2026-06-15T12:00:00+00:00', '2026-06-15T12:00:00+00:00');
INSERT INTO person_career (person_id, start_date, end_date, org, enterprise, military_unit, position, created_at, updated_at) VALUES ('PERSON_S_61f67ea5aa867bb5', '2019-08-14', NULL, '南方量子科技', '南方量子科技', NULL, '首席科学家', '2026-06-15T12:00:00+00:00', '2026-06-15T12:00:00+00:00');
INSERT INTO person_award (person_id, description, created_at, updated_at) VALUES ('PERSON_S_61f67ea5aa867bb5', '2021年获学会优秀论文', '2026-06-15T12:00:00+00:00', '2026-06-15T12:00:00+00:00');
INSERT INTO person_academic_output (person_id, name, form, publish_date, rank, tech_domain, collaborators, citations, is_representative, created_at, updated_at) VALUES ('PERSON_S_61f67ea5aa867bb5', '关于机器人的综述', '论文', '2019-07-27', '第一作者', '机器人', '["许建华"]'::json, 341, TRUE, '2026-06-15T12:00:00+00:00', '2026-06-15T12:00:00+00:00');
INSERT INTO person_academic_output (person_id, name, form, publish_date, rank, tech_domain, collaborators, citations, is_representative, created_at, updated_at) VALUES ('PERSON_S_61f67ea5aa867bb5', '关于机器人的研究', '专利', '2023-03-27', '独著', '机器人', '["梁峰雪松", "周昊勇"]'::json, 650, TRUE, '2026-06-15T12:00:00+00:00', '2026-06-15T12:00:00+00:00');
INSERT INTO person_academic_output (person_id, name, form, publish_date, rank, tech_domain, collaborators, citations, is_representative, created_at, updated_at) VALUES ('PERSON_S_61f67ea5aa867bb5', '关于机器人的研究', '汇报文稿', '2019-09-14', '第三作者', '机器人', '["徐明志强", "唐勇超"]'::json, 107, TRUE, '2026-06-15T12:00:00+00:00', '2026-06-15T12:00:00+00:00');
INSERT INTO person_academic_output (person_id, name, form, publish_date, rank, tech_domain, collaborators, citations, is_representative, created_at, updated_at) VALUES ('PERSON_S_61f67ea5aa867bb5', '关于机器人的综述', '专著', '2019-03-23', '独著', '机器人', '["朱伟桂英", "韩俊杰伟", "梁峰"]'::json, 694, TRUE, '2026-06-15T12:00:00+00:00', '2026-06-15T12:00:00+00:00');
INSERT INTO person_focus (person_id, focus_type, content, consistency_with_policy, potential_impact, created_at, updated_at) VALUES ('PERSON_S_61f67ea5aa867bb5', 'tech', '["机器人前沿方向"]'::json, '符合国家科技创新规划', '["推动产业升级", "形成自主知识产权"]'::json, '2026-06-15T12:00:00+00:00', '2026-06-15T12:00:00+00:00');
INSERT INTO entity_change_log (entity_id, entity_type, field, old_value, new_value, method, operator, source_doc_id, reason, changed_at) VALUES ('PERSON_S_61f67ea5aa867bb5', 'person', '*', NULL, '{"action": "create"}'::json, 'rule', NULL, 'mock_seed', NULL, '2026-06-15T12:00:00+00:00');
INSERT INTO person_profile (person_id, name_cn, name_en, gender, avatar, nationality, summary, birth_date, age, birthplace, ethnicity, current_residence, current_org, current_enterprise, current_military_unit, current_position, highest_degree, person_category, professional_domains, professional_skills, social_media, personality_traits, hobbies, management_philosophy, remark, confidence, completeness, created_at, updated_at) VALUES ('PERSON_S_dd5de60067a90b19', '邓刚文博', 'Expert_Moeghv', '女', '[]'::json, '中国', '邓刚文博，其他，主要从事先进算力、增材制造研究，现任东方芯创股份总工程师。', '1968-11-12', 58, '成都', '汉族', '深圳', '东方芯创股份', NULL, NULL, '["教授"]'::json, '硕士', '研究', '["先进算力", "增材制造"]'::json, '["项目管理", "工程化"]'::json, '', '["协作"]'::json, '["旅行", "音乐"]'::json, '["产学研结合", "以问题为导向"]'::json, '[]'::json, 0.731, 0.826, '2026-06-15T12:00:00+00:00', '2026-06-15T12:00:00+00:00');
INSERT INTO person_education (person_id, start_date, degree_date, degree, school, major, created_at, updated_at) VALUES ('PERSON_S_dd5de60067a90b19', '2002-04-15', '2000-01-07', '本科', '上海交通大学', '大模型', '2026-06-15T12:00:00+00:00', '2026-06-15T12:00:00+00:00');
INSERT INTO person_career (person_id, start_date, end_date, org, enterprise, military_unit, position, created_at, updated_at) VALUES ('PERSON_S_dd5de60067a90b19', '2015-07-02', NULL, '东方芯创股份', NULL, NULL, '教授', '2026-06-15T12:00:00+00:00', '2026-06-15T12:00:00+00:00');
INSERT INTO person_award (person_id, description, created_at, updated_at) VALUES ('PERSON_S_dd5de60067a90b19', '2022年获国家自然科学奖', '2026-06-15T12:00:00+00:00', '2026-06-15T12:00:00+00:00');
INSERT INTO person_academic_output (person_id, name, form, publish_date, rank, tech_domain, collaborators, citations, is_representative, created_at, updated_at) VALUES ('PERSON_S_dd5de60067a90b19', '关于先进算力的方法', '专利', '2020-05-20', '第三作者', '增材制造', '["谢杰勇", "唐军建华"]'::json, 51, TRUE, '2026-06-15T12:00:00+00:00', '2026-06-15T12:00:00+00:00');
INSERT INTO person_academic_output (person_id, name, form, publish_date, rank, tech_domain, collaborators, citations, is_representative, created_at, updated_at) VALUES ('PERSON_S_dd5de60067a90b19', '关于先进算力的研究', '专利', '2020-02-08', '第三作者', '增材制造', '["周娟伟", "刘瑞"]'::json, 612, TRUE, '2026-06-15T12:00:00+00:00', '2026-06-15T12:00:00+00:00');
INSERT INTO person_focus (person_id, focus_type, content, consistency_with_policy, potential_impact, created_at, updated_at) VALUES ('PERSON_S_dd5de60067a90b19', 'tech', '["先进算力前沿方向"]'::json, '符合国家科技创新规划', '["推动产业升级", "形成自主知识产权"]'::json, '2026-06-15T12:00:00+00:00', '2026-06-15T12:00:00+00:00');
INSERT INTO entity_change_log (entity_id, entity_type, field, old_value, new_value, method, operator, source_doc_id, reason, changed_at) VALUES ('PERSON_S_dd5de60067a90b19', 'person', '*', NULL, '{"action": "create"}'::json, 'rule', NULL, 'mock_seed', NULL, '2026-06-15T12:00:00+00:00');
INSERT INTO person_profile (person_id, name_cn, name_en, gender, avatar, nationality, summary, birth_date, age, birthplace, ethnicity, current_residence, current_org, current_enterprise, current_military_unit, current_position, highest_degree, person_category, professional_domains, professional_skills, social_media, personality_traits, hobbies, management_philosophy, remark, confidence, completeness, created_at, updated_at) VALUES ('PERSON_S_cbb194f3b75850d4', '谢超', 'Expert_Wctizd', '女', '[]'::json, '中国', '谢超，管理，主要从事光电技术、新能源研究，现任航天储能实验室副院长。', '1969-07-27', 57, '南京', '汉族', '北京', '航天储能实验室', '航天储能实验室', NULL, '["首席科学家"]'::json, '博士', '其他', '["光电技术", "新能源"]'::json, '["系统架构", "工程化", "项目管理", "算法设计"]'::json, '', '["坚韧", "创新"]'::json, '["运动"]'::json, '["产学研结合", "以问题为导向"]'::json, '[]'::json, 0.975, 0.697, '2026-06-15T12:00:00+00:00', '2026-06-15T12:00:00+00:00');
INSERT INTO person_education (person_id, start_date, degree_date, degree, school, major, created_at, updated_at) VALUES ('PERSON_S_cbb194f3b75850d4', '1999-05-12', '2014-01-07', '博士', '北京大学', '半导体', '2026-06-15T12:00:00+00:00', '2026-06-15T12:00:00+00:00');
INSERT INTO person_career (person_id, start_date, end_date, org, enterprise, military_unit, position, created_at, updated_at) VALUES ('PERSON_S_cbb194f3b75850d4', '2006-10-11', NULL, '航天储能实验室', '航天储能实验室', NULL, '教授', '2026-06-15T12:00:00+00:00', '2026-06-15T12:00:00+00:00');
INSERT INTO person_award (person_id, description, created_at, updated_at) VALUES ('PERSON_S_cbb194f3b75850d4', '2020年获省部级奖励', '2026-06-15T12:00:00+00:00', '2026-06-15T12:00:00+00:00');
INSERT INTO person_academic_output (person_id, name, form, publish_date, rank, tech_domain, collaborators, citations, is_representative, created_at, updated_at) VALUES ('PERSON_S_cbb194f3b75850d4', '关于光电技术的研究', '专利', '2018-10-14', '第三作者', '光电技术', '["刘明婷", "王娟强"]'::json, 738, TRUE, '2026-06-15T12:00:00+00:00', '2026-06-15T12:00:00+00:00');
INSERT INTO person_academic_output (person_id, name, form, publish_date, rank, tech_domain, collaborators, citations, is_representative, created_at, updated_at) VALUES ('PERSON_S_cbb194f3b75850d4', '关于新能源的方法', '专利', '2019-02-20', '第二作者', '光电技术', '["徐艳"]'::json, 84, TRUE, '2026-06-15T12:00:00+00:00', '2026-06-15T12:00:00+00:00');
INSERT INTO person_focus (person_id, focus_type, content, consistency_with_policy, potential_impact, created_at, updated_at) VALUES ('PERSON_S_cbb194f3b75850d4', 'tech', '["光电技术前沿方向"]'::json, '符合国家科技创新规划', '["推动产业升级", "形成自主知识产权"]'::json, '2026-06-15T12:00:00+00:00', '2026-06-15T12:00:00+00:00');
INSERT INTO entity_change_log (entity_id, entity_type, field, old_value, new_value, method, operator, source_doc_id, reason, changed_at) VALUES ('PERSON_S_cbb194f3b75850d4', 'person', '*', NULL, '{"action": "create"}'::json, 'rule', NULL, 'mock_seed', NULL, '2026-06-15T12:00:00+00:00');
INSERT INTO person_profile (person_id, name_cn, name_en, gender, avatar, nationality, summary, birth_date, age, birthplace, ethnicity, current_residence, current_org, current_enterprise, current_military_unit, current_position, highest_degree, person_category, professional_domains, professional_skills, social_media, personality_traits, hobbies, management_philosophy, remark, confidence, completeness, created_at, updated_at) VALUES ('PERSON_S_c4f40537b8c1315a', '许明瑞', 'Expert_Wuifgi', '女', '[]'::json, '中国', '许明瑞，研究，主要从事5G通信、人工智能研究，现任北方算力研究院教授。', '1974-02-05', 52, '哈尔滨', '汉族', '深圳', '北方算力研究院', '北方算力研究院', NULL, '["主任"]'::json, '本科', '管理', '["5G通信", "人工智能", "卫星互联网", "机器人"]'::json, '["系统架构", "项目管理", "数据分析", "实验验证"]'::json, '', '["务实", "协作"]'::json, '["旅行"]'::json, '["产学研结合", "以问题为导向"]'::json, '[]'::json, 0.975, 0.858, '2026-06-15T12:00:00+00:00', '2026-06-15T12:00:00+00:00');
INSERT INTO person_education (person_id, start_date, degree_date, degree, school, major, created_at, updated_at) VALUES ('PERSON_S_c4f40537b8c1315a', '2010-08-23', '2009-07-27', '本科', '中国科学技术大学', '集成电路', '2026-06-15T12:00:00+00:00', '2026-06-15T12:00:00+00:00');
INSERT INTO person_career (person_id, start_date, end_date, org, enterprise, military_unit, position, created_at, updated_at) VALUES ('PERSON_S_c4f40537b8c1315a', '2012-09-02', NULL, '北方算力研究院', '北方算力研究院', NULL, '教授', '2026-06-15T12:00:00+00:00', '2026-06-15T12:00:00+00:00');
INSERT INTO person_award (person_id, description, created_at, updated_at) VALUES ('PERSON_S_c4f40537b8c1315a', '2016年获省部级奖励', '2026-06-15T12:00:00+00:00', '2026-06-15T12:00:00+00:00');
INSERT INTO person_academic_output (person_id, name, form, publish_date, rank, tech_domain, collaborators, citations, is_representative, created_at, updated_at) VALUES ('PERSON_S_c4f40537b8c1315a', '关于机器人的研究', '论文', '2023-03-28', '独著', '卫星互联网', '["朱磊峰", "梁建华"]'::json, 785, TRUE, '2026-06-15T12:00:00+00:00', '2026-06-15T12:00:00+00:00');
INSERT INTO person_academic_output (person_id, name, form, publish_date, rank, tech_domain, collaborators, citations, is_representative, created_at, updated_at) VALUES ('PERSON_S_c4f40537b8c1315a', '关于5G通信的方法', '论文', '2019-02-02', '第三作者', '机器人', '["许婷建华"]'::json, 65, TRUE, '2026-06-15T12:00:00+00:00', '2026-06-15T12:00:00+00:00');
INSERT INTO person_academic_output (person_id, name, form, publish_date, rank, tech_domain, collaborators, citations, is_representative, created_at, updated_at) VALUES ('PERSON_S_c4f40537b8c1315a', '关于机器人的方法', '论文', '2019-05-13', '其他', '机器人', '["邓涛", "周文博"]'::json, 55, TRUE, '2026-06-15T12:00:00+00:00', '2026-06-15T12:00:00+00:00');
INSERT INTO person_academic_output (person_id, name, form, publish_date, rank, tech_domain, collaborators, citations, is_representative, created_at, updated_at) VALUES ('PERSON_S_c4f40537b8c1315a', '关于机器人的方法', '专利', '2024-12-28', '第一作者', '卫星互联网', '["谢斌宇航", "曹斌霞", "郑磊"]'::json, 608, TRUE, '2026-06-15T12:00:00+00:00', '2026-06-15T12:00:00+00:00');
INSERT INTO person_focus (person_id, focus_type, content, consistency_with_policy, potential_impact, created_at, updated_at) VALUES ('PERSON_S_c4f40537b8c1315a', 'tech', '["5G通信前沿方向"]'::json, '符合国家科技创新规划', '["推动产业升级", "形成自主知识产权"]'::json, '2026-06-15T12:00:00+00:00', '2026-06-15T12:00:00+00:00');
INSERT INTO entity_change_log (entity_id, entity_type, field, old_value, new_value, method, operator, source_doc_id, reason, changed_at) VALUES ('PERSON_S_c4f40537b8c1315a', 'person', '*', NULL, '{"action": "create"}'::json, 'rule', NULL, 'mock_seed', NULL, '2026-06-15T12:00:00+00:00');
INSERT INTO person_profile (person_id, name_cn, name_en, gender, avatar, nationality, summary, birth_date, age, birthplace, ethnicity, current_residence, current_org, current_enterprise, current_military_unit, current_position, highest_degree, person_category, professional_domains, professional_skills, social_media, personality_traits, hobbies, management_philosophy, remark, confidence, completeness, created_at, updated_at) VALUES ('PERSON_S_cf10db1f06102a25', '谢伟', 'Expert_Uyiwru', '女', '[]'::json, '中国', '谢伟，管理，主要从事机器人、航空航天研究，现任华量子集团主任。', '1965-08-25', 61, '武汉', '汉族', '杭州', '华量子集团', NULL, NULL, '["研究员"]'::json, '本科', '其他', '["机器人", "航空航天", "半导体", "增材制造"]'::json, '["数据分析", "算法设计", "系统架构", "项目管理"]'::json, '', '["协作", "严谨", "创新"]'::json, '["运动"]'::json, '["产学研结合", "以问题为导向"]'::json, '[]'::json, 0.77, 0.631, '2026-06-15T12:00:00+00:00', '2026-06-15T12:00:00+00:00');
INSERT INTO person_education (person_id, start_date, degree_date, degree, school, major, created_at, updated_at) VALUES ('PERSON_S_cf10db1f06102a25', '2007-11-06', '2000-12-20', '本科', '上海交通大学', '集成电路', '2026-06-15T12:00:00+00:00', '2026-06-15T12:00:00+00:00');
INSERT INTO person_career (person_id, start_date, end_date, org, enterprise, military_unit, position, created_at, updated_at) VALUES ('PERSON_S_cf10db1f06102a25', '2015-05-04', NULL, '华量子集团', NULL, NULL, '副教授', '2026-06-15T12:00:00+00:00', '2026-06-15T12:00:00+00:00');
INSERT INTO person_award (person_id, description, created_at, updated_at) VALUES ('PERSON_S_cf10db1f06102a25', '2021年获学会优秀论文', '2026-06-15T12:00:00+00:00', '2026-06-15T12:00:00+00:00');
INSERT INTO person_academic_output (person_id, name, form, publish_date, rank, tech_domain, collaborators, citations, is_representative, created_at, updated_at) VALUES ('PERSON_S_cf10db1f06102a25', '关于机器人的综述', '专著', '2022-02-05', '第二作者', '半导体', '["周刚", "邓霞", "李强杰"]'::json, 392, TRUE, '2026-06-15T12:00:00+00:00', '2026-06-15T12:00:00+00:00');
INSERT INTO person_academic_output (person_id, name, form, publish_date, rank, tech_domain, collaborators, citations, is_representative, created_at, updated_at) VALUES ('PERSON_S_cf10db1f06102a25', '关于机器人的方法', '论文', '2018-06-19', '第三作者', '半导体', '["刘海燕明", "马杰超", "杨明"]'::json, 108, TRUE, '2026-06-15T12:00:00+00:00', '2026-06-15T12:00:00+00:00');
INSERT INTO person_focus (person_id, focus_type, content, consistency_with_policy, potential_impact, created_at, updated_at) VALUES ('PERSON_S_cf10db1f06102a25', 'tech', '["航空航天前沿方向"]'::json, '符合国家科技创新规划', '["推动产业升级", "形成自主知识产权"]'::json, '2026-06-15T12:00:00+00:00', '2026-06-15T12:00:00+00:00');
INSERT INTO entity_change_log (entity_id, entity_type, field, old_value, new_value, method, operator, source_doc_id, reason, changed_at) VALUES ('PERSON_S_cf10db1f06102a25', 'person', '*', NULL, '{"action": "create"}'::json, 'rule', NULL, 'mock_seed', NULL, '2026-06-15T12:00:00+00:00');
INSERT INTO person_profile (person_id, name_cn, name_en, gender, avatar, nationality, summary, birth_date, age, birthplace, ethnicity, current_residence, current_org, current_enterprise, current_military_unit, current_position, highest_degree, person_category, professional_domains, professional_skills, social_media, personality_traits, hobbies, management_philosophy, remark, confidence, completeness, created_at, updated_at) VALUES ('PERSON_S_763b0fd48ba55eef', '韩涛', 'Expert_Gfvsst', '女', '[]'::json, '中国', '韩涛，研究，主要从事无人机、深海装备研究，现任国深海科技首席科学家。', '1979-05-14', 47, '北京', '汉族', '上海', '国深海科技', NULL, NULL, '["教授"]'::json, '博士', '其他', '["无人机", "深海装备"]'::json, '["数据分析", "工程化", "系统架构", "算法设计"]'::json, '', '["严谨", "坚韧", "协作"]'::json, '["音乐"]'::json, '["产学研结合", "以问题为导向"]'::json, '[]'::json, 0.742, 0.832, '2026-06-15T12:00:00+00:00', '2026-06-15T12:00:00+00:00');
INSERT INTO person_education (person_id, start_date, degree_date, degree, school, major, created_at, updated_at) VALUES ('PERSON_S_763b0fd48ba55eef', '1992-02-26', '2001-08-26', '博士', '哈尔滨工业大学', '半导体', '2026-06-15T12:00:00+00:00', '2026-06-15T12:00:00+00:00');
INSERT INTO person_career (person_id, start_date, end_date, org, enterprise, military_unit, position, created_at, updated_at) VALUES ('PERSON_S_763b0fd48ba55eef', '2009-12-10', NULL, '国深海科技', NULL, NULL, '主任', '2026-06-15T12:00:00+00:00', '2026-06-15T12:00:00+00:00');
INSERT INTO person_award (person_id, description, created_at, updated_at) VALUES ('PERSON_S_763b0fd48ba55eef', '2019年获学会优秀论文', '2026-06-15T12:00:00+00:00', '2026-06-15T12:00:00+00:00');
INSERT INTO person_academic_output (person_id, name, form, publish_date, rank, tech_domain, collaborators, citations, is_representative, created_at, updated_at) VALUES ('PERSON_S_763b0fd48ba55eef', '关于无人机的研究', '汇报文稿', '2019-01-18', '独著', '无人机', '["冯建华洋"]'::json, 303, TRUE, '2026-06-15T12:00:00+00:00', '2026-06-15T12:00:00+00:00');
INSERT INTO person_academic_output (person_id, name, form, publish_date, rank, tech_domain, collaborators, citations, is_representative, created_at, updated_at) VALUES ('PERSON_S_763b0fd48ba55eef', '关于无人机的方法', '论文', '2021-06-15', '第二作者', '无人机', '["邓强", "张峰", "曹艳平"]'::json, 739, TRUE, '2026-06-15T12:00:00+00:00', '2026-06-15T12:00:00+00:00');
INSERT INTO person_academic_output (person_id, name, form, publish_date, rank, tech_domain, collaborators, citations, is_representative, created_at, updated_at) VALUES ('PERSON_S_763b0fd48ba55eef', '关于深海装备的方法', '论文', '2018-06-24', '第二作者', '无人机', '["周宁", "谢军", "曹磊"]'::json, 636, TRUE, '2026-06-15T12:00:00+00:00', '2026-06-15T12:00:00+00:00');
INSERT INTO person_focus (person_id, focus_type, content, consistency_with_policy, potential_impact, created_at, updated_at) VALUES ('PERSON_S_763b0fd48ba55eef', 'tech', '["无人机前沿方向"]'::json, '符合国家科技创新规划', '["推动产业升级", "形成自主知识产权"]'::json, '2026-06-15T12:00:00+00:00', '2026-06-15T12:00:00+00:00');
INSERT INTO entity_change_log (entity_id, entity_type, field, old_value, new_value, method, operator, source_doc_id, reason, changed_at) VALUES ('PERSON_S_763b0fd48ba55eef', 'person', '*', NULL, '{"action": "create"}'::json, 'rule', NULL, 'mock_seed', NULL, '2026-06-15T12:00:00+00:00');
INSERT INTO person_profile (person_id, name_cn, name_en, gender, avatar, nationality, summary, birth_date, age, birthplace, ethnicity, current_residence, current_org, current_enterprise, current_military_unit, current_position, highest_degree, person_category, professional_domains, professional_skills, social_media, personality_traits, hobbies, management_philosophy, remark, confidence, completeness, created_at, updated_at) VALUES ('PERSON_S_7777131421caec52', '邓文博建华', 'Expert_Spnrrt', '男', '[]'::json, '中国', '邓文博建华，管理，主要从事无人机、增材制造研究，现任航天聚变实验室高级工程师。', '1994-07-09', 32, '南京', '汉族', '北京', '航天聚变实验室', NULL, NULL, '["教授"]'::json, '博士', '其他', '["无人机", "增材制造"]'::json, '["数据分析", "工程化", "算法设计", "系统架构"]'::json, '', '["务实", "创新"]'::json, '["阅读", "运动"]'::json, '["产学研结合", "以问题为导向"]'::json, '[]'::json, 0.775, 0.602, '2026-06-15T12:00:00+00:00', '2026-06-15T12:00:00+00:00');
INSERT INTO person_education (person_id, start_date, degree_date, degree, school, major, created_at, updated_at) VALUES ('PERSON_S_7777131421caec52', '1996-07-06', '2004-09-20', '硕士', '中国科学技术大学', '集成电路', '2026-06-15T12:00:00+00:00', '2026-06-15T12:00:00+00:00');
INSERT INTO person_career (person_id, start_date, end_date, org, enterprise, military_unit, position, created_at, updated_at) VALUES ('PERSON_S_7777131421caec52', '2011-12-28', NULL, '航天聚变实验室', NULL, NULL, '总工程师', '2026-06-15T12:00:00+00:00', '2026-06-15T12:00:00+00:00');
INSERT INTO person_award (person_id, description, created_at, updated_at) VALUES ('PERSON_S_7777131421caec52', '2017年获国家自然科学奖', '2026-06-15T12:00:00+00:00', '2026-06-15T12:00:00+00:00');
INSERT INTO person_academic_output (person_id, name, form, publish_date, rank, tech_domain, collaborators, citations, is_representative, created_at, updated_at) VALUES ('PERSON_S_7777131421caec52', '关于无人机的研究', '汇报文稿', '2019-06-28', '第二作者', '增材制造', '["郑瑞", "邓涛斌", "马艳"]'::json, 75, TRUE, '2026-06-15T12:00:00+00:00', '2026-06-15T12:00:00+00:00');
INSERT INTO person_academic_output (person_id, name, form, publish_date, rank, tech_domain, collaborators, citations, is_representative, created_at, updated_at) VALUES ('PERSON_S_7777131421caec52', '关于无人机的研究', '汇报文稿', '2021-03-07', '其他', '增材制造', '["郑晓东", "韩涛"]'::json, 496, TRUE, '2026-06-15T12:00:00+00:00', '2026-06-15T12:00:00+00:00');
INSERT INTO person_academic_output (person_id, name, form, publish_date, rank, tech_domain, collaborators, citations, is_representative, created_at, updated_at) VALUES ('PERSON_S_7777131421caec52', '关于无人机的综述', '专著', '2024-03-12', '第一作者', '无人机', '["宋桂英"]'::json, 795, TRUE, '2026-06-15T12:00:00+00:00', '2026-06-15T12:00:00+00:00');
INSERT INTO person_academic_output (person_id, name, form, publish_date, rank, tech_domain, collaborators, citations, is_representative, created_at, updated_at) VALUES ('PERSON_S_7777131421caec52', '关于无人机的综述', '论文', '2022-11-05', '独著', '增材制造', '["刘涛", "曹桂英"]'::json, 578, TRUE, '2026-06-15T12:00:00+00:00', '2026-06-15T12:00:00+00:00');
INSERT INTO person_focus (person_id, focus_type, content, consistency_with_policy, potential_impact, created_at, updated_at) VALUES ('PERSON_S_7777131421caec52', 'tech', '["增材制造前沿方向"]'::json, '符合国家科技创新规划', '["推动产业升级", "形成自主知识产权"]'::json, '2026-06-15T12:00:00+00:00', '2026-06-15T12:00:00+00:00');
INSERT INTO entity_change_log (entity_id, entity_type, field, old_value, new_value, method, operator, source_doc_id, reason, changed_at) VALUES ('PERSON_S_7777131421caec52', 'person', '*', NULL, '{"action": "create"}'::json, 'rule', NULL, 'mock_seed', NULL, '2026-06-15T12:00:00+00:00');
INSERT INTO person_profile (person_id, name_cn, name_en, gender, avatar, nationality, summary, birth_date, age, birthplace, ethnicity, current_residence, current_org, current_enterprise, current_military_unit, current_position, highest_degree, person_category, professional_domains, professional_skills, social_media, personality_traits, hobbies, management_philosophy, remark, confidence, completeness, created_at, updated_at) VALUES ('PERSON_S_58122d0086ed6d3e', '张刚瑞', 'Expert_Esgirl', '男', '[]'::json, '中国', '张刚瑞，其他，主要从事氢能、大模型研究，现任东方储能研究院副院长。', '1986-10-24', 40, '南京', '汉族', '上海', '东方储能研究院', NULL, NULL, '["总工程师"]'::json, '本科', '研究', '["氢能", "大模型", "增材制造"]'::json, '["项目管理", "算法设计", "数据分析", "工程化"]'::json, '', '["协作", "务实"]'::json, '["运动", "音乐"]'::json, '["产学研结合", "以问题为导向"]'::json, '[]'::json, 0.758, 0.62, '2026-06-15T12:00:00+00:00', '2026-06-15T12:00:00+00:00');
INSERT INTO person_education (person_id, start_date, degree_date, degree, school, major, created_at, updated_at) VALUES ('PERSON_S_58122d0086ed6d3e', '1995-12-14', '2009-11-20', '本科', '北京大学', '氢能', '2026-06-15T12:00:00+00:00', '2026-06-15T12:00:00+00:00');
INSERT INTO person_career (person_id, start_date, end_date, org, enterprise, military_unit, position, created_at, updated_at) VALUES ('PERSON_S_58122d0086ed6d3e', '2014-05-03', NULL, '东方储能研究院', NULL, NULL, '主任', '2026-06-15T12:00:00+00:00', '2026-06-15T12:00:00+00:00');
INSERT INTO person_award (person_id, description, created_at, updated_at) VALUES ('PERSON_S_58122d0086ed6d3e', '2022年获省部级奖励', '2026-06-15T12:00:00+00:00', '2026-06-15T12:00:00+00:00');
INSERT INTO person_academic_output (person_id, name, form, publish_date, rank, tech_domain, collaborators, citations, is_representative, created_at, updated_at) VALUES ('PERSON_S_58122d0086ed6d3e', '关于氢能的综述', '汇报文稿', '2019-03-25', '第三作者', '增材制造', '["孙磊瑞", "韩勇"]'::json, 642, TRUE, '2026-06-15T12:00:00+00:00', '2026-06-15T12:00:00+00:00');
INSERT INTO person_academic_output (person_id, name, form, publish_date, rank, tech_domain, collaborators, citations, is_representative, created_at, updated_at) VALUES ('PERSON_S_58122d0086ed6d3e', '关于大模型的综述', '专著', '2022-02-26', '第三作者', '增材制造', '["胡桂英", "何雪松", "郭杰斌"]'::json, 233, TRUE, '2026-06-15T12:00:00+00:00', '2026-06-15T12:00:00+00:00');
INSERT INTO person_academic_output (person_id, name, form, publish_date, rank, tech_domain, collaborators, citations, is_representative, created_at, updated_at) VALUES ('PERSON_S_58122d0086ed6d3e', '关于大模型的综述', '专著', '2020-06-22', '第三作者', '增材制造', '["林峰", "马勇涛"]'::json, 737, TRUE, '2026-06-15T12:00:00+00:00', '2026-06-15T12:00:00+00:00');
INSERT INTO person_focus (person_id, focus_type, content, consistency_with_policy, potential_impact, created_at, updated_at) VALUES ('PERSON_S_58122d0086ed6d3e', 'tech', '["增材制造前沿方向"]'::json, '符合国家科技创新规划', '["推动产业升级", "形成自主知识产权"]'::json, '2026-06-15T12:00:00+00:00', '2026-06-15T12:00:00+00:00');
INSERT INTO entity_change_log (entity_id, entity_type, field, old_value, new_value, method, operator, source_doc_id, reason, changed_at) VALUES ('PERSON_S_58122d0086ed6d3e', 'person', '*', NULL, '{"action": "create"}'::json, 'rule', NULL, 'mock_seed', NULL, '2026-06-15T12:00:00+00:00');
INSERT INTO person_profile (person_id, name_cn, name_en, gender, avatar, nationality, summary, birth_date, age, birthplace, ethnicity, current_residence, current_org, current_enterprise, current_military_unit, current_position, highest_degree, person_category, professional_domains, professional_skills, social_media, personality_traits, hobbies, management_philosophy, remark, confidence, completeness, created_at, updated_at) VALUES ('PERSON_S_de5763c4e813a96b', '许军刚', 'Expert_Hbbift', '女', '[]'::json, '中国', '许军刚，研究，主要从事5G通信研究，现任南方脑科学科技教授。', '1986-08-01', 40, '南京', '汉族', '深圳', '南方脑科学科技', '南方脑科学科技', NULL, '["高级工程师"]'::json, '本科', '管理', '["5G通信"]'::json, '["项目管理", "系统架构", "算法设计"]'::json, '', '["严谨", "务实", "坚韧"]'::json, '["音乐", "阅读"]'::json, '["产学研结合", "以问题为导向"]'::json, '[]'::json, 0.826, 0.767, '2026-06-15T12:00:00+00:00', '2026-06-15T12:00:00+00:00');
INSERT INTO person_education (person_id, start_date, degree_date, degree, school, major, created_at, updated_at) VALUES ('PERSON_S_de5763c4e813a96b', '2000-05-20', '2003-07-21', '博士', '清华大学', '集成电路', '2026-06-15T12:00:00+00:00', '2026-06-15T12:00:00+00:00');
INSERT INTO person_career (person_id, start_date, end_date, org, enterprise, military_unit, position, created_at, updated_at) VALUES ('PERSON_S_de5763c4e813a96b', '2015-02-27', NULL, '南方脑科学科技', '南方脑科学科技', NULL, '主任', '2026-06-15T12:00:00+00:00', '2026-06-15T12:00:00+00:00');
INSERT INTO person_award (person_id, description, created_at, updated_at) VALUES ('PERSON_S_de5763c4e813a96b', '2019年获省部级奖励', '2026-06-15T12:00:00+00:00', '2026-06-15T12:00:00+00:00');
INSERT INTO person_academic_output (person_id, name, form, publish_date, rank, tech_domain, collaborators, citations, is_representative, created_at, updated_at) VALUES ('PERSON_S_de5763c4e813a96b', '关于5G通信的方法', '专著', '2020-03-07', '第三作者', '5G通信', '["孙磊桂英", "梁雪松超"]'::json, 504, TRUE, '2026-06-15T12:00:00+00:00', '2026-06-15T12:00:00+00:00');
INSERT INTO person_academic_output (person_id, name, form, publish_date, rank, tech_domain, collaborators, citations, is_representative, created_at, updated_at) VALUES ('PERSON_S_de5763c4e813a96b', '关于5G通信的方法', '汇报文稿', '2024-01-17', '独著', '5G通信', '["黄文博晓东", "何海燕强"]'::json, 145, TRUE, '2026-06-15T12:00:00+00:00', '2026-06-15T12:00:00+00:00');
INSERT INTO person_focus (person_id, focus_type, content, consistency_with_policy, potential_impact, created_at, updated_at) VALUES ('PERSON_S_de5763c4e813a96b', 'tech', '["5G通信前沿方向"]'::json, '符合国家科技创新规划', '["推动产业升级", "形成自主知识产权"]'::json, '2026-06-15T12:00:00+00:00', '2026-06-15T12:00:00+00:00');
INSERT INTO entity_change_log (entity_id, entity_type, field, old_value, new_value, method, operator, source_doc_id, reason, changed_at) VALUES ('PERSON_S_de5763c4e813a96b', 'person', '*', NULL, '{"action": "create"}'::json, 'rule', NULL, 'mock_seed', NULL, '2026-06-15T12:00:00+00:00');
INSERT INTO person_profile (person_id, name_cn, name_en, gender, avatar, nationality, summary, birth_date, age, birthplace, ethnicity, current_residence, current_org, current_enterprise, current_military_unit, current_position, highest_degree, person_category, professional_domains, professional_skills, social_media, personality_traits, hobbies, management_philosophy, remark, confidence, completeness, created_at, updated_at) VALUES ('PERSON_S_3e95fbd15dd580ba', '徐伟强', 'Expert_Tecbkz', '女', '[]'::json, '中国', '徐伟强，其他，主要从事自动驾驶、无人机研究，现任东方先进高科高级工程师。', '1982-04-21', 44, '哈尔滨', '汉族', '深圳', '东方先进高科', NULL, NULL, '["主任"]'::json, '硕士', '其他', '["自动驾驶", "无人机", "新能源"]'::json, '["实验验证", "数据分析", "系统架构"]'::json, '', '["务实", "严谨", "创新"]'::json, '["旅行"]'::json, '["产学研结合", "以问题为导向"]'::json, '[]'::json, 0.736, 0.742, '2026-06-15T12:00:00+00:00', '2026-06-15T12:00:00+00:00');
INSERT INTO person_education (person_id, start_date, degree_date, degree, school, major, created_at, updated_at) VALUES ('PERSON_S_3e95fbd15dd580ba', '1992-04-24', '1998-09-05', '硕士', '浙江大学', '量子计算', '2026-06-15T12:00:00+00:00', '2026-06-15T12:00:00+00:00');
INSERT INTO person_career (person_id, start_date, end_date, org, enterprise, military_unit, position, created_at, updated_at) VALUES ('PERSON_S_3e95fbd15dd580ba', '2011-04-24', NULL, '东方先进高科', NULL, NULL, '首席科学家', '2026-06-15T12:00:00+00:00', '2026-06-15T12:00:00+00:00');
INSERT INTO person_award (person_id, description, created_at, updated_at) VALUES ('PERSON_S_3e95fbd15dd580ba', '2018年获省部级奖励', '2026-06-15T12:00:00+00:00', '2026-06-15T12:00:00+00:00');
INSERT INTO person_academic_output (person_id, name, form, publish_date, rank, tech_domain, collaborators, citations, is_representative, created_at, updated_at) VALUES ('PERSON_S_3e95fbd15dd580ba', '关于新能源的研究', '汇报文稿', '2022-11-14', '第一作者', '自动驾驶', '["徐强", "宋刚勇", "刘志强俊杰"]'::json, 715, TRUE, '2026-06-15T12:00:00+00:00', '2026-06-15T12:00:00+00:00');
INSERT INTO person_academic_output (person_id, name, form, publish_date, rank, tech_domain, collaborators, citations, is_representative, created_at, updated_at) VALUES ('PERSON_S_3e95fbd15dd580ba', '关于自动驾驶的研究', '专著', '2020-02-02', '第三作者', '自动驾驶', '["陈超军"]'::json, 107, TRUE, '2026-06-15T12:00:00+00:00', '2026-06-15T12:00:00+00:00');
INSERT INTO person_academic_output (person_id, name, form, publish_date, rank, tech_domain, collaborators, citations, is_representative, created_at, updated_at) VALUES ('PERSON_S_3e95fbd15dd580ba', '关于新能源的综述', '专利', '2023-10-16', '独著', '新能源', '["黄宁斌", "胡晓东", "刘斌雪松"]'::json, 234, TRUE, '2026-06-15T12:00:00+00:00', '2026-06-15T12:00:00+00:00');
INSERT INTO person_academic_output (person_id, name, form, publish_date, rank, tech_domain, collaborators, citations, is_representative, created_at, updated_at) VALUES ('PERSON_S_3e95fbd15dd580ba', '关于新能源的研究', '专著', '2021-05-26', '第二作者', '新能源', '["曹超", "孙瑞娟", "张志强"]'::json, 139, TRUE, '2026-06-15T12:00:00+00:00', '2026-06-15T12:00:00+00:00');
INSERT INTO person_focus (person_id, focus_type, content, consistency_with_policy, potential_impact, created_at, updated_at) VALUES ('PERSON_S_3e95fbd15dd580ba', 'tech', '["新能源前沿方向"]'::json, '符合国家科技创新规划', '["推动产业升级", "形成自主知识产权"]'::json, '2026-06-15T12:00:00+00:00', '2026-06-15T12:00:00+00:00');
INSERT INTO entity_change_log (entity_id, entity_type, field, old_value, new_value, method, operator, source_doc_id, reason, changed_at) VALUES ('PERSON_S_3e95fbd15dd580ba', 'person', '*', NULL, '{"action": "create"}'::json, 'rule', NULL, 'mock_seed', NULL, '2026-06-15T12:00:00+00:00');
INSERT INTO person_profile (person_id, name_cn, name_en, gender, avatar, nationality, summary, birth_date, age, birthplace, ethnicity, current_residence, current_org, current_enterprise, current_military_unit, current_position, highest_degree, person_category, professional_domains, professional_skills, social_media, personality_traits, hobbies, management_philosophy, remark, confidence, completeness, created_at, updated_at) VALUES ('PERSON_S_f9e68cddbb17f3f1', '邓斌', 'Expert_Efspxz', '女', '[]'::json, '中国', '邓斌，其他，主要从事脑机接口研究，现任中科生医研究所副教授。', '1990-11-18', 36, '上海', '汉族', '上海', '中科生医研究所', NULL, NULL, '["首席科学家"]'::json, '博士', '研究', '["脑机接口"]'::json, '["数据分析", "工程化"]'::json, '', '["务实", "严谨"]'::json, '["音乐", "运动"]'::json, '["产学研结合", "以问题为导向"]'::json, '[]'::json, 0.735, 0.771, '2026-06-15T12:00:00+00:00', '2026-06-15T12:00:00+00:00');
INSERT INTO person_education (person_id, start_date, degree_date, degree, school, major, created_at, updated_at) VALUES ('PERSON_S_f9e68cddbb17f3f1', '1998-07-07', '2012-05-12', '本科', '北京大学', '脑机接口', '2026-06-15T12:00:00+00:00', '2026-06-15T12:00:00+00:00');
INSERT INTO person_career (person_id, start_date, end_date, org, enterprise, military_unit, position, created_at, updated_at) VALUES ('PERSON_S_f9e68cddbb17f3f1', '2011-02-23', NULL, '中科生医研究所', NULL, NULL, '主任', '2026-06-15T12:00:00+00:00', '2026-06-15T12:00:00+00:00');
INSERT INTO person_award (person_id, description, created_at, updated_at) VALUES ('PERSON_S_f9e68cddbb17f3f1', '2016年获省部级奖励', '2026-06-15T12:00:00+00:00', '2026-06-15T12:00:00+00:00');
INSERT INTO person_academic_output (person_id, name, form, publish_date, rank, tech_domain, collaborators, citations, is_representative, created_at, updated_at) VALUES ('PERSON_S_f9e68cddbb17f3f1', '关于脑机接口的综述', '汇报文稿', '2021-10-24', '第三作者', '脑机接口', '["孙昊宁", "许明峰", "谢海燕志强"]'::json, 223, TRUE, '2026-06-15T12:00:00+00:00', '2026-06-15T12:00:00+00:00');
INSERT INTO person_academic_output (person_id, name, form, publish_date, rank, tech_domain, collaborators, citations, is_representative, created_at, updated_at) VALUES ('PERSON_S_f9e68cddbb17f3f1', '关于脑机接口的研究', '专利', '2018-04-23', '独著', '脑机接口', '["彭海燕婷", "邓晓东涛"]'::json, 195, TRUE, '2026-06-15T12:00:00+00:00', '2026-06-15T12:00:00+00:00');
INSERT INTO person_academic_output (person_id, name, form, publish_date, rank, tech_domain, collaborators, citations, is_representative, created_at, updated_at) VALUES ('PERSON_S_f9e68cddbb17f3f1', '关于脑机接口的研究', '汇报文稿', '2022-05-10', '第二作者', '脑机接口', '["郑杰"]'::json, 194, TRUE, '2026-06-15T12:00:00+00:00', '2026-06-15T12:00:00+00:00');
INSERT INTO person_focus (person_id, focus_type, content, consistency_with_policy, potential_impact, created_at, updated_at) VALUES ('PERSON_S_f9e68cddbb17f3f1', 'tech', '["脑机接口前沿方向"]'::json, '符合国家科技创新规划', '["推动产业升级", "形成自主知识产权"]'::json, '2026-06-15T12:00:00+00:00', '2026-06-15T12:00:00+00:00');
INSERT INTO entity_change_log (entity_id, entity_type, field, old_value, new_value, method, operator, source_doc_id, reason, changed_at) VALUES ('PERSON_S_f9e68cddbb17f3f1', 'person', '*', NULL, '{"action": "create"}'::json, 'rule', NULL, 'mock_seed', NULL, '2026-06-15T12:00:00+00:00');
INSERT INTO person_profile (person_id, name_cn, name_en, gender, avatar, nationality, summary, birth_date, age, birthplace, ethnicity, current_residence, current_org, current_enterprise, current_military_unit, current_position, highest_degree, person_category, professional_domains, professional_skills, social_media, personality_traits, hobbies, management_philosophy, remark, confidence, completeness, created_at, updated_at) VALUES ('PERSON_S_c729e72c0d256cd4', '何瑞建华', 'Expert_Mtutvv', '男', '[]'::json, '中国', '何瑞建华，管理，主要从事机器人、集成电路研究，现任中科生医研究所副院长。', '1994-11-22', 32, '哈尔滨', '汉族', '深圳', '中科生医研究所', NULL, NULL, '["研究员"]'::json, '博士', '其他', '["机器人", "集成电路"]'::json, '["工程化", "项目管理"]'::json, '', '["严谨", "创新", "务实"]'::json, '["音乐"]'::json, '["产学研结合", "以问题为导向"]'::json, '[]'::json, 0.845, 0.703, '2026-06-15T12:00:00+00:00', '2026-06-15T12:00:00+00:00');
INSERT INTO person_education (person_id, start_date, degree_date, degree, school, major, created_at, updated_at) VALUES ('PERSON_S_c729e72c0d256cd4', '2007-07-18', '2012-05-23', '本科', '中国科学技术大学', '机器人', '2026-06-15T12:00:00+00:00', '2026-06-15T12:00:00+00:00');
INSERT INTO person_career (person_id, start_date, end_date, org, enterprise, military_unit, position, created_at, updated_at) VALUES ('PERSON_S_c729e72c0d256cd4', '2011-01-08', NULL, '中科生医研究所', NULL, NULL, '主任', '2026-06-15T12:00:00+00:00', '2026-06-15T12:00:00+00:00');
INSERT INTO person_award (person_id, description, created_at, updated_at) VALUES ('PERSON_S_c729e72c0d256cd4', '2018年获国家自然科学奖', '2026-06-15T12:00:00+00:00', '2026-06-15T12:00:00+00:00');
INSERT INTO person_academic_output (person_id, name, form, publish_date, rank, tech_domain, collaborators, citations, is_representative, created_at, updated_at) VALUES ('PERSON_S_c729e72c0d256cd4', '关于机器人的研究', '专著', '2024-08-04', '第二作者', '集成电路', '["曹雪松"]'::json, 449, TRUE, '2026-06-15T12:00:00+00:00', '2026-06-15T12:00:00+00:00');
INSERT INTO person_academic_output (person_id, name, form, publish_date, rank, tech_domain, collaborators, citations, is_representative, created_at, updated_at) VALUES ('PERSON_S_c729e72c0d256cd4', '关于集成电路的方法', '论文', '2019-02-23', '第一作者', '机器人', '["彭勇", "高斌"]'::json, 500, TRUE, '2026-06-15T12:00:00+00:00', '2026-06-15T12:00:00+00:00');
INSERT INTO person_focus (person_id, focus_type, content, consistency_with_policy, potential_impact, created_at, updated_at) VALUES ('PERSON_S_c729e72c0d256cd4', 'tech', '["机器人前沿方向"]'::json, '符合国家科技创新规划', '["推动产业升级", "形成自主知识产权"]'::json, '2026-06-15T12:00:00+00:00', '2026-06-15T12:00:00+00:00');
INSERT INTO entity_change_log (entity_id, entity_type, field, old_value, new_value, method, operator, source_doc_id, reason, changed_at) VALUES ('PERSON_S_c729e72c0d256cd4', 'person', '*', NULL, '{"action": "create"}'::json, 'rule', NULL, 'mock_seed', NULL, '2026-06-15T12:00:00+00:00');
INSERT INTO person_profile (person_id, name_cn, name_en, gender, avatar, nationality, summary, birth_date, age, birthplace, ethnicity, current_residence, current_org, current_enterprise, current_military_unit, current_position, highest_degree, person_category, professional_domains, professional_skills, social_media, personality_traits, hobbies, management_philosophy, remark, confidence, completeness, created_at, updated_at) VALUES ('PERSON_S_3dd607aeddb52b6c', '黄军', 'Expert_Fuezdx', '男', '[]'::json, '中国', '黄军，管理，主要从事机器人、6G通信研究，现任南方前沿集团副院长。', '1960-05-20', 66, '南京', '汉族', '深圳', '南方前沿集团', NULL, NULL, '["教授"]'::json, '硕士', '其他', '["机器人", "6G通信", "脑机接口"]'::json, '["项目管理", "系统架构"]'::json, '', '["严谨", "坚韧"]'::json, '["音乐"]'::json, '["产学研结合", "以问题为导向"]'::json, '[]'::json, 0.951, 0.766, '2026-06-15T12:00:00+00:00', '2026-06-15T12:00:00+00:00');
INSERT INTO person_education (person_id, start_date, degree_date, degree, school, major, created_at, updated_at) VALUES ('PERSON_S_3dd607aeddb52b6c', '2006-05-25', '2009-07-10', '本科', '上海交通大学', '机器人', '2026-06-15T12:00:00+00:00', '2026-06-15T12:00:00+00:00');
INSERT INTO person_career (person_id, start_date, end_date, org, enterprise, military_unit, position, created_at, updated_at) VALUES ('PERSON_S_3dd607aeddb52b6c', '2013-10-03', NULL, '南方前沿集团', NULL, NULL, '主任', '2026-06-15T12:00:00+00:00', '2026-06-15T12:00:00+00:00');
INSERT INTO person_award (person_id, description, created_at, updated_at) VALUES ('PERSON_S_3dd607aeddb52b6c', '2024年获学会优秀论文', '2026-06-15T12:00:00+00:00', '2026-06-15T12:00:00+00:00');
INSERT INTO person_academic_output (person_id, name, form, publish_date, rank, tech_domain, collaborators, citations, is_representative, created_at, updated_at) VALUES ('PERSON_S_3dd607aeddb52b6c', '关于机器人的研究', '论文', '2020-05-11', '第二作者', '机器人', '["彭刚"]'::json, 119, TRUE, '2026-06-15T12:00:00+00:00', '2026-06-15T12:00:00+00:00');
INSERT INTO person_academic_output (person_id, name, form, publish_date, rank, tech_domain, collaborators, citations, is_representative, created_at, updated_at) VALUES ('PERSON_S_3dd607aeddb52b6c', '关于机器人的方法', '汇报文稿', '2018-01-08', '独著', '脑机接口', '["孙超", "孙晓东", "吴建华"]'::json, 300, TRUE, '2026-06-15T12:00:00+00:00', '2026-06-15T12:00:00+00:00');
INSERT INTO person_focus (person_id, focus_type, content, consistency_with_policy, potential_impact, created_at, updated_at) VALUES ('PERSON_S_3dd607aeddb52b6c', 'tech', '["机器人前沿方向"]'::json, '符合国家科技创新规划', '["推动产业升级", "形成自主知识产权"]'::json, '2026-06-15T12:00:00+00:00', '2026-06-15T12:00:00+00:00');
INSERT INTO entity_change_log (entity_id, entity_type, field, old_value, new_value, method, operator, source_doc_id, reason, changed_at) VALUES ('PERSON_S_3dd607aeddb52b6c', 'person', '*', NULL, '{"action": "create"}'::json, 'rule', NULL, 'mock_seed', NULL, '2026-06-15T12:00:00+00:00');
INSERT INTO person_profile (person_id, name_cn, name_en, gender, avatar, nationality, summary, birth_date, age, birthplace, ethnicity, current_residence, current_org, current_enterprise, current_military_unit, current_position, highest_degree, person_category, professional_domains, professional_skills, social_media, personality_traits, hobbies, management_philosophy, remark, confidence, completeness, created_at, updated_at) VALUES ('PERSON_S_3d3ca1a486589a90', '许建华涛', 'Expert_Hdbeej', '女', '[]'::json, '中国', '许建华涛，其他，主要从事集成电路、增材制造研究，现任北方航宇科技研究员。', '1962-10-12', 64, '成都', '汉族', '北京', '北方航宇科技', NULL, NULL, '["主任"]'::json, '硕士', '其他', '["集成电路", "增材制造", "深海装备", "大模型"]'::json, '["项目管理", "实验验证"]'::json, '', '["务实", "严谨", "坚韧"]'::json, '["音乐", "运动"]'::json, '["产学研结合", "以问题为导向"]'::json, '[]'::json, 0.851, 0.799, '2026-06-15T12:00:00+00:00', '2026-06-15T12:00:00+00:00');
INSERT INTO person_education (person_id, start_date, degree_date, degree, school, major, created_at, updated_at) VALUES ('PERSON_S_3d3ca1a486589a90', '2001-09-02', '2010-09-11', '本科', '哈尔滨工业大学', '半导体', '2026-06-15T12:00:00+00:00', '2026-06-15T12:00:00+00:00');
INSERT INTO person_career (person_id, start_date, end_date, org, enterprise, military_unit, position, created_at, updated_at) VALUES ('PERSON_S_3d3ca1a486589a90', '2005-09-26', NULL, '北方航宇科技', NULL, NULL, '总工程师', '2026-06-15T12:00:00+00:00', '2026-06-15T12:00:00+00:00');
INSERT INTO person_award (person_id, description, created_at, updated_at) VALUES ('PERSON_S_3d3ca1a486589a90', '2020年获学会优秀论文', '2026-06-15T12:00:00+00:00', '2026-06-15T12:00:00+00:00');
INSERT INTO person_academic_output (person_id, name, form, publish_date, rank, tech_domain, collaborators, citations, is_representative, created_at, updated_at) VALUES ('PERSON_S_3d3ca1a486589a90', '关于深海装备的研究', '专著', '2024-01-06', '其他', '深海装备', '["高涛", "唐瑞", "孙伟宇航"]'::json, 80, TRUE, '2026-06-15T12:00:00+00:00', '2026-06-15T12:00:00+00:00');
INSERT INTO person_academic_output (person_id, name, form, publish_date, rank, tech_domain, collaborators, citations, is_representative, created_at, updated_at) VALUES ('PERSON_S_3d3ca1a486589a90', '关于集成电路的综述', '论文', '2024-05-07', '独著', '集成电路', '["李宁", "韩涛"]'::json, 448, TRUE, '2026-06-15T12:00:00+00:00', '2026-06-15T12:00:00+00:00');
INSERT INTO person_academic_output (person_id, name, form, publish_date, rank, tech_domain, collaborators, citations, is_representative, created_at, updated_at) VALUES ('PERSON_S_3d3ca1a486589a90', '关于深海装备的综述', '专利', '2021-08-14', '独著', '增材制造', '["高强"]'::json, 93, TRUE, '2026-06-15T12:00:00+00:00', '2026-06-15T12:00:00+00:00');
INSERT INTO person_focus (person_id, focus_type, content, consistency_with_policy, potential_impact, created_at, updated_at) VALUES ('PERSON_S_3d3ca1a486589a90', 'tech', '["增材制造前沿方向"]'::json, '符合国家科技创新规划', '["推动产业升级", "形成自主知识产权"]'::json, '2026-06-15T12:00:00+00:00', '2026-06-15T12:00:00+00:00');
INSERT INTO entity_change_log (entity_id, entity_type, field, old_value, new_value, method, operator, source_doc_id, reason, changed_at) VALUES ('PERSON_S_3d3ca1a486589a90', 'person', '*', NULL, '{"action": "create"}'::json, 'rule', NULL, 'mock_seed', NULL, '2026-06-15T12:00:00+00:00');
INSERT INTO person_profile (person_id, name_cn, name_en, gender, avatar, nationality, summary, birth_date, age, birthplace, ethnicity, current_residence, current_org, current_enterprise, current_military_unit, current_position, highest_degree, person_category, professional_domains, professional_skills, social_media, personality_traits, hobbies, management_philosophy, remark, confidence, completeness, created_at, updated_at) VALUES ('PERSON_S_909b4d1fd15d9080', '罗峰强', 'Expert_Kmsyeg', '女', '[]'::json, '中国', '罗峰强，其他，主要从事碳捕集、脑机接口研究，现任远聚变股份研究员。', '1958-04-25', 68, '上海', '汉族', '杭州', '远聚变股份', NULL, NULL, '["首席科学家"]'::json, '本科', '管理', '["碳捕集", "脑机接口"]'::json, '["实验验证", "算法设计", "工程化", "项目管理"]'::json, '', '["务实", "坚韧"]'::json, '["阅读"]'::json, '["产学研结合", "以问题为导向"]'::json, '[]'::json, 0.883, 0.716, '2026-06-15T12:00:00+00:00', '2026-06-15T12:00:00+00:00');
INSERT INTO person_education (person_id, start_date, degree_date, degree, school, major, created_at, updated_at) VALUES ('PERSON_S_909b4d1fd15d9080', '2004-02-23', '2009-11-10', '博士', '中国科学技术大学', '人工智能', '2026-06-15T12:00:00+00:00', '2026-06-15T12:00:00+00:00');
INSERT INTO person_career (person_id, start_date, end_date, org, enterprise, military_unit, position, created_at, updated_at) VALUES ('PERSON_S_909b4d1fd15d9080', '2012-05-18', NULL, '远聚变股份', NULL, NULL, '副教授', '2026-06-15T12:00:00+00:00', '2026-06-15T12:00:00+00:00');
INSERT INTO person_award (person_id, description, created_at, updated_at) VALUES ('PERSON_S_909b4d1fd15d9080', '2023年获国家自然科学奖', '2026-06-15T12:00:00+00:00', '2026-06-15T12:00:00+00:00');
INSERT INTO person_academic_output (person_id, name, form, publish_date, rank, tech_domain, collaborators, citations, is_representative, created_at, updated_at) VALUES ('PERSON_S_909b4d1fd15d9080', '关于脑机接口的综述', '专利', '2018-06-18', '第二作者', '碳捕集', '["黄涛"]'::json, 508, TRUE, '2026-06-15T12:00:00+00:00', '2026-06-15T12:00:00+00:00');
INSERT INTO person_academic_output (person_id, name, form, publish_date, rank, tech_domain, collaborators, citations, is_representative, created_at, updated_at) VALUES ('PERSON_S_909b4d1fd15d9080', '关于碳捕集的方法', '汇报文稿', '2023-09-08', '第二作者', '脑机接口', '["王桂英晓东"]'::json, 366, TRUE, '2026-06-15T12:00:00+00:00', '2026-06-15T12:00:00+00:00');
INSERT INTO person_academic_output (person_id, name, form, publish_date, rank, tech_domain, collaborators, citations, is_representative, created_at, updated_at) VALUES ('PERSON_S_909b4d1fd15d9080', '关于碳捕集的研究', '专利', '2023-11-18', '第一作者', '脑机接口', '["王建华晓东", "黄桂英", "吴俊杰涛"]'::json, 742, TRUE, '2026-06-15T12:00:00+00:00', '2026-06-15T12:00:00+00:00');
INSERT INTO person_focus (person_id, focus_type, content, consistency_with_policy, potential_impact, created_at, updated_at) VALUES ('PERSON_S_909b4d1fd15d9080', 'tech', '["碳捕集前沿方向"]'::json, '符合国家科技创新规划', '["推动产业升级", "形成自主知识产权"]'::json, '2026-06-15T12:00:00+00:00', '2026-06-15T12:00:00+00:00');
INSERT INTO entity_change_log (entity_id, entity_type, field, old_value, new_value, method, operator, source_doc_id, reason, changed_at) VALUES ('PERSON_S_909b4d1fd15d9080', 'person', '*', NULL, '{"action": "create"}'::json, 'rule', NULL, 'mock_seed', NULL, '2026-06-15T12:00:00+00:00');
INSERT INTO person_profile (person_id, name_cn, name_en, gender, avatar, nationality, summary, birth_date, age, birthplace, ethnicity, current_residence, current_org, current_enterprise, current_military_unit, current_position, highest_degree, person_category, professional_domains, professional_skills, social_media, personality_traits, hobbies, management_philosophy, remark, confidence, completeness, created_at, updated_at) VALUES ('PERSON_S_d1e885a9a8caab3b', '徐斌', 'Expert_Phbbdp', '女', '[]'::json, '中国', '徐斌，其他，主要从事脑机接口研究，现任南方量子科技首席科学家。', '1967-12-19', 59, '哈尔滨', '汉族', '北京', '南方量子科技', '南方量子科技', NULL, '["总工程师"]'::json, '博士', '管理', '["脑机接口"]'::json, '["算法设计", "工程化"]'::json, '', '["严谨", "务实", "坚韧"]'::json, '["运动"]'::json, '["产学研结合", "以问题为导向"]'::json, '[]'::json, 0.867, 0.635, '2026-06-15T12:00:00+00:00', '2026-06-15T12:00:00+00:00');
INSERT INTO person_education (person_id, start_date, degree_date, degree, school, major, created_at, updated_at) VALUES ('PERSON_S_d1e885a9a8caab3b', '1998-11-03', '2005-09-01', '本科', '中国科学技术大学', '大模型', '2026-06-15T12:00:00+00:00', '2026-06-15T12:00:00+00:00');
INSERT INTO person_career (person_id, start_date, end_date, org, enterprise, military_unit, position, created_at, updated_at) VALUES ('PERSON_S_d1e885a9a8caab3b', '2005-03-24', NULL, '南方量子科技', '南方量子科技', NULL, '教授', '2026-06-15T12:00:00+00:00', '2026-06-15T12:00:00+00:00');
INSERT INTO person_award (person_id, description, created_at, updated_at) VALUES ('PERSON_S_d1e885a9a8caab3b', '2022年获省部级奖励', '2026-06-15T12:00:00+00:00', '2026-06-15T12:00:00+00:00');
INSERT INTO person_academic_output (person_id, name, form, publish_date, rank, tech_domain, collaborators, citations, is_representative, created_at, updated_at) VALUES ('PERSON_S_d1e885a9a8caab3b', '关于脑机接口的综述', '汇报文稿', '2020-10-09', '第一作者', '脑机接口', '["邓杰娟", "黄平", "罗瑞"]'::json, 748, TRUE, '2026-06-15T12:00:00+00:00', '2026-06-15T12:00:00+00:00');
INSERT INTO person_academic_output (person_id, name, form, publish_date, rank, tech_domain, collaborators, citations, is_representative, created_at, updated_at) VALUES ('PERSON_S_d1e885a9a8caab3b', '关于脑机接口的研究', '论文', '2019-04-26', '第一作者', '脑机接口', '["李瑞超"]'::json, 769, TRUE, '2026-06-15T12:00:00+00:00', '2026-06-15T12:00:00+00:00');
INSERT INTO person_academic_output (person_id, name, form, publish_date, rank, tech_domain, collaborators, citations, is_representative, created_at, updated_at) VALUES ('PERSON_S_d1e885a9a8caab3b', '关于脑机接口的方法', '汇报文稿', '2020-11-25', '独著', '脑机接口', '["王伟", "赵晓东", "刘雪松桂英"]'::json, 525, TRUE, '2026-06-15T12:00:00+00:00', '2026-06-15T12:00:00+00:00');
INSERT INTO person_academic_output (person_id, name, form, publish_date, rank, tech_domain, collaborators, citations, is_representative, created_at, updated_at) VALUES ('PERSON_S_d1e885a9a8caab3b', '关于脑机接口的方法', '论文', '2021-02-11', '第二作者', '脑机接口', '["吴峰", "郑宁", "谢文博"]'::json, 389, TRUE, '2026-06-15T12:00:00+00:00', '2026-06-15T12:00:00+00:00');
INSERT INTO person_focus (person_id, focus_type, content, consistency_with_policy, potential_impact, created_at, updated_at) VALUES ('PERSON_S_d1e885a9a8caab3b', 'tech', '["脑机接口前沿方向"]'::json, '符合国家科技创新规划', '["推动产业升级", "形成自主知识产权"]'::json, '2026-06-15T12:00:00+00:00', '2026-06-15T12:00:00+00:00');
INSERT INTO entity_change_log (entity_id, entity_type, field, old_value, new_value, method, operator, source_doc_id, reason, changed_at) VALUES ('PERSON_S_d1e885a9a8caab3b', 'person', '*', NULL, '{"action": "create"}'::json, 'rule', NULL, 'mock_seed', NULL, '2026-06-15T12:00:00+00:00');
INSERT INTO person_profile (person_id, name_cn, name_en, gender, avatar, nationality, summary, birth_date, age, birthplace, ethnicity, current_residence, current_org, current_enterprise, current_military_unit, current_position, highest_degree, person_category, professional_domains, professional_skills, social_media, personality_traits, hobbies, management_philosophy, remark, confidence, completeness, created_at, updated_at) VALUES ('PERSON_S_c89a6e64f7886a29', '杨军', 'Expert_Xjijrd', '女', '[]'::json, '中国', '杨军，管理，主要从事基因编辑、光电技术研究，现任南方储能实验室首席科学家。', '1995-11-25', 31, '武汉', '汉族', '杭州', '南方储能实验室', NULL, NULL, '["主任"]'::json, '本科', '研究', '["基因编辑", "光电技术", "储能"]'::json, '["工程化", "系统架构", "实验验证", "项目管理"]'::json, '', '["坚韧", "协作", "务实"]'::json, '["旅行"]'::json, '["产学研结合", "以问题为导向"]'::json, '[]'::json, 0.905, 0.907, '2026-06-15T12:00:00+00:00', '2026-06-15T12:00:00+00:00');
INSERT INTO person_education (person_id, start_date, degree_date, degree, school, major, created_at, updated_at) VALUES ('PERSON_S_c89a6e64f7886a29', '2002-03-22', '2014-06-14', '博士', '上海交通大学', '人工智能', '2026-06-15T12:00:00+00:00', '2026-06-15T12:00:00+00:00');
INSERT INTO person_career (person_id, start_date, end_date, org, enterprise, military_unit, position, created_at, updated_at) VALUES ('PERSON_S_c89a6e64f7886a29', '2006-03-03', NULL, '南方储能实验室', NULL, NULL, '教授', '2026-06-15T12:00:00+00:00', '2026-06-15T12:00:00+00:00');
INSERT INTO person_award (person_id, description, created_at, updated_at) VALUES ('PERSON_S_c89a6e64f7886a29', '2018年获国家自然科学奖', '2026-06-15T12:00:00+00:00', '2026-06-15T12:00:00+00:00');
INSERT INTO person_academic_output (person_id, name, form, publish_date, rank, tech_domain, collaborators, citations, is_representative, created_at, updated_at) VALUES ('PERSON_S_c89a6e64f7886a29', '关于光电技术的综述', '专著', '2024-08-24', '第二作者', '基因编辑', '["徐刚", "郭宇航", "宋昊"]'::json, 495, TRUE, '2026-06-15T12:00:00+00:00', '2026-06-15T12:00:00+00:00');
INSERT INTO person_academic_output (person_id, name, form, publish_date, rank, tech_domain, collaborators, citations, is_representative, created_at, updated_at) VALUES ('PERSON_S_c89a6e64f7886a29', '关于基因编辑的方法', '汇报文稿', '2019-03-13', '第一作者', '储能', '["谢超宇航", "马明", "杨平强"]'::json, 701, TRUE, '2026-06-15T12:00:00+00:00', '2026-06-15T12:00:00+00:00');
INSERT INTO person_academic_output (person_id, name, form, publish_date, rank, tech_domain, collaborators, citations, is_representative, created_at, updated_at) VALUES ('PERSON_S_c89a6e64f7886a29', '关于储能的综述', '论文', '2021-11-06', '第三作者', '基因编辑', '["冯伟文博", "高刚志强"]'::json, 36, TRUE, '2026-06-15T12:00:00+00:00', '2026-06-15T12:00:00+00:00');
INSERT INTO person_academic_output (person_id, name, form, publish_date, rank, tech_domain, collaborators, citations, is_representative, created_at, updated_at) VALUES ('PERSON_S_c89a6e64f7886a29', '关于基因编辑的研究', '汇报文稿', '2020-02-10', '独著', '基因编辑', '["何军昊", "周军平"]'::json, 125, TRUE, '2026-06-15T12:00:00+00:00', '2026-06-15T12:00:00+00:00');
INSERT INTO person_focus (person_id, focus_type, content, consistency_with_policy, potential_impact, created_at, updated_at) VALUES ('PERSON_S_c89a6e64f7886a29', 'tech', '["储能前沿方向"]'::json, '符合国家科技创新规划', '["推动产业升级", "形成自主知识产权"]'::json, '2026-06-15T12:00:00+00:00', '2026-06-15T12:00:00+00:00');
INSERT INTO entity_change_log (entity_id, entity_type, field, old_value, new_value, method, operator, source_doc_id, reason, changed_at) VALUES ('PERSON_S_c89a6e64f7886a29', 'person', '*', NULL, '{"action": "create"}'::json, 'rule', NULL, 'mock_seed', NULL, '2026-06-15T12:00:00+00:00');
INSERT INTO person_profile (person_id, name_cn, name_en, gender, avatar, nationality, summary, birth_date, age, birthplace, ethnicity, current_residence, current_org, current_enterprise, current_military_unit, current_position, highest_degree, person_category, professional_domains, professional_skills, social_media, personality_traits, hobbies, management_philosophy, remark, confidence, completeness, created_at, updated_at) VALUES ('PERSON_S_e1c662e4c817a7ae', '邓宁', 'Expert_Hgyixf', '男', '[]'::json, '中国', '邓宁，其他，主要从事新能源研究，现任中前沿研究院副教授。', '1970-11-05', 56, '南京', '汉族', '深圳', '中前沿研究院', NULL, NULL, '["高级工程师"]'::json, '硕士', '管理', '["新能源"]'::json, '["实验验证", "系统架构", "项目管理"]'::json, '', '["坚韧", "创新"]'::json, '["运动", "阅读"]'::json, '["产学研结合", "以问题为导向"]'::json, '[]'::json, 0.824, 0.935, '2026-06-15T12:00:00+00:00', '2026-06-15T12:00:00+00:00');
INSERT INTO person_education (person_id, start_date, degree_date, degree, school, major, created_at, updated_at) VALUES ('PERSON_S_e1c662e4c817a7ae', '2002-12-04', '2002-08-16', '硕士', '浙江大学', '半导体', '2026-06-15T12:00:00+00:00', '2026-06-15T12:00:00+00:00');
INSERT INTO person_career (person_id, start_date, end_date, org, enterprise, military_unit, position, created_at, updated_at) VALUES ('PERSON_S_e1c662e4c817a7ae', '2009-04-22', NULL, '中前沿研究院', NULL, NULL, '主任', '2026-06-15T12:00:00+00:00', '2026-06-15T12:00:00+00:00');
INSERT INTO person_award (person_id, description, created_at, updated_at) VALUES ('PERSON_S_e1c662e4c817a7ae', '2023年获国家自然科学奖', '2026-06-15T12:00:00+00:00', '2026-06-15T12:00:00+00:00');
INSERT INTO person_academic_output (person_id, name, form, publish_date, rank, tech_domain, collaborators, citations, is_representative, created_at, updated_at) VALUES ('PERSON_S_e1c662e4c817a7ae', '关于新能源的综述', '专利', '2021-10-25', '独著', '新能源', '["邓明", "张伟斌", "邓斌伟"]'::json, 659, TRUE, '2026-06-15T12:00:00+00:00', '2026-06-15T12:00:00+00:00');
INSERT INTO person_academic_output (person_id, name, form, publish_date, rank, tech_domain, collaborators, citations, is_representative, created_at, updated_at) VALUES ('PERSON_S_e1c662e4c817a7ae', '关于新能源的综述', '汇报文稿', '2020-09-14', '独著', '新能源', '["杨瑞杰", "徐平"]'::json, 429, TRUE, '2026-06-15T12:00:00+00:00', '2026-06-15T12:00:00+00:00');
INSERT INTO person_academic_output (person_id, name, form, publish_date, rank, tech_domain, collaborators, citations, is_representative, created_at, updated_at) VALUES ('PERSON_S_e1c662e4c817a7ae', '关于新能源的综述', '论文', '2022-11-23', '第三作者', '新能源', '["冯强海燕", "胡雪松刚", "林瑞"]'::json, 739, TRUE, '2026-06-15T12:00:00+00:00', '2026-06-15T12:00:00+00:00');
INSERT INTO person_academic_output (person_id, name, form, publish_date, rank, tech_domain, collaborators, citations, is_representative, created_at, updated_at) VALUES ('PERSON_S_e1c662e4c817a7ae', '关于新能源的综述', '专利', '2023-07-03', '第二作者', '新能源', '["徐志强建华", "宋艳洋"]'::json, 635, TRUE, '2026-06-15T12:00:00+00:00', '2026-06-15T12:00:00+00:00');
INSERT INTO person_focus (person_id, focus_type, content, consistency_with_policy, potential_impact, created_at, updated_at) VALUES ('PERSON_S_e1c662e4c817a7ae', 'tech', '["新能源前沿方向"]'::json, '符合国家科技创新规划', '["推动产业升级", "形成自主知识产权"]'::json, '2026-06-15T12:00:00+00:00', '2026-06-15T12:00:00+00:00');
INSERT INTO entity_change_log (entity_id, entity_type, field, old_value, new_value, method, operator, source_doc_id, reason, changed_at) VALUES ('PERSON_S_e1c662e4c817a7ae', 'person', '*', NULL, '{"action": "create"}'::json, 'rule', NULL, 'mock_seed', NULL, '2026-06-15T12:00:00+00:00');
INSERT INTO person_profile (person_id, name_cn, name_en, gender, avatar, nationality, summary, birth_date, age, birthplace, ethnicity, current_residence, current_org, current_enterprise, current_military_unit, current_position, highest_degree, person_category, professional_domains, professional_skills, social_media, personality_traits, hobbies, management_philosophy, remark, confidence, completeness, created_at, updated_at) VALUES ('PERSON_S_cfd9d69511f7d959', '黄刚', 'Expert_Gblfqn', '男', '[]'::json, '中国', '黄刚，其他，主要从事航空航天研究，现任新深海科技主任。', '1982-10-15', 44, '南京', '汉族', '上海', '新深海科技', NULL, NULL, '["首席科学家"]'::json, '本科', '研究', '["航空航天"]'::json, '["实验验证", "算法设计", "项目管理"]'::json, '', '["创新", "务实", "严谨"]'::json, '["运动", "音乐"]'::json, '["产学研结合", "以问题为导向"]'::json, '[]'::json, 0.714, 0.562, '2026-06-15T12:00:00+00:00', '2026-06-15T12:00:00+00:00');
INSERT INTO person_education (person_id, start_date, degree_date, degree, school, major, created_at, updated_at) VALUES ('PERSON_S_cfd9d69511f7d959', '2000-12-17', '2018-01-18', '本科', '浙江大学', '量子计算', '2026-06-15T12:00:00+00:00', '2026-06-15T12:00:00+00:00');
INSERT INTO person_career (person_id, start_date, end_date, org, enterprise, military_unit, position, created_at, updated_at) VALUES ('PERSON_S_cfd9d69511f7d959', '2005-12-18', NULL, '新深海科技', NULL, NULL, '高级工程师', '2026-06-15T12:00:00+00:00', '2026-06-15T12:00:00+00:00');
INSERT INTO person_award (person_id, description, created_at, updated_at) VALUES ('PERSON_S_cfd9d69511f7d959', '2022年获省部级奖励', '2026-06-15T12:00:00+00:00', '2026-06-15T12:00:00+00:00');
INSERT INTO person_academic_output (person_id, name, form, publish_date, rank, tech_domain, collaborators, citations, is_representative, created_at, updated_at) VALUES ('PERSON_S_cfd9d69511f7d959', '关于航空航天的方法', '汇报文稿', '2024-01-20', '第三作者', '航空航天', '["唐雪松"]'::json, 364, TRUE, '2026-06-15T12:00:00+00:00', '2026-06-15T12:00:00+00:00');
INSERT INTO person_academic_output (person_id, name, form, publish_date, rank, tech_domain, collaborators, citations, is_representative, created_at, updated_at) VALUES ('PERSON_S_cfd9d69511f7d959', '关于航空航天的研究', '论文', '2022-07-15', '第二作者', '航空航天', '["宋磊", "朱海燕"]'::json, 177, TRUE, '2026-06-15T12:00:00+00:00', '2026-06-15T12:00:00+00:00');
INSERT INTO person_academic_output (person_id, name, form, publish_date, rank, tech_domain, collaborators, citations, is_representative, created_at, updated_at) VALUES ('PERSON_S_cfd9d69511f7d959', '关于航空航天的研究', '汇报文稿', '2022-06-10', '第一作者', '航空航天', '["彭斌强", "朱婷雪松"]'::json, 717, TRUE, '2026-06-15T12:00:00+00:00', '2026-06-15T12:00:00+00:00');
INSERT INTO person_focus (person_id, focus_type, content, consistency_with_policy, potential_impact, created_at, updated_at) VALUES ('PERSON_S_cfd9d69511f7d959', 'tech', '["航空航天前沿方向"]'::json, '符合国家科技创新规划', '["推动产业升级", "形成自主知识产权"]'::json, '2026-06-15T12:00:00+00:00', '2026-06-15T12:00:00+00:00');
INSERT INTO entity_change_log (entity_id, entity_type, field, old_value, new_value, method, operator, source_doc_id, reason, changed_at) VALUES ('PERSON_S_cfd9d69511f7d959', 'person', '*', NULL, '{"action": "create"}'::json, 'rule', NULL, 'mock_seed', NULL, '2026-06-15T12:00:00+00:00');
INSERT INTO person_profile (person_id, name_cn, name_en, gender, avatar, nationality, summary, birth_date, age, birthplace, ethnicity, current_residence, current_org, current_enterprise, current_military_unit, current_position, highest_degree, person_category, professional_domains, professional_skills, social_media, personality_traits, hobbies, management_philosophy, remark, confidence, completeness, created_at, updated_at) VALUES ('PERSON_S_29dcd67b6554c965', '吴艳伟', 'Expert_Ujuznt', '男', '[]'::json, '中国', '吴艳伟，研究，主要从事半导体、基因编辑研究，现任东方未来研究院研究员。', '1986-11-24', 40, '武汉', '汉族', '杭州', '东方未来研究院', NULL, NULL, '["总工程师"]'::json, '硕士', '管理', '["半导体", "基因编辑", "新能源"]'::json, '["实验验证", "数据分析", "工程化"]'::json, '', '["坚韧", "协作", "创新"]'::json, '["音乐", "旅行"]'::json, '["产学研结合", "以问题为导向"]'::json, '[]'::json, 0.932, 0.565, '2026-06-15T12:00:00+00:00', '2026-06-15T12:00:00+00:00');
INSERT INTO person_education (person_id, start_date, degree_date, degree, school, major, created_at, updated_at) VALUES ('PERSON_S_29dcd67b6554c965', '1992-12-15', '1999-10-18', '硕士', '浙江大学', '大模型', '2026-06-15T12:00:00+00:00', '2026-06-15T12:00:00+00:00');
INSERT INTO person_career (person_id, start_date, end_date, org, enterprise, military_unit, position, created_at, updated_at) VALUES ('PERSON_S_29dcd67b6554c965', '2013-07-28', NULL, '东方未来研究院', NULL, NULL, '副教授', '2026-06-15T12:00:00+00:00', '2026-06-15T12:00:00+00:00');
INSERT INTO person_award (person_id, description, created_at, updated_at) VALUES ('PERSON_S_29dcd67b6554c965', '2021年获学会优秀论文', '2026-06-15T12:00:00+00:00', '2026-06-15T12:00:00+00:00');
INSERT INTO person_academic_output (person_id, name, form, publish_date, rank, tech_domain, collaborators, citations, is_representative, created_at, updated_at) VALUES ('PERSON_S_29dcd67b6554c965', '关于半导体的综述', '专利', '2020-01-20', '第一作者', '新能源', '["曹建华涛", "冯平峰", "周瑞"]'::json, 572, TRUE, '2026-06-15T12:00:00+00:00', '2026-06-15T12:00:00+00:00');
INSERT INTO person_academic_output (person_id, name, form, publish_date, rank, tech_domain, collaborators, citations, is_representative, created_at, updated_at) VALUES ('PERSON_S_29dcd67b6554c965', '关于基因编辑的综述', '论文', '2021-03-25', '第三作者', '新能源', '["冯涛桂英", "张瑞"]'::json, 171, TRUE, '2026-06-15T12:00:00+00:00', '2026-06-15T12:00:00+00:00');
INSERT INTO person_academic_output (person_id, name, form, publish_date, rank, tech_domain, collaborators, citations, is_representative, created_at, updated_at) VALUES ('PERSON_S_29dcd67b6554c965', '关于基因编辑的研究', '汇报文稿', '2024-02-06', '第一作者', '基因编辑', '["李超", "黄宁"]'::json, 102, TRUE, '2026-06-15T12:00:00+00:00', '2026-06-15T12:00:00+00:00');
INSERT INTO person_focus (person_id, focus_type, content, consistency_with_policy, potential_impact, created_at, updated_at) VALUES ('PERSON_S_29dcd67b6554c965', 'tech', '["基因编辑前沿方向"]'::json, '符合国家科技创新规划', '["推动产业升级", "形成自主知识产权"]'::json, '2026-06-15T12:00:00+00:00', '2026-06-15T12:00:00+00:00');
INSERT INTO entity_change_log (entity_id, entity_type, field, old_value, new_value, method, operator, source_doc_id, reason, changed_at) VALUES ('PERSON_S_29dcd67b6554c965', 'person', '*', NULL, '{"action": "create"}'::json, 'rule', NULL, 'mock_seed', NULL, '2026-06-15T12:00:00+00:00');
INSERT INTO person_profile (person_id, name_cn, name_en, gender, avatar, nationality, summary, birth_date, age, birthplace, ethnicity, current_residence, current_org, current_enterprise, current_military_unit, current_position, highest_degree, person_category, professional_domains, professional_skills, social_media, personality_traits, hobbies, management_philosophy, remark, confidence, completeness, created_at, updated_at) VALUES ('PERSON_S_584172cb223e8521', '谢杰', 'Expert_Ujztcx', '女', '[]'::json, '中国', '谢杰，管理，主要从事基因编辑、网络安全研究，现任航天储能研究所研究员。', '1956-07-16', 70, '武汉', '汉族', '深圳', '航天储能研究所', NULL, NULL, '["主任"]'::json, '本科', '其他', '["基因编辑", "网络安全", "机器人", "新能源"]'::json, '["实验验证", "系统架构", "算法设计"]'::json, '', '["创新", "协作"]'::json, '["旅行"]'::json, '["产学研结合", "以问题为导向"]'::json, '[]'::json, 0.759, 0.747, '2026-06-15T12:00:00+00:00', '2026-06-15T12:00:00+00:00');
INSERT INTO person_education (person_id, start_date, degree_date, degree, school, major, created_at, updated_at) VALUES ('PERSON_S_584172cb223e8521', '2008-04-16', '2011-12-01', '硕士', '上海交通大学', '基因编辑', '2026-06-15T12:00:00+00:00', '2026-06-15T12:00:00+00:00');
INSERT INTO person_career (person_id, start_date, end_date, org, enterprise, military_unit, position, created_at, updated_at) VALUES ('PERSON_S_584172cb223e8521', '2016-10-03', NULL, '航天储能研究所', NULL, NULL, '副院长', '2026-06-15T12:00:00+00:00', '2026-06-15T12:00:00+00:00');
INSERT INTO person_award (person_id, description, created_at, updated_at) VALUES ('PERSON_S_584172cb223e8521', '2023年获省部级奖励', '2026-06-15T12:00:00+00:00', '2026-06-15T12:00:00+00:00');
INSERT INTO person_academic_output (person_id, name, form, publish_date, rank, tech_domain, collaborators, citations, is_representative, created_at, updated_at) VALUES ('PERSON_S_584172cb223e8521', '关于网络安全的综述', '汇报文稿', '2020-07-15', '第二作者', '新能源', '["吴霞洋", "马雪松"]'::json, 397, TRUE, '2026-06-15T12:00:00+00:00', '2026-06-15T12:00:00+00:00');
INSERT INTO person_academic_output (person_id, name, form, publish_date, rank, tech_domain, collaborators, citations, is_representative, created_at, updated_at) VALUES ('PERSON_S_584172cb223e8521', '关于新能源的综述', '汇报文稿', '2022-04-01', '第三作者', '机器人', '["马超", "高强瑞", "李刚"]'::json, 252, TRUE, '2026-06-15T12:00:00+00:00', '2026-06-15T12:00:00+00:00');
INSERT INTO person_academic_output (person_id, name, form, publish_date, rank, tech_domain, collaborators, citations, is_representative, created_at, updated_at) VALUES ('PERSON_S_584172cb223e8521', '关于新能源的研究', '汇报文稿', '2023-07-01', '第二作者', '机器人', '["朱洋"]'::json, 147, TRUE, '2026-06-15T12:00:00+00:00', '2026-06-15T12:00:00+00:00');
INSERT INTO person_focus (person_id, focus_type, content, consistency_with_policy, potential_impact, created_at, updated_at) VALUES ('PERSON_S_584172cb223e8521', 'tech', '["机器人前沿方向"]'::json, '符合国家科技创新规划', '["推动产业升级", "形成自主知识产权"]'::json, '2026-06-15T12:00:00+00:00', '2026-06-15T12:00:00+00:00');
INSERT INTO entity_change_log (entity_id, entity_type, field, old_value, new_value, method, operator, source_doc_id, reason, changed_at) VALUES ('PERSON_S_584172cb223e8521', 'person', '*', NULL, '{"action": "create"}'::json, 'rule', NULL, 'mock_seed', NULL, '2026-06-15T12:00:00+00:00');
INSERT INTO person_profile (person_id, name_cn, name_en, gender, avatar, nationality, summary, birth_date, age, birthplace, ethnicity, current_residence, current_org, current_enterprise, current_military_unit, current_position, highest_degree, person_category, professional_domains, professional_skills, social_media, personality_traits, hobbies, management_philosophy, remark, confidence, completeness, created_at, updated_at) VALUES ('PERSON_S_6c5a434f515c7a61', '韩雪松', 'Expert_Dutzdo', '男', '[]'::json, '中国', '韩雪松，研究，主要从事卫星互联网、自动驾驶研究，现任华量子集团副教授。', '1989-11-21', 37, '南京', '汉族', '上海', '华量子集团', NULL, NULL, '["教授"]'::json, '本科', '其他', '["卫星互联网", "自动驾驶", "人工智能"]'::json, '["数据分析", "实验验证"]'::json, '', '["协作", "创新"]'::json, '["音乐", "阅读"]'::json, '["产学研结合", "以问题为导向"]'::json, '[]'::json, 0.94, 0.612, '2026-06-15T12:00:00+00:00', '2026-06-15T12:00:00+00:00');
INSERT INTO person_education (person_id, start_date, degree_date, degree, school, major, created_at, updated_at) VALUES ('PERSON_S_6c5a434f515c7a61', '2006-02-16', '2014-09-22', '博士', '浙江大学', '集成电路', '2026-06-15T12:00:00+00:00', '2026-06-15T12:00:00+00:00');
INSERT INTO person_career (person_id, start_date, end_date, org, enterprise, military_unit, position, created_at, updated_at) VALUES ('PERSON_S_6c5a434f515c7a61', '2017-12-05', NULL, '华量子集团', NULL, NULL, '高级工程师', '2026-06-15T12:00:00+00:00', '2026-06-15T12:00:00+00:00');
INSERT INTO person_award (person_id, description, created_at, updated_at) VALUES ('PERSON_S_6c5a434f515c7a61', '2023年获学会优秀论文', '2026-06-15T12:00:00+00:00', '2026-06-15T12:00:00+00:00');
INSERT INTO person_academic_output (person_id, name, form, publish_date, rank, tech_domain, collaborators, citations, is_representative, created_at, updated_at) VALUES ('PERSON_S_6c5a434f515c7a61', '关于卫星互联网的综述', '专利', '2019-12-23', '独著', '卫星互联网', '["邓宁桂英", "唐杰勇"]'::json, 125, TRUE, '2026-06-15T12:00:00+00:00', '2026-06-15T12:00:00+00:00');
INSERT INTO person_academic_output (person_id, name, form, publish_date, rank, tech_domain, collaborators, citations, is_representative, created_at, updated_at) VALUES ('PERSON_S_6c5a434f515c7a61', '关于自动驾驶的方法', '论文', '2018-11-01', '第一作者', '自动驾驶', '["赵明", "赵婷晓东", "朱建华"]'::json, 471, TRUE, '2026-06-15T12:00:00+00:00', '2026-06-15T12:00:00+00:00');
INSERT INTO person_academic_output (person_id, name, form, publish_date, rank, tech_domain, collaborators, citations, is_representative, created_at, updated_at) VALUES ('PERSON_S_6c5a434f515c7a61', '关于人工智能的综述', '专利', '2020-09-15', '其他', '自动驾驶', '["陈桂英", "陈瑞", "林霞峰"]'::json, 217, TRUE, '2026-06-15T12:00:00+00:00', '2026-06-15T12:00:00+00:00');
INSERT INTO person_academic_output (person_id, name, form, publish_date, rank, tech_domain, collaborators, citations, is_representative, created_at, updated_at) VALUES ('PERSON_S_6c5a434f515c7a61', '关于自动驾驶的研究', '论文', '2024-06-14', '独著', '自动驾驶', '["杨涛军"]'::json, 708, TRUE, '2026-06-15T12:00:00+00:00', '2026-06-15T12:00:00+00:00');
INSERT INTO person_focus (person_id, focus_type, content, consistency_with_policy, potential_impact, created_at, updated_at) VALUES ('PERSON_S_6c5a434f515c7a61', 'tech', '["人工智能前沿方向"]'::json, '符合国家科技创新规划', '["推动产业升级", "形成自主知识产权"]'::json, '2026-06-15T12:00:00+00:00', '2026-06-15T12:00:00+00:00');
INSERT INTO entity_change_log (entity_id, entity_type, field, old_value, new_value, method, operator, source_doc_id, reason, changed_at) VALUES ('PERSON_S_6c5a434f515c7a61', 'person', '*', NULL, '{"action": "create"}'::json, 'rule', NULL, 'mock_seed', NULL, '2026-06-15T12:00:00+00:00');
INSERT INTO person_profile (person_id, name_cn, name_en, gender, avatar, nationality, summary, birth_date, age, birthplace, ethnicity, current_residence, current_org, current_enterprise, current_military_unit, current_position, highest_degree, person_category, professional_domains, professional_skills, social_media, personality_traits, hobbies, management_philosophy, remark, confidence, completeness, created_at, updated_at) VALUES ('PERSON_S_07b7460c23fb0d81', '马海燕刚', 'Expert_Qvuamh', '男', '[]'::json, '中国', '马海燕刚，研究，主要从事新能源、自动驾驶研究，现任远未来实验室研究员。', '1967-09-12', 59, '成都', '汉族', '杭州', '远未来实验室', NULL, NULL, '["首席科学家"]'::json, '本科', '管理', '["新能源", "自动驾驶"]'::json, '["项目管理", "工程化", "算法设计", "实验验证"]'::json, '', '["坚韧"]'::json, '["运动", "旅行"]'::json, '["产学研结合", "以问题为导向"]'::json, '[]'::json, 0.953, 0.622, '2026-06-15T12:00:00+00:00', '2026-06-15T12:00:00+00:00');
INSERT INTO person_education (person_id, start_date, degree_date, degree, school, major, created_at, updated_at) VALUES ('PERSON_S_07b7460c23fb0d81', '2002-04-14', '2003-06-27', '本科', '清华大学', '半导体', '2026-06-15T12:00:00+00:00', '2026-06-15T12:00:00+00:00');
INSERT INTO person_career (person_id, start_date, end_date, org, enterprise, military_unit, position, created_at, updated_at) VALUES ('PERSON_S_07b7460c23fb0d81', '2014-12-12', NULL, '远未来实验室', NULL, NULL, '副院长', '2026-06-15T12:00:00+00:00', '2026-06-15T12:00:00+00:00');
INSERT INTO person_award (person_id, description, created_at, updated_at) VALUES ('PERSON_S_07b7460c23fb0d81', '2022年获省部级奖励', '2026-06-15T12:00:00+00:00', '2026-06-15T12:00:00+00:00');
INSERT INTO person_academic_output (person_id, name, form, publish_date, rank, tech_domain, collaborators, citations, is_representative, created_at, updated_at) VALUES ('PERSON_S_07b7460c23fb0d81', '关于新能源的综述', '汇报文稿', '2023-11-10', '独著', '新能源', '["冯磊"]'::json, 228, TRUE, '2026-06-15T12:00:00+00:00', '2026-06-15T12:00:00+00:00');
INSERT INTO person_academic_output (person_id, name, form, publish_date, rank, tech_domain, collaborators, citations, is_representative, created_at, updated_at) VALUES ('PERSON_S_07b7460c23fb0d81', '关于自动驾驶的研究', '专利', '2023-02-11', '独著', '新能源', '["李强", "许宇航"]'::json, 628, TRUE, '2026-06-15T12:00:00+00:00', '2026-06-15T12:00:00+00:00');
INSERT INTO person_academic_output (person_id, name, form, publish_date, rank, tech_domain, collaborators, citations, is_representative, created_at, updated_at) VALUES ('PERSON_S_07b7460c23fb0d81', '关于自动驾驶的方法', '论文', '2024-12-04', '第三作者', '自动驾驶', '["黄涛海燕", "胡洋斌"]'::json, 416, TRUE, '2026-06-15T12:00:00+00:00', '2026-06-15T12:00:00+00:00');
INSERT INTO person_focus (person_id, focus_type, content, consistency_with_policy, potential_impact, created_at, updated_at) VALUES ('PERSON_S_07b7460c23fb0d81', 'tech', '["自动驾驶前沿方向"]'::json, '符合国家科技创新规划', '["推动产业升级", "形成自主知识产权"]'::json, '2026-06-15T12:00:00+00:00', '2026-06-15T12:00:00+00:00');
INSERT INTO entity_change_log (entity_id, entity_type, field, old_value, new_value, method, operator, source_doc_id, reason, changed_at) VALUES ('PERSON_S_07b7460c23fb0d81', 'person', '*', NULL, '{"action": "create"}'::json, 'rule', NULL, 'mock_seed', NULL, '2026-06-15T12:00:00+00:00');
INSERT INTO person_profile (person_id, name_cn, name_en, gender, avatar, nationality, summary, birth_date, age, birthplace, ethnicity, current_residence, current_org, current_enterprise, current_military_unit, current_position, highest_degree, person_category, professional_domains, professional_skills, social_media, personality_traits, hobbies, management_philosophy, remark, confidence, completeness, created_at, updated_at) VALUES ('PERSON_S_3606b08e0b07395b', '彭娟瑞', 'Expert_Iyggep', '男', '[]'::json, '中国', '彭娟瑞，管理，主要从事集成电路研究，现任北方量子工程技术中心副教授。', '1976-11-14', 50, '成都', '汉族', '北京', '北方量子工程技术中心', NULL, NULL, '["总工程师"]'::json, '博士', '其他', '["集成电路"]'::json, '["系统架构", "算法设计"]'::json, '', '["务实", "坚韧", "协作"]'::json, '["音乐", "阅读"]'::json, '["产学研结合", "以问题为导向"]'::json, '[]'::json, 0.765, 0.738, '2026-06-15T12:00:00+00:00', '2026-06-15T12:00:00+00:00');
INSERT INTO person_education (person_id, start_date, degree_date, degree, school, major, created_at, updated_at) VALUES ('PERSON_S_3606b08e0b07395b', '1997-04-23', '1999-12-28', '本科', '清华大学', '量子计算', '2026-06-15T12:00:00+00:00', '2026-06-15T12:00:00+00:00');
INSERT INTO person_career (person_id, start_date, end_date, org, enterprise, military_unit, position, created_at, updated_at) VALUES ('PERSON_S_3606b08e0b07395b', '2007-05-12', NULL, '北方量子工程技术中心', NULL, NULL, '首席科学家', '2026-06-15T12:00:00+00:00', '2026-06-15T12:00:00+00:00');
INSERT INTO person_award (person_id, description, created_at, updated_at) VALUES ('PERSON_S_3606b08e0b07395b', '2021年获国家自然科学奖', '2026-06-15T12:00:00+00:00', '2026-06-15T12:00:00+00:00');
INSERT INTO person_academic_output (person_id, name, form, publish_date, rank, tech_domain, collaborators, citations, is_representative, created_at, updated_at) VALUES ('PERSON_S_3606b08e0b07395b', '关于集成电路的方法', '论文', '2023-11-17', '第二作者', '集成电路', '["陈艳", "郭平"]'::json, 581, TRUE, '2026-06-15T12:00:00+00:00', '2026-06-15T12:00:00+00:00');
INSERT INTO person_academic_output (person_id, name, form, publish_date, rank, tech_domain, collaborators, citations, is_representative, created_at, updated_at) VALUES ('PERSON_S_3606b08e0b07395b', '关于集成电路的研究', '论文', '2021-03-28', '第二作者', '集成电路', '["马桂英洋"]'::json, 275, TRUE, '2026-06-15T12:00:00+00:00', '2026-06-15T12:00:00+00:00');
INSERT INTO person_academic_output (person_id, name, form, publish_date, rank, tech_domain, collaborators, citations, is_representative, created_at, updated_at) VALUES ('PERSON_S_3606b08e0b07395b', '关于集成电路的方法', '论文', '2020-07-09', '第二作者', '集成电路', '["郑桂英雪松", "谢磊军", "黄明"]'::json, 695, TRUE, '2026-06-15T12:00:00+00:00', '2026-06-15T12:00:00+00:00');
INSERT INTO person_focus (person_id, focus_type, content, consistency_with_policy, potential_impact, created_at, updated_at) VALUES ('PERSON_S_3606b08e0b07395b', 'tech', '["集成电路前沿方向"]'::json, '符合国家科技创新规划', '["推动产业升级", "形成自主知识产权"]'::json, '2026-06-15T12:00:00+00:00', '2026-06-15T12:00:00+00:00');
INSERT INTO entity_change_log (entity_id, entity_type, field, old_value, new_value, method, operator, source_doc_id, reason, changed_at) VALUES ('PERSON_S_3606b08e0b07395b', 'person', '*', NULL, '{"action": "create"}'::json, 'rule', NULL, 'mock_seed', NULL, '2026-06-15T12:00:00+00:00');
INSERT INTO person_profile (person_id, name_cn, name_en, gender, avatar, nationality, summary, birth_date, age, birthplace, ethnicity, current_residence, current_org, current_enterprise, current_military_unit, current_position, highest_degree, person_category, professional_domains, professional_skills, social_media, personality_traits, hobbies, management_philosophy, remark, confidence, completeness, created_at, updated_at) VALUES ('PERSON_S_6045bf56daa733ac', '罗洋娟', 'Expert_Lauxea', '男', '[]'::json, '中国', '罗洋娟，管理，主要从事深海装备研究，现任南方量子高科高级工程师。', '1955-02-04', 71, '武汉', '汉族', '杭州', '南方量子高科', NULL, NULL, '["主任"]'::json, '硕士', '管理', '["深海装备"]'::json, '["项目管理", "系统架构"]'::json, '', '["协作"]'::json, '["运动"]'::json, '["产学研结合", "以问题为导向"]'::json, '[]'::json, 0.98, 0.631, '2026-06-15T12:00:00+00:00', '2026-06-15T12:00:00+00:00');
INSERT INTO person_education (person_id, start_date, degree_date, degree, school, major, created_at, updated_at) VALUES ('PERSON_S_6045bf56daa733ac', '1992-01-11', '2008-09-02', '博士', '上海交通大学', '大模型', '2026-06-15T12:00:00+00:00', '2026-06-15T12:00:00+00:00');
INSERT INTO person_career (person_id, start_date, end_date, org, enterprise, military_unit, position, created_at, updated_at) VALUES ('PERSON_S_6045bf56daa733ac', '2018-11-24', NULL, '南方量子高科', NULL, NULL, '副院长', '2026-06-15T12:00:00+00:00', '2026-06-15T12:00:00+00:00');
INSERT INTO person_award (person_id, description, created_at, updated_at) VALUES ('PERSON_S_6045bf56daa733ac', '2020年获学会优秀论文', '2026-06-15T12:00:00+00:00', '2026-06-15T12:00:00+00:00');
INSERT INTO person_academic_output (person_id, name, form, publish_date, rank, tech_domain, collaborators, citations, is_representative, created_at, updated_at) VALUES ('PERSON_S_6045bf56daa733ac', '关于深海装备的综述', '专著', '2020-11-17', '其他', '深海装备', '["何雪松斌"]'::json, 266, TRUE, '2026-06-15T12:00:00+00:00', '2026-06-15T12:00:00+00:00');
INSERT INTO person_academic_output (person_id, name, form, publish_date, rank, tech_domain, collaborators, citations, is_representative, created_at, updated_at) VALUES ('PERSON_S_6045bf56daa733ac', '关于深海装备的综述', '论文', '2019-02-21', '第一作者', '深海装备', '["王俊杰", "张志强瑞"]'::json, 394, TRUE, '2026-06-15T12:00:00+00:00', '2026-06-15T12:00:00+00:00');
INSERT INTO person_academic_output (person_id, name, form, publish_date, rank, tech_domain, collaborators, citations, is_representative, created_at, updated_at) VALUES ('PERSON_S_6045bf56daa733ac', '关于深海装备的综述', '专利', '2023-05-13', '其他', '深海装备', '["谢瑞"]'::json, 670, TRUE, '2026-06-15T12:00:00+00:00', '2026-06-15T12:00:00+00:00');
INSERT INTO person_academic_output (person_id, name, form, publish_date, rank, tech_domain, collaborators, citations, is_representative, created_at, updated_at) VALUES ('PERSON_S_6045bf56daa733ac', '关于深海装备的方法', '汇报文稿', '2024-07-11', '独著', '深海装备', '["冯峰", "谢志强平", "王峰"]'::json, 201, TRUE, '2026-06-15T12:00:00+00:00', '2026-06-15T12:00:00+00:00');
INSERT INTO person_focus (person_id, focus_type, content, consistency_with_policy, potential_impact, created_at, updated_at) VALUES ('PERSON_S_6045bf56daa733ac', 'tech', '["深海装备前沿方向"]'::json, '符合国家科技创新规划', '["推动产业升级", "形成自主知识产权"]'::json, '2026-06-15T12:00:00+00:00', '2026-06-15T12:00:00+00:00');
INSERT INTO entity_change_log (entity_id, entity_type, field, old_value, new_value, method, operator, source_doc_id, reason, changed_at) VALUES ('PERSON_S_6045bf56daa733ac', 'person', '*', NULL, '{"action": "create"}'::json, 'rule', NULL, 'mock_seed', NULL, '2026-06-15T12:00:00+00:00');
INSERT INTO person_profile (person_id, name_cn, name_en, gender, avatar, nationality, summary, birth_date, age, birthplace, ethnicity, current_residence, current_org, current_enterprise, current_military_unit, current_position, highest_degree, person_category, professional_domains, professional_skills, social_media, personality_traits, hobbies, management_philosophy, remark, confidence, completeness, created_at, updated_at) VALUES ('PERSON_S_66241538a32cbf25', '马霞建华', 'Expert_Tabdtj', '女', '[]'::json, '中国', '马霞建华，管理，主要从事增材制造、脑机接口研究，现任华信息高科首席科学家。', '1965-04-15', 61, '上海', '汉族', '杭州', '华信息高科', NULL, NULL, '["主任"]'::json, '博士', '其他', '["增材制造", "脑机接口"]'::json, '["项目管理", "数据分析", "系统架构", "工程化"]'::json, '', '["严谨"]'::json, '["旅行"]'::json, '["产学研结合", "以问题为导向"]'::json, '[]'::json, 0.748, 0.878, '2026-06-15T12:00:00+00:00', '2026-06-15T12:00:00+00:00');
INSERT INTO person_education (person_id, start_date, degree_date, degree, school, major, created_at, updated_at) VALUES ('PERSON_S_66241538a32cbf25', '2002-10-23', '2016-11-15', '本科', '中国科学技术大学', '大模型', '2026-06-15T12:00:00+00:00', '2026-06-15T12:00:00+00:00');
INSERT INTO person_career (person_id, start_date, end_date, org, enterprise, military_unit, position, created_at, updated_at) VALUES ('PERSON_S_66241538a32cbf25', '2012-12-18', NULL, '华信息高科', NULL, NULL, '首席科学家', '2026-06-15T12:00:00+00:00', '2026-06-15T12:00:00+00:00');
INSERT INTO person_award (person_id, description, created_at, updated_at) VALUES ('PERSON_S_66241538a32cbf25', '2020年获国家自然科学奖', '2026-06-15T12:00:00+00:00', '2026-06-15T12:00:00+00:00');
INSERT INTO person_academic_output (person_id, name, form, publish_date, rank, tech_domain, collaborators, citations, is_representative, created_at, updated_at) VALUES ('PERSON_S_66241538a32cbf25', '关于脑机接口的方法', '论文', '2018-08-26', '第三作者', '增材制造', '["杨峰俊杰", "许霞"]'::json, 691, TRUE, '2026-06-15T12:00:00+00:00', '2026-06-15T12:00:00+00:00');
INSERT INTO person_academic_output (person_id, name, form, publish_date, rank, tech_domain, collaborators, citations, is_representative, created_at, updated_at) VALUES ('PERSON_S_66241538a32cbf25', '关于增材制造的方法', '专著', '2019-02-27', '第二作者', '增材制造', '["冯峰刚", "孙婷晓东", "赵峰建华"]'::json, 77, TRUE, '2026-06-15T12:00:00+00:00', '2026-06-15T12:00:00+00:00');
INSERT INTO person_academic_output (person_id, name, form, publish_date, rank, tech_domain, collaborators, citations, is_representative, created_at, updated_at) VALUES ('PERSON_S_66241538a32cbf25', '关于增材制造的综述', '专著', '2024-08-20', '其他', '脑机接口', '["孙刚", "曹桂英娟"]'::json, 431, TRUE, '2026-06-15T12:00:00+00:00', '2026-06-15T12:00:00+00:00');
INSERT INTO person_focus (person_id, focus_type, content, consistency_with_policy, potential_impact, created_at, updated_at) VALUES ('PERSON_S_66241538a32cbf25', 'tech', '["增材制造前沿方向"]'::json, '符合国家科技创新规划', '["推动产业升级", "形成自主知识产权"]'::json, '2026-06-15T12:00:00+00:00', '2026-06-15T12:00:00+00:00');
INSERT INTO entity_change_log (entity_id, entity_type, field, old_value, new_value, method, operator, source_doc_id, reason, changed_at) VALUES ('PERSON_S_66241538a32cbf25', 'person', '*', NULL, '{"action": "create"}'::json, 'rule', NULL, 'mock_seed', NULL, '2026-06-15T12:00:00+00:00');
INSERT INTO person_profile (person_id, name_cn, name_en, gender, avatar, nationality, summary, birth_date, age, birthplace, ethnicity, current_residence, current_org, current_enterprise, current_military_unit, current_position, highest_degree, person_category, professional_domains, professional_skills, social_media, personality_traits, hobbies, management_philosophy, remark, confidence, completeness, created_at, updated_at) VALUES ('PERSON_S_2b5abd6d40f0ca77', '唐娟超', 'Expert_Mehptm', '女', '[]'::json, '中国', '唐娟超，管理，主要从事半导体研究，现任航天芯创实验室高级工程师。', '1957-10-06', 69, '北京', '汉族', '深圳', '航天芯创实验室', NULL, NULL, '["教授"]'::json, '博士', '研究', '["半导体"]'::json, '["工程化", "算法设计", "实验验证", "系统架构"]'::json, '', '["务实", "坚韧", "创新"]'::json, '["音乐"]'::json, '["产学研结合", "以问题为导向"]'::json, '[]'::json, 0.722, 0.878, '2026-06-15T12:00:00+00:00', '2026-06-15T12:00:00+00:00');
INSERT INTO person_education (person_id, start_date, degree_date, degree, school, major, created_at, updated_at) VALUES ('PERSON_S_2b5abd6d40f0ca77', '2010-10-11', '2002-02-11', '硕士', '浙江大学', '大模型', '2026-06-15T12:00:00+00:00', '2026-06-15T12:00:00+00:00');
INSERT INTO person_career (person_id, start_date, end_date, org, enterprise, military_unit, position, created_at, updated_at) VALUES ('PERSON_S_2b5abd6d40f0ca77', '2006-09-22', NULL, '航天芯创实验室', NULL, NULL, '首席科学家', '2026-06-15T12:00:00+00:00', '2026-06-15T12:00:00+00:00');
INSERT INTO person_award (person_id, description, created_at, updated_at) VALUES ('PERSON_S_2b5abd6d40f0ca77', '2015年获国家自然科学奖', '2026-06-15T12:00:00+00:00', '2026-06-15T12:00:00+00:00');
INSERT INTO person_academic_output (person_id, name, form, publish_date, rank, tech_domain, collaborators, citations, is_representative, created_at, updated_at) VALUES ('PERSON_S_2b5abd6d40f0ca77', '关于半导体的方法', '论文', '2024-05-27', '独著', '半导体', '["宋霞志强", "谢瑞平"]'::json, 347, TRUE, '2026-06-15T12:00:00+00:00', '2026-06-15T12:00:00+00:00');
INSERT INTO person_academic_output (person_id, name, form, publish_date, rank, tech_domain, collaborators, citations, is_representative, created_at, updated_at) VALUES ('PERSON_S_2b5abd6d40f0ca77', '关于半导体的研究', '专利', '2023-01-01', '第三作者', '半导体', '["罗文博桂英", "韩建华"]'::json, 47, TRUE, '2026-06-15T12:00:00+00:00', '2026-06-15T12:00:00+00:00');
INSERT INTO person_focus (person_id, focus_type, content, consistency_with_policy, potential_impact, created_at, updated_at) VALUES ('PERSON_S_2b5abd6d40f0ca77', 'tech', '["半导体前沿方向"]'::json, '符合国家科技创新规划', '["推动产业升级", "形成自主知识产权"]'::json, '2026-06-15T12:00:00+00:00', '2026-06-15T12:00:00+00:00');
INSERT INTO entity_change_log (entity_id, entity_type, field, old_value, new_value, method, operator, source_doc_id, reason, changed_at) VALUES ('PERSON_S_2b5abd6d40f0ca77', 'person', '*', NULL, '{"action": "create"}'::json, 'rule', NULL, 'mock_seed', NULL, '2026-06-15T12:00:00+00:00');
INSERT INTO person_profile (person_id, name_cn, name_en, gender, avatar, nationality, summary, birth_date, age, birthplace, ethnicity, current_residence, current_org, current_enterprise, current_military_unit, current_position, highest_degree, person_category, professional_domains, professional_skills, social_media, personality_traits, hobbies, management_philosophy, remark, confidence, completeness, created_at, updated_at) VALUES ('PERSON_S_6dae13afb3349cf7', '吴霞', 'Expert_Arlasv', '女', '[]'::json, '中国', '吴霞，管理，主要从事机器人、新材料研究，现任航天脑科学高科首席科学家。', '1993-03-28', 33, '哈尔滨', '汉族', '北京', '航天脑科学高科', NULL, NULL, '["总工程师"]'::json, '本科', '研究', '["机器人", "新材料", "深海装备"]'::json, '["系统架构", "数据分析"]'::json, '', '["坚韧", "务实"]'::json, '["运动", "音乐"]'::json, '["产学研结合", "以问题为导向"]'::json, '[]'::json, 0.715, 0.652, '2026-06-15T12:00:00+00:00', '2026-06-15T12:00:00+00:00');
INSERT INTO person_education (person_id, start_date, degree_date, degree, school, major, created_at, updated_at) VALUES ('PERSON_S_6dae13afb3349cf7', '1993-04-19', '2014-03-23', '博士', '哈尔滨工业大学', '人工智能', '2026-06-15T12:00:00+00:00', '2026-06-15T12:00:00+00:00');
INSERT INTO person_career (person_id, start_date, end_date, org, enterprise, military_unit, position, created_at, updated_at) VALUES ('PERSON_S_6dae13afb3349cf7', '2007-06-23', NULL, '航天脑科学高科', NULL, NULL, '教授', '2026-06-15T12:00:00+00:00', '2026-06-15T12:00:00+00:00');
INSERT INTO person_award (person_id, description, created_at, updated_at) VALUES ('PERSON_S_6dae13afb3349cf7', '2019年获国家自然科学奖', '2026-06-15T12:00:00+00:00', '2026-06-15T12:00:00+00:00');
INSERT INTO person_academic_output (person_id, name, form, publish_date, rank, tech_domain, collaborators, citations, is_representative, created_at, updated_at) VALUES ('PERSON_S_6dae13afb3349cf7', '关于机器人的研究', '论文', '2020-11-27', '第三作者', '机器人', '["郑建华文博", "韩平"]'::json, 346, TRUE, '2026-06-15T12:00:00+00:00', '2026-06-15T12:00:00+00:00');
INSERT INTO person_academic_output (person_id, name, form, publish_date, rank, tech_domain, collaborators, citations, is_representative, created_at, updated_at) VALUES ('PERSON_S_6dae13afb3349cf7', '关于新材料的综述', '论文', '2024-07-20', '第一作者', '深海装备', '["杨婷"]'::json, 21, TRUE, '2026-06-15T12:00:00+00:00', '2026-06-15T12:00:00+00:00');
INSERT INTO person_academic_output (person_id, name, form, publish_date, rank, tech_domain, collaborators, citations, is_representative, created_at, updated_at) VALUES ('PERSON_S_6dae13afb3349cf7', '关于机器人的综述', '论文', '2024-12-19', '独著', '新材料', '["唐桂英平", "吴涛军", "唐昊"]'::json, 297, TRUE, '2026-06-15T12:00:00+00:00', '2026-06-15T12:00:00+00:00');
INSERT INTO person_academic_output (person_id, name, form, publish_date, rank, tech_domain, collaborators, citations, is_representative, created_at, updated_at) VALUES ('PERSON_S_6dae13afb3349cf7', '关于新材料的方法', '论文', '2021-02-05', '第三作者', '新材料', '["赵斌建华"]'::json, 273, TRUE, '2026-06-15T12:00:00+00:00', '2026-06-15T12:00:00+00:00');
INSERT INTO person_focus (person_id, focus_type, content, consistency_with_policy, potential_impact, created_at, updated_at) VALUES ('PERSON_S_6dae13afb3349cf7', 'tech', '["深海装备前沿方向"]'::json, '符合国家科技创新规划', '["推动产业升级", "形成自主知识产权"]'::json, '2026-06-15T12:00:00+00:00', '2026-06-15T12:00:00+00:00');
INSERT INTO entity_change_log (entity_id, entity_type, field, old_value, new_value, method, operator, source_doc_id, reason, changed_at) VALUES ('PERSON_S_6dae13afb3349cf7', 'person', '*', NULL, '{"action": "create"}'::json, 'rule', NULL, 'mock_seed', NULL, '2026-06-15T12:00:00+00:00');
INSERT INTO person_profile (person_id, name_cn, name_en, gender, avatar, nationality, summary, birth_date, age, birthplace, ethnicity, current_residence, current_org, current_enterprise, current_military_unit, current_position, highest_degree, person_category, professional_domains, professional_skills, social_media, personality_traits, hobbies, management_philosophy, remark, confidence, completeness, created_at, updated_at) VALUES ('PERSON_S_d91eaedf15fee298', '韩桂英雪松', 'Expert_Gvaacf', '女', '[]'::json, '中国', '韩桂英雪松，其他，主要从事基因编辑研究，现任航天先进实验室主任。', '1994-12-24', 32, '南京', '汉族', '北京', '航天先进实验室', NULL, NULL, '["首席科学家"]'::json, '博士', '其他', '["基因编辑"]'::json, '["系统架构", "工程化", "实验验证", "项目管理"]'::json, '', '["坚韧", "务实", "创新"]'::json, '["旅行", "运动"]'::json, '["产学研结合", "以问题为导向"]'::json, '[]'::json, 0.954, 0.841, '2026-06-15T12:00:00+00:00', '2026-06-15T12:00:00+00:00');
INSERT INTO person_education (person_id, start_date, degree_date, degree, school, major, created_at, updated_at) VALUES ('PERSON_S_d91eaedf15fee298', '1998-11-08', '2013-01-24', '本科', '上海交通大学', '半导体', '2026-06-15T12:00:00+00:00', '2026-06-15T12:00:00+00:00');
INSERT INTO person_career (person_id, start_date, end_date, org, enterprise, military_unit, position, created_at, updated_at) VALUES ('PERSON_S_d91eaedf15fee298', '2014-04-10', NULL, '航天先进实验室', NULL, NULL, '首席科学家', '2026-06-15T12:00:00+00:00', '2026-06-15T12:00:00+00:00');
INSERT INTO person_award (person_id, description, created_at, updated_at) VALUES ('PERSON_S_d91eaedf15fee298', '2018年获学会优秀论文', '2026-06-15T12:00:00+00:00', '2026-06-15T12:00:00+00:00');
INSERT INTO person_academic_output (person_id, name, form, publish_date, rank, tech_domain, collaborators, citations, is_representative, created_at, updated_at) VALUES ('PERSON_S_d91eaedf15fee298', '关于基因编辑的方法', '论文', '2022-10-16', '第二作者', '基因编辑', '["宋刚", "高婷斌", "彭艳宇航"]'::json, 436, TRUE, '2026-06-15T12:00:00+00:00', '2026-06-15T12:00:00+00:00');
INSERT INTO person_academic_output (person_id, name, form, publish_date, rank, tech_domain, collaborators, citations, is_representative, created_at, updated_at) VALUES ('PERSON_S_d91eaedf15fee298', '关于基因编辑的研究', '专利', '2021-12-23', '独著', '基因编辑', '["冯娟", "周霞", "杨娟文博"]'::json, 586, TRUE, '2026-06-15T12:00:00+00:00', '2026-06-15T12:00:00+00:00');
INSERT INTO person_academic_output (person_id, name, form, publish_date, rank, tech_domain, collaborators, citations, is_representative, created_at, updated_at) VALUES ('PERSON_S_d91eaedf15fee298', '关于基因编辑的研究', '专利', '2021-02-06', '第二作者', '基因编辑', '["杨晓东", "唐志强娟", "朱伟"]'::json, 397, TRUE, '2026-06-15T12:00:00+00:00', '2026-06-15T12:00:00+00:00');
INSERT INTO person_focus (person_id, focus_type, content, consistency_with_policy, potential_impact, created_at, updated_at) VALUES ('PERSON_S_d91eaedf15fee298', 'tech', '["基因编辑前沿方向"]'::json, '符合国家科技创新规划', '["推动产业升级", "形成自主知识产权"]'::json, '2026-06-15T12:00:00+00:00', '2026-06-15T12:00:00+00:00');
INSERT INTO entity_change_log (entity_id, entity_type, field, old_value, new_value, method, operator, source_doc_id, reason, changed_at) VALUES ('PERSON_S_d91eaedf15fee298', 'person', '*', NULL, '{"action": "create"}'::json, 'rule', NULL, 'mock_seed', NULL, '2026-06-15T12:00:00+00:00');
INSERT INTO person_profile (person_id, name_cn, name_en, gender, avatar, nationality, summary, birth_date, age, birthplace, ethnicity, current_residence, current_org, current_enterprise, current_military_unit, current_position, highest_degree, person_category, professional_domains, professional_skills, social_media, personality_traits, hobbies, management_philosophy, remark, confidence, completeness, created_at, updated_at) VALUES ('PERSON_S_e2b18fc6265c5295', '徐明涛', 'Expert_Uksiuy', '男', '[]'::json, '中国', '徐明涛，管理，主要从事半导体研究，现任国新材股份高级工程师。', '1961-05-17', 65, '成都', '汉族', '上海', '国新材股份', NULL, NULL, '["副院长"]'::json, '硕士', '管理', '["半导体"]'::json, '["系统架构", "项目管理", "工程化"]'::json, '', '["坚韧", "务实"]'::json, '["音乐", "阅读"]'::json, '["产学研结合", "以问题为导向"]'::json, '[]'::json, 0.904, 0.832, '2026-06-15T12:00:00+00:00', '2026-06-15T12:00:00+00:00');
INSERT INTO person_education (person_id, start_date, degree_date, degree, school, major, created_at, updated_at) VALUES ('PERSON_S_e2b18fc6265c5295', '2010-06-25', '2014-08-11', '本科', '中国科学技术大学', '集成电路', '2026-06-15T12:00:00+00:00', '2026-06-15T12:00:00+00:00');
INSERT INTO person_career (person_id, start_date, end_date, org, enterprise, military_unit, position, created_at, updated_at) VALUES ('PERSON_S_e2b18fc6265c5295', '2007-07-03', NULL, '国新材股份', NULL, NULL, '教授', '2026-06-15T12:00:00+00:00', '2026-06-15T12:00:00+00:00');
INSERT INTO person_award (person_id, description, created_at, updated_at) VALUES ('PERSON_S_e2b18fc6265c5295', '2023年获省部级奖励', '2026-06-15T12:00:00+00:00', '2026-06-15T12:00:00+00:00');
INSERT INTO person_academic_output (person_id, name, form, publish_date, rank, tech_domain, collaborators, citations, is_representative, created_at, updated_at) VALUES ('PERSON_S_e2b18fc6265c5295', '关于半导体的研究', '论文', '2023-08-14', '第一作者', '半导体', '["孙志强", "高艳", "徐志强"]'::json, 147, TRUE, '2026-06-15T12:00:00+00:00', '2026-06-15T12:00:00+00:00');
INSERT INTO person_academic_output (person_id, name, form, publish_date, rank, tech_domain, collaborators, citations, is_representative, created_at, updated_at) VALUES ('PERSON_S_e2b18fc6265c5295', '关于半导体的综述', '论文', '2021-04-11', '独著', '半导体', '["曹瑞", "吴宇航洋"]'::json, 130, TRUE, '2026-06-15T12:00:00+00:00', '2026-06-15T12:00:00+00:00');
INSERT INTO person_focus (person_id, focus_type, content, consistency_with_policy, potential_impact, created_at, updated_at) VALUES ('PERSON_S_e2b18fc6265c5295', 'tech', '["半导体前沿方向"]'::json, '符合国家科技创新规划', '["推动产业升级", "形成自主知识产权"]'::json, '2026-06-15T12:00:00+00:00', '2026-06-15T12:00:00+00:00');
INSERT INTO entity_change_log (entity_id, entity_type, field, old_value, new_value, method, operator, source_doc_id, reason, changed_at) VALUES ('PERSON_S_e2b18fc6265c5295', 'person', '*', NULL, '{"action": "create"}'::json, 'rule', NULL, 'mock_seed', NULL, '2026-06-15T12:00:00+00:00');
INSERT INTO person_profile (person_id, name_cn, name_en, gender, avatar, nationality, summary, birth_date, age, birthplace, ethnicity, current_residence, current_org, current_enterprise, current_military_unit, current_position, highest_degree, person_category, professional_domains, professional_skills, social_media, personality_traits, hobbies, management_philosophy, remark, confidence, completeness, created_at, updated_at) VALUES ('PERSON_S_4cb0027f3b1872bc', '赵宁', 'Expert_Pzmiay', '女', '[]'::json, '中国', '赵宁，其他，主要从事卫星互联网、网络安全研究，现任东方芯创股份高级工程师。', '1976-09-06', 50, '北京', '汉族', '杭州', '东方芯创股份', NULL, NULL, '["总工程师"]'::json, '硕士', '管理', '["卫星互联网", "网络安全", "深海装备", "6G通信"]'::json, '["项目管理", "实验验证", "算法设计"]'::json, '', '["创新", "坚韧"]'::json, '["音乐", "运动"]'::json, '["产学研结合", "以问题为导向"]'::json, '[]'::json, 0.795, 0.898, '2026-06-15T12:00:00+00:00', '2026-06-15T12:00:00+00:00');
INSERT INTO person_education (person_id, start_date, degree_date, degree, school, major, created_at, updated_at) VALUES ('PERSON_S_4cb0027f3b1872bc', '2010-05-28', '2010-10-08', '硕士', '上海交通大学', '半导体', '2026-06-15T12:00:00+00:00', '2026-06-15T12:00:00+00:00');
INSERT INTO person_career (person_id, start_date, end_date, org, enterprise, military_unit, position, created_at, updated_at) VALUES ('PERSON_S_4cb0027f3b1872bc', '2018-03-18', NULL, '东方芯创股份', NULL, NULL, '首席科学家', '2026-06-15T12:00:00+00:00', '2026-06-15T12:00:00+00:00');
INSERT INTO person_award (person_id, description, created_at, updated_at) VALUES ('PERSON_S_4cb0027f3b1872bc', '2020年获国家自然科学奖', '2026-06-15T12:00:00+00:00', '2026-06-15T12:00:00+00:00');
INSERT INTO person_academic_output (person_id, name, form, publish_date, rank, tech_domain, collaborators, citations, is_representative, created_at, updated_at) VALUES ('PERSON_S_4cb0027f3b1872bc', '关于卫星互联网的综述', '论文', '2018-11-27', '第三作者', '网络安全', '["郑磊刚", "高建华"]'::json, 161, TRUE, '2026-06-15T12:00:00+00:00', '2026-06-15T12:00:00+00:00');
INSERT INTO person_academic_output (person_id, name, form, publish_date, rank, tech_domain, collaborators, citations, is_representative, created_at, updated_at) VALUES ('PERSON_S_4cb0027f3b1872bc', '关于深海装备的方法', '汇报文稿', '2023-08-11', '第二作者', '卫星互联网', '["徐雪松勇", "张军平", "罗昊晓东"]'::json, 334, TRUE, '2026-06-15T12:00:00+00:00', '2026-06-15T12:00:00+00:00');
INSERT INTO person_academic_output (person_id, name, form, publish_date, rank, tech_domain, collaborators, citations, is_representative, created_at, updated_at) VALUES ('PERSON_S_4cb0027f3b1872bc', '关于6G通信的研究', '论文', '2020-01-01', '第一作者', '卫星互联网', '["胡俊杰"]'::json, 638, TRUE, '2026-06-15T12:00:00+00:00', '2026-06-15T12:00:00+00:00');
INSERT INTO person_focus (person_id, focus_type, content, consistency_with_policy, potential_impact, created_at, updated_at) VALUES ('PERSON_S_4cb0027f3b1872bc', 'tech', '["网络安全前沿方向"]'::json, '符合国家科技创新规划', '["推动产业升级", "形成自主知识产权"]'::json, '2026-06-15T12:00:00+00:00', '2026-06-15T12:00:00+00:00');
INSERT INTO entity_change_log (entity_id, entity_type, field, old_value, new_value, method, operator, source_doc_id, reason, changed_at) VALUES ('PERSON_S_4cb0027f3b1872bc', 'person', '*', NULL, '{"action": "create"}'::json, 'rule', NULL, 'mock_seed', NULL, '2026-06-15T12:00:00+00:00');
INSERT INTO person_profile (person_id, name_cn, name_en, gender, avatar, nationality, summary, birth_date, age, birthplace, ethnicity, current_residence, current_org, current_enterprise, current_military_unit, current_position, highest_degree, person_category, professional_domains, professional_skills, social_media, personality_traits, hobbies, management_philosophy, remark, confidence, completeness, created_at, updated_at) VALUES ('PERSON_S_339405f1551d0e15', '王刚', 'Expert_Nmqsch', '女', '[]'::json, '中国', '王刚，管理，主要从事光电技术、集成电路研究，现任北方储能工程技术中心首席科学家。', '1956-10-01', 70, '南京', '汉族', '深圳', '北方储能工程技术中心', '北方储能工程技术中心', NULL, '["总工程师"]'::json, '博士', '其他', '["光电技术", "集成电路"]'::json, '["工程化", "项目管理", "数据分析"]'::json, '', '["务实"]'::json, '["运动", "旅行"]'::json, '["产学研结合", "以问题为导向"]'::json, '[]'::json, 0.773, 0.829, '2026-06-15T12:00:00+00:00', '2026-06-15T12:00:00+00:00');
INSERT INTO person_education (person_id, start_date, degree_date, degree, school, major, created_at, updated_at) VALUES ('PERSON_S_339405f1551d0e15', '1996-01-01', '2012-06-18', '硕士', '浙江大学', '量子计算', '2026-06-15T12:00:00+00:00', '2026-06-15T12:00:00+00:00');
INSERT INTO person_career (person_id, start_date, end_date, org, enterprise, military_unit, position, created_at, updated_at) VALUES ('PERSON_S_339405f1551d0e15', '2016-06-26', NULL, '北方储能工程技术中心', '北方储能工程技术中心', NULL, '主任', '2026-06-15T12:00:00+00:00', '2026-06-15T12:00:00+00:00');
INSERT INTO person_award (person_id, description, created_at, updated_at) VALUES ('PERSON_S_339405f1551d0e15', '2015年获学会优秀论文', '2026-06-15T12:00:00+00:00', '2026-06-15T12:00:00+00:00');
INSERT INTO person_academic_output (person_id, name, form, publish_date, rank, tech_domain, collaborators, citations, is_representative, created_at, updated_at) VALUES ('PERSON_S_339405f1551d0e15', '关于集成电路的研究', '专利', '2021-11-11', '第一作者', '集成电路', '["彭军"]'::json, 90, TRUE, '2026-06-15T12:00:00+00:00', '2026-06-15T12:00:00+00:00');
INSERT INTO person_academic_output (person_id, name, form, publish_date, rank, tech_domain, collaborators, citations, is_representative, created_at, updated_at) VALUES ('PERSON_S_339405f1551d0e15', '关于集成电路的综述', '论文', '2021-12-19', '其他', '光电技术', '["梁刚", "唐昊晓东", "陈明"]'::json, 18, TRUE, '2026-06-15T12:00:00+00:00', '2026-06-15T12:00:00+00:00');
INSERT INTO person_academic_output (person_id, name, form, publish_date, rank, tech_domain, collaborators, citations, is_representative, created_at, updated_at) VALUES ('PERSON_S_339405f1551d0e15', '关于集成电路的综述', '专利', '2021-06-01', '第二作者', '光电技术', '["罗明", "王明艳"]'::json, 498, TRUE, '2026-06-15T12:00:00+00:00', '2026-06-15T12:00:00+00:00');
INSERT INTO person_focus (person_id, focus_type, content, consistency_with_policy, potential_impact, created_at, updated_at) VALUES ('PERSON_S_339405f1551d0e15', 'tech', '["集成电路前沿方向"]'::json, '符合国家科技创新规划', '["推动产业升级", "形成自主知识产权"]'::json, '2026-06-15T12:00:00+00:00', '2026-06-15T12:00:00+00:00');
INSERT INTO entity_change_log (entity_id, entity_type, field, old_value, new_value, method, operator, source_doc_id, reason, changed_at) VALUES ('PERSON_S_339405f1551d0e15', 'person', '*', NULL, '{"action": "create"}'::json, 'rule', NULL, 'mock_seed', NULL, '2026-06-15T12:00:00+00:00');
INSERT INTO person_profile (person_id, name_cn, name_en, gender, avatar, nationality, summary, birth_date, age, birthplace, ethnicity, current_residence, current_org, current_enterprise, current_military_unit, current_position, highest_degree, person_category, professional_domains, professional_skills, social_media, personality_traits, hobbies, management_philosophy, remark, confidence, completeness, created_at, updated_at) VALUES ('PERSON_S_69564c3bea530061', '何雪松宇航', 'Expert_Pqbhtw', '女', '[]'::json, '中国', '何雪松宇航，研究，主要从事基因编辑、半导体研究，现任东方芯创集团主任。', '1959-02-26', 67, '上海', '汉族', '杭州', '东方芯创集团', NULL, NULL, '["高级工程师"]'::json, '本科', '研究', '["基因编辑", "半导体", "先进算力"]'::json, '["算法设计", "项目管理", "系统架构", "数据分析"]'::json, '', '["务实", "协作", "严谨"]'::json, '["阅读"]'::json, '["产学研结合", "以问题为导向"]'::json, '[]'::json, 0.812, 0.71, '2026-06-15T12:00:00+00:00', '2026-06-15T12:00:00+00:00');
INSERT INTO person_education (person_id, start_date, degree_date, degree, school, major, created_at, updated_at) VALUES ('PERSON_S_69564c3bea530061', '2006-09-09', '2007-11-25', '博士', '北京大学', '大模型', '2026-06-15T12:00:00+00:00', '2026-06-15T12:00:00+00:00');
INSERT INTO person_career (person_id, start_date, end_date, org, enterprise, military_unit, position, created_at, updated_at) VALUES ('PERSON_S_69564c3bea530061', '2010-04-25', NULL, '东方芯创集团', NULL, NULL, '主任', '2026-06-15T12:00:00+00:00', '2026-06-15T12:00:00+00:00');
INSERT INTO person_award (person_id, description, created_at, updated_at) VALUES ('PERSON_S_69564c3bea530061', '2017年获国家自然科学奖', '2026-06-15T12:00:00+00:00', '2026-06-15T12:00:00+00:00');
INSERT INTO person_academic_output (person_id, name, form, publish_date, rank, tech_domain, collaborators, citations, is_representative, created_at, updated_at) VALUES ('PERSON_S_69564c3bea530061', '关于半导体的方法', '专著', '2024-05-17', '第三作者', '先进算力', '["罗杰", "王娟"]'::json, 187, TRUE, '2026-06-15T12:00:00+00:00', '2026-06-15T12:00:00+00:00');
INSERT INTO person_academic_output (person_id, name, form, publish_date, rank, tech_domain, collaborators, citations, is_representative, created_at, updated_at) VALUES ('PERSON_S_69564c3bea530061', '关于先进算力的研究', '专著', '2022-01-27', '第二作者', '先进算力', '["林雪松", "冯勇", "朱军"]'::json, 285, TRUE, '2026-06-15T12:00:00+00:00', '2026-06-15T12:00:00+00:00');
INSERT INTO person_academic_output (person_id, name, form, publish_date, rank, tech_domain, collaborators, citations, is_representative, created_at, updated_at) VALUES ('PERSON_S_69564c3bea530061', '关于基因编辑的方法', '专著', '2019-06-14', '其他', '半导体', '["冯俊杰平", "赵昊", "杨娟"]'::json, 283, TRUE, '2026-06-15T12:00:00+00:00', '2026-06-15T12:00:00+00:00');
INSERT INTO person_academic_output (person_id, name, form, publish_date, rank, tech_domain, collaborators, citations, is_representative, created_at, updated_at) VALUES ('PERSON_S_69564c3bea530061', '关于半导体的综述', '论文', '2023-06-11', '第一作者', '基因编辑', '["郑勇"]'::json, 637, TRUE, '2026-06-15T12:00:00+00:00', '2026-06-15T12:00:00+00:00');
INSERT INTO person_focus (person_id, focus_type, content, consistency_with_policy, potential_impact, created_at, updated_at) VALUES ('PERSON_S_69564c3bea530061', 'tech', '["半导体前沿方向"]'::json, '符合国家科技创新规划', '["推动产业升级", "形成自主知识产权"]'::json, '2026-06-15T12:00:00+00:00', '2026-06-15T12:00:00+00:00');
INSERT INTO entity_change_log (entity_id, entity_type, field, old_value, new_value, method, operator, source_doc_id, reason, changed_at) VALUES ('PERSON_S_69564c3bea530061', 'person', '*', NULL, '{"action": "create"}'::json, 'rule', NULL, 'mock_seed', NULL, '2026-06-15T12:00:00+00:00');
INSERT INTO person_profile (person_id, name_cn, name_en, gender, avatar, nationality, summary, birth_date, age, birthplace, ethnicity, current_residence, current_org, current_enterprise, current_military_unit, current_position, highest_degree, person_category, professional_domains, professional_skills, social_media, personality_traits, hobbies, management_philosophy, remark, confidence, completeness, created_at, updated_at) VALUES ('PERSON_S_097680e657d5bb84', '梁娟军', 'Expert_Qdyevm', '女', '[]'::json, '中国', '梁娟军，管理，主要从事6G通信、半导体研究，现任新深海科技教授。', '1993-08-13', 33, '哈尔滨', '汉族', '上海', '新深海科技', NULL, NULL, '["教授"]'::json, '硕士', '研究', '["6G通信", "半导体"]'::json, '["数据分析", "工程化"]'::json, '', '["协作"]'::json, '["旅行"]'::json, '["产学研结合", "以问题为导向"]'::json, '[]'::json, 0.713, 0.913, '2026-06-15T12:00:00+00:00', '2026-06-15T12:00:00+00:00');
INSERT INTO person_education (person_id, start_date, degree_date, degree, school, major, created_at, updated_at) VALUES ('PERSON_S_097680e657d5bb84', '2007-09-20', '1999-10-25', '本科', '北京大学', '大模型', '2026-06-15T12:00:00+00:00', '2026-06-15T12:00:00+00:00');
INSERT INTO person_career (person_id, start_date, end_date, org, enterprise, military_unit, position, created_at, updated_at) VALUES ('PERSON_S_097680e657d5bb84', '2010-12-18', NULL, '新深海科技', NULL, NULL, '副院长', '2026-06-15T12:00:00+00:00', '2026-06-15T12:00:00+00:00');
INSERT INTO person_award (person_id, description, created_at, updated_at) VALUES ('PERSON_S_097680e657d5bb84', '2022年获国家自然科学奖', '2026-06-15T12:00:00+00:00', '2026-06-15T12:00:00+00:00');
INSERT INTO person_academic_output (person_id, name, form, publish_date, rank, tech_domain, collaborators, citations, is_representative, created_at, updated_at) VALUES ('PERSON_S_097680e657d5bb84', '关于半导体的研究', '论文', '2024-09-10', '其他', '6G通信', '["张明", "林瑞强"]'::json, 180, TRUE, '2026-06-15T12:00:00+00:00', '2026-06-15T12:00:00+00:00');
INSERT INTO person_academic_output (person_id, name, form, publish_date, rank, tech_domain, collaborators, citations, is_representative, created_at, updated_at) VALUES ('PERSON_S_097680e657d5bb84', '关于6G通信的研究', '专利', '2019-10-02', '独著', '半导体', '["邓晓东勇", "孙斌"]'::json, 679, TRUE, '2026-06-15T12:00:00+00:00', '2026-06-15T12:00:00+00:00');
INSERT INTO person_focus (person_id, focus_type, content, consistency_with_policy, potential_impact, created_at, updated_at) VALUES ('PERSON_S_097680e657d5bb84', 'tech', '["半导体前沿方向"]'::json, '符合国家科技创新规划', '["推动产业升级", "形成自主知识产权"]'::json, '2026-06-15T12:00:00+00:00', '2026-06-15T12:00:00+00:00');
INSERT INTO entity_change_log (entity_id, entity_type, field, old_value, new_value, method, operator, source_doc_id, reason, changed_at) VALUES ('PERSON_S_097680e657d5bb84', 'person', '*', NULL, '{"action": "create"}'::json, 'rule', NULL, 'mock_seed', NULL, '2026-06-15T12:00:00+00:00');
INSERT INTO person_profile (person_id, name_cn, name_en, gender, avatar, nationality, summary, birth_date, age, birthplace, ethnicity, current_residence, current_org, current_enterprise, current_military_unit, current_position, highest_degree, person_category, professional_domains, professional_skills, social_media, personality_traits, hobbies, management_philosophy, remark, confidence, completeness, created_at, updated_at) VALUES ('PERSON_S_99e3613e573961ef', '徐强', 'Expert_Xgixix', '女', '[]'::json, '中国', '徐强，管理，主要从事大模型研究，现任华氢动实验室副院长。', '1963-10-15', 63, '成都', '汉族', '杭州', '华氢动实验室', NULL, NULL, '["首席科学家"]'::json, '硕士', '研究', '["大模型"]'::json, '["项目管理", "数据分析", "算法设计"]'::json, '', '["创新", "坚韧", "务实"]'::json, '["旅行"]'::json, '["产学研结合", "以问题为导向"]'::json, '[]'::json, 0.877, 0.728, '2026-06-15T12:00:00+00:00', '2026-06-15T12:00:00+00:00');
INSERT INTO person_education (person_id, start_date, degree_date, degree, school, major, created_at, updated_at) VALUES ('PERSON_S_99e3613e573961ef', '2008-05-07', '2007-02-06', '本科', '中国科学技术大学', '量子计算', '2026-06-15T12:00:00+00:00', '2026-06-15T12:00:00+00:00');
INSERT INTO person_career (person_id, start_date, end_date, org, enterprise, military_unit, position, created_at, updated_at) VALUES ('PERSON_S_99e3613e573961ef', '2018-03-19', NULL, '华氢动实验室', NULL, NULL, '总工程师', '2026-06-15T12:00:00+00:00', '2026-06-15T12:00:00+00:00');
INSERT INTO person_award (person_id, description, created_at, updated_at) VALUES ('PERSON_S_99e3613e573961ef', '2021年获学会优秀论文', '2026-06-15T12:00:00+00:00', '2026-06-15T12:00:00+00:00');
INSERT INTO person_academic_output (person_id, name, form, publish_date, rank, tech_domain, collaborators, citations, is_representative, created_at, updated_at) VALUES ('PERSON_S_99e3613e573961ef', '关于大模型的研究', '论文', '2019-12-08', '第三作者', '大模型', '["韩平杰"]'::json, 283, TRUE, '2026-06-15T12:00:00+00:00', '2026-06-15T12:00:00+00:00');
INSERT INTO person_academic_output (person_id, name, form, publish_date, rank, tech_domain, collaborators, citations, is_representative, created_at, updated_at) VALUES ('PERSON_S_99e3613e573961ef', '关于大模型的研究', '专利', '2021-01-25', '第三作者', '大模型', '["杨强超", "彭瑞昊"]'::json, 685, TRUE, '2026-06-15T12:00:00+00:00', '2026-06-15T12:00:00+00:00');
INSERT INTO person_focus (person_id, focus_type, content, consistency_with_policy, potential_impact, created_at, updated_at) VALUES ('PERSON_S_99e3613e573961ef', 'tech', '["大模型前沿方向"]'::json, '符合国家科技创新规划', '["推动产业升级", "形成自主知识产权"]'::json, '2026-06-15T12:00:00+00:00', '2026-06-15T12:00:00+00:00');
INSERT INTO entity_change_log (entity_id, entity_type, field, old_value, new_value, method, operator, source_doc_id, reason, changed_at) VALUES ('PERSON_S_99e3613e573961ef', 'person', '*', NULL, '{"action": "create"}'::json, 'rule', NULL, 'mock_seed', NULL, '2026-06-15T12:00:00+00:00');
INSERT INTO person_profile (person_id, name_cn, name_en, gender, avatar, nationality, summary, birth_date, age, birthplace, ethnicity, current_residence, current_org, current_enterprise, current_military_unit, current_position, highest_degree, person_category, professional_domains, professional_skills, social_media, personality_traits, hobbies, management_philosophy, remark, confidence, completeness, created_at, updated_at) VALUES ('PERSON_S_c6b44b74c69732e3', '杨俊杰', 'Expert_Dlxxxy', '男', '[]'::json, '中国', '杨俊杰，研究，主要从事储能、集成电路研究，现任中光电实验室教授。', '1969-02-01', 57, '上海', '汉族', '杭州', '中光电实验室', NULL, NULL, '["副院长"]'::json, '博士', '研究', '["储能", "集成电路"]'::json, '["项目管理", "系统架构", "数据分析"]'::json, '', '["务实", "严谨", "坚韧"]'::json, '["旅行"]'::json, '["产学研结合", "以问题为导向"]'::json, '[]'::json, 0.733, 0.876, '2026-06-15T12:00:00+00:00', '2026-06-15T12:00:00+00:00');
INSERT INTO person_education (person_id, start_date, degree_date, degree, school, major, created_at, updated_at) VALUES ('PERSON_S_c6b44b74c69732e3', '1999-03-17', '2011-06-09', '本科', '北京大学', '集成电路', '2026-06-15T12:00:00+00:00', '2026-06-15T12:00:00+00:00');
INSERT INTO person_career (person_id, start_date, end_date, org, enterprise, military_unit, position, created_at, updated_at) VALUES ('PERSON_S_c6b44b74c69732e3', '2016-12-19', NULL, '中光电实验室', NULL, NULL, '总工程师', '2026-06-15T12:00:00+00:00', '2026-06-15T12:00:00+00:00');
INSERT INTO person_award (person_id, description, created_at, updated_at) VALUES ('PERSON_S_c6b44b74c69732e3', '2018年获国家自然科学奖', '2026-06-15T12:00:00+00:00', '2026-06-15T12:00:00+00:00');
INSERT INTO person_academic_output (person_id, name, form, publish_date, rank, tech_domain, collaborators, citations, is_representative, created_at, updated_at) VALUES ('PERSON_S_c6b44b74c69732e3', '关于集成电路的综述', '论文', '2019-04-24', '第三作者', '储能', '["郑桂英", "高晓东俊杰", "王刚"]'::json, 419, TRUE, '2026-06-15T12:00:00+00:00', '2026-06-15T12:00:00+00:00');
INSERT INTO person_academic_output (person_id, name, form, publish_date, rank, tech_domain, collaborators, citations, is_representative, created_at, updated_at) VALUES ('PERSON_S_c6b44b74c69732e3', '关于集成电路的方法', '专利', '2023-03-02', '第二作者', '集成电路', '["陈峰"]'::json, 628, TRUE, '2026-06-15T12:00:00+00:00', '2026-06-15T12:00:00+00:00');
INSERT INTO person_academic_output (person_id, name, form, publish_date, rank, tech_domain, collaborators, citations, is_representative, created_at, updated_at) VALUES ('PERSON_S_c6b44b74c69732e3', '关于集成电路的方法', '专著', '2022-07-24', '第二作者', '集成电路', '["黄杰"]'::json, 618, TRUE, '2026-06-15T12:00:00+00:00', '2026-06-15T12:00:00+00:00');
INSERT INTO person_academic_output (person_id, name, form, publish_date, rank, tech_domain, collaborators, citations, is_representative, created_at, updated_at) VALUES ('PERSON_S_c6b44b74c69732e3', '关于储能的方法', '专著', '2019-08-05', '独著', '储能', '["孙超伟"]'::json, 274, TRUE, '2026-06-15T12:00:00+00:00', '2026-06-15T12:00:00+00:00');
INSERT INTO person_focus (person_id, focus_type, content, consistency_with_policy, potential_impact, created_at, updated_at) VALUES ('PERSON_S_c6b44b74c69732e3', 'tech', '["储能前沿方向"]'::json, '符合国家科技创新规划', '["推动产业升级", "形成自主知识产权"]'::json, '2026-06-15T12:00:00+00:00', '2026-06-15T12:00:00+00:00');
INSERT INTO entity_change_log (entity_id, entity_type, field, old_value, new_value, method, operator, source_doc_id, reason, changed_at) VALUES ('PERSON_S_c6b44b74c69732e3', 'person', '*', NULL, '{"action": "create"}'::json, 'rule', NULL, 'mock_seed', NULL, '2026-06-15T12:00:00+00:00');
INSERT INTO person_profile (person_id, name_cn, name_en, gender, avatar, nationality, summary, birth_date, age, birthplace, ethnicity, current_residence, current_org, current_enterprise, current_military_unit, current_position, highest_degree, person_category, professional_domains, professional_skills, social_media, personality_traits, hobbies, management_philosophy, remark, confidence, completeness, created_at, updated_at) VALUES ('PERSON_S_03d0b19f7a5b25bf', '李志强勇', 'Expert_Wcwsxd', '男', '[]'::json, '中国', '李志强勇，其他，主要从事6G通信、卫星互联网研究，现任国储能股份教授。', '1962-01-11', 64, '武汉', '汉族', '深圳', '国储能股份', '国储能股份', NULL, '["首席科学家"]'::json, '硕士', '管理', '["6G通信", "卫星互联网", "大模型"]'::json, '["系统架构", "工程化", "算法设计"]'::json, '', '["创新", "坚韧"]'::json, '["阅读"]'::json, '["产学研结合", "以问题为导向"]'::json, '[]'::json, 0.818, 0.932, '2026-06-15T12:00:00+00:00', '2026-06-15T12:00:00+00:00');
INSERT INTO person_education (person_id, start_date, degree_date, degree, school, major, created_at, updated_at) VALUES ('PERSON_S_03d0b19f7a5b25bf', '1991-01-06', '2003-07-16', '博士', '中国科学技术大学', '量子计算', '2026-06-15T12:00:00+00:00', '2026-06-15T12:00:00+00:00');
INSERT INTO person_career (person_id, start_date, end_date, org, enterprise, military_unit, position, created_at, updated_at) VALUES ('PERSON_S_03d0b19f7a5b25bf', '2016-11-08', NULL, '国储能股份', '国储能股份', NULL, '总工程师', '2026-06-15T12:00:00+00:00', '2026-06-15T12:00:00+00:00');
INSERT INTO person_award (person_id, description, created_at, updated_at) VALUES ('PERSON_S_03d0b19f7a5b25bf', '2019年获国家自然科学奖', '2026-06-15T12:00:00+00:00', '2026-06-15T12:00:00+00:00');
INSERT INTO person_academic_output (person_id, name, form, publish_date, rank, tech_domain, collaborators, citations, is_representative, created_at, updated_at) VALUES ('PERSON_S_03d0b19f7a5b25bf', '关于6G通信的综述', '汇报文稿', '2019-07-20', '其他', '卫星互联网', '["周刚", "周峰", "郑桂英"]'::json, 731, TRUE, '2026-06-15T12:00:00+00:00', '2026-06-15T12:00:00+00:00');
INSERT INTO person_academic_output (person_id, name, form, publish_date, rank, tech_domain, collaborators, citations, is_representative, created_at, updated_at) VALUES ('PERSON_S_03d0b19f7a5b25bf', '关于卫星互联网的研究', '专著', '2023-06-04', '第三作者', '6G通信', '["刘斌娟", "高刚"]'::json, 239, TRUE, '2026-06-15T12:00:00+00:00', '2026-06-15T12:00:00+00:00');
INSERT INTO person_academic_output (person_id, name, form, publish_date, rank, tech_domain, collaborators, citations, is_representative, created_at, updated_at) VALUES ('PERSON_S_03d0b19f7a5b25bf', '关于卫星互联网的研究', '专著', '2024-10-10', '第一作者', '6G通信', '["郑艳"]'::json, 507, TRUE, '2026-06-15T12:00:00+00:00', '2026-06-15T12:00:00+00:00');
INSERT INTO person_academic_output (person_id, name, form, publish_date, rank, tech_domain, collaborators, citations, is_representative, created_at, updated_at) VALUES ('PERSON_S_03d0b19f7a5b25bf', '关于大模型的方法', '汇报文稿', '2018-02-16', '第三作者', '6G通信', '["李娟", "杨勇强"]'::json, 302, TRUE, '2026-06-15T12:00:00+00:00', '2026-06-15T12:00:00+00:00');
INSERT INTO person_focus (person_id, focus_type, content, consistency_with_policy, potential_impact, created_at, updated_at) VALUES ('PERSON_S_03d0b19f7a5b25bf', 'tech', '["卫星互联网前沿方向"]'::json, '符合国家科技创新规划', '["推动产业升级", "形成自主知识产权"]'::json, '2026-06-15T12:00:00+00:00', '2026-06-15T12:00:00+00:00');
INSERT INTO entity_change_log (entity_id, entity_type, field, old_value, new_value, method, operator, source_doc_id, reason, changed_at) VALUES ('PERSON_S_03d0b19f7a5b25bf', 'person', '*', NULL, '{"action": "create"}'::json, 'rule', NULL, 'mock_seed', NULL, '2026-06-15T12:00:00+00:00');
INSERT INTO person_profile (person_id, name_cn, name_en, gender, avatar, nationality, summary, birth_date, age, birthplace, ethnicity, current_residence, current_org, current_enterprise, current_military_unit, current_position, highest_degree, person_category, professional_domains, professional_skills, social_media, personality_traits, hobbies, management_philosophy, remark, confidence, completeness, created_at, updated_at) VALUES ('PERSON_S_94d8ee78833600aa', '周桂英峰', 'Expert_Nzeaoq', '女', '[]'::json, '中国', '周桂英峰，管理，主要从事半导体研究，现任远储能集团首席科学家。', '1982-02-27', 44, '武汉', '汉族', '上海', '远储能集团', NULL, NULL, '["总工程师"]'::json, '本科', '研究', '["半导体"]'::json, '["系统架构", "工程化"]'::json, '', '["创新", "严谨", "务实"]'::json, '["旅行"]'::json, '["产学研结合", "以问题为导向"]'::json, '[]'::json, 0.825, 0.715, '2026-06-15T12:00:00+00:00', '2026-06-15T12:00:00+00:00');
INSERT INTO person_education (person_id, start_date, degree_date, degree, school, major, created_at, updated_at) VALUES ('PERSON_S_94d8ee78833600aa', '2006-12-28', '2017-12-13', '硕士', '北京大学', '半导体', '2026-06-15T12:00:00+00:00', '2026-06-15T12:00:00+00:00');
INSERT INTO person_career (person_id, start_date, end_date, org, enterprise, military_unit, position, created_at, updated_at) VALUES ('PERSON_S_94d8ee78833600aa', '2009-02-01', NULL, '远储能集团', NULL, NULL, '主任', '2026-06-15T12:00:00+00:00', '2026-06-15T12:00:00+00:00');
INSERT INTO person_award (person_id, description, created_at, updated_at) VALUES ('PERSON_S_94d8ee78833600aa', '2024年获学会优秀论文', '2026-06-15T12:00:00+00:00', '2026-06-15T12:00:00+00:00');
INSERT INTO person_academic_output (person_id, name, form, publish_date, rank, tech_domain, collaborators, citations, is_representative, created_at, updated_at) VALUES ('PERSON_S_94d8ee78833600aa', '关于半导体的研究', '专著', '2018-09-09', '第二作者', '半导体', '["杨宇航平"]'::json, 5, TRUE, '2026-06-15T12:00:00+00:00', '2026-06-15T12:00:00+00:00');
INSERT INTO person_academic_output (person_id, name, form, publish_date, rank, tech_domain, collaborators, citations, is_representative, created_at, updated_at) VALUES ('PERSON_S_94d8ee78833600aa', '关于半导体的研究', '专著', '2018-07-22', '第一作者', '半导体', '["赵宇航勇"]'::json, 39, TRUE, '2026-06-15T12:00:00+00:00', '2026-06-15T12:00:00+00:00');
INSERT INTO person_academic_output (person_id, name, form, publish_date, rank, tech_domain, collaborators, citations, is_representative, created_at, updated_at) VALUES ('PERSON_S_94d8ee78833600aa', '关于半导体的方法', '专著', '2018-09-09', '其他', '半导体', '["何俊杰平", "高军"]'::json, 32, TRUE, '2026-06-15T12:00:00+00:00', '2026-06-15T12:00:00+00:00');
INSERT INTO person_focus (person_id, focus_type, content, consistency_with_policy, potential_impact, created_at, updated_at) VALUES ('PERSON_S_94d8ee78833600aa', 'tech', '["半导体前沿方向"]'::json, '符合国家科技创新规划', '["推动产业升级", "形成自主知识产权"]'::json, '2026-06-15T12:00:00+00:00', '2026-06-15T12:00:00+00:00');
INSERT INTO entity_change_log (entity_id, entity_type, field, old_value, new_value, method, operator, source_doc_id, reason, changed_at) VALUES ('PERSON_S_94d8ee78833600aa', 'person', '*', NULL, '{"action": "create"}'::json, 'rule', NULL, 'mock_seed', NULL, '2026-06-15T12:00:00+00:00');
INSERT INTO person_profile (person_id, name_cn, name_en, gender, avatar, nationality, summary, birth_date, age, birthplace, ethnicity, current_residence, current_org, current_enterprise, current_military_unit, current_position, highest_degree, person_category, professional_domains, professional_skills, social_media, personality_traits, hobbies, management_philosophy, remark, confidence, completeness, created_at, updated_at) VALUES ('PERSON_S_d3db430abd7236eb', '周桂英', 'Expert_Bziuav', '女', '[]'::json, '中国', '周桂英，管理，主要从事航空航天、机器人研究，现任东方芯创股份首席科学家。', '1992-02-01', 34, '成都', '汉族', '深圳', '东方芯创股份', NULL, NULL, '["总工程师"]'::json, '本科', '其他', '["航空航天", "机器人", "深海装备", "增材制造"]'::json, '["实验验证", "数据分析", "工程化", "项目管理"]'::json, '', '["务实", "严谨"]'::json, '["音乐", "阅读"]'::json, '["产学研结合", "以问题为导向"]'::json, '[]'::json, 0.742, 0.729, '2026-06-15T12:00:00+00:00', '2026-06-15T12:00:00+00:00');
INSERT INTO person_education (person_id, start_date, degree_date, degree, school, major, created_at, updated_at) VALUES ('PERSON_S_d3db430abd7236eb', '2005-04-20', '2011-11-11', '本科', '清华大学', '航空航天', '2026-06-15T12:00:00+00:00', '2026-06-15T12:00:00+00:00');
INSERT INTO person_career (person_id, start_date, end_date, org, enterprise, military_unit, position, created_at, updated_at) VALUES ('PERSON_S_d3db430abd7236eb', '2012-02-07', NULL, '东方芯创股份', NULL, NULL, '副院长', '2026-06-15T12:00:00+00:00', '2026-06-15T12:00:00+00:00');
INSERT INTO person_award (person_id, description, created_at, updated_at) VALUES ('PERSON_S_d3db430abd7236eb', '2019年获学会优秀论文', '2026-06-15T12:00:00+00:00', '2026-06-15T12:00:00+00:00');
INSERT INTO person_academic_output (person_id, name, form, publish_date, rank, tech_domain, collaborators, citations, is_representative, created_at, updated_at) VALUES ('PERSON_S_d3db430abd7236eb', '关于机器人的方法', '专著', '2024-01-17', '独著', '增材制造', '["孙强"]'::json, 566, TRUE, '2026-06-15T12:00:00+00:00', '2026-06-15T12:00:00+00:00');
INSERT INTO person_academic_output (person_id, name, form, publish_date, rank, tech_domain, collaborators, citations, is_representative, created_at, updated_at) VALUES ('PERSON_S_d3db430abd7236eb', '关于航空航天的综述', '汇报文稿', '2018-03-18', '其他', '机器人', '["宋霞", "王晓东婷"]'::json, 496, TRUE, '2026-06-15T12:00:00+00:00', '2026-06-15T12:00:00+00:00');
INSERT INTO person_focus (person_id, focus_type, content, consistency_with_policy, potential_impact, created_at, updated_at) VALUES ('PERSON_S_d3db430abd7236eb', 'tech', '["机器人前沿方向"]'::json, '符合国家科技创新规划', '["推动产业升级", "形成自主知识产权"]'::json, '2026-06-15T12:00:00+00:00', '2026-06-15T12:00:00+00:00');
INSERT INTO entity_change_log (entity_id, entity_type, field, old_value, new_value, method, operator, source_doc_id, reason, changed_at) VALUES ('PERSON_S_d3db430abd7236eb', 'person', '*', NULL, '{"action": "create"}'::json, 'rule', NULL, 'mock_seed', NULL, '2026-06-15T12:00:00+00:00');
INSERT INTO person_profile (person_id, name_cn, name_en, gender, avatar, nationality, summary, birth_date, age, birthplace, ethnicity, current_residence, current_org, current_enterprise, current_military_unit, current_position, highest_degree, person_category, professional_domains, professional_skills, social_media, personality_traits, hobbies, management_philosophy, remark, confidence, completeness, created_at, updated_at) VALUES ('PERSON_S_e1fae9a9c26b4aa7', '何宁斌', 'Expert_Iyncry', '男', '[]'::json, '中国', '何宁斌，其他，主要从事生物医药、新材料研究，现任航天量子集团主任。', '1956-06-28', 70, '武汉', '汉族', '杭州', '航天量子集团', '航天量子集团', NULL, '["高级工程师"]'::json, '博士', '研究', '["生物医药", "新材料"]'::json, '["项目管理", "系统架构", "算法设计"]'::json, '', '["严谨", "坚韧", "务实"]'::json, '["旅行"]'::json, '["产学研结合", "以问题为导向"]'::json, '[]'::json, 0.921, 0.863, '2026-06-15T12:00:00+00:00', '2026-06-15T12:00:00+00:00');
INSERT INTO person_education (person_id, start_date, degree_date, degree, school, major, created_at, updated_at) VALUES ('PERSON_S_e1fae9a9c26b4aa7', '2009-01-10', '2006-11-09', '本科', '中国科学技术大学', '半导体', '2026-06-15T12:00:00+00:00', '2026-06-15T12:00:00+00:00');
INSERT INTO person_career (person_id, start_date, end_date, org, enterprise, military_unit, position, created_at, updated_at) VALUES ('PERSON_S_e1fae9a9c26b4aa7', '2018-02-11', NULL, '航天量子集团', '航天量子集团', NULL, '首席科学家', '2026-06-15T12:00:00+00:00', '2026-06-15T12:00:00+00:00');
INSERT INTO person_award (person_id, description, created_at, updated_at) VALUES ('PERSON_S_e1fae9a9c26b4aa7', '2024年获学会优秀论文', '2026-06-15T12:00:00+00:00', '2026-06-15T12:00:00+00:00');
INSERT INTO person_academic_output (person_id, name, form, publish_date, rank, tech_domain, collaborators, citations, is_representative, created_at, updated_at) VALUES ('PERSON_S_e1fae9a9c26b4aa7', '关于生物医药的研究', '论文', '2020-05-21', '第一作者', '新材料', '["刘文博", "陈磊刚"]'::json, 41, TRUE, '2026-06-15T12:00:00+00:00', '2026-06-15T12:00:00+00:00');
INSERT INTO person_academic_output (person_id, name, form, publish_date, rank, tech_domain, collaborators, citations, is_representative, created_at, updated_at) VALUES ('PERSON_S_e1fae9a9c26b4aa7', '关于新材料的研究', '专著', '2020-10-16', '其他', '生物医药', '["吴杰"]'::json, 10, TRUE, '2026-06-15T12:00:00+00:00', '2026-06-15T12:00:00+00:00');
INSERT INTO person_focus (person_id, focus_type, content, consistency_with_policy, potential_impact, created_at, updated_at) VALUES ('PERSON_S_e1fae9a9c26b4aa7', 'tech', '["生物医药前沿方向"]'::json, '符合国家科技创新规划', '["推动产业升级", "形成自主知识产权"]'::json, '2026-06-15T12:00:00+00:00', '2026-06-15T12:00:00+00:00');
INSERT INTO entity_change_log (entity_id, entity_type, field, old_value, new_value, method, operator, source_doc_id, reason, changed_at) VALUES ('PERSON_S_e1fae9a9c26b4aa7', 'person', '*', NULL, '{"action": "create"}'::json, 'rule', NULL, 'mock_seed', NULL, '2026-06-15T12:00:00+00:00');
INSERT INTO person_profile (person_id, name_cn, name_en, gender, avatar, nationality, summary, birth_date, age, birthplace, ethnicity, current_residence, current_org, current_enterprise, current_military_unit, current_position, highest_degree, person_category, professional_domains, professional_skills, social_media, personality_traits, hobbies, management_philosophy, remark, confidence, completeness, created_at, updated_at) VALUES ('PERSON_S_fd24a09c8e456e34', '赵平', 'Expert_Vxkyoo', '男', '[]'::json, '中国', '赵平，其他，主要从事无人机、光电技术研究，现任东方航宇研究所副院长。', '1991-09-17', 35, '上海', '汉族', '上海', '东方航宇研究所', NULL, NULL, '["总工程师"]'::json, '本科', '研究', '["无人机", "光电技术", "半导体", "生物医药"]'::json, '["实验验证", "数据分析", "算法设计"]'::json, '', '["协作", "坚韧", "创新"]'::json, '["运动"]'::json, '["产学研结合", "以问题为导向"]'::json, '[]'::json, 0.751, 0.78, '2026-06-15T12:00:00+00:00', '2026-06-15T12:00:00+00:00');
INSERT INTO person_education (person_id, start_date, degree_date, degree, school, major, created_at, updated_at) VALUES ('PERSON_S_fd24a09c8e456e34', '1999-08-08', '2000-02-03', '本科', '北京大学', '半导体', '2026-06-15T12:00:00+00:00', '2026-06-15T12:00:00+00:00');
INSERT INTO person_career (person_id, start_date, end_date, org, enterprise, military_unit, position, created_at, updated_at) VALUES ('PERSON_S_fd24a09c8e456e34', '2010-05-21', NULL, '东方航宇研究所', NULL, NULL, '首席科学家', '2026-06-15T12:00:00+00:00', '2026-06-15T12:00:00+00:00');
INSERT INTO person_award (person_id, description, created_at, updated_at) VALUES ('PERSON_S_fd24a09c8e456e34', '2018年获国家自然科学奖', '2026-06-15T12:00:00+00:00', '2026-06-15T12:00:00+00:00');
INSERT INTO person_academic_output (person_id, name, form, publish_date, rank, tech_domain, collaborators, citations, is_representative, created_at, updated_at) VALUES ('PERSON_S_fd24a09c8e456e34', '关于半导体的研究', '汇报文稿', '2019-04-21', '第二作者', '光电技术', '["许明晓东"]'::json, 255, TRUE, '2026-06-15T12:00:00+00:00', '2026-06-15T12:00:00+00:00');
INSERT INTO person_academic_output (person_id, name, form, publish_date, rank, tech_domain, collaborators, citations, is_representative, created_at, updated_at) VALUES ('PERSON_S_fd24a09c8e456e34', '关于无人机的研究', '专利', '2018-01-17', '独著', '无人机', '["杨明涛", "杨杰"]'::json, 313, TRUE, '2026-06-15T12:00:00+00:00', '2026-06-15T12:00:00+00:00');
INSERT INTO person_focus (person_id, focus_type, content, consistency_with_policy, potential_impact, created_at, updated_at) VALUES ('PERSON_S_fd24a09c8e456e34', 'tech', '["光电技术前沿方向"]'::json, '符合国家科技创新规划', '["推动产业升级", "形成自主知识产权"]'::json, '2026-06-15T12:00:00+00:00', '2026-06-15T12:00:00+00:00');
INSERT INTO entity_change_log (entity_id, entity_type, field, old_value, new_value, method, operator, source_doc_id, reason, changed_at) VALUES ('PERSON_S_fd24a09c8e456e34', 'person', '*', NULL, '{"action": "create"}'::json, 'rule', NULL, 'mock_seed', NULL, '2026-06-15T12:00:00+00:00');
INSERT INTO person_profile (person_id, name_cn, name_en, gender, avatar, nationality, summary, birth_date, age, birthplace, ethnicity, current_residence, current_org, current_enterprise, current_military_unit, current_position, highest_degree, person_category, professional_domains, professional_skills, social_media, personality_traits, hobbies, management_philosophy, remark, confidence, completeness, created_at, updated_at) VALUES ('PERSON_S_63d422172c62d2b7', '梁娟', 'Expert_Qlizka', '男', '[]'::json, '中国', '梁娟，其他，主要从事氢能研究，现任国航宇集团主任。', '1961-04-02', 65, '上海', '汉族', '上海', '国航宇集团', '国航宇集团', NULL, '["副院长"]'::json, '博士', '研究', '["氢能"]'::json, '["数据分析", "算法设计", "项目管理", "实验验证"]'::json, '', '["严谨"]'::json, '["旅行", "音乐"]'::json, '["产学研结合", "以问题为导向"]'::json, '[]'::json, 0.838, 0.76, '2026-06-15T12:00:00+00:00', '2026-06-15T12:00:00+00:00');
INSERT INTO person_education (person_id, start_date, degree_date, degree, school, major, created_at, updated_at) VALUES ('PERSON_S_63d422172c62d2b7', '1990-02-28', '2011-12-20', '博士', '清华大学', '大模型', '2026-06-15T12:00:00+00:00', '2026-06-15T12:00:00+00:00');
INSERT INTO person_career (person_id, start_date, end_date, org, enterprise, military_unit, position, created_at, updated_at) VALUES ('PERSON_S_63d422172c62d2b7', '2020-09-19', NULL, '国航宇集团', '国航宇集团', NULL, '副院长', '2026-06-15T12:00:00+00:00', '2026-06-15T12:00:00+00:00');
INSERT INTO person_award (person_id, description, created_at, updated_at) VALUES ('PERSON_S_63d422172c62d2b7', '2018年获国家自然科学奖', '2026-06-15T12:00:00+00:00', '2026-06-15T12:00:00+00:00');
INSERT INTO person_academic_output (person_id, name, form, publish_date, rank, tech_domain, collaborators, citations, is_representative, created_at, updated_at) VALUES ('PERSON_S_63d422172c62d2b7', '关于氢能的研究', '汇报文稿', '2021-05-01', '第一作者', '氢能', '["陈娟", "郑昊"]'::json, 684, TRUE, '2026-06-15T12:00:00+00:00', '2026-06-15T12:00:00+00:00');
INSERT INTO person_academic_output (person_id, name, form, publish_date, rank, tech_domain, collaborators, citations, is_representative, created_at, updated_at) VALUES ('PERSON_S_63d422172c62d2b7', '关于氢能的方法', '论文', '2021-12-10', '第一作者', '氢能', '["朱刚"]'::json, 133, TRUE, '2026-06-15T12:00:00+00:00', '2026-06-15T12:00:00+00:00');
INSERT INTO person_academic_output (person_id, name, form, publish_date, rank, tech_domain, collaborators, citations, is_representative, created_at, updated_at) VALUES ('PERSON_S_63d422172c62d2b7', '关于氢能的综述', '论文', '2022-05-13', '其他', '氢能', '["唐俊杰", "高晓东强"]'::json, 271, TRUE, '2026-06-15T12:00:00+00:00', '2026-06-15T12:00:00+00:00');
INSERT INTO person_academic_output (person_id, name, form, publish_date, rank, tech_domain, collaborators, citations, is_representative, created_at, updated_at) VALUES ('PERSON_S_63d422172c62d2b7', '关于氢能的研究', '论文', '2019-08-03', '其他', '氢能', '["高艳"]'::json, 627, TRUE, '2026-06-15T12:00:00+00:00', '2026-06-15T12:00:00+00:00');
INSERT INTO person_focus (person_id, focus_type, content, consistency_with_policy, potential_impact, created_at, updated_at) VALUES ('PERSON_S_63d422172c62d2b7', 'tech', '["氢能前沿方向"]'::json, '符合国家科技创新规划', '["推动产业升级", "形成自主知识产权"]'::json, '2026-06-15T12:00:00+00:00', '2026-06-15T12:00:00+00:00');
INSERT INTO entity_change_log (entity_id, entity_type, field, old_value, new_value, method, operator, source_doc_id, reason, changed_at) VALUES ('PERSON_S_63d422172c62d2b7', 'person', '*', NULL, '{"action": "create"}'::json, 'rule', NULL, 'mock_seed', NULL, '2026-06-15T12:00:00+00:00');
INSERT INTO person_profile (person_id, name_cn, name_en, gender, avatar, nationality, summary, birth_date, age, birthplace, ethnicity, current_residence, current_org, current_enterprise, current_military_unit, current_position, highest_degree, person_category, professional_domains, professional_skills, social_media, personality_traits, hobbies, management_philosophy, remark, confidence, completeness, created_at, updated_at) VALUES ('PERSON_S_69b13105f67192dd', '王勇晓东', 'Expert_Egrlop', '女', '[]'::json, '中国', '王勇晓东，研究，主要从事生物医药研究，现任远脑科学股份总工程师。', '1975-11-23', 51, '武汉', '汉族', '北京', '远脑科学股份', '远脑科学股份', NULL, '["高级工程师"]'::json, '本科', '研究', '["生物医药"]'::json, '["数据分析", "项目管理", "工程化"]'::json, '', '["坚韧"]'::json, '["阅读", "旅行"]'::json, '["产学研结合", "以问题为导向"]'::json, '[]'::json, 0.755, 0.802, '2026-06-15T12:00:00+00:00', '2026-06-15T12:00:00+00:00');
INSERT INTO person_education (person_id, start_date, degree_date, degree, school, major, created_at, updated_at) VALUES ('PERSON_S_69b13105f67192dd', '1995-07-13', '2012-10-24', '硕士', '中国科学技术大学', '大模型', '2026-06-15T12:00:00+00:00', '2026-06-15T12:00:00+00:00');
INSERT INTO person_career (person_id, start_date, end_date, org, enterprise, military_unit, position, created_at, updated_at) VALUES ('PERSON_S_69b13105f67192dd', '2010-09-26', NULL, '远脑科学股份', '远脑科学股份', NULL, '总工程师', '2026-06-15T12:00:00+00:00', '2026-06-15T12:00:00+00:00');
INSERT INTO person_award (person_id, description, created_at, updated_at) VALUES ('PERSON_S_69b13105f67192dd', '2019年获省部级奖励', '2026-06-15T12:00:00+00:00', '2026-06-15T12:00:00+00:00');
INSERT INTO person_academic_output (person_id, name, form, publish_date, rank, tech_domain, collaborators, citations, is_representative, created_at, updated_at) VALUES ('PERSON_S_69b13105f67192dd', '关于生物医药的研究', '汇报文稿', '2018-03-14', '其他', '生物医药', '["郭桂英艳", "罗勇"]'::json, 727, TRUE, '2026-06-15T12:00:00+00:00', '2026-06-15T12:00:00+00:00');
INSERT INTO person_academic_output (person_id, name, form, publish_date, rank, tech_domain, collaborators, citations, is_representative, created_at, updated_at) VALUES ('PERSON_S_69b13105f67192dd', '关于生物医药的研究', '专著', '2024-09-02', '独著', '生物医药', '["周勇志强", "何昊婷", "杨晓东"]'::json, 135, TRUE, '2026-06-15T12:00:00+00:00', '2026-06-15T12:00:00+00:00');
INSERT INTO person_academic_output (person_id, name, form, publish_date, rank, tech_domain, collaborators, citations, is_representative, created_at, updated_at) VALUES ('PERSON_S_69b13105f67192dd', '关于生物医药的研究', '论文', '2019-02-04', '第一作者', '生物医药', '["黄文博"]'::json, 787, TRUE, '2026-06-15T12:00:00+00:00', '2026-06-15T12:00:00+00:00');
INSERT INTO person_academic_output (person_id, name, form, publish_date, rank, tech_domain, collaborators, citations, is_representative, created_at, updated_at) VALUES ('PERSON_S_69b13105f67192dd', '关于生物医药的方法', '论文', '2019-01-19', '独著', '生物医药', '["郑峰海燕"]'::json, 373, TRUE, '2026-06-15T12:00:00+00:00', '2026-06-15T12:00:00+00:00');
INSERT INTO person_focus (person_id, focus_type, content, consistency_with_policy, potential_impact, created_at, updated_at) VALUES ('PERSON_S_69b13105f67192dd', 'tech', '["生物医药前沿方向"]'::json, '符合国家科技创新规划', '["推动产业升级", "形成自主知识产权"]'::json, '2026-06-15T12:00:00+00:00', '2026-06-15T12:00:00+00:00');
INSERT INTO entity_change_log (entity_id, entity_type, field, old_value, new_value, method, operator, source_doc_id, reason, changed_at) VALUES ('PERSON_S_69b13105f67192dd', 'person', '*', NULL, '{"action": "create"}'::json, 'rule', NULL, 'mock_seed', NULL, '2026-06-15T12:00:00+00:00');
INSERT INTO person_profile (person_id, name_cn, name_en, gender, avatar, nationality, summary, birth_date, age, birthplace, ethnicity, current_residence, current_org, current_enterprise, current_military_unit, current_position, highest_degree, person_category, professional_domains, professional_skills, social_media, personality_traits, hobbies, management_philosophy, remark, confidence, completeness, created_at, updated_at) VALUES ('PERSON_S_e14af094384bc9dd', '梁桂英军', 'Expert_Uisznf', '男', '[]'::json, '中国', '梁桂英军，管理，主要从事光电技术、航空航天研究，现任东方芯创股份高级工程师。', '1981-08-25', 45, '上海', '汉族', '上海', '东方芯创股份', NULL, NULL, '["主任"]'::json, '硕士', '管理', '["光电技术", "航空航天", "量子计算"]'::json, '["系统架构", "实验验证"]'::json, '', '["严谨", "创新", "务实"]'::json, '["运动"]'::json, '["产学研结合", "以问题为导向"]'::json, '[]'::json, 0.862, 0.814, '2026-06-15T12:00:00+00:00', '2026-06-15T12:00:00+00:00');
INSERT INTO person_education (person_id, start_date, degree_date, degree, school, major, created_at, updated_at) VALUES ('PERSON_S_e14af094384bc9dd', '1996-11-25', '2013-02-27', '硕士', '哈尔滨工业大学', '光电技术', '2026-06-15T12:00:00+00:00', '2026-06-15T12:00:00+00:00');
INSERT INTO person_career (person_id, start_date, end_date, org, enterprise, military_unit, position, created_at, updated_at) VALUES ('PERSON_S_e14af094384bc9dd', '2009-08-20', NULL, '东方芯创股份', NULL, NULL, '副院长', '2026-06-15T12:00:00+00:00', '2026-06-15T12:00:00+00:00');
INSERT INTO person_award (person_id, description, created_at, updated_at) VALUES ('PERSON_S_e14af094384bc9dd', '2021年获省部级奖励', '2026-06-15T12:00:00+00:00', '2026-06-15T12:00:00+00:00');
INSERT INTO person_academic_output (person_id, name, form, publish_date, rank, tech_domain, collaborators, citations, is_representative, created_at, updated_at) VALUES ('PERSON_S_e14af094384bc9dd', '关于量子计算的方法', '专利', '2020-02-09', '独著', '航空航天', '["王文博瑞"]'::json, 5, TRUE, '2026-06-15T12:00:00+00:00', '2026-06-15T12:00:00+00:00');
INSERT INTO person_academic_output (person_id, name, form, publish_date, rank, tech_domain, collaborators, citations, is_representative, created_at, updated_at) VALUES ('PERSON_S_e14af094384bc9dd', '关于航空航天的研究', '专利', '2019-11-20', '独著', '光电技术', '["陈杰文博", "郭超", "冯文博娟"]'::json, 126, TRUE, '2026-06-15T12:00:00+00:00', '2026-06-15T12:00:00+00:00');
INSERT INTO person_focus (person_id, focus_type, content, consistency_with_policy, potential_impact, created_at, updated_at) VALUES ('PERSON_S_e14af094384bc9dd', 'tech', '["光电技术前沿方向"]'::json, '符合国家科技创新规划', '["推动产业升级", "形成自主知识产权"]'::json, '2026-06-15T12:00:00+00:00', '2026-06-15T12:00:00+00:00');
INSERT INTO entity_change_log (entity_id, entity_type, field, old_value, new_value, method, operator, source_doc_id, reason, changed_at) VALUES ('PERSON_S_e14af094384bc9dd', 'person', '*', NULL, '{"action": "create"}'::json, 'rule', NULL, 'mock_seed', NULL, '2026-06-15T12:00:00+00:00');
INSERT INTO person_profile (person_id, name_cn, name_en, gender, avatar, nationality, summary, birth_date, age, birthplace, ethnicity, current_residence, current_org, current_enterprise, current_military_unit, current_position, highest_degree, person_category, professional_domains, professional_skills, social_media, personality_traits, hobbies, management_philosophy, remark, confidence, completeness, created_at, updated_at) VALUES ('PERSON_S_f0c426b78cabed86', '韩勇斌', 'Expert_Kiomby', '男', '[]'::json, '中国', '韩勇斌，研究，主要从事储能、无人机研究，现任中智算研究院主任。', '1984-12-14', 42, '北京', '汉族', '杭州', '中智算研究院', NULL, NULL, '["主任"]'::json, '博士', '研究', '["储能", "无人机", "半导体", "脑机接口"]'::json, '["数据分析", "项目管理", "实验验证"]'::json, '', '["协作", "务实", "坚韧"]'::json, '["阅读"]'::json, '["产学研结合", "以问题为导向"]'::json, '[]'::json, 0.733, 0.821, '2026-06-15T12:00:00+00:00', '2026-06-15T12:00:00+00:00');
INSERT INTO person_education (person_id, start_date, degree_date, degree, school, major, created_at, updated_at) VALUES ('PERSON_S_f0c426b78cabed86', '1997-01-26', '2007-03-07', '硕士', '浙江大学', '储能', '2026-06-15T12:00:00+00:00', '2026-06-15T12:00:00+00:00');
INSERT INTO person_career (person_id, start_date, end_date, org, enterprise, military_unit, position, created_at, updated_at) VALUES ('PERSON_S_f0c426b78cabed86', '2015-10-19', NULL, '中智算研究院', NULL, NULL, '高级工程师', '2026-06-15T12:00:00+00:00', '2026-06-15T12:00:00+00:00');
INSERT INTO person_award (person_id, description, created_at, updated_at) VALUES ('PERSON_S_f0c426b78cabed86', '2023年获省部级奖励', '2026-06-15T12:00:00+00:00', '2026-06-15T12:00:00+00:00');
INSERT INTO person_academic_output (person_id, name, form, publish_date, rank, tech_domain, collaborators, citations, is_representative, created_at, updated_at) VALUES ('PERSON_S_f0c426b78cabed86', '关于半导体的方法', '专利', '2022-07-25', '第二作者', '储能', '["赵军"]'::json, 139, TRUE, '2026-06-15T12:00:00+00:00', '2026-06-15T12:00:00+00:00');
INSERT INTO person_academic_output (person_id, name, form, publish_date, rank, tech_domain, collaborators, citations, is_representative, created_at, updated_at) VALUES ('PERSON_S_f0c426b78cabed86', '关于储能的研究', '专著', '2019-03-07', '第二作者', '脑机接口', '["许斌", "郑伟峰", "冯平"]'::json, 668, TRUE, '2026-06-15T12:00:00+00:00', '2026-06-15T12:00:00+00:00');
INSERT INTO person_academic_output (person_id, name, form, publish_date, rank, tech_domain, collaborators, citations, is_representative, created_at, updated_at) VALUES ('PERSON_S_f0c426b78cabed86', '关于无人机的综述', '论文', '2020-04-25', '第一作者', '储能', '["冯超", "罗俊杰"]'::json, 227, TRUE, '2026-06-15T12:00:00+00:00', '2026-06-15T12:00:00+00:00');
INSERT INTO person_academic_output (person_id, name, form, publish_date, rank, tech_domain, collaborators, citations, is_representative, created_at, updated_at) VALUES ('PERSON_S_f0c426b78cabed86', '关于无人机的综述', '论文', '2018-03-27', '第二作者', '无人机', '["曹昊"]'::json, 465, TRUE, '2026-06-15T12:00:00+00:00', '2026-06-15T12:00:00+00:00');
INSERT INTO person_focus (person_id, focus_type, content, consistency_with_policy, potential_impact, created_at, updated_at) VALUES ('PERSON_S_f0c426b78cabed86', 'tech', '["无人机前沿方向"]'::json, '符合国家科技创新规划', '["推动产业升级", "形成自主知识产权"]'::json, '2026-06-15T12:00:00+00:00', '2026-06-15T12:00:00+00:00');
INSERT INTO entity_change_log (entity_id, entity_type, field, old_value, new_value, method, operator, source_doc_id, reason, changed_at) VALUES ('PERSON_S_f0c426b78cabed86', 'person', '*', NULL, '{"action": "create"}'::json, 'rule', NULL, 'mock_seed', NULL, '2026-06-15T12:00:00+00:00');
INSERT INTO person_profile (person_id, name_cn, name_en, gender, avatar, nationality, summary, birth_date, age, birthplace, ethnicity, current_residence, current_org, current_enterprise, current_military_unit, current_position, highest_degree, person_category, professional_domains, professional_skills, social_media, personality_traits, hobbies, management_philosophy, remark, confidence, completeness, created_at, updated_at) VALUES ('PERSON_S_f04c24b9b214d373', '吴霞', 'Expert_Bbygbp', '女', '[]'::json, '中国', '吴霞，研究，主要从事无人机、光电技术研究，现任南方微纳实验室总工程师。', '1955-07-24', 71, '北京', '汉族', '杭州', '南方微纳实验室', NULL, NULL, '["副院长"]'::json, '本科', '管理', '["无人机", "光电技术"]'::json, '["项目管理", "数据分析", "实验验证", "算法设计"]'::json, '', '["务实", "坚韧", "协作"]'::json, '["旅行"]'::json, '["产学研结合", "以问题为导向"]'::json, '[]'::json, 0.735, 0.889, '2026-06-15T12:00:00+00:00', '2026-06-15T12:00:00+00:00');
INSERT INTO person_education (person_id, start_date, degree_date, degree, school, major, created_at, updated_at) VALUES ('PERSON_S_f04c24b9b214d373', '1999-12-28', '2001-05-03', '硕士', '哈尔滨工业大学', '半导体', '2026-06-15T12:00:00+00:00', '2026-06-15T12:00:00+00:00');
INSERT INTO person_career (person_id, start_date, end_date, org, enterprise, military_unit, position, created_at, updated_at) VALUES ('PERSON_S_f04c24b9b214d373', '2011-12-11', NULL, '南方微纳实验室', NULL, NULL, '研究员', '2026-06-15T12:00:00+00:00', '2026-06-15T12:00:00+00:00');
INSERT INTO person_award (person_id, description, created_at, updated_at) VALUES ('PERSON_S_f04c24b9b214d373', '2023年获学会优秀论文', '2026-06-15T12:00:00+00:00', '2026-06-15T12:00:00+00:00');
INSERT INTO person_academic_output (person_id, name, form, publish_date, rank, tech_domain, collaborators, citations, is_representative, created_at, updated_at) VALUES ('PERSON_S_f04c24b9b214d373', '关于光电技术的研究', '论文', '2020-12-07', '第一作者', '光电技术', '["杨霞宇航", "韩平磊"]'::json, 453, TRUE, '2026-06-15T12:00:00+00:00', '2026-06-15T12:00:00+00:00');
INSERT INTO person_academic_output (person_id, name, form, publish_date, rank, tech_domain, collaborators, citations, is_representative, created_at, updated_at) VALUES ('PERSON_S_f04c24b9b214d373', '关于无人机的研究', '汇报文稿', '2021-12-02', '第二作者', '无人机', '["彭晓东勇"]'::json, 251, TRUE, '2026-06-15T12:00:00+00:00', '2026-06-15T12:00:00+00:00');
INSERT INTO person_focus (person_id, focus_type, content, consistency_with_policy, potential_impact, created_at, updated_at) VALUES ('PERSON_S_f04c24b9b214d373', 'tech', '["光电技术前沿方向"]'::json, '符合国家科技创新规划', '["推动产业升级", "形成自主知识产权"]'::json, '2026-06-15T12:00:00+00:00', '2026-06-15T12:00:00+00:00');
INSERT INTO entity_change_log (entity_id, entity_type, field, old_value, new_value, method, operator, source_doc_id, reason, changed_at) VALUES ('PERSON_S_f04c24b9b214d373', 'person', '*', NULL, '{"action": "create"}'::json, 'rule', NULL, 'mock_seed', NULL, '2026-06-15T12:00:00+00:00');
INSERT INTO person_profile (person_id, name_cn, name_en, gender, avatar, nationality, summary, birth_date, age, birthplace, ethnicity, current_residence, current_org, current_enterprise, current_military_unit, current_position, highest_degree, person_category, professional_domains, professional_skills, social_media, personality_traits, hobbies, management_philosophy, remark, confidence, completeness, created_at, updated_at) VALUES ('PERSON_S_4ed3c48de79032e1', '何宁平', 'Expert_Omdrvj', '女', '[]'::json, '中国', '何宁平，研究，主要从事自动驾驶、储能研究，现任华信息股份总工程师。', '1987-02-04', 39, '西安', '汉族', '深圳', '华信息股份', NULL, NULL, '["研究员"]'::json, '博士', '其他', '["自动驾驶", "储能", "大模型"]'::json, '["算法设计", "系统架构", "数据分析"]'::json, '', '["协作", "创新"]'::json, '["旅行"]'::json, '["产学研结合", "以问题为导向"]'::json, '[]'::json, 0.953, 0.891, '2026-06-15T12:00:00+00:00', '2026-06-15T12:00:00+00:00');
INSERT INTO person_education (person_id, start_date, degree_date, degree, school, major, created_at, updated_at) VALUES ('PERSON_S_4ed3c48de79032e1', '1997-03-11', '2011-12-11', '硕士', '上海交通大学', '半导体', '2026-06-15T12:00:00+00:00', '2026-06-15T12:00:00+00:00');
INSERT INTO person_career (person_id, start_date, end_date, org, enterprise, military_unit, position, created_at, updated_at) VALUES ('PERSON_S_4ed3c48de79032e1', '2007-12-12', NULL, '华信息股份', NULL, NULL, '教授', '2026-06-15T12:00:00+00:00', '2026-06-15T12:00:00+00:00');
INSERT INTO person_award (person_id, description, created_at, updated_at) VALUES ('PERSON_S_4ed3c48de79032e1', '2016年获学会优秀论文', '2026-06-15T12:00:00+00:00', '2026-06-15T12:00:00+00:00');
INSERT INTO person_academic_output (person_id, name, form, publish_date, rank, tech_domain, collaborators, citations, is_representative, created_at, updated_at) VALUES ('PERSON_S_4ed3c48de79032e1', '关于大模型的综述', '专著', '2022-06-12', '第三作者', '自动驾驶', '["刘昊文博"]'::json, 43, TRUE, '2026-06-15T12:00:00+00:00', '2026-06-15T12:00:00+00:00');
INSERT INTO person_academic_output (person_id, name, form, publish_date, rank, tech_domain, collaborators, citations, is_representative, created_at, updated_at) VALUES ('PERSON_S_4ed3c48de79032e1', '关于大模型的综述', '论文', '2018-09-15', '第三作者', '自动驾驶', '["梁昊", "冯明瑞", "黄军海燕"]'::json, 254, TRUE, '2026-06-15T12:00:00+00:00', '2026-06-15T12:00:00+00:00');
INSERT INTO person_focus (person_id, focus_type, content, consistency_with_policy, potential_impact, created_at, updated_at) VALUES ('PERSON_S_4ed3c48de79032e1', 'tech', '["自动驾驶前沿方向"]'::json, '符合国家科技创新规划', '["推动产业升级", "形成自主知识产权"]'::json, '2026-06-15T12:00:00+00:00', '2026-06-15T12:00:00+00:00');
INSERT INTO entity_change_log (entity_id, entity_type, field, old_value, new_value, method, operator, source_doc_id, reason, changed_at) VALUES ('PERSON_S_4ed3c48de79032e1', 'person', '*', NULL, '{"action": "create"}'::json, 'rule', NULL, 'mock_seed', NULL, '2026-06-15T12:00:00+00:00');
INSERT INTO person_profile (person_id, name_cn, name_en, gender, avatar, nationality, summary, birth_date, age, birthplace, ethnicity, current_residence, current_org, current_enterprise, current_military_unit, current_position, highest_degree, person_category, professional_domains, professional_skills, social_media, personality_traits, hobbies, management_philosophy, remark, confidence, completeness, created_at, updated_at) VALUES ('PERSON_S_a52fbde9ab7bffa9', '唐建华', 'Expert_Bnlvqy', '女', '[]'::json, '中国', '唐建华，管理，主要从事量子计算、机器人研究，现任航天聚变实验室总工程师。', '1970-07-24', 56, '武汉', '汉族', '杭州', '航天聚变实验室', NULL, NULL, '["首席科学家"]'::json, '硕士', '研究', '["量子计算", "机器人", "人工智能"]'::json, '["数据分析", "工程化", "实验验证", "系统架构"]'::json, '', '["坚韧", "协作"]'::json, '["阅读", "音乐"]'::json, '["产学研结合", "以问题为导向"]'::json, '[]'::json, 0.866, 0.87, '2026-06-15T12:00:00+00:00', '2026-06-15T12:00:00+00:00');
INSERT INTO person_education (person_id, start_date, degree_date, degree, school, major, created_at, updated_at) VALUES ('PERSON_S_a52fbde9ab7bffa9', '1995-05-08', '2010-11-14', '硕士', '浙江大学', '量子计算', '2026-06-15T12:00:00+00:00', '2026-06-15T12:00:00+00:00');
INSERT INTO person_career (person_id, start_date, end_date, org, enterprise, military_unit, position, created_at, updated_at) VALUES ('PERSON_S_a52fbde9ab7bffa9', '2017-08-01', NULL, '航天聚变实验室', NULL, NULL, '总工程师', '2026-06-15T12:00:00+00:00', '2026-06-15T12:00:00+00:00');
INSERT INTO person_award (person_id, description, created_at, updated_at) VALUES ('PERSON_S_a52fbde9ab7bffa9', '2020年获国家自然科学奖', '2026-06-15T12:00:00+00:00', '2026-06-15T12:00:00+00:00');
INSERT INTO person_academic_output (person_id, name, form, publish_date, rank, tech_domain, collaborators, citations, is_representative, created_at, updated_at) VALUES ('PERSON_S_a52fbde9ab7bffa9', '关于量子计算的综述', '专利', '2019-04-22', '其他', '机器人', '["邓勇伟", "冯宇航"]'::json, 447, TRUE, '2026-06-15T12:00:00+00:00', '2026-06-15T12:00:00+00:00');
INSERT INTO person_academic_output (person_id, name, form, publish_date, rank, tech_domain, collaborators, citations, is_representative, created_at, updated_at) VALUES ('PERSON_S_a52fbde9ab7bffa9', '关于量子计算的方法', '专利', '2020-07-10', '第三作者', '机器人', '["宋建华桂英", "张明", "宋桂英涛"]'::json, 358, TRUE, '2026-06-15T12:00:00+00:00', '2026-06-15T12:00:00+00:00');
INSERT INTO person_academic_output (person_id, name, form, publish_date, rank, tech_domain, collaborators, citations, is_representative, created_at, updated_at) VALUES ('PERSON_S_a52fbde9ab7bffa9', '关于机器人的方法', '专利', '2018-10-28', '第二作者', '量子计算', '["罗刚伟"]'::json, 272, TRUE, '2026-06-15T12:00:00+00:00', '2026-06-15T12:00:00+00:00');
INSERT INTO person_academic_output (person_id, name, form, publish_date, rank, tech_domain, collaborators, citations, is_representative, created_at, updated_at) VALUES ('PERSON_S_a52fbde9ab7bffa9', '关于人工智能的综述', '专著', '2023-08-26', '独著', '人工智能', '["马明", "陈涛", "杨桂英娟"]'::json, 17, TRUE, '2026-06-15T12:00:00+00:00', '2026-06-15T12:00:00+00:00');
INSERT INTO person_focus (person_id, focus_type, content, consistency_with_policy, potential_impact, created_at, updated_at) VALUES ('PERSON_S_a52fbde9ab7bffa9', 'tech', '["机器人前沿方向"]'::json, '符合国家科技创新规划', '["推动产业升级", "形成自主知识产权"]'::json, '2026-06-15T12:00:00+00:00', '2026-06-15T12:00:00+00:00');
INSERT INTO entity_change_log (entity_id, entity_type, field, old_value, new_value, method, operator, source_doc_id, reason, changed_at) VALUES ('PERSON_S_a52fbde9ab7bffa9', 'person', '*', NULL, '{"action": "create"}'::json, 'rule', NULL, 'mock_seed', NULL, '2026-06-15T12:00:00+00:00');
INSERT INTO person_profile (person_id, name_cn, name_en, gender, avatar, nationality, summary, birth_date, age, birthplace, ethnicity, current_residence, current_org, current_enterprise, current_military_unit, current_position, highest_degree, person_category, professional_domains, professional_skills, social_media, personality_traits, hobbies, management_philosophy, remark, confidence, completeness, created_at, updated_at) VALUES ('PERSON_S_db451865bbbb8e73', '高杰', 'Expert_Ooaeld', '女', '[]'::json, '中国', '高杰，研究，主要从事量子计算研究，现任远脑科学股份教授。', '1981-04-16', 45, '哈尔滨', '汉族', '上海', '远脑科学股份', '远脑科学股份', NULL, '["副院长"]'::json, '博士', '管理', '["量子计算"]'::json, '["数据分析", "工程化", "系统架构", "实验验证"]'::json, '', '["创新", "严谨", "务实"]'::json, '["阅读", "运动"]'::json, '["产学研结合", "以问题为导向"]'::json, '[]'::json, 0.732, 0.652, '2026-06-15T12:00:00+00:00', '2026-06-15T12:00:00+00:00');
INSERT INTO person_education (person_id, start_date, degree_date, degree, school, major, created_at, updated_at) VALUES ('PERSON_S_db451865bbbb8e73', '1997-07-12', '2017-11-28', '博士', '北京大学', '集成电路', '2026-06-15T12:00:00+00:00', '2026-06-15T12:00:00+00:00');
INSERT INTO person_career (person_id, start_date, end_date, org, enterprise, military_unit, position, created_at, updated_at) VALUES ('PERSON_S_db451865bbbb8e73', '2014-09-05', NULL, '远脑科学股份', '远脑科学股份', NULL, '高级工程师', '2026-06-15T12:00:00+00:00', '2026-06-15T12:00:00+00:00');
INSERT INTO person_award (person_id, description, created_at, updated_at) VALUES ('PERSON_S_db451865bbbb8e73', '2023年获省部级奖励', '2026-06-15T12:00:00+00:00', '2026-06-15T12:00:00+00:00');
INSERT INTO person_academic_output (person_id, name, form, publish_date, rank, tech_domain, collaborators, citations, is_representative, created_at, updated_at) VALUES ('PERSON_S_db451865bbbb8e73', '关于量子计算的研究', '汇报文稿', '2018-04-19', '独著', '量子计算', '["张杰"]'::json, 492, TRUE, '2026-06-15T12:00:00+00:00', '2026-06-15T12:00:00+00:00');
INSERT INTO person_academic_output (person_id, name, form, publish_date, rank, tech_domain, collaborators, citations, is_representative, created_at, updated_at) VALUES ('PERSON_S_db451865bbbb8e73', '关于量子计算的综述', '汇报文稿', '2020-04-07', '第一作者', '量子计算', '["刘杰", "邓文博"]'::json, 398, TRUE, '2026-06-15T12:00:00+00:00', '2026-06-15T12:00:00+00:00');
INSERT INTO person_academic_output (person_id, name, form, publish_date, rank, tech_domain, collaborators, citations, is_representative, created_at, updated_at) VALUES ('PERSON_S_db451865bbbb8e73', '关于量子计算的研究', '专利', '2019-03-16', '第一作者', '量子计算', '["高宁", "郭晓东"]'::json, 443, TRUE, '2026-06-15T12:00:00+00:00', '2026-06-15T12:00:00+00:00');
INSERT INTO person_focus (person_id, focus_type, content, consistency_with_policy, potential_impact, created_at, updated_at) VALUES ('PERSON_S_db451865bbbb8e73', 'tech', '["量子计算前沿方向"]'::json, '符合国家科技创新规划', '["推动产业升级", "形成自主知识产权"]'::json, '2026-06-15T12:00:00+00:00', '2026-06-15T12:00:00+00:00');
INSERT INTO entity_change_log (entity_id, entity_type, field, old_value, new_value, method, operator, source_doc_id, reason, changed_at) VALUES ('PERSON_S_db451865bbbb8e73', 'person', '*', NULL, '{"action": "create"}'::json, 'rule', NULL, 'mock_seed', NULL, '2026-06-15T12:00:00+00:00');
INSERT INTO person_profile (person_id, name_cn, name_en, gender, avatar, nationality, summary, birth_date, age, birthplace, ethnicity, current_residence, current_org, current_enterprise, current_military_unit, current_position, highest_degree, person_category, professional_domains, professional_skills, social_media, personality_traits, hobbies, management_philosophy, remark, confidence, completeness, created_at, updated_at) VALUES ('PERSON_S_cc887da1bcc53926', '唐洋', 'Expert_Yhxftm', '男', '[]'::json, '中国', '唐洋，管理，主要从事生物医药、航空航天研究，现任中科聚变研究所总工程师。', '1967-03-15', 59, '成都', '汉族', '杭州', '中科聚变研究所', NULL, NULL, '["研究员"]'::json, '博士', '管理', '["生物医药", "航空航天"]'::json, '["数据分析", "算法设计"]'::json, '', '["创新"]'::json, '["音乐"]'::json, '["产学研结合", "以问题为导向"]'::json, '[]'::json, 0.806, 0.919, '2026-06-15T12:00:00+00:00', '2026-06-15T12:00:00+00:00');
INSERT INTO person_education (person_id, start_date, degree_date, degree, school, major, created_at, updated_at) VALUES ('PERSON_S_cc887da1bcc53926', '2001-08-20', '1998-07-27', '本科', '哈尔滨工业大学', '人工智能', '2026-06-15T12:00:00+00:00', '2026-06-15T12:00:00+00:00');
INSERT INTO person_career (person_id, start_date, end_date, org, enterprise, military_unit, position, created_at, updated_at) VALUES ('PERSON_S_cc887da1bcc53926', '2005-09-28', NULL, '中科聚变研究所', NULL, NULL, '总工程师', '2026-06-15T12:00:00+00:00', '2026-06-15T12:00:00+00:00');
INSERT INTO person_award (person_id, description, created_at, updated_at) VALUES ('PERSON_S_cc887da1bcc53926', '2016年获省部级奖励', '2026-06-15T12:00:00+00:00', '2026-06-15T12:00:00+00:00');
INSERT INTO person_academic_output (person_id, name, form, publish_date, rank, tech_domain, collaborators, citations, is_representative, created_at, updated_at) VALUES ('PERSON_S_cc887da1bcc53926', '关于生物医药的综述', '汇报文稿', '2023-09-19', '第一作者', '航空航天', '["谢文博建华"]'::json, 142, TRUE, '2026-06-15T12:00:00+00:00', '2026-06-15T12:00:00+00:00');
INSERT INTO person_academic_output (person_id, name, form, publish_date, rank, tech_domain, collaborators, citations, is_representative, created_at, updated_at) VALUES ('PERSON_S_cc887da1bcc53926', '关于航空航天的综述', '专利', '2022-09-02', '其他', '生物医药', '["张明昊", "何瑞建华", "黄勇"]'::json, 585, TRUE, '2026-06-15T12:00:00+00:00', '2026-06-15T12:00:00+00:00');
INSERT INTO person_focus (person_id, focus_type, content, consistency_with_policy, potential_impact, created_at, updated_at) VALUES ('PERSON_S_cc887da1bcc53926', 'tech', '["生物医药前沿方向"]'::json, '符合国家科技创新规划', '["推动产业升级", "形成自主知识产权"]'::json, '2026-06-15T12:00:00+00:00', '2026-06-15T12:00:00+00:00');
INSERT INTO entity_change_log (entity_id, entity_type, field, old_value, new_value, method, operator, source_doc_id, reason, changed_at) VALUES ('PERSON_S_cc887da1bcc53926', 'person', '*', NULL, '{"action": "create"}'::json, 'rule', NULL, 'mock_seed', NULL, '2026-06-15T12:00:00+00:00');
INSERT INTO person_profile (person_id, name_cn, name_en, gender, avatar, nationality, summary, birth_date, age, birthplace, ethnicity, current_residence, current_org, current_enterprise, current_military_unit, current_position, highest_degree, person_category, professional_domains, professional_skills, social_media, personality_traits, hobbies, management_philosophy, remark, confidence, completeness, created_at, updated_at) VALUES ('PERSON_S_79403e034549e282', '邓艳志强', 'Expert_Pimxwn', '女', '[]'::json, '中国', '邓艳志强，研究，主要从事储能、深海装备研究，现任北方储能科技主任。', '1995-09-01', 31, '成都', '汉族', '上海', '北方储能科技', NULL, NULL, '["总工程师"]'::json, '博士', '管理', '["储能", "深海装备", "机器人", "增材制造"]'::json, '["实验验证", "数据分析"]'::json, '', '["创新", "坚韧", "严谨"]'::json, '["运动", "阅读"]'::json, '["产学研结合", "以问题为导向"]'::json, '[]'::json, 0.711, 0.618, '2026-06-15T12:00:00+00:00', '2026-06-15T12:00:00+00:00');
INSERT INTO person_education (person_id, start_date, degree_date, degree, school, major, created_at, updated_at) VALUES ('PERSON_S_79403e034549e282', '1992-10-27', '2011-07-19', '博士', '中国科学技术大学', '量子计算', '2026-06-15T12:00:00+00:00', '2026-06-15T12:00:00+00:00');
INSERT INTO person_career (person_id, start_date, end_date, org, enterprise, military_unit, position, created_at, updated_at) VALUES ('PERSON_S_79403e034549e282', '2015-07-20', NULL, '北方储能科技', NULL, NULL, '研究员', '2026-06-15T12:00:00+00:00', '2026-06-15T12:00:00+00:00');
INSERT INTO person_award (person_id, description, created_at, updated_at) VALUES ('PERSON_S_79403e034549e282', '2023年获省部级奖励', '2026-06-15T12:00:00+00:00', '2026-06-15T12:00:00+00:00');
INSERT INTO person_academic_output (person_id, name, form, publish_date, rank, tech_domain, collaborators, citations, is_representative, created_at, updated_at) VALUES ('PERSON_S_79403e034549e282', '关于深海装备的综述', '专利', '2018-08-28', '第三作者', '深海装备', '["林文博", "周宇航", "高俊杰"]'::json, 267, TRUE, '2026-06-15T12:00:00+00:00', '2026-06-15T12:00:00+00:00');
INSERT INTO person_academic_output (person_id, name, form, publish_date, rank, tech_domain, collaborators, citations, is_representative, created_at, updated_at) VALUES ('PERSON_S_79403e034549e282', '关于储能的综述', '专著', '2021-11-12', '第一作者', '储能', '["梁强瑞", "何强"]'::json, 550, TRUE, '2026-06-15T12:00:00+00:00', '2026-06-15T12:00:00+00:00');
INSERT INTO person_academic_output (person_id, name, form, publish_date, rank, tech_domain, collaborators, citations, is_representative, created_at, updated_at) VALUES ('PERSON_S_79403e034549e282', '关于储能的研究', '论文', '2024-11-06', '第三作者', '机器人', '["孙瑞平"]'::json, 695, TRUE, '2026-06-15T12:00:00+00:00', '2026-06-15T12:00:00+00:00');
INSERT INTO person_focus (person_id, focus_type, content, consistency_with_policy, potential_impact, created_at, updated_at) VALUES ('PERSON_S_79403e034549e282', 'tech', '["增材制造前沿方向"]'::json, '符合国家科技创新规划', '["推动产业升级", "形成自主知识产权"]'::json, '2026-06-15T12:00:00+00:00', '2026-06-15T12:00:00+00:00');
INSERT INTO entity_change_log (entity_id, entity_type, field, old_value, new_value, method, operator, source_doc_id, reason, changed_at) VALUES ('PERSON_S_79403e034549e282', 'person', '*', NULL, '{"action": "create"}'::json, 'rule', NULL, 'mock_seed', NULL, '2026-06-15T12:00:00+00:00');
INSERT INTO person_profile (person_id, name_cn, name_en, gender, avatar, nationality, summary, birth_date, age, birthplace, ethnicity, current_residence, current_org, current_enterprise, current_military_unit, current_position, highest_degree, person_category, professional_domains, professional_skills, social_media, personality_traits, hobbies, management_philosophy, remark, confidence, completeness, created_at, updated_at) VALUES ('PERSON_S_b23c834a5f4e12d2', '郑洋', 'Expert_Tjrnaf', '女', '[]'::json, '中国', '郑洋，管理，主要从事量子计算、人工智能研究，现任航天储能实验室教授。', '1959-03-01', 67, '哈尔滨', '汉族', '北京', '航天储能实验室', '航天储能实验室', NULL, '["副院长"]'::json, '本科', '研究', '["量子计算", "人工智能", "6G通信"]'::json, '["工程化", "实验验证", "数据分析"]'::json, '', '["坚韧"]'::json, '["音乐"]'::json, '["产学研结合", "以问题为导向"]'::json, '[]'::json, 0.771, 0.863, '2026-06-15T12:00:00+00:00', '2026-06-15T12:00:00+00:00');
INSERT INTO person_education (person_id, start_date, degree_date, degree, school, major, created_at, updated_at) VALUES ('PERSON_S_b23c834a5f4e12d2', '2007-05-15', '1999-01-10', '博士', '浙江大学', '集成电路', '2026-06-15T12:00:00+00:00', '2026-06-15T12:00:00+00:00');
INSERT INTO person_career (person_id, start_date, end_date, org, enterprise, military_unit, position, created_at, updated_at) VALUES ('PERSON_S_b23c834a5f4e12d2', '2009-03-12', NULL, '航天储能实验室', '航天储能实验室', NULL, '副院长', '2026-06-15T12:00:00+00:00', '2026-06-15T12:00:00+00:00');
INSERT INTO person_award (person_id, description, created_at, updated_at) VALUES ('PERSON_S_b23c834a5f4e12d2', '2023年获省部级奖励', '2026-06-15T12:00:00+00:00', '2026-06-15T12:00:00+00:00');
INSERT INTO person_academic_output (person_id, name, form, publish_date, rank, tech_domain, collaborators, citations, is_representative, created_at, updated_at) VALUES ('PERSON_S_b23c834a5f4e12d2', '关于6G通信的研究', '专利', '2021-10-04', '第三作者', '量子计算', '["陈杰昊"]'::json, 137, TRUE, '2026-06-15T12:00:00+00:00', '2026-06-15T12:00:00+00:00');
INSERT INTO person_academic_output (person_id, name, form, publish_date, rank, tech_domain, collaborators, citations, is_representative, created_at, updated_at) VALUES ('PERSON_S_b23c834a5f4e12d2', '关于人工智能的综述', '论文', '2020-01-07', '其他', '6G通信', '["曹雪松", "孙雪松", "黄勇斌"]'::json, 745, TRUE, '2026-06-15T12:00:00+00:00', '2026-06-15T12:00:00+00:00');
INSERT INTO person_focus (person_id, focus_type, content, consistency_with_policy, potential_impact, created_at, updated_at) VALUES ('PERSON_S_b23c834a5f4e12d2', 'tech', '["人工智能前沿方向"]'::json, '符合国家科技创新规划', '["推动产业升级", "形成自主知识产权"]'::json, '2026-06-15T12:00:00+00:00', '2026-06-15T12:00:00+00:00');
INSERT INTO entity_change_log (entity_id, entity_type, field, old_value, new_value, method, operator, source_doc_id, reason, changed_at) VALUES ('PERSON_S_b23c834a5f4e12d2', 'person', '*', NULL, '{"action": "create"}'::json, 'rule', NULL, 'mock_seed', NULL, '2026-06-15T12:00:00+00:00');
INSERT INTO person_profile (person_id, name_cn, name_en, gender, avatar, nationality, summary, birth_date, age, birthplace, ethnicity, current_residence, current_org, current_enterprise, current_military_unit, current_position, highest_degree, person_category, professional_domains, professional_skills, social_media, personality_traits, hobbies, management_philosophy, remark, confidence, completeness, created_at, updated_at) VALUES ('PERSON_S_f4f1efde6d4dab86', '陈超', 'Expert_Jtdswk', '男', '[]'::json, '中国', '陈超，管理，主要从事网络安全研究，现任中科生医研究所副院长。', '1964-06-16', 62, '武汉', '汉族', '深圳', '中科生医研究所', NULL, NULL, '["首席科学家"]'::json, '博士', '研究', '["网络安全"]'::json, '["系统架构", "项目管理", "实验验证"]'::json, '', '["务实", "严谨", "创新"]'::json, '["旅行"]'::json, '["产学研结合", "以问题为导向"]'::json, '[]'::json, 0.918, 0.735, '2026-06-15T12:00:00+00:00', '2026-06-15T12:00:00+00:00');
INSERT INTO person_education (person_id, start_date, degree_date, degree, school, major, created_at, updated_at) VALUES ('PERSON_S_f4f1efde6d4dab86', '2000-11-22', '2009-10-08', '博士', '上海交通大学', '网络安全', '2026-06-15T12:00:00+00:00', '2026-06-15T12:00:00+00:00');
INSERT INTO person_career (person_id, start_date, end_date, org, enterprise, military_unit, position, created_at, updated_at) VALUES ('PERSON_S_f4f1efde6d4dab86', '2015-06-15', NULL, '中科生医研究所', NULL, NULL, '首席科学家', '2026-06-15T12:00:00+00:00', '2026-06-15T12:00:00+00:00');
INSERT INTO person_award (person_id, description, created_at, updated_at) VALUES ('PERSON_S_f4f1efde6d4dab86', '2015年获学会优秀论文', '2026-06-15T12:00:00+00:00', '2026-06-15T12:00:00+00:00');
INSERT INTO person_academic_output (person_id, name, form, publish_date, rank, tech_domain, collaborators, citations, is_representative, created_at, updated_at) VALUES ('PERSON_S_f4f1efde6d4dab86', '关于网络安全的综述', '专著', '2020-03-02', '第三作者', '网络安全', '["吴洋斌", "许建华伟"]'::json, 564, TRUE, '2026-06-15T12:00:00+00:00', '2026-06-15T12:00:00+00:00');
INSERT INTO person_academic_output (person_id, name, form, publish_date, rank, tech_domain, collaborators, citations, is_representative, created_at, updated_at) VALUES ('PERSON_S_f4f1efde6d4dab86', '关于网络安全的方法', '专利', '2019-04-07', '第三作者', '网络安全', '["曹军桂英"]'::json, 198, TRUE, '2026-06-15T12:00:00+00:00', '2026-06-15T12:00:00+00:00');
INSERT INTO person_academic_output (person_id, name, form, publish_date, rank, tech_domain, collaborators, citations, is_representative, created_at, updated_at) VALUES ('PERSON_S_f4f1efde6d4dab86', '关于网络安全的研究', '专利', '2021-11-28', '其他', '网络安全', '["郭晓东杰", "陈超艳", "吴娟勇"]'::json, 262, TRUE, '2026-06-15T12:00:00+00:00', '2026-06-15T12:00:00+00:00');
INSERT INTO person_focus (person_id, focus_type, content, consistency_with_policy, potential_impact, created_at, updated_at) VALUES ('PERSON_S_f4f1efde6d4dab86', 'tech', '["网络安全前沿方向"]'::json, '符合国家科技创新规划', '["推动产业升级", "形成自主知识产权"]'::json, '2026-06-15T12:00:00+00:00', '2026-06-15T12:00:00+00:00');
INSERT INTO entity_change_log (entity_id, entity_type, field, old_value, new_value, method, operator, source_doc_id, reason, changed_at) VALUES ('PERSON_S_f4f1efde6d4dab86', 'person', '*', NULL, '{"action": "create"}'::json, 'rule', NULL, 'mock_seed', NULL, '2026-06-15T12:00:00+00:00');
INSERT INTO person_profile (person_id, name_cn, name_en, gender, avatar, nationality, summary, birth_date, age, birthplace, ethnicity, current_residence, current_org, current_enterprise, current_military_unit, current_position, highest_degree, person_category, professional_domains, professional_skills, social_media, personality_traits, hobbies, management_philosophy, remark, confidence, completeness, created_at, updated_at) VALUES ('PERSON_S_47a44d43482e7741', '林志强', 'Expert_Iapxoi', '女', '[]'::json, '中国', '林志强，研究，主要从事网络安全、光电技术研究，现任新氢动高科高级工程师。', '1977-02-02', 49, '南京', '汉族', '深圳', '新氢动高科', NULL, NULL, '["副院长"]'::json, '博士', '管理', '["网络安全", "光电技术", "卫星互联网", "新能源"]'::json, '["项目管理", "实验验证", "系统架构"]'::json, '', '["坚韧"]'::json, '["旅行", "音乐"]'::json, '["产学研结合", "以问题为导向"]'::json, '[]'::json, 0.86, 0.869, '2026-06-15T12:00:00+00:00', '2026-06-15T12:00:00+00:00');
INSERT INTO person_education (person_id, start_date, degree_date, degree, school, major, created_at, updated_at) VALUES ('PERSON_S_47a44d43482e7741', '1993-08-04', '1999-05-08', '博士', '上海交通大学', '半导体', '2026-06-15T12:00:00+00:00', '2026-06-15T12:00:00+00:00');
INSERT INTO person_career (person_id, start_date, end_date, org, enterprise, military_unit, position, created_at, updated_at) VALUES ('PERSON_S_47a44d43482e7741', '2014-10-10', NULL, '新氢动高科', NULL, NULL, '副院长', '2026-06-15T12:00:00+00:00', '2026-06-15T12:00:00+00:00');
INSERT INTO person_award (person_id, description, created_at, updated_at) VALUES ('PERSON_S_47a44d43482e7741', '2021年获国家自然科学奖', '2026-06-15T12:00:00+00:00', '2026-06-15T12:00:00+00:00');
INSERT INTO person_academic_output (person_id, name, form, publish_date, rank, tech_domain, collaborators, citations, is_representative, created_at, updated_at) VALUES ('PERSON_S_47a44d43482e7741', '关于网络安全的研究', '论文', '2024-09-08', '第一作者', '网络安全', '["梁磊军", "许洋", "宋勇超"]'::json, 618, TRUE, '2026-06-15T12:00:00+00:00', '2026-06-15T12:00:00+00:00');
INSERT INTO person_academic_output (person_id, name, form, publish_date, rank, tech_domain, collaborators, citations, is_representative, created_at, updated_at) VALUES ('PERSON_S_47a44d43482e7741', '关于光电技术的方法', '论文', '2021-08-16', '第三作者', '网络安全', '["林勇"]'::json, 257, TRUE, '2026-06-15T12:00:00+00:00', '2026-06-15T12:00:00+00:00');
INSERT INTO person_focus (person_id, focus_type, content, consistency_with_policy, potential_impact, created_at, updated_at) VALUES ('PERSON_S_47a44d43482e7741', 'tech', '["网络安全前沿方向"]'::json, '符合国家科技创新规划', '["推动产业升级", "形成自主知识产权"]'::json, '2026-06-15T12:00:00+00:00', '2026-06-15T12:00:00+00:00');
INSERT INTO entity_change_log (entity_id, entity_type, field, old_value, new_value, method, operator, source_doc_id, reason, changed_at) VALUES ('PERSON_S_47a44d43482e7741', 'person', '*', NULL, '{"action": "create"}'::json, 'rule', NULL, 'mock_seed', NULL, '2026-06-15T12:00:00+00:00');
INSERT INTO person_profile (person_id, name_cn, name_en, gender, avatar, nationality, summary, birth_date, age, birthplace, ethnicity, current_residence, current_org, current_enterprise, current_military_unit, current_position, highest_degree, person_category, professional_domains, professional_skills, social_media, personality_traits, hobbies, management_philosophy, remark, confidence, completeness, created_at, updated_at) VALUES ('PERSON_S_88b10ee1611c1344', '王娟刚', 'Expert_Jjlcby', '男', '[]'::json, '中国', '王娟刚，管理，主要从事航空航天研究，现任东方航宇研究所高级工程师。', '1956-10-23', 70, '哈尔滨', '汉族', '北京', '东方航宇研究所', NULL, NULL, '["副院长"]'::json, '博士', '其他', '["航空航天"]'::json, '["项目管理", "系统架构", "工程化"]'::json, '', '["坚韧"]'::json, '["音乐"]'::json, '["产学研结合", "以问题为导向"]'::json, '[]'::json, 0.796, 0.867, '2026-06-15T12:00:00+00:00', '2026-06-15T12:00:00+00:00');
INSERT INTO person_education (person_id, start_date, degree_date, degree, school, major, created_at, updated_at) VALUES ('PERSON_S_88b10ee1611c1344', '1998-08-01', '2001-01-16', '本科', '清华大学', '航空航天', '2026-06-15T12:00:00+00:00', '2026-06-15T12:00:00+00:00');
INSERT INTO person_career (person_id, start_date, end_date, org, enterprise, military_unit, position, created_at, updated_at) VALUES ('PERSON_S_88b10ee1611c1344', '2005-07-04', NULL, '东方航宇研究所', NULL, NULL, '首席科学家', '2026-06-15T12:00:00+00:00', '2026-06-15T12:00:00+00:00');
INSERT INTO person_award (person_id, description, created_at, updated_at) VALUES ('PERSON_S_88b10ee1611c1344', '2020年获学会优秀论文', '2026-06-15T12:00:00+00:00', '2026-06-15T12:00:00+00:00');
INSERT INTO person_academic_output (person_id, name, form, publish_date, rank, tech_domain, collaborators, citations, is_representative, created_at, updated_at) VALUES ('PERSON_S_88b10ee1611c1344', '关于航空航天的研究', '专著', '2023-02-26', '独著', '航空航天', '["周伟勇", "林艳"]'::json, 279, TRUE, '2026-06-15T12:00:00+00:00', '2026-06-15T12:00:00+00:00');
INSERT INTO person_academic_output (person_id, name, form, publish_date, rank, tech_domain, collaborators, citations, is_representative, created_at, updated_at) VALUES ('PERSON_S_88b10ee1611c1344', '关于航空航天的方法', '论文', '2021-09-10', '第三作者', '航空航天', '["高明桂英"]'::json, 720, TRUE, '2026-06-15T12:00:00+00:00', '2026-06-15T12:00:00+00:00');
INSERT INTO person_focus (person_id, focus_type, content, consistency_with_policy, potential_impact, created_at, updated_at) VALUES ('PERSON_S_88b10ee1611c1344', 'tech', '["航空航天前沿方向"]'::json, '符合国家科技创新规划', '["推动产业升级", "形成自主知识产权"]'::json, '2026-06-15T12:00:00+00:00', '2026-06-15T12:00:00+00:00');
INSERT INTO entity_change_log (entity_id, entity_type, field, old_value, new_value, method, operator, source_doc_id, reason, changed_at) VALUES ('PERSON_S_88b10ee1611c1344', 'person', '*', NULL, '{"action": "create"}'::json, 'rule', NULL, 'mock_seed', NULL, '2026-06-15T12:00:00+00:00');
INSERT INTO person_profile (person_id, name_cn, name_en, gender, avatar, nationality, summary, birth_date, age, birthplace, ethnicity, current_residence, current_org, current_enterprise, current_military_unit, current_position, highest_degree, person_category, professional_domains, professional_skills, social_media, personality_traits, hobbies, management_philosophy, remark, confidence, completeness, created_at, updated_at) VALUES ('PERSON_S_a64776ed3a4a6bd3', '刘娟伟', 'Expert_Kzidfa', '女', '[]'::json, '中国', '刘娟伟，其他，主要从事光电技术、新能源研究，现任中光电实验室高级工程师。', '1964-01-28', 62, '北京', '汉族', '北京', '中光电实验室', NULL, NULL, '["副院长"]'::json, '本科', '其他', '["光电技术", "新能源", "自动驾驶", "储能"]'::json, '["算法设计", "数据分析", "项目管理"]'::json, '', '["务实", "创新"]'::json, '["阅读"]'::json, '["产学研结合", "以问题为导向"]'::json, '[]'::json, 0.735, 0.742, '2026-06-15T12:00:00+00:00', '2026-06-15T12:00:00+00:00');
INSERT INTO person_education (person_id, start_date, degree_date, degree, school, major, created_at, updated_at) VALUES ('PERSON_S_a64776ed3a4a6bd3', '1998-05-01', '2005-12-07', '硕士', '浙江大学', '半导体', '2026-06-15T12:00:00+00:00', '2026-06-15T12:00:00+00:00');
INSERT INTO person_career (person_id, start_date, end_date, org, enterprise, military_unit, position, created_at, updated_at) VALUES ('PERSON_S_a64776ed3a4a6bd3', '2013-12-20', NULL, '中光电实验室', NULL, NULL, '副院长', '2026-06-15T12:00:00+00:00', '2026-06-15T12:00:00+00:00');
INSERT INTO person_award (person_id, description, created_at, updated_at) VALUES ('PERSON_S_a64776ed3a4a6bd3', '2017年获省部级奖励', '2026-06-15T12:00:00+00:00', '2026-06-15T12:00:00+00:00');
INSERT INTO person_academic_output (person_id, name, form, publish_date, rank, tech_domain, collaborators, citations, is_representative, created_at, updated_at) VALUES ('PERSON_S_a64776ed3a4a6bd3', '关于新能源的研究', '专著', '2018-05-09', '第一作者', '自动驾驶', '["郭晓东文博", "高斌磊"]'::json, 611, TRUE, '2026-06-15T12:00:00+00:00', '2026-06-15T12:00:00+00:00');
INSERT INTO person_academic_output (person_id, name, form, publish_date, rank, tech_domain, collaborators, citations, is_representative, created_at, updated_at) VALUES ('PERSON_S_a64776ed3a4a6bd3', '关于新能源的方法', '论文', '2024-01-14', '独著', '储能', '["许晓东", "许娟刚", "许桂英志强"]'::json, 352, TRUE, '2026-06-15T12:00:00+00:00', '2026-06-15T12:00:00+00:00');
INSERT INTO person_academic_output (person_id, name, form, publish_date, rank, tech_domain, collaborators, citations, is_representative, created_at, updated_at) VALUES ('PERSON_S_a64776ed3a4a6bd3', '关于自动驾驶的综述', '专著', '2018-01-18', '其他', '光电技术', '["梁勇"]'::json, 50, TRUE, '2026-06-15T12:00:00+00:00', '2026-06-15T12:00:00+00:00');
INSERT INTO person_academic_output (person_id, name, form, publish_date, rank, tech_domain, collaborators, citations, is_representative, created_at, updated_at) VALUES ('PERSON_S_a64776ed3a4a6bd3', '关于新能源的综述', '专著', '2022-01-25', '独著', '新能源', '["邓强晓东"]'::json, 314, TRUE, '2026-06-15T12:00:00+00:00', '2026-06-15T12:00:00+00:00');
INSERT INTO person_focus (person_id, focus_type, content, consistency_with_policy, potential_impact, created_at, updated_at) VALUES ('PERSON_S_a64776ed3a4a6bd3', 'tech', '["自动驾驶前沿方向"]'::json, '符合国家科技创新规划', '["推动产业升级", "形成自主知识产权"]'::json, '2026-06-15T12:00:00+00:00', '2026-06-15T12:00:00+00:00');
INSERT INTO entity_change_log (entity_id, entity_type, field, old_value, new_value, method, operator, source_doc_id, reason, changed_at) VALUES ('PERSON_S_a64776ed3a4a6bd3', 'person', '*', NULL, '{"action": "create"}'::json, 'rule', NULL, 'mock_seed', NULL, '2026-06-15T12:00:00+00:00');
INSERT INTO person_profile (person_id, name_cn, name_en, gender, avatar, nationality, summary, birth_date, age, birthplace, ethnicity, current_residence, current_org, current_enterprise, current_military_unit, current_position, highest_degree, person_category, professional_domains, professional_skills, social_media, personality_traits, hobbies, management_philosophy, remark, confidence, completeness, created_at, updated_at) VALUES ('PERSON_S_e1ef472dc0695f7f', '张海燕', 'Expert_Tzzvsp', '男', '[]'::json, '中国', '张海燕，研究，主要从事碳捕集、半导体研究，现任华航宇股份副院长。', '1973-03-04', 53, '哈尔滨', '汉族', '深圳', '华航宇股份', NULL, NULL, '["总工程师"]'::json, '博士', '其他', '["碳捕集", "半导体"]'::json, '["工程化", "数据分析", "算法设计", "实验验证"]'::json, '', '["坚韧", "创新"]'::json, '["旅行"]'::json, '["产学研结合", "以问题为导向"]'::json, '[]'::json, 0.773, 0.948, '2026-06-15T12:00:00+00:00', '2026-06-15T12:00:00+00:00');
INSERT INTO person_education (person_id, start_date, degree_date, degree, school, major, created_at, updated_at) VALUES ('PERSON_S_e1ef472dc0695f7f', '2009-03-05', '2016-09-24', '硕士', '上海交通大学', '大模型', '2026-06-15T12:00:00+00:00', '2026-06-15T12:00:00+00:00');
INSERT INTO person_career (person_id, start_date, end_date, org, enterprise, military_unit, position, created_at, updated_at) VALUES ('PERSON_S_e1ef472dc0695f7f', '2015-09-10', NULL, '华航宇股份', NULL, NULL, '副院长', '2026-06-15T12:00:00+00:00', '2026-06-15T12:00:00+00:00');
INSERT INTO person_award (person_id, description, created_at, updated_at) VALUES ('PERSON_S_e1ef472dc0695f7f', '2024年获学会优秀论文', '2026-06-15T12:00:00+00:00', '2026-06-15T12:00:00+00:00');
INSERT INTO person_academic_output (person_id, name, form, publish_date, rank, tech_domain, collaborators, citations, is_representative, created_at, updated_at) VALUES ('PERSON_S_e1ef472dc0695f7f', '关于碳捕集的综述', '论文', '2022-05-18', '第二作者', '碳捕集', '["孙勇刚"]'::json, 398, TRUE, '2026-06-15T12:00:00+00:00', '2026-06-15T12:00:00+00:00');
INSERT INTO person_academic_output (person_id, name, form, publish_date, rank, tech_domain, collaborators, citations, is_representative, created_at, updated_at) VALUES ('PERSON_S_e1ef472dc0695f7f', '关于半导体的方法', '专著', '2021-08-25', '第二作者', '半导体', '["高磊宇航"]'::json, 742, TRUE, '2026-06-15T12:00:00+00:00', '2026-06-15T12:00:00+00:00');
INSERT INTO person_focus (person_id, focus_type, content, consistency_with_policy, potential_impact, created_at, updated_at) VALUES ('PERSON_S_e1ef472dc0695f7f', 'tech', '["半导体前沿方向"]'::json, '符合国家科技创新规划', '["推动产业升级", "形成自主知识产权"]'::json, '2026-06-15T12:00:00+00:00', '2026-06-15T12:00:00+00:00');
INSERT INTO entity_change_log (entity_id, entity_type, field, old_value, new_value, method, operator, source_doc_id, reason, changed_at) VALUES ('PERSON_S_e1ef472dc0695f7f', 'person', '*', NULL, '{"action": "create"}'::json, 'rule', NULL, 'mock_seed', NULL, '2026-06-15T12:00:00+00:00');
INSERT INTO person_profile (person_id, name_cn, name_en, gender, avatar, nationality, summary, birth_date, age, birthplace, ethnicity, current_residence, current_org, current_enterprise, current_military_unit, current_position, highest_degree, person_category, professional_domains, professional_skills, social_media, personality_traits, hobbies, management_philosophy, remark, confidence, completeness, created_at, updated_at) VALUES ('PERSON_S_dea00973f9b30e17', '刘军', 'Expert_Dchbqz', '男', '[]'::json, '中国', '刘军，其他，主要从事量子计算、储能研究，现任华信息股份高级工程师。', '1962-08-08', 64, '哈尔滨', '汉族', '深圳', '华信息股份', NULL, NULL, '["副院长"]'::json, '硕士', '管理', '["量子计算", "储能", "人工智能", "深海装备"]'::json, '["工程化", "算法设计"]'::json, '', '["创新", "务实"]'::json, '["音乐"]'::json, '["产学研结合", "以问题为导向"]'::json, '[]'::json, 0.792, 0.59, '2026-06-15T12:00:00+00:00', '2026-06-15T12:00:00+00:00');
INSERT INTO person_education (person_id, start_date, degree_date, degree, school, major, created_at, updated_at) VALUES ('PERSON_S_dea00973f9b30e17', '1996-08-08', '2002-09-04', '博士', '北京大学', '人工智能', '2026-06-15T12:00:00+00:00', '2026-06-15T12:00:00+00:00');
INSERT INTO person_career (person_id, start_date, end_date, org, enterprise, military_unit, position, created_at, updated_at) VALUES ('PERSON_S_dea00973f9b30e17', '2007-11-01', NULL, '华信息股份', NULL, NULL, '副院长', '2026-06-15T12:00:00+00:00', '2026-06-15T12:00:00+00:00');
INSERT INTO person_award (person_id, description, created_at, updated_at) VALUES ('PERSON_S_dea00973f9b30e17', '2023年获学会优秀论文', '2026-06-15T12:00:00+00:00', '2026-06-15T12:00:00+00:00');
INSERT INTO person_academic_output (person_id, name, form, publish_date, rank, tech_domain, collaborators, citations, is_representative, created_at, updated_at) VALUES ('PERSON_S_dea00973f9b30e17', '关于深海装备的综述', '论文', '2019-08-14', '独著', '储能', '["郑雪松伟", "彭峰磊", "许建华"]'::json, 475, TRUE, '2026-06-15T12:00:00+00:00', '2026-06-15T12:00:00+00:00');
INSERT INTO person_academic_output (person_id, name, form, publish_date, rank, tech_domain, collaborators, citations, is_representative, created_at, updated_at) VALUES ('PERSON_S_dea00973f9b30e17', '关于人工智能的方法', '专著', '2021-02-14', '其他', '人工智能', '["马雪松", "刘晓东", "杨宇航"]'::json, 595, TRUE, '2026-06-15T12:00:00+00:00', '2026-06-15T12:00:00+00:00');
INSERT INTO person_focus (person_id, focus_type, content, consistency_with_policy, potential_impact, created_at, updated_at) VALUES ('PERSON_S_dea00973f9b30e17', 'tech', '["量子计算前沿方向"]'::json, '符合国家科技创新规划', '["推动产业升级", "形成自主知识产权"]'::json, '2026-06-15T12:00:00+00:00', '2026-06-15T12:00:00+00:00');
INSERT INTO entity_change_log (entity_id, entity_type, field, old_value, new_value, method, operator, source_doc_id, reason, changed_at) VALUES ('PERSON_S_dea00973f9b30e17', 'person', '*', NULL, '{"action": "create"}'::json, 'rule', NULL, 'mock_seed', NULL, '2026-06-15T12:00:00+00:00');
INSERT INTO person_profile (person_id, name_cn, name_en, gender, avatar, nationality, summary, birth_date, age, birthplace, ethnicity, current_residence, current_org, current_enterprise, current_military_unit, current_position, highest_degree, person_category, professional_domains, professional_skills, social_media, personality_traits, hobbies, management_philosophy, remark, confidence, completeness, created_at, updated_at) VALUES ('PERSON_S_c93133368b7ebce6', '许昊', 'Expert_Eaxdio', '男', '[]'::json, '中国', '许昊，其他，主要从事增材制造、人工智能研究，现任航天储能实验室研究员。', '1961-04-19', 65, '上海', '汉族', '杭州', '航天储能实验室', '航天储能实验室', NULL, '["主任"]'::json, '本科', '管理', '["增材制造", "人工智能", "半导体", "量子计算"]'::json, '["数据分析", "工程化", "算法设计"]'::json, '', '["坚韧", "务实"]'::json, '["旅行", "阅读"]'::json, '["产学研结合", "以问题为导向"]'::json, '[]'::json, 0.915, 0.81, '2026-06-15T12:00:00+00:00', '2026-06-15T12:00:00+00:00');
INSERT INTO person_education (person_id, start_date, degree_date, degree, school, major, created_at, updated_at) VALUES ('PERSON_S_c93133368b7ebce6', '2000-10-23', '2007-07-15', '博士', '上海交通大学', '增材制造', '2026-06-15T12:00:00+00:00', '2026-06-15T12:00:00+00:00');
INSERT INTO person_career (person_id, start_date, end_date, org, enterprise, military_unit, position, created_at, updated_at) VALUES ('PERSON_S_c93133368b7ebce6', '2014-04-01', NULL, '航天储能实验室', '航天储能实验室', NULL, '高级工程师', '2026-06-15T12:00:00+00:00', '2026-06-15T12:00:00+00:00');
INSERT INTO person_award (person_id, description, created_at, updated_at) VALUES ('PERSON_S_c93133368b7ebce6', '2018年获省部级奖励', '2026-06-15T12:00:00+00:00', '2026-06-15T12:00:00+00:00');
INSERT INTO person_academic_output (person_id, name, form, publish_date, rank, tech_domain, collaborators, citations, is_representative, created_at, updated_at) VALUES ('PERSON_S_c93133368b7ebce6', '关于增材制造的方法', '专利', '2019-11-01', '其他', '半导体', '["许宇航强", "张磊", "高洋"]'::json, 662, TRUE, '2026-06-15T12:00:00+00:00', '2026-06-15T12:00:00+00:00');
INSERT INTO person_academic_output (person_id, name, form, publish_date, rank, tech_domain, collaborators, citations, is_representative, created_at, updated_at) VALUES ('PERSON_S_c93133368b7ebce6', '关于增材制造的综述', '论文', '2018-03-18', '独著', '增材制造', '["黄军"]'::json, 766, TRUE, '2026-06-15T12:00:00+00:00', '2026-06-15T12:00:00+00:00');
INSERT INTO person_focus (person_id, focus_type, content, consistency_with_policy, potential_impact, created_at, updated_at) VALUES ('PERSON_S_c93133368b7ebce6', 'tech', '["增材制造前沿方向"]'::json, '符合国家科技创新规划', '["推动产业升级", "形成自主知识产权"]'::json, '2026-06-15T12:00:00+00:00', '2026-06-15T12:00:00+00:00');
INSERT INTO entity_change_log (entity_id, entity_type, field, old_value, new_value, method, operator, source_doc_id, reason, changed_at) VALUES ('PERSON_S_c93133368b7ebce6', 'person', '*', NULL, '{"action": "create"}'::json, 'rule', NULL, 'mock_seed', NULL, '2026-06-15T12:00:00+00:00');
INSERT INTO person_profile (person_id, name_cn, name_en, gender, avatar, nationality, summary, birth_date, age, birthplace, ethnicity, current_residence, current_org, current_enterprise, current_military_unit, current_position, highest_degree, person_category, professional_domains, professional_skills, social_media, personality_traits, hobbies, management_philosophy, remark, confidence, completeness, created_at, updated_at) VALUES ('PERSON_S_b9d31907b5a83425', '吴俊杰', 'Expert_Rclapd', '女', '[]'::json, '中国', '吴俊杰，研究，主要从事光电技术、新能源研究，现任南方量子科技高级工程师。', '1974-11-17', 52, '武汉', '汉族', '杭州', '南方量子科技', '南方量子科技', NULL, '["首席科学家"]'::json, '博士', '研究', '["光电技术", "新能源", "无人机", "集成电路"]'::json, '["系统架构", "实验验证", "工程化", "数据分析"]'::json, '', '["协作"]'::json, '["运动", "旅行"]'::json, '["产学研结合", "以问题为导向"]'::json, '[]'::json, 0.843, 0.88, '2026-06-15T12:00:00+00:00', '2026-06-15T12:00:00+00:00');
INSERT INTO person_education (person_id, start_date, degree_date, degree, school, major, created_at, updated_at) VALUES ('PERSON_S_b9d31907b5a83425', '2008-08-26', '2018-08-12', '博士', '哈尔滨工业大学', '集成电路', '2026-06-15T12:00:00+00:00', '2026-06-15T12:00:00+00:00');
INSERT INTO person_career (person_id, start_date, end_date, org, enterprise, military_unit, position, created_at, updated_at) VALUES ('PERSON_S_b9d31907b5a83425', '2011-12-05', NULL, '南方量子科技', '南方量子科技', NULL, '研究员', '2026-06-15T12:00:00+00:00', '2026-06-15T12:00:00+00:00');
INSERT INTO person_award (person_id, description, created_at, updated_at) VALUES ('PERSON_S_b9d31907b5a83425', '2016年获国家自然科学奖', '2026-06-15T12:00:00+00:00', '2026-06-15T12:00:00+00:00');
INSERT INTO person_academic_output (person_id, name, form, publish_date, rank, tech_domain, collaborators, citations, is_representative, created_at, updated_at) VALUES ('PERSON_S_b9d31907b5a83425', '关于无人机的研究', '论文', '2024-10-12', '第二作者', '光电技术', '["谢志强峰"]'::json, 165, TRUE, '2026-06-15T12:00:00+00:00', '2026-06-15T12:00:00+00:00');
INSERT INTO person_academic_output (person_id, name, form, publish_date, rank, tech_domain, collaborators, citations, is_representative, created_at, updated_at) VALUES ('PERSON_S_b9d31907b5a83425', '关于新能源的方法', '汇报文稿', '2024-11-13', '第三作者', '集成电路', '["罗瑞娟"]'::json, 687, TRUE, '2026-06-15T12:00:00+00:00', '2026-06-15T12:00:00+00:00');
INSERT INTO person_focus (person_id, focus_type, content, consistency_with_policy, potential_impact, created_at, updated_at) VALUES ('PERSON_S_b9d31907b5a83425', 'tech', '["集成电路前沿方向"]'::json, '符合国家科技创新规划', '["推动产业升级", "形成自主知识产权"]'::json, '2026-06-15T12:00:00+00:00', '2026-06-15T12:00:00+00:00');
INSERT INTO entity_change_log (entity_id, entity_type, field, old_value, new_value, method, operator, source_doc_id, reason, changed_at) VALUES ('PERSON_S_b9d31907b5a83425', 'person', '*', NULL, '{"action": "create"}'::json, 'rule', NULL, 'mock_seed', NULL, '2026-06-15T12:00:00+00:00');
INSERT INTO person_profile (person_id, name_cn, name_en, gender, avatar, nationality, summary, birth_date, age, birthplace, ethnicity, current_residence, current_org, current_enterprise, current_military_unit, current_position, highest_degree, person_category, professional_domains, professional_skills, social_media, personality_traits, hobbies, management_philosophy, remark, confidence, completeness, created_at, updated_at) VALUES ('PERSON_S_e1736fc34e8121a4', '徐晓东', 'Expert_Amvxgd', '女', '[]'::json, '中国', '徐晓东，研究，主要从事增材制造、卫星互联网研究，现任远生医工程技术中心高级工程师。', '1971-09-19', 55, '成都', '汉族', '杭州', '远生医工程技术中心', NULL, NULL, '["副教授"]'::json, '本科', '其他', '["增材制造", "卫星互联网"]'::json, '["算法设计", "项目管理", "系统架构", "实验验证"]'::json, '', '["协作", "坚韧", "严谨"]'::json, '["音乐", "旅行"]'::json, '["产学研结合", "以问题为导向"]'::json, '[]'::json, 0.876, 0.81, '2026-06-15T12:00:00+00:00', '2026-06-15T12:00:00+00:00');
INSERT INTO person_education (person_id, start_date, degree_date, degree, school, major, created_at, updated_at) VALUES ('PERSON_S_e1736fc34e8121a4', '2010-11-22', '1999-02-23', '硕士', '中国科学技术大学', '人工智能', '2026-06-15T12:00:00+00:00', '2026-06-15T12:00:00+00:00');
INSERT INTO person_career (person_id, start_date, end_date, org, enterprise, military_unit, position, created_at, updated_at) VALUES ('PERSON_S_e1736fc34e8121a4', '2020-10-04', NULL, '远生医工程技术中心', NULL, NULL, '副教授', '2026-06-15T12:00:00+00:00', '2026-06-15T12:00:00+00:00');
INSERT INTO person_award (person_id, description, created_at, updated_at) VALUES ('PERSON_S_e1736fc34e8121a4', '2015年获省部级奖励', '2026-06-15T12:00:00+00:00', '2026-06-15T12:00:00+00:00');
INSERT INTO person_academic_output (person_id, name, form, publish_date, rank, tech_domain, collaborators, citations, is_representative, created_at, updated_at) VALUES ('PERSON_S_e1736fc34e8121a4', '关于增材制造的研究', '汇报文稿', '2019-03-26', '独著', '增材制造', '["郑霞超"]'::json, 323, TRUE, '2026-06-15T12:00:00+00:00', '2026-06-15T12:00:00+00:00');
INSERT INTO person_academic_output (person_id, name, form, publish_date, rank, tech_domain, collaborators, citations, is_representative, created_at, updated_at) VALUES ('PERSON_S_e1736fc34e8121a4', '关于增材制造的方法', '专利', '2024-02-02', '独著', '增材制造', '["李瑞斌", "高文博晓东"]'::json, 55, TRUE, '2026-06-15T12:00:00+00:00', '2026-06-15T12:00:00+00:00');
INSERT INTO person_focus (person_id, focus_type, content, consistency_with_policy, potential_impact, created_at, updated_at) VALUES ('PERSON_S_e1736fc34e8121a4', 'tech', '["卫星互联网前沿方向"]'::json, '符合国家科技创新规划', '["推动产业升级", "形成自主知识产权"]'::json, '2026-06-15T12:00:00+00:00', '2026-06-15T12:00:00+00:00');
INSERT INTO entity_change_log (entity_id, entity_type, field, old_value, new_value, method, operator, source_doc_id, reason, changed_at) VALUES ('PERSON_S_e1736fc34e8121a4', 'person', '*', NULL, '{"action": "create"}'::json, 'rule', NULL, 'mock_seed', NULL, '2026-06-15T12:00:00+00:00');
INSERT INTO person_profile (person_id, name_cn, name_en, gender, avatar, nationality, summary, birth_date, age, birthplace, ethnicity, current_residence, current_org, current_enterprise, current_military_unit, current_position, highest_degree, person_category, professional_domains, professional_skills, social_media, personality_traits, hobbies, management_philosophy, remark, confidence, completeness, created_at, updated_at) VALUES ('PERSON_S_fb72a1b998f627a0', '何艳涛', 'Expert_Kcsoat', '男', '[]'::json, '中国', '何艳涛，管理，主要从事新材料、氢能研究，现任新光电集团主任。', '1987-08-14', 39, '西安', '汉族', '北京', '新光电集团', '新光电集团', NULL, '["副院长"]'::json, '本科', '研究', '["新材料", "氢能"]'::json, '["系统架构", "算法设计"]'::json, '', '["协作", "创新"]'::json, '["音乐", "运动"]'::json, '["产学研结合", "以问题为导向"]'::json, '[]'::json, 0.891, 0.945, '2026-06-15T12:00:00+00:00', '2026-06-15T12:00:00+00:00');
INSERT INTO person_education (person_id, start_date, degree_date, degree, school, major, created_at, updated_at) VALUES ('PERSON_S_fb72a1b998f627a0', '2000-03-12', '2000-05-14', '硕士', '上海交通大学', '集成电路', '2026-06-15T12:00:00+00:00', '2026-06-15T12:00:00+00:00');
INSERT INTO person_career (person_id, start_date, end_date, org, enterprise, military_unit, position, created_at, updated_at) VALUES ('PERSON_S_fb72a1b998f627a0', '2019-12-14', NULL, '新光电集团', '新光电集团', NULL, '副院长', '2026-06-15T12:00:00+00:00', '2026-06-15T12:00:00+00:00');
INSERT INTO person_award (person_id, description, created_at, updated_at) VALUES ('PERSON_S_fb72a1b998f627a0', '2024年获学会优秀论文', '2026-06-15T12:00:00+00:00', '2026-06-15T12:00:00+00:00');
INSERT INTO person_academic_output (person_id, name, form, publish_date, rank, tech_domain, collaborators, citations, is_representative, created_at, updated_at) VALUES ('PERSON_S_fb72a1b998f627a0', '关于新材料的综述', '专著', '2024-08-02', '第二作者', '新材料', '["谢斌"]'::json, 140, TRUE, '2026-06-15T12:00:00+00:00', '2026-06-15T12:00:00+00:00');
INSERT INTO person_academic_output (person_id, name, form, publish_date, rank, tech_domain, collaborators, citations, is_representative, created_at, updated_at) VALUES ('PERSON_S_fb72a1b998f627a0', '关于新材料的方法', '汇报文稿', '2020-02-21', '第一作者', '氢能', '["徐洋超", "张霞", "朱伟杰"]'::json, 535, TRUE, '2026-06-15T12:00:00+00:00', '2026-06-15T12:00:00+00:00');
INSERT INTO person_academic_output (person_id, name, form, publish_date, rank, tech_domain, collaborators, citations, is_representative, created_at, updated_at) VALUES ('PERSON_S_fb72a1b998f627a0', '关于氢能的综述', '专利', '2020-07-05', '第二作者', '新材料', '["曹雪松"]'::json, 431, TRUE, '2026-06-15T12:00:00+00:00', '2026-06-15T12:00:00+00:00');
INSERT INTO person_focus (person_id, focus_type, content, consistency_with_policy, potential_impact, created_at, updated_at) VALUES ('PERSON_S_fb72a1b998f627a0', 'tech', '["新材料前沿方向"]'::json, '符合国家科技创新规划', '["推动产业升级", "形成自主知识产权"]'::json, '2026-06-15T12:00:00+00:00', '2026-06-15T12:00:00+00:00');
INSERT INTO entity_change_log (entity_id, entity_type, field, old_value, new_value, method, operator, source_doc_id, reason, changed_at) VALUES ('PERSON_S_fb72a1b998f627a0', 'person', '*', NULL, '{"action": "create"}'::json, 'rule', NULL, 'mock_seed', NULL, '2026-06-15T12:00:00+00:00');
INSERT INTO person_profile (person_id, name_cn, name_en, gender, avatar, nationality, summary, birth_date, age, birthplace, ethnicity, current_residence, current_org, current_enterprise, current_military_unit, current_position, highest_degree, person_category, professional_domains, professional_skills, social_media, personality_traits, hobbies, management_philosophy, remark, confidence, completeness, created_at, updated_at) VALUES ('PERSON_S_2c0795fdf66e2390', '马宇航建华', 'Expert_Akbuok', '男', '[]'::json, '中国', '马宇航建华，研究，主要从事机器人、半导体研究，现任东方芯创股份教授。', '1981-10-12', 45, '哈尔滨', '汉族', '北京', '东方芯创股份', NULL, NULL, '["研究员"]'::json, '硕士', '研究', '["机器人", "半导体", "生物医药", "量子计算"]'::json, '["项目管理", "系统架构", "数据分析", "工程化"]'::json, '', '["协作"]'::json, '["阅读"]'::json, '["产学研结合", "以问题为导向"]'::json, '[]'::json, 0.915, 0.633, '2026-06-15T12:00:00+00:00', '2026-06-15T12:00:00+00:00');
INSERT INTO person_education (person_id, start_date, degree_date, degree, school, major, created_at, updated_at) VALUES ('PERSON_S_2c0795fdf66e2390', '2000-06-01', '2000-09-02', '硕士', '北京大学', '半导体', '2026-06-15T12:00:00+00:00', '2026-06-15T12:00:00+00:00');
INSERT INTO person_career (person_id, start_date, end_date, org, enterprise, military_unit, position, created_at, updated_at) VALUES ('PERSON_S_2c0795fdf66e2390', '2011-12-14', NULL, '东方芯创股份', NULL, NULL, '研究员', '2026-06-15T12:00:00+00:00', '2026-06-15T12:00:00+00:00');
INSERT INTO person_award (person_id, description, created_at, updated_at) VALUES ('PERSON_S_2c0795fdf66e2390', '2018年获学会优秀论文', '2026-06-15T12:00:00+00:00', '2026-06-15T12:00:00+00:00');
INSERT INTO person_academic_output (person_id, name, form, publish_date, rank, tech_domain, collaborators, citations, is_representative, created_at, updated_at) VALUES ('PERSON_S_2c0795fdf66e2390', '关于半导体的综述', '论文', '2023-06-26', '第二作者', '半导体', '["孙志强刚", "周勇斌", "黄宁"]'::json, 759, TRUE, '2026-06-15T12:00:00+00:00', '2026-06-15T12:00:00+00:00');
INSERT INTO person_academic_output (person_id, name, form, publish_date, rank, tech_domain, collaborators, citations, is_representative, created_at, updated_at) VALUES ('PERSON_S_2c0795fdf66e2390', '关于机器人的综述', '汇报文稿', '2022-02-18', '第三作者', '量子计算', '["宋杰海燕", "林宁磊", "杨艳文博"]'::json, 521, TRUE, '2026-06-15T12:00:00+00:00', '2026-06-15T12:00:00+00:00');
INSERT INTO person_focus (person_id, focus_type, content, consistency_with_policy, potential_impact, created_at, updated_at) VALUES ('PERSON_S_2c0795fdf66e2390', 'tech', '["机器人前沿方向"]'::json, '符合国家科技创新规划', '["推动产业升级", "形成自主知识产权"]'::json, '2026-06-15T12:00:00+00:00', '2026-06-15T12:00:00+00:00');
INSERT INTO entity_change_log (entity_id, entity_type, field, old_value, new_value, method, operator, source_doc_id, reason, changed_at) VALUES ('PERSON_S_2c0795fdf66e2390', 'person', '*', NULL, '{"action": "create"}'::json, 'rule', NULL, 'mock_seed', NULL, '2026-06-15T12:00:00+00:00');
INSERT INTO person_profile (person_id, name_cn, name_en, gender, avatar, nationality, summary, birth_date, age, birthplace, ethnicity, current_residence, current_org, current_enterprise, current_military_unit, current_position, highest_degree, person_category, professional_domains, professional_skills, social_media, personality_traits, hobbies, management_philosophy, remark, confidence, completeness, created_at, updated_at) VALUES ('PERSON_S_1ce152f809784cb1', '张桂英', 'Expert_Lrydwt', '女', '[]'::json, '中国', '张桂英，研究，主要从事生物医药、深海装备研究，现任东方芯创集团高级工程师。', '1971-03-24', 55, '武汉', '汉族', '杭州', '东方芯创集团', NULL, NULL, '["首席科学家"]'::json, '本科', '管理', '["生物医药", "深海装备", "人工智能"]'::json, '["系统架构", "实验验证"]'::json, '', '["务实", "坚韧", "创新"]'::json, '["运动", "阅读"]'::json, '["产学研结合", "以问题为导向"]'::json, '[]'::json, 0.821, 0.869, '2026-06-15T12:00:00+00:00', '2026-06-15T12:00:00+00:00');
INSERT INTO person_education (person_id, start_date, degree_date, degree, school, major, created_at, updated_at) VALUES ('PERSON_S_1ce152f809784cb1', '2008-09-25', '2004-07-17', '博士', '中国科学技术大学', '人工智能', '2026-06-15T12:00:00+00:00', '2026-06-15T12:00:00+00:00');
INSERT INTO person_career (person_id, start_date, end_date, org, enterprise, military_unit, position, created_at, updated_at) VALUES ('PERSON_S_1ce152f809784cb1', '2008-10-21', NULL, '东方芯创集团', NULL, NULL, '教授', '2026-06-15T12:00:00+00:00', '2026-06-15T12:00:00+00:00');
INSERT INTO person_award (person_id, description, created_at, updated_at) VALUES ('PERSON_S_1ce152f809784cb1', '2017年获学会优秀论文', '2026-06-15T12:00:00+00:00', '2026-06-15T12:00:00+00:00');
INSERT INTO person_academic_output (person_id, name, form, publish_date, rank, tech_domain, collaborators, citations, is_representative, created_at, updated_at) VALUES ('PERSON_S_1ce152f809784cb1', '关于人工智能的综述', '专利', '2023-02-13', '第二作者', '人工智能', '["许海燕平", "周平瑞", "邓霞伟"]'::json, 132, TRUE, '2026-06-15T12:00:00+00:00', '2026-06-15T12:00:00+00:00');
INSERT INTO person_academic_output (person_id, name, form, publish_date, rank, tech_domain, collaborators, citations, is_representative, created_at, updated_at) VALUES ('PERSON_S_1ce152f809784cb1', '关于生物医药的研究', '论文', '2024-08-01', '独著', '生物医药', '["谢强伟"]'::json, 359, TRUE, '2026-06-15T12:00:00+00:00', '2026-06-15T12:00:00+00:00');
INSERT INTO person_academic_output (person_id, name, form, publish_date, rank, tech_domain, collaborators, citations, is_representative, created_at, updated_at) VALUES ('PERSON_S_1ce152f809784cb1', '关于生物医药的方法', '汇报文稿', '2024-11-21', '第一作者', '人工智能', '["赵宁", "杨伟瑞", "彭俊杰超"]'::json, 151, TRUE, '2026-06-15T12:00:00+00:00', '2026-06-15T12:00:00+00:00');
INSERT INTO person_academic_output (person_id, name, form, publish_date, rank, tech_domain, collaborators, citations, is_representative, created_at, updated_at) VALUES ('PERSON_S_1ce152f809784cb1', '关于人工智能的综述', '汇报文稿', '2021-10-25', '第一作者', '深海装备', '["朱建华", "冯强"]'::json, 468, TRUE, '2026-06-15T12:00:00+00:00', '2026-06-15T12:00:00+00:00');
INSERT INTO person_focus (person_id, focus_type, content, consistency_with_policy, potential_impact, created_at, updated_at) VALUES ('PERSON_S_1ce152f809784cb1', 'tech', '["人工智能前沿方向"]'::json, '符合国家科技创新规划', '["推动产业升级", "形成自主知识产权"]'::json, '2026-06-15T12:00:00+00:00', '2026-06-15T12:00:00+00:00');
INSERT INTO entity_change_log (entity_id, entity_type, field, old_value, new_value, method, operator, source_doc_id, reason, changed_at) VALUES ('PERSON_S_1ce152f809784cb1', 'person', '*', NULL, '{"action": "create"}'::json, 'rule', NULL, 'mock_seed', NULL, '2026-06-15T12:00:00+00:00');
INSERT INTO person_profile (person_id, name_cn, name_en, gender, avatar, nationality, summary, birth_date, age, birthplace, ethnicity, current_residence, current_org, current_enterprise, current_military_unit, current_position, highest_degree, person_category, professional_domains, professional_skills, social_media, personality_traits, hobbies, management_philosophy, remark, confidence, completeness, created_at, updated_at) VALUES ('PERSON_S_ddef1dc41bfd9efb', '冯平', 'Expert_Adrese', '男', '[]'::json, '中国', '冯平，管理，主要从事增材制造研究，现任国航宇高科主任。', '1978-03-27', 48, '上海', '汉族', '深圳', '国航宇高科', NULL, NULL, '["高级工程师"]'::json, '硕士', '其他', '["增材制造"]'::json, '["项目管理", "系统架构", "工程化"]'::json, '', '["创新"]'::json, '["旅行"]'::json, '["产学研结合", "以问题为导向"]'::json, '[]'::json, 0.947, 0.77, '2026-06-15T12:00:00+00:00', '2026-06-15T12:00:00+00:00');
INSERT INTO person_education (person_id, start_date, degree_date, degree, school, major, created_at, updated_at) VALUES ('PERSON_S_ddef1dc41bfd9efb', '2010-11-15', '2007-08-05', '本科', '中国科学技术大学', '半导体', '2026-06-15T12:00:00+00:00', '2026-06-15T12:00:00+00:00');
INSERT INTO person_career (person_id, start_date, end_date, org, enterprise, military_unit, position, created_at, updated_at) VALUES ('PERSON_S_ddef1dc41bfd9efb', '2015-12-22', NULL, '国航宇高科', NULL, NULL, '主任', '2026-06-15T12:00:00+00:00', '2026-06-15T12:00:00+00:00');
INSERT INTO person_award (person_id, description, created_at, updated_at) VALUES ('PERSON_S_ddef1dc41bfd9efb', '2023年获省部级奖励', '2026-06-15T12:00:00+00:00', '2026-06-15T12:00:00+00:00');
INSERT INTO person_academic_output (person_id, name, form, publish_date, rank, tech_domain, collaborators, citations, is_representative, created_at, updated_at) VALUES ('PERSON_S_ddef1dc41bfd9efb', '关于增材制造的综述', '论文', '2021-02-12', '独著', '增材制造', '["周洋"]'::json, 344, TRUE, '2026-06-15T12:00:00+00:00', '2026-06-15T12:00:00+00:00');
INSERT INTO person_academic_output (person_id, name, form, publish_date, rank, tech_domain, collaborators, citations, is_representative, created_at, updated_at) VALUES ('PERSON_S_ddef1dc41bfd9efb', '关于增材制造的研究', '汇报文稿', '2020-02-23', '其他', '增材制造', '["罗磊娟", "唐雪松", "吴军"]'::json, 323, TRUE, '2026-06-15T12:00:00+00:00', '2026-06-15T12:00:00+00:00');
INSERT INTO person_focus (person_id, focus_type, content, consistency_with_policy, potential_impact, created_at, updated_at) VALUES ('PERSON_S_ddef1dc41bfd9efb', 'tech', '["增材制造前沿方向"]'::json, '符合国家科技创新规划', '["推动产业升级", "形成自主知识产权"]'::json, '2026-06-15T12:00:00+00:00', '2026-06-15T12:00:00+00:00');
INSERT INTO entity_change_log (entity_id, entity_type, field, old_value, new_value, method, operator, source_doc_id, reason, changed_at) VALUES ('PERSON_S_ddef1dc41bfd9efb', 'person', '*', NULL, '{"action": "create"}'::json, 'rule', NULL, 'mock_seed', NULL, '2026-06-15T12:00:00+00:00');

-- ── 分析层 ──
INSERT INTO frontier_tech (scan_task_id, tech_id, tech_name, tech_domain, period_from, period_to, burst_score, patent_score, citation_score, invest_score, policy_score, fusion_score, llm_validated, llm_verdict, llm_evidence, trl_level, status, created_at, updated_at) VALUES ('scan_mock_000', 'TECH_S_361e7830d479ddfe', '小型化神经形态芯片解决方案', '["脑机接口", "基因编辑"]'::json, '2025-07-01', '2026-06-01', 0.952, 0.585, 0.679, 0.776, 0.584, 0.715, TRUE, '否', '多源信号交叉验证', 5, 'validated', '2026-06-15T12:00:00+00:00', '2026-06-15T12:00:00+00:00');
INSERT INTO frontier_tech (scan_task_id, tech_id, tech_name, tech_domain, period_from, period_to, burst_score, patent_score, citation_score, invest_score, policy_score, fusion_score, llm_validated, llm_verdict, llm_evidence, trl_level, status, created_at, updated_at) VALUES ('scan_mock_001', 'TECH_S_7cf799614cb3bc77', '低功耗卫星星座组网解决方案', '["卫星互联网", "光电技术"]'::json, '2025-07-01', '2026-06-01', 0.677, 0.903, 0.706, 0.44, 0.277, 0.601, TRUE, '待定', '多源信号交叉验证', 8, 'validated', '2026-06-15T12:00:00+00:00', '2026-06-15T12:00:00+00:00');
INSERT INTO frontier_tech (scan_task_id, tech_id, tech_name, tech_domain, period_from, period_to, burst_score, patent_score, citation_score, invest_score, policy_score, fusion_score, llm_validated, llm_verdict, llm_evidence, trl_level, status, created_at, updated_at) VALUES ('scan_mock_002', 'TECH_S_759a79f3e3482bb1', '小型化光量子计算系统', '["生物医药", "卫星互联网"]'::json, '2025-07-01', '2026-06-01', 0.62, 0.562, 0.864, 0.225, 0.299, 0.514, TRUE, '否', '多源信号交叉验证', 5, 'validated', '2026-06-15T12:00:00+00:00', '2026-06-15T12:00:00+00:00');
INSERT INTO frontier_tech (scan_task_id, tech_id, tech_name, tech_domain, period_from, period_to, burst_score, patent_score, citation_score, invest_score, policy_score, fusion_score, llm_validated, llm_verdict, llm_evidence, trl_level, status, created_at, updated_at) VALUES ('scan_mock_003', 'TECH_S_8dbbb2a421f5c483', '高性能深海潜水器装置', '["基因编辑", "半导体"]'::json, '2025-07-01', '2026-06-01', 0.434, 0.536, 0.518, 0.752, 0.639, 0.576, TRUE, '否', '多源信号交叉验证', 3, 'validated', '2026-06-15T12:00:00+00:00', '2026-06-15T12:00:00+00:00');
INSERT INTO frontier_tech (scan_task_id, tech_id, tech_name, tech_domain, period_from, period_to, burst_score, patent_score, citation_score, invest_score, policy_score, fusion_score, llm_validated, llm_verdict, llm_evidence, trl_level, status, created_at, updated_at) VALUES ('scan_mock_004', 'TECH_S_5afa2c0988bacd41', '分布式mRNA疫苗技术', '["量子计算", "6G通信"]'::json, '2025-07-01', '2026-06-01', 0.596, 0.369, 0.835, 0.277, 0.327, 0.481, TRUE, '否', '多源信号交叉验证', 6, 'validated', '2026-06-15T12:00:00+00:00', '2026-06-15T12:00:00+00:00');
INSERT INTO frontier_tech (scan_task_id, tech_id, tech_name, tech_domain, period_from, period_to, burst_score, patent_score, citation_score, invest_score, policy_score, fusion_score, llm_validated, llm_verdict, llm_evidence, trl_level, status, created_at, updated_at) VALUES ('scan_mock_005', 'TECH_S_af00ad46e20a7854', '小型化可重复使用火箭工艺', '["氢能", "先进算力"]'::json, '2025-07-01', '2026-06-01', 0.577, 0.715, 0.797, 0.79, 0.25, 0.626, TRUE, '待定', '多源信号交叉验证', 4, 'validated', '2026-06-15T12:00:00+00:00', '2026-06-15T12:00:00+00:00');
INSERT INTO frontier_tech (scan_task_id, tech_id, tech_name, tech_domain, period_from, period_to, burst_score, patent_score, citation_score, invest_score, policy_score, fusion_score, llm_validated, llm_verdict, llm_evidence, trl_level, status, created_at, updated_at) VALUES ('scan_mock_006', 'TECH_S_d2ce025c9a739ba4', '一体化深海潜水器技术', '["网络安全", "脑机接口"]'::json, '2025-07-01', '2026-06-01', 0.647, 0.529, 0.701, 0.251, 0.773, 0.58, TRUE, '待定', '多源信号交叉验证', 6, 'validated', '2026-06-15T12:00:00+00:00', '2026-06-15T12:00:00+00:00');
INSERT INTO frontier_tech (scan_task_id, tech_id, tech_name, tech_domain, period_from, period_to, burst_score, patent_score, citation_score, invest_score, policy_score, fusion_score, llm_validated, llm_verdict, llm_evidence, trl_level, status, created_at, updated_at) VALUES ('scan_mock_007', 'TECH_S_64b200a76f7d89fa', '柔性类脑计算架构方法', '["卫星互联网", "人工智能"]'::json, '2025-07-01', '2026-06-01', 0.598, 0.605, 0.312, 0.5, 0.417, 0.486, TRUE, '是', '多源信号交叉验证', 2, 'validated', '2026-06-15T12:00:00+00:00', '2026-06-15T12:00:00+00:00');
INSERT INTO frontier_tech (scan_task_id, tech_id, tech_name, tech_domain, period_from, period_to, burst_score, patent_score, citation_score, invest_score, policy_score, fusion_score, llm_validated, llm_verdict, llm_evidence, trl_level, status, created_at, updated_at) VALUES ('scan_mock_008', 'TECH_S_1b18d1697597de90', '自主可控基因剪刀平台', '["生物医药", "脑机接口"]'::json, '2025-07-01', '2026-06-01', 0.575, 0.328, 0.805, 0.828, 0.3, 0.567, TRUE, '否', '多源信号交叉验证', 7, 'validated', '2026-06-15T12:00:00+00:00', '2026-06-15T12:00:00+00:00');
INSERT INTO frontier_tech (scan_task_id, tech_id, tech_name, tech_domain, period_from, period_to, burst_score, patent_score, citation_score, invest_score, policy_score, fusion_score, llm_validated, llm_verdict, llm_evidence, trl_level, status, created_at, updated_at) VALUES ('scan_mock_009', 'TECH_S_6c55a9f18162caed', '自主可控神经形态芯片平台', '["量子计算", "集成电路"]'::json, '2025-07-01', '2026-06-01', 0.638, 0.806, 0.561, 0.644, 0.748, 0.679, TRUE, '是', '多源信号交叉验证', 8, 'validated', '2026-06-15T12:00:00+00:00', '2026-06-15T12:00:00+00:00');
INSERT INTO frontier_tech (scan_task_id, tech_id, tech_name, tech_domain, period_from, period_to, burst_score, patent_score, citation_score, invest_score, policy_score, fusion_score, llm_validated, llm_verdict, llm_evidence, trl_level, status, created_at, updated_at) VALUES ('scan_mock_010', 'TECH_S_cf946190dfda7a52', '新型神经形态芯片方法', '["新能源", "新材料"]'::json, '2025-07-01', '2026-06-01', 0.954, 0.7, 0.777, 0.262, 0.54, 0.647, FALSE, NULL, NULL, 3, 'pending', '2026-06-15T12:00:00+00:00', '2026-06-15T12:00:00+00:00');
INSERT INTO frontier_tech (scan_task_id, tech_id, tech_name, tech_domain, period_from, period_to, burst_score, patent_score, citation_score, invest_score, policy_score, fusion_score, llm_validated, llm_verdict, llm_evidence, trl_level, status, created_at, updated_at) VALUES ('scan_mock_011', 'TECH_S_e28db2e1e4bfe4ed', '低功耗卫星星座组网解决方案', '["卫星互联网", "碳捕集"]'::json, '2025-07-01', '2026-06-01', 0.434, 0.666, 0.773, 0.672, 0.236, 0.556, FALSE, NULL, NULL, 8, 'pending', '2026-06-15T12:00:00+00:00', '2026-06-15T12:00:00+00:00');
INSERT INTO frontier_tech (scan_task_id, tech_id, tech_name, tech_domain, period_from, period_to, burst_score, patent_score, citation_score, invest_score, policy_score, fusion_score, llm_validated, llm_verdict, llm_evidence, trl_level, status, created_at, updated_at) VALUES ('scan_mock_012', 'TECH_S_c279e5822f1cd859', '新型基因剪刀技术', '["自动驾驶", "增材制造"]'::json, '2025-07-01', '2026-06-01', 0.624, 0.396, 0.559, 0.283, 0.304, 0.433, FALSE, NULL, NULL, 8, 'pending', '2026-06-15T12:00:00+00:00', '2026-06-15T12:00:00+00:00');
INSERT INTO frontier_tech (scan_task_id, tech_id, tech_name, tech_domain, period_from, period_to, burst_score, patent_score, citation_score, invest_score, policy_score, fusion_score, llm_validated, llm_verdict, llm_evidence, trl_level, status, created_at, updated_at) VALUES ('scan_mock_013', 'TECH_S_73c5fa00a882dca1', '智能化钙钛矿太阳能电池工艺', '["氢能", "网络安全"]'::json, '2025-07-01', '2026-06-01', 0.805, 0.727, 0.768, 0.38, 0.594, 0.655, FALSE, NULL, NULL, 4, 'pending', '2026-06-15T12:00:00+00:00', '2026-06-15T12:00:00+00:00');
INSERT INTO frontier_tech (scan_task_id, tech_id, tech_name, tech_domain, period_from, period_to, burst_score, patent_score, citation_score, invest_score, policy_score, fusion_score, llm_validated, llm_verdict, llm_evidence, trl_level, status, created_at, updated_at) VALUES ('scan_mock_014', 'TECH_S_80150288a0f90459', '低功耗仿生机械臂解决方案', '["集成电路", "半导体"]'::json, '2025-07-01', '2026-06-01', 0.756, 0.315, 0.761, 0.722, 0.315, 0.574, FALSE, NULL, NULL, 8, 'pending', '2026-06-15T12:00:00+00:00', '2026-06-15T12:00:00+00:00');
INSERT INTO frontier_tech (scan_task_id, tech_id, tech_name, tech_domain, period_from, period_to, burst_score, patent_score, citation_score, invest_score, policy_score, fusion_score, llm_validated, llm_verdict, llm_evidence, trl_level, status, created_at, updated_at) VALUES ('scan_mock_015', 'TECH_S_81f139ea86a3a66c', '柔性神经网络芯片工艺', '["机器人", "增材制造"]'::json, '2025-07-01', '2026-06-01', 0.914, 0.778, 0.865, 0.238, 0.28, 0.615, FALSE, NULL, NULL, 7, 'pending', '2026-06-15T12:00:00+00:00', '2026-06-15T12:00:00+00:00');
INSERT INTO frontier_tech (scan_task_id, tech_id, tech_name, tech_domain, period_from, period_to, burst_score, patent_score, citation_score, invest_score, policy_score, fusion_score, llm_validated, llm_verdict, llm_evidence, trl_level, status, created_at, updated_at) VALUES ('scan_mock_016', 'TECH_S_203226c893211919', '高可靠钙钛矿太阳能电池平台', '["生物医药", "集成电路"]'::json, '2025-07-01', '2026-06-01', 0.815, 0.633, 0.58, 0.225, 0.534, 0.557, FALSE, NULL, NULL, 2, 'pending', '2026-06-15T12:00:00+00:00', '2026-06-15T12:00:00+00:00');
INSERT INTO frontier_tech (scan_task_id, tech_id, tech_name, tech_domain, period_from, period_to, burst_score, patent_score, citation_score, invest_score, policy_score, fusion_score, llm_validated, llm_verdict, llm_evidence, trl_level, status, created_at, updated_at) VALUES ('scan_mock_017', 'TECH_S_27660c84a9461f09', '柔性光量子计算方法', '["新能源", "无人机"]'::json, '2025-07-01', '2026-06-01', 0.897, 0.351, 0.582, 0.487, 0.407, 0.545, FALSE, NULL, NULL, 7, 'pending', '2026-06-15T12:00:00+00:00', '2026-06-15T12:00:00+00:00');
INSERT INTO scan_alert (frontier_tech_id, tech_name, alert_type, severity, message, fired_at, is_read, created_at, updated_at) VALUES (1, '小型化神经形态芯片解决方案', 'trl_upgrade', 'critical', '小型化神经形态芯片解决方案 关键词突现，关注度显著上升', '2026-06-15T12:00:00+00:00', FALSE, '2026-06-15T12:00:00+00:00', '2026-06-15T12:00:00+00:00');
INSERT INTO scan_alert (frontier_tech_id, tech_name, alert_type, severity, message, fired_at, is_read, created_at, updated_at) VALUES (2, '低功耗卫星星座组网解决方案', 'trl_upgrade', 'info', '低功耗卫星星座组网解决方案 TRL 等级提升', '2026-06-15T12:00:00+00:00', TRUE, '2026-06-15T12:00:00+00:00', '2026-06-15T12:00:00+00:00');
INSERT INTO scan_alert (frontier_tech_id, tech_name, alert_type, severity, message, fired_at, is_read, created_at, updated_at) VALUES (5, '分布式mRNA疫苗技术', 'trl_upgrade', 'critical', '关键机构在 分布式mRNA疫苗技术 领域布局变化', '2026-06-15T12:00:00+00:00', FALSE, '2026-06-15T12:00:00+00:00', '2026-06-15T12:00:00+00:00');
INSERT INTO scan_alert (frontier_tech_id, tech_name, alert_type, severity, message, fired_at, is_read, created_at, updated_at) VALUES (6, '小型化可重复使用火箭工艺', 'burst', 'info', '关键机构在 小型化可重复使用火箭工艺 领域布局变化', '2026-06-15T12:00:00+00:00', TRUE, '2026-06-15T12:00:00+00:00', '2026-06-15T12:00:00+00:00');
INSERT INTO scan_alert (frontier_tech_id, tech_name, alert_type, severity, message, fired_at, is_read, created_at, updated_at) VALUES (7, '一体化深海潜水器技术', 'org_layout', 'critical', '一体化深海潜水器技术 TRL 等级提升', '2026-06-15T12:00:00+00:00', FALSE, '2026-06-15T12:00:00+00:00', '2026-06-15T12:00:00+00:00');
INSERT INTO scan_alert (frontier_tech_id, tech_name, alert_type, severity, message, fired_at, is_read, created_at, updated_at) VALUES (8, '柔性类脑计算架构方法', 'burst', 'critical', '关键机构在 柔性类脑计算架构方法 领域布局变化', '2026-06-15T12:00:00+00:00', TRUE, '2026-06-15T12:00:00+00:00', '2026-06-15T12:00:00+00:00');
INSERT INTO scan_alert (frontier_tech_id, tech_name, alert_type, severity, message, fired_at, is_read, created_at, updated_at) VALUES (13, '新型基因剪刀技术', 'burst', 'warn', '新型基因剪刀技术 TRL 等级提升', '2026-06-15T12:00:00+00:00', FALSE, '2026-06-15T12:00:00+00:00', '2026-06-15T12:00:00+00:00');
INSERT INTO scan_alert (frontier_tech_id, tech_name, alert_type, severity, message, fired_at, is_read, created_at, updated_at) VALUES (14, '智能化钙钛矿太阳能电池工艺', 'burst', 'info', '关键机构在 智能化钙钛矿太阳能电池工艺 领域布局变化', '2026-06-15T12:00:00+00:00', TRUE, '2026-06-15T12:00:00+00:00', '2026-06-15T12:00:00+00:00');
INSERT INTO scan_alert (frontier_tech_id, tech_name, alert_type, severity, message, fired_at, is_read, created_at, updated_at) VALUES (16, '柔性神经网络芯片工艺', 'burst', 'warn', '柔性神经网络芯片工艺 关键词突现，关注度显著上升', '2026-06-15T12:00:00+00:00', TRUE, '2026-06-15T12:00:00+00:00', '2026-06-15T12:00:00+00:00');
INSERT INTO scan_alert (frontier_tech_id, tech_name, alert_type, severity, message, fired_at, is_read, created_at, updated_at) VALUES (18, '柔性光量子计算方法', 'trl_upgrade', 'warn', '关键机构在 柔性光量子计算方法 领域布局变化', '2026-06-15T12:00:00+00:00', TRUE, '2026-06-15T12:00:00+00:00', '2026-06-15T12:00:00+00:00');
INSERT INTO weak_signal (signal_id, keywords, related_tech_ids, related_org_ids, related_person_ids, evidence_doc_ids, strength, novelty, coherence, diversity, velocity, period_from, period_to, domain, status, created_at, updated_at) VALUES ('SIG_000_5457', '["半导体", "5G通信"]'::json, '["TECH_S_ca0dcc446943018c"]'::json, '["ORG_S_fe8339d4c652933e"]'::json, '["PERSON_S_2b5abd6d40f0ca77"]'::json, '[]'::json, 0.571, 0.445, 0.4, 0.328, 0.899, '2025-07-01', '2026-06-01', '增材制造', 'active', '2026-06-15T12:00:00+00:00', '2026-06-15T12:00:00+00:00');
INSERT INTO weak_signal (signal_id, keywords, related_tech_ids, related_org_ids, related_person_ids, evidence_doc_ids, strength, novelty, coherence, diversity, velocity, period_from, period_to, domain, status, created_at, updated_at) VALUES ('SIG_001_1821', '["碳捕集"]'::json, '["TECH_S_930db163ed00ffba"]'::json, '["ORG_S_b84e18188fa69738"]'::json, '["PERSON_S_d1e885a9a8caab3b"]'::json, '[]'::json, 0.33, 0.795, 0.836, 0.282, 0.823, '2025-07-01', '2026-06-01', '6G通信', 'active', '2026-06-15T12:00:00+00:00', '2026-06-15T12:00:00+00:00');
INSERT INTO weak_signal (signal_id, keywords, related_tech_ids, related_org_ids, related_person_ids, evidence_doc_ids, strength, novelty, coherence, diversity, velocity, period_from, period_to, domain, status, created_at, updated_at) VALUES ('SIG_002_8254', '["氢能", "卫星互联网"]'::json, '["TECH_S_69e64e9a796be216"]'::json, '["ORG_S_27108497f8c0374e"]'::json, '["PERSON_S_d1e885a9a8caab3b"]'::json, '[]'::json, 0.315, 0.49, 0.766, 0.718, 0.564, '2025-07-01', '2026-06-01', '人工智能', 'active', '2026-06-15T12:00:00+00:00', '2026-06-15T12:00:00+00:00');
INSERT INTO weak_signal (signal_id, keywords, related_tech_ids, related_org_ids, related_person_ids, evidence_doc_ids, strength, novelty, coherence, diversity, velocity, period_from, period_to, domain, status, created_at, updated_at) VALUES ('SIG_003_6379', '["卫星互联网"]'::json, '["TECH_S_874432f1dd768051"]'::json, '["ORG_S_e03ddc3c3d58d7ee"]'::json, '["PERSON_S_c6b44b74c69732e3"]'::json, '[]'::json, 0.623, 0.93, 0.739, 0.554, 0.466, '2025-07-01', '2026-06-01', '人工智能', 'active', '2026-06-15T12:00:00+00:00', '2026-06-15T12:00:00+00:00');
INSERT INTO weak_signal (signal_id, keywords, related_tech_ids, related_org_ids, related_person_ids, evidence_doc_ids, strength, novelty, coherence, diversity, velocity, period_from, period_to, domain, status, created_at, updated_at) VALUES ('SIG_004_8445', '["氢能", "人工智能", "基因编辑"]'::json, '["TECH_S_171448c6564747f4"]'::json, '["ORG_S_7190ae68641cd0a3"]'::json, '["PERSON_S_61f67ea5aa867bb5"]'::json, '[]'::json, 0.907, 0.753, 0.419, 0.486, 0.846, '2025-07-01', '2026-06-01', '卫星互联网', 'active', '2026-06-15T12:00:00+00:00', '2026-06-15T12:00:00+00:00');
INSERT INTO weak_signal (signal_id, keywords, related_tech_ids, related_org_ids, related_person_ids, evidence_doc_ids, strength, novelty, coherence, diversity, velocity, period_from, period_to, domain, status, created_at, updated_at) VALUES ('SIG_005_8279', '["新能源", "网络安全", "新能源"]'::json, '["TECH_S_ca785cee72cb2da8"]'::json, '["ORG_S_bca96c96a8275a6b"]'::json, '["PERSON_S_db451865bbbb8e73"]'::json, '[]'::json, 0.541, 0.724, 0.47, 0.347, 0.632, '2025-07-01', '2026-06-01', '航空航天', 'active', '2026-06-15T12:00:00+00:00', '2026-06-15T12:00:00+00:00');
INSERT INTO weak_signal (signal_id, keywords, related_tech_ids, related_org_ids, related_person_ids, evidence_doc_ids, strength, novelty, coherence, diversity, velocity, period_from, period_to, domain, status, created_at, updated_at) VALUES ('SIG_006_5915', '["大模型"]'::json, '["TECH_S_bf7d0a5f5fcde4d6"]'::json, '["ORG_S_056807f17096be92"]'::json, '["PERSON_S_e1ef472dc0695f7f"]'::json, '[]'::json, 0.911, 0.645, 0.456, 0.598, 0.633, '2025-07-01', '2026-06-01', '航空航天', 'active', '2026-06-15T12:00:00+00:00', '2026-06-15T12:00:00+00:00');
INSERT INTO weak_signal (signal_id, keywords, related_tech_ids, related_org_ids, related_person_ids, evidence_doc_ids, strength, novelty, coherence, diversity, velocity, period_from, period_to, domain, status, created_at, updated_at) VALUES ('SIG_007_5232', '["集成电路", "大模型", "半导体"]'::json, '["TECH_S_9c406b77f9c53242"]'::json, '["ORG_S_40f3b980fa84ef5d"]'::json, '["PERSON_S_f04c24b9b214d373"]'::json, '[]'::json, 0.664, 0.786, 0.54, 0.255, 0.839, '2025-07-01', '2026-06-01', '人工智能', 'active', '2026-06-15T12:00:00+00:00', '2026-06-15T12:00:00+00:00');
INSERT INTO weak_signal (signal_id, keywords, related_tech_ids, related_org_ids, related_person_ids, evidence_doc_ids, strength, novelty, coherence, diversity, velocity, period_from, period_to, domain, status, created_at, updated_at) VALUES ('SIG_008_6597', '["基因编辑"]'::json, '["TECH_S_c9ccf00a91d95f23"]'::json, '["ORG_S_ebc59ee308723f17"]'::json, '["PERSON_S_69b13105f67192dd"]'::json, '[]'::json, 0.325, 0.332, 0.836, 0.847, 0.218, '2025-07-01', '2026-06-01', '无人机', 'active', '2026-06-15T12:00:00+00:00', '2026-06-15T12:00:00+00:00');
INSERT INTO weak_signal (signal_id, keywords, related_tech_ids, related_org_ids, related_person_ids, evidence_doc_ids, strength, novelty, coherence, diversity, velocity, period_from, period_to, domain, status, created_at, updated_at) VALUES ('SIG_009_2034', '["先进算力", "光电技术"]'::json, '["TECH_S_345706bdb825f65c"]'::json, '["ORG_S_549dd301a45e9253"]'::json, '["PERSON_S_a64776ed3a4a6bd3"]'::json, '[]'::json, 0.305, 0.307, 0.323, 0.82, 0.616, '2025-07-01', '2026-06-01', '先进算力', 'active', '2026-06-15T12:00:00+00:00', '2026-06-15T12:00:00+00:00');
INSERT INTO weak_signal (signal_id, keywords, related_tech_ids, related_org_ids, related_person_ids, evidence_doc_ids, strength, novelty, coherence, diversity, velocity, period_from, period_to, domain, status, created_at, updated_at) VALUES ('SIG_010_5857', '["集成电路", "集成电路", "新能源"]'::json, '["TECH_S_1b18d1697597de90"]'::json, '["ORG_S_ad91c7a1de019adc"]'::json, '["PERSON_S_4880cbec3514c586"]'::json, '[]'::json, 0.526, 0.635, 0.865, 0.331, 0.413, '2025-07-01', '2026-06-01', '新能源', 'active', '2026-06-15T12:00:00+00:00', '2026-06-15T12:00:00+00:00');
INSERT INTO weak_signal (signal_id, keywords, related_tech_ids, related_org_ids, related_person_ids, evidence_doc_ids, strength, novelty, coherence, diversity, velocity, period_from, period_to, domain, status, created_at, updated_at) VALUES ('SIG_011_7726', '["脑机接口", "光电技术"]'::json, '["TECH_S_6c55a9f18162caed"]'::json, '["ORG_S_514632ea8a83ef4c"]'::json, '["PERSON_S_c45b061577c3719e"]'::json, '[]'::json, 0.675, 0.783, 0.852, 0.439, 0.6, '2025-07-01', '2026-06-01', '生物医药', 'active', '2026-06-15T12:00:00+00:00', '2026-06-15T12:00:00+00:00');
INSERT INTO weak_signal (signal_id, keywords, related_tech_ids, related_org_ids, related_person_ids, evidence_doc_ids, strength, novelty, coherence, diversity, velocity, period_from, period_to, domain, status, created_at, updated_at) VALUES ('SIG_012_4332', '["6G通信", "卫星互联网"]'::json, '["TECH_S_fb44f70467a73ad0"]'::json, '["ORG_S_bc676cd72445777a"]'::json, '["PERSON_S_cf10db1f06102a25"]'::json, '[]'::json, 0.664, 0.65, 0.726, 0.835, 0.47, '2025-07-01', '2026-06-01', '集成电路', 'active', '2026-06-15T12:00:00+00:00', '2026-06-15T12:00:00+00:00');
INSERT INTO weak_signal (signal_id, keywords, related_tech_ids, related_org_ids, related_person_ids, evidence_doc_ids, strength, novelty, coherence, diversity, velocity, period_from, period_to, domain, status, created_at, updated_at) VALUES ('SIG_013_4028', '["机器人", "航空航天", "卫星互联网"]'::json, '["TECH_S_3f52c08cd35e1a69"]'::json, '["ORG_S_056807f17096be92"]'::json, '["PERSON_S_e1c662e4c817a7ae"]'::json, '[]'::json, 0.802, 0.562, 0.652, 0.269, 0.891, '2025-07-01', '2026-06-01', '量子计算', 'active', '2026-06-15T12:00:00+00:00', '2026-06-15T12:00:00+00:00');
INSERT INTO weak_signal (signal_id, keywords, related_tech_ids, related_org_ids, related_person_ids, evidence_doc_ids, strength, novelty, coherence, diversity, velocity, period_from, period_to, domain, status, created_at, updated_at) VALUES ('SIG_014_5016', '["碳捕集"]'::json, '["TECH_S_d8758a57d561723f"]'::json, '["ORG_S_d2248a4a90990e20"]'::json, '["PERSON_S_097680e657d5bb84"]'::json, '[]'::json, 0.816, 0.448, 0.86, 0.463, 0.877, '2025-07-01', '2026-06-01', '半导体', 'active', '2026-06-15T12:00:00+00:00', '2026-06-15T12:00:00+00:00');
INSERT INTO weak_signal (signal_id, keywords, related_tech_ids, related_org_ids, related_person_ids, evidence_doc_ids, strength, novelty, coherence, diversity, velocity, period_from, period_to, domain, status, created_at, updated_at) VALUES ('SIG_015_1244', '["基因编辑"]'::json, '["TECH_S_c3f32833a422d060"]'::json, '["ORG_S_4f735ca8e0c1da19"]'::json, '["PERSON_S_b42bce35edaf8906"]'::json, '[]'::json, 0.761, 0.516, 0.514, 0.831, 0.6, '2025-07-01', '2026-06-01', '自动驾驶', 'active', '2026-06-15T12:00:00+00:00', '2026-06-15T12:00:00+00:00');
INSERT INTO weak_signal (signal_id, keywords, related_tech_ids, related_org_ids, related_person_ids, evidence_doc_ids, strength, novelty, coherence, diversity, velocity, period_from, period_to, domain, status, created_at, updated_at) VALUES ('SIG_016_8738', '["量子计算", "网络安全"]'::json, '["TECH_S_2945a1a32667a4e7"]'::json, '["ORG_S_3dc0323c3ca2a37d"]'::json, '["PERSON_S_94d8ee78833600aa"]'::json, '[]'::json, 0.531, 0.774, 0.677, 0.418, 0.707, '2025-07-01', '2026-06-01', '无人机', 'active', '2026-06-15T12:00:00+00:00', '2026-06-15T12:00:00+00:00');
INSERT INTO weak_signal (signal_id, keywords, related_tech_ids, related_org_ids, related_person_ids, evidence_doc_ids, strength, novelty, coherence, diversity, velocity, period_from, period_to, domain, status, created_at, updated_at) VALUES ('SIG_017_5085', '["自动驾驶", "基因编辑", "机器人"]'::json, '["TECH_S_7e41caa81c137d82"]'::json, '["ORG_S_849d7fbd4296823b"]'::json, '["PERSON_S_63d422172c62d2b7"]'::json, '[]'::json, 0.579, 0.91, 0.796, 0.485, 0.722, '2025-07-01', '2026-06-01', '5G通信', 'active', '2026-06-15T12:00:00+00:00', '2026-06-15T12:00:00+00:00');
INSERT INTO signal_network_edge (signal_id, source_id, source_type, target_id, target_type, edge_type, weight, created_at, updated_at) VALUES ('SIG_000_5457', 'TECH_S_ca0dcc446943018c', 'tech', 'ORG_S_fe8339d4c652933e', 'org', 'co_occurrence', 0.773, '2026-06-15T12:00:00+00:00', '2026-06-15T12:00:00+00:00');
INSERT INTO signal_network_edge (signal_id, source_id, source_type, target_id, target_type, edge_type, weight, created_at, updated_at) VALUES ('SIG_000_5457', 'ORG_S_fe8339d4c652933e', 'org', 'PERSON_S_2b5abd6d40f0ca77', 'person', 'funding', 0.345, '2026-06-15T12:00:00+00:00', '2026-06-15T12:00:00+00:00');
INSERT INTO signal_network_edge (signal_id, source_id, source_type, target_id, target_type, edge_type, weight, created_at, updated_at) VALUES ('SIG_000_5457', 'TECH_S_ca0dcc446943018c', 'tech', 'PERSON_S_2b5abd6d40f0ca77', 'person', 'citation', 0.496, '2026-06-15T12:00:00+00:00', '2026-06-15T12:00:00+00:00');
INSERT INTO signal_network_edge (signal_id, source_id, source_type, target_id, target_type, edge_type, weight, created_at, updated_at) VALUES ('SIG_001_1821', 'TECH_S_930db163ed00ffba', 'tech', 'ORG_S_b84e18188fa69738', 'org', 'co_occurrence', 0.472, '2026-06-15T12:00:00+00:00', '2026-06-15T12:00:00+00:00');
INSERT INTO signal_network_edge (signal_id, source_id, source_type, target_id, target_type, edge_type, weight, created_at, updated_at) VALUES ('SIG_001_1821', 'ORG_S_b84e18188fa69738', 'org', 'PERSON_S_d1e885a9a8caab3b', 'person', 'funding', 0.934, '2026-06-15T12:00:00+00:00', '2026-06-15T12:00:00+00:00');
INSERT INTO signal_network_edge (signal_id, source_id, source_type, target_id, target_type, edge_type, weight, created_at, updated_at) VALUES ('SIG_001_1821', 'TECH_S_930db163ed00ffba', 'tech', 'PERSON_S_d1e885a9a8caab3b', 'person', 'citation', 0.571, '2026-06-15T12:00:00+00:00', '2026-06-15T12:00:00+00:00');
INSERT INTO signal_network_edge (signal_id, source_id, source_type, target_id, target_type, edge_type, weight, created_at, updated_at) VALUES ('SIG_002_8254', 'TECH_S_69e64e9a796be216', 'tech', 'ORG_S_27108497f8c0374e', 'org', 'co_occurrence', 0.701, '2026-06-15T12:00:00+00:00', '2026-06-15T12:00:00+00:00');
INSERT INTO signal_network_edge (signal_id, source_id, source_type, target_id, target_type, edge_type, weight, created_at, updated_at) VALUES ('SIG_002_8254', 'ORG_S_27108497f8c0374e', 'org', 'PERSON_S_d1e885a9a8caab3b', 'person', 'funding', 0.556, '2026-06-15T12:00:00+00:00', '2026-06-15T12:00:00+00:00');
INSERT INTO signal_network_edge (signal_id, source_id, source_type, target_id, target_type, edge_type, weight, created_at, updated_at) VALUES ('SIG_002_8254', 'TECH_S_69e64e9a796be216', 'tech', 'PERSON_S_d1e885a9a8caab3b', 'person', 'citation', 0.567, '2026-06-15T12:00:00+00:00', '2026-06-15T12:00:00+00:00');
INSERT INTO signal_network_edge (signal_id, source_id, source_type, target_id, target_type, edge_type, weight, created_at, updated_at) VALUES ('SIG_003_6379', 'TECH_S_874432f1dd768051', 'tech', 'ORG_S_e03ddc3c3d58d7ee', 'org', 'co_occurrence', 0.676, '2026-06-15T12:00:00+00:00', '2026-06-15T12:00:00+00:00');
INSERT INTO signal_network_edge (signal_id, source_id, source_type, target_id, target_type, edge_type, weight, created_at, updated_at) VALUES ('SIG_003_6379', 'ORG_S_e03ddc3c3d58d7ee', 'org', 'PERSON_S_c6b44b74c69732e3', 'person', 'funding', 0.751, '2026-06-15T12:00:00+00:00', '2026-06-15T12:00:00+00:00');
INSERT INTO signal_network_edge (signal_id, source_id, source_type, target_id, target_type, edge_type, weight, created_at, updated_at) VALUES ('SIG_003_6379', 'TECH_S_874432f1dd768051', 'tech', 'PERSON_S_c6b44b74c69732e3', 'person', 'citation', 0.719, '2026-06-15T12:00:00+00:00', '2026-06-15T12:00:00+00:00');
INSERT INTO signal_network_edge (signal_id, source_id, source_type, target_id, target_type, edge_type, weight, created_at, updated_at) VALUES ('SIG_004_8445', 'TECH_S_171448c6564747f4', 'tech', 'ORG_S_7190ae68641cd0a3', 'org', 'co_occurrence', 0.767, '2026-06-15T12:00:00+00:00', '2026-06-15T12:00:00+00:00');
INSERT INTO signal_network_edge (signal_id, source_id, source_type, target_id, target_type, edge_type, weight, created_at, updated_at) VALUES ('SIG_004_8445', 'ORG_S_7190ae68641cd0a3', 'org', 'PERSON_S_61f67ea5aa867bb5', 'person', 'funding', 0.93, '2026-06-15T12:00:00+00:00', '2026-06-15T12:00:00+00:00');
INSERT INTO signal_network_edge (signal_id, source_id, source_type, target_id, target_type, edge_type, weight, created_at, updated_at) VALUES ('SIG_004_8445', 'TECH_S_171448c6564747f4', 'tech', 'PERSON_S_61f67ea5aa867bb5', 'person', 'citation', 0.342, '2026-06-15T12:00:00+00:00', '2026-06-15T12:00:00+00:00');
INSERT INTO signal_network_edge (signal_id, source_id, source_type, target_id, target_type, edge_type, weight, created_at, updated_at) VALUES ('SIG_005_8279', 'TECH_S_ca785cee72cb2da8', 'tech', 'ORG_S_bca96c96a8275a6b', 'org', 'co_occurrence', 0.42, '2026-06-15T12:00:00+00:00', '2026-06-15T12:00:00+00:00');
INSERT INTO signal_network_edge (signal_id, source_id, source_type, target_id, target_type, edge_type, weight, created_at, updated_at) VALUES ('SIG_005_8279', 'ORG_S_bca96c96a8275a6b', 'org', 'PERSON_S_db451865bbbb8e73', 'person', 'funding', 0.804, '2026-06-15T12:00:00+00:00', '2026-06-15T12:00:00+00:00');
INSERT INTO signal_network_edge (signal_id, source_id, source_type, target_id, target_type, edge_type, weight, created_at, updated_at) VALUES ('SIG_005_8279', 'TECH_S_ca785cee72cb2da8', 'tech', 'PERSON_S_db451865bbbb8e73', 'person', 'citation', 0.874, '2026-06-15T12:00:00+00:00', '2026-06-15T12:00:00+00:00');
INSERT INTO signal_network_edge (signal_id, source_id, source_type, target_id, target_type, edge_type, weight, created_at, updated_at) VALUES ('SIG_006_5915', 'TECH_S_bf7d0a5f5fcde4d6', 'tech', 'ORG_S_056807f17096be92', 'org', 'co_occurrence', 0.631, '2026-06-15T12:00:00+00:00', '2026-06-15T12:00:00+00:00');
INSERT INTO signal_network_edge (signal_id, source_id, source_type, target_id, target_type, edge_type, weight, created_at, updated_at) VALUES ('SIG_006_5915', 'ORG_S_056807f17096be92', 'org', 'PERSON_S_e1ef472dc0695f7f', 'person', 'funding', 0.452, '2026-06-15T12:00:00+00:00', '2026-06-15T12:00:00+00:00');
INSERT INTO signal_network_edge (signal_id, source_id, source_type, target_id, target_type, edge_type, weight, created_at, updated_at) VALUES ('SIG_006_5915', 'TECH_S_bf7d0a5f5fcde4d6', 'tech', 'PERSON_S_e1ef472dc0695f7f', 'person', 'citation', 0.597, '2026-06-15T12:00:00+00:00', '2026-06-15T12:00:00+00:00');
INSERT INTO signal_network_edge (signal_id, source_id, source_type, target_id, target_type, edge_type, weight, created_at, updated_at) VALUES ('SIG_007_5232', 'TECH_S_9c406b77f9c53242', 'tech', 'ORG_S_40f3b980fa84ef5d', 'org', 'co_occurrence', 0.305, '2026-06-15T12:00:00+00:00', '2026-06-15T12:00:00+00:00');
INSERT INTO signal_network_edge (signal_id, source_id, source_type, target_id, target_type, edge_type, weight, created_at, updated_at) VALUES ('SIG_007_5232', 'ORG_S_40f3b980fa84ef5d', 'org', 'PERSON_S_f04c24b9b214d373', 'person', 'funding', 0.791, '2026-06-15T12:00:00+00:00', '2026-06-15T12:00:00+00:00');
INSERT INTO signal_network_edge (signal_id, source_id, source_type, target_id, target_type, edge_type, weight, created_at, updated_at) VALUES ('SIG_007_5232', 'TECH_S_9c406b77f9c53242', 'tech', 'PERSON_S_f04c24b9b214d373', 'person', 'citation', 0.748, '2026-06-15T12:00:00+00:00', '2026-06-15T12:00:00+00:00');
INSERT INTO signal_network_edge (signal_id, source_id, source_type, target_id, target_type, edge_type, weight, created_at, updated_at) VALUES ('SIG_008_6597', 'TECH_S_c9ccf00a91d95f23', 'tech', 'ORG_S_ebc59ee308723f17', 'org', 'co_occurrence', 0.825, '2026-06-15T12:00:00+00:00', '2026-06-15T12:00:00+00:00');
INSERT INTO signal_network_edge (signal_id, source_id, source_type, target_id, target_type, edge_type, weight, created_at, updated_at) VALUES ('SIG_008_6597', 'ORG_S_ebc59ee308723f17', 'org', 'PERSON_S_69b13105f67192dd', 'person', 'funding', 0.523, '2026-06-15T12:00:00+00:00', '2026-06-15T12:00:00+00:00');
INSERT INTO signal_network_edge (signal_id, source_id, source_type, target_id, target_type, edge_type, weight, created_at, updated_at) VALUES ('SIG_008_6597', 'TECH_S_c9ccf00a91d95f23', 'tech', 'PERSON_S_69b13105f67192dd', 'person', 'citation', 0.756, '2026-06-15T12:00:00+00:00', '2026-06-15T12:00:00+00:00');
INSERT INTO signal_network_edge (signal_id, source_id, source_type, target_id, target_type, edge_type, weight, created_at, updated_at) VALUES ('SIG_009_2034', 'TECH_S_345706bdb825f65c', 'tech', 'ORG_S_549dd301a45e9253', 'org', 'co_occurrence', 0.326, '2026-06-15T12:00:00+00:00', '2026-06-15T12:00:00+00:00');
INSERT INTO signal_network_edge (signal_id, source_id, source_type, target_id, target_type, edge_type, weight, created_at, updated_at) VALUES ('SIG_009_2034', 'ORG_S_549dd301a45e9253', 'org', 'PERSON_S_a64776ed3a4a6bd3', 'person', 'funding', 0.759, '2026-06-15T12:00:00+00:00', '2026-06-15T12:00:00+00:00');
INSERT INTO signal_network_edge (signal_id, source_id, source_type, target_id, target_type, edge_type, weight, created_at, updated_at) VALUES ('SIG_009_2034', 'TECH_S_345706bdb825f65c', 'tech', 'PERSON_S_a64776ed3a4a6bd3', 'person', 'citation', 0.389, '2026-06-15T12:00:00+00:00', '2026-06-15T12:00:00+00:00');
INSERT INTO signal_network_edge (signal_id, source_id, source_type, target_id, target_type, edge_type, weight, created_at, updated_at) VALUES ('SIG_010_5857', 'TECH_S_1b18d1697597de90', 'tech', 'ORG_S_ad91c7a1de019adc', 'org', 'co_occurrence', 0.788, '2026-06-15T12:00:00+00:00', '2026-06-15T12:00:00+00:00');
INSERT INTO signal_network_edge (signal_id, source_id, source_type, target_id, target_type, edge_type, weight, created_at, updated_at) VALUES ('SIG_010_5857', 'ORG_S_ad91c7a1de019adc', 'org', 'PERSON_S_4880cbec3514c586', 'person', 'funding', 0.834, '2026-06-15T12:00:00+00:00', '2026-06-15T12:00:00+00:00');
INSERT INTO signal_network_edge (signal_id, source_id, source_type, target_id, target_type, edge_type, weight, created_at, updated_at) VALUES ('SIG_010_5857', 'TECH_S_1b18d1697597de90', 'tech', 'PERSON_S_4880cbec3514c586', 'person', 'citation', 0.535, '2026-06-15T12:00:00+00:00', '2026-06-15T12:00:00+00:00');
INSERT INTO signal_network_edge (signal_id, source_id, source_type, target_id, target_type, edge_type, weight, created_at, updated_at) VALUES ('SIG_011_7726', 'TECH_S_6c55a9f18162caed', 'tech', 'ORG_S_514632ea8a83ef4c', 'org', 'co_occurrence', 0.771, '2026-06-15T12:00:00+00:00', '2026-06-15T12:00:00+00:00');
INSERT INTO signal_network_edge (signal_id, source_id, source_type, target_id, target_type, edge_type, weight, created_at, updated_at) VALUES ('SIG_011_7726', 'ORG_S_514632ea8a83ef4c', 'org', 'PERSON_S_c45b061577c3719e', 'person', 'funding', 0.401, '2026-06-15T12:00:00+00:00', '2026-06-15T12:00:00+00:00');
INSERT INTO signal_network_edge (signal_id, source_id, source_type, target_id, target_type, edge_type, weight, created_at, updated_at) VALUES ('SIG_011_7726', 'TECH_S_6c55a9f18162caed', 'tech', 'PERSON_S_c45b061577c3719e', 'person', 'citation', 0.893, '2026-06-15T12:00:00+00:00', '2026-06-15T12:00:00+00:00');
INSERT INTO signal_network_edge (signal_id, source_id, source_type, target_id, target_type, edge_type, weight, created_at, updated_at) VALUES ('SIG_012_4332', 'TECH_S_fb44f70467a73ad0', 'tech', 'ORG_S_bc676cd72445777a', 'org', 'co_occurrence', 0.653, '2026-06-15T12:00:00+00:00', '2026-06-15T12:00:00+00:00');
INSERT INTO signal_network_edge (signal_id, source_id, source_type, target_id, target_type, edge_type, weight, created_at, updated_at) VALUES ('SIG_012_4332', 'ORG_S_bc676cd72445777a', 'org', 'PERSON_S_cf10db1f06102a25', 'person', 'funding', 0.818, '2026-06-15T12:00:00+00:00', '2026-06-15T12:00:00+00:00');
INSERT INTO signal_network_edge (signal_id, source_id, source_type, target_id, target_type, edge_type, weight, created_at, updated_at) VALUES ('SIG_012_4332', 'TECH_S_fb44f70467a73ad0', 'tech', 'PERSON_S_cf10db1f06102a25', 'person', 'citation', 0.428, '2026-06-15T12:00:00+00:00', '2026-06-15T12:00:00+00:00');
INSERT INTO signal_network_edge (signal_id, source_id, source_type, target_id, target_type, edge_type, weight, created_at, updated_at) VALUES ('SIG_013_4028', 'TECH_S_3f52c08cd35e1a69', 'tech', 'ORG_S_056807f17096be92', 'org', 'co_occurrence', 0.8, '2026-06-15T12:00:00+00:00', '2026-06-15T12:00:00+00:00');
INSERT INTO signal_network_edge (signal_id, source_id, source_type, target_id, target_type, edge_type, weight, created_at, updated_at) VALUES ('SIG_013_4028', 'ORG_S_056807f17096be92', 'org', 'PERSON_S_e1c662e4c817a7ae', 'person', 'funding', 0.431, '2026-06-15T12:00:00+00:00', '2026-06-15T12:00:00+00:00');
INSERT INTO signal_network_edge (signal_id, source_id, source_type, target_id, target_type, edge_type, weight, created_at, updated_at) VALUES ('SIG_013_4028', 'TECH_S_3f52c08cd35e1a69', 'tech', 'PERSON_S_e1c662e4c817a7ae', 'person', 'citation', 0.505, '2026-06-15T12:00:00+00:00', '2026-06-15T12:00:00+00:00');
INSERT INTO signal_network_edge (signal_id, source_id, source_type, target_id, target_type, edge_type, weight, created_at, updated_at) VALUES ('SIG_014_5016', 'TECH_S_d8758a57d561723f', 'tech', 'ORG_S_d2248a4a90990e20', 'org', 'co_occurrence', 0.489, '2026-06-15T12:00:00+00:00', '2026-06-15T12:00:00+00:00');
INSERT INTO signal_network_edge (signal_id, source_id, source_type, target_id, target_type, edge_type, weight, created_at, updated_at) VALUES ('SIG_014_5016', 'ORG_S_d2248a4a90990e20', 'org', 'PERSON_S_097680e657d5bb84', 'person', 'funding', 0.749, '2026-06-15T12:00:00+00:00', '2026-06-15T12:00:00+00:00');
INSERT INTO signal_network_edge (signal_id, source_id, source_type, target_id, target_type, edge_type, weight, created_at, updated_at) VALUES ('SIG_014_5016', 'TECH_S_d8758a57d561723f', 'tech', 'PERSON_S_097680e657d5bb84', 'person', 'citation', 0.914, '2026-06-15T12:00:00+00:00', '2026-06-15T12:00:00+00:00');
INSERT INTO signal_network_edge (signal_id, source_id, source_type, target_id, target_type, edge_type, weight, created_at, updated_at) VALUES ('SIG_015_1244', 'TECH_S_c3f32833a422d060', 'tech', 'ORG_S_4f735ca8e0c1da19', 'org', 'co_occurrence', 0.717, '2026-06-15T12:00:00+00:00', '2026-06-15T12:00:00+00:00');
INSERT INTO signal_network_edge (signal_id, source_id, source_type, target_id, target_type, edge_type, weight, created_at, updated_at) VALUES ('SIG_015_1244', 'ORG_S_4f735ca8e0c1da19', 'org', 'PERSON_S_b42bce35edaf8906', 'person', 'funding', 0.321, '2026-06-15T12:00:00+00:00', '2026-06-15T12:00:00+00:00');
INSERT INTO signal_network_edge (signal_id, source_id, source_type, target_id, target_type, edge_type, weight, created_at, updated_at) VALUES ('SIG_015_1244', 'TECH_S_c3f32833a422d060', 'tech', 'PERSON_S_b42bce35edaf8906', 'person', 'citation', 0.929, '2026-06-15T12:00:00+00:00', '2026-06-15T12:00:00+00:00');
INSERT INTO signal_network_edge (signal_id, source_id, source_type, target_id, target_type, edge_type, weight, created_at, updated_at) VALUES ('SIG_016_8738', 'TECH_S_2945a1a32667a4e7', 'tech', 'ORG_S_3dc0323c3ca2a37d', 'org', 'co_occurrence', 0.575, '2026-06-15T12:00:00+00:00', '2026-06-15T12:00:00+00:00');
INSERT INTO signal_network_edge (signal_id, source_id, source_type, target_id, target_type, edge_type, weight, created_at, updated_at) VALUES ('SIG_016_8738', 'ORG_S_3dc0323c3ca2a37d', 'org', 'PERSON_S_94d8ee78833600aa', 'person', 'funding', 0.627, '2026-06-15T12:00:00+00:00', '2026-06-15T12:00:00+00:00');
INSERT INTO signal_network_edge (signal_id, source_id, source_type, target_id, target_type, edge_type, weight, created_at, updated_at) VALUES ('SIG_016_8738', 'TECH_S_2945a1a32667a4e7', 'tech', 'PERSON_S_94d8ee78833600aa', 'person', 'citation', 0.684, '2026-06-15T12:00:00+00:00', '2026-06-15T12:00:00+00:00');
INSERT INTO signal_network_edge (signal_id, source_id, source_type, target_id, target_type, edge_type, weight, created_at, updated_at) VALUES ('SIG_017_5085', 'TECH_S_7e41caa81c137d82', 'tech', 'ORG_S_849d7fbd4296823b', 'org', 'co_occurrence', 0.902, '2026-06-15T12:00:00+00:00', '2026-06-15T12:00:00+00:00');
INSERT INTO signal_network_edge (signal_id, source_id, source_type, target_id, target_type, edge_type, weight, created_at, updated_at) VALUES ('SIG_017_5085', 'ORG_S_849d7fbd4296823b', 'org', 'PERSON_S_63d422172c62d2b7', 'person', 'funding', 0.516, '2026-06-15T12:00:00+00:00', '2026-06-15T12:00:00+00:00');
INSERT INTO signal_network_edge (signal_id, source_id, source_type, target_id, target_type, edge_type, weight, created_at, updated_at) VALUES ('SIG_017_5085', 'TECH_S_7e41caa81c137d82', 'tech', 'PERSON_S_63d422172c62d2b7', 'person', 'citation', 0.808, '2026-06-15T12:00:00+00:00', '2026-06-15T12:00:00+00:00');
INSERT INTO topic_candidate (topic_id, title, summary, period, related_tech_ids, related_org_ids, related_project_ids, related_policy_refs, score_hot, score_policy, score_impact, score_dedup, score_llm_gen, review_novelty, review_importance, review_feasibility, review_expression, review_evidence, final_score, status, created_at, updated_at) VALUES ('TOPIC_000_7703', '人工智能前沿进展选题', '围绕人工智能领域近期突现信号与机构布局变化，建议开展情报选题研究。', '2026Q1', '["TECH_S_941f6f0c24c1a6c2"]'::json, '["ORG_S_ad91c7a1de019adc"]'::json, '["PROJECT_S_f69aaf0af24c40ba"]'::json, '[]'::json, 0.71, 0.412, 0.423, 0.785, 0.51, 0.781, 0.51, 0.456, 0.753, NULL, 0.834, 'revised', '2026-06-15T12:00:00+00:00', '2026-06-15T12:00:00+00:00');
INSERT INTO topic_candidate (topic_id, title, summary, period, related_tech_ids, related_org_ids, related_project_ids, related_policy_refs, score_hot, score_policy, score_impact, score_dedup, score_llm_gen, review_novelty, review_importance, review_feasibility, review_expression, review_evidence, final_score, status, created_at, updated_at) VALUES ('TOPIC_001_3110', '增材制造产业动态选题', '围绕增材制造领域近期突现信号与机构布局变化，建议开展情报选题研究。', '2026Q3', '["TECH_S_941f6f0c24c1a6c2"]'::json, '["ORG_S_ad91c7a1de019adc"]'::json, '["PROJECT_S_50099f4bb37841e7"]'::json, '[]'::json, 0.651, 0.579, 0.615, 0.544, 0.33, 0.803, 0.546, 0.897, 0.881, NULL, 0.939, 'accepted', '2026-06-15T12:00:00+00:00', '2026-06-15T12:00:00+00:00');
INSERT INTO topic_candidate (topic_id, title, summary, period, related_tech_ids, related_org_ids, related_project_ids, related_policy_refs, score_hot, score_policy, score_impact, score_dedup, score_llm_gen, review_novelty, review_importance, review_feasibility, review_expression, review_evidence, final_score, status, created_at, updated_at) VALUES ('TOPIC_002_8216', '脑机接口发展趋势选题', '围绕脑机接口领域近期突现信号与机构布局变化，建议开展情报选题研究。', '2026Q3', '["TECH_S_d2ce025c9a739ba4"]'::json, '["ORG_S_4f735ca8e0c1da19"]'::json, '["PROJECT_S_9781c1bd2db069c1"]'::json, '[]'::json, 0.892, 0.597, 0.475, 0.593, 0.881, 0.422, 0.677, 0.569, 0.805, NULL, 0.788, 'accepted', '2026-06-15T12:00:00+00:00', '2026-06-15T12:00:00+00:00');
INSERT INTO topic_candidate (topic_id, title, summary, period, related_tech_ids, related_org_ids, related_project_ids, related_policy_refs, score_hot, score_policy, score_impact, score_dedup, score_llm_gen, review_novelty, review_importance, review_feasibility, review_expression, review_evidence, final_score, status, created_at, updated_at) VALUES ('TOPIC_003_4906', '光电技术发展趋势选题', '围绕光电技术领域近期突现信号与机构布局变化，建议开展情报选题研究。', '2026Q3', '["TECH_S_1fdf0810f2e943bd"]'::json, '["ORG_S_d2248a4a90990e20"]'::json, '["PROJECT_S_d47c6bf1daa01ef3"]'::json, '[]'::json, 0.786, 0.353, 0.594, 0.767, 0.778, 0.553, 0.768, 0.723, 0.422, NULL, 0.833, 'pending', '2026-06-15T12:00:00+00:00', '2026-06-15T12:00:00+00:00');
INSERT INTO topic_candidate (topic_id, title, summary, period, related_tech_ids, related_org_ids, related_project_ids, related_policy_refs, score_hot, score_policy, score_impact, score_dedup, score_llm_gen, review_novelty, review_importance, review_feasibility, review_expression, review_evidence, final_score, status, created_at, updated_at) VALUES ('TOPIC_004_2129', '光电技术前沿进展选题', '围绕光电技术领域近期突现信号与机构布局变化，建议开展情报选题研究。', '2026Q1', '["TECH_S_fb44f70467a73ad0"]'::json, '["ORG_S_3dc0323c3ca2a37d"]'::json, '["PROJECT_S_909988f218ecfcbe"]'::json, '[]'::json, 0.505, 0.425, 0.798, 0.642, 0.519, 0.874, 0.416, 0.601, 0.506, NULL, 0.597, 'accepted', '2026-06-15T12:00:00+00:00', '2026-06-15T12:00:00+00:00');
INSERT INTO topic_candidate (topic_id, title, summary, period, related_tech_ids, related_org_ids, related_project_ids, related_policy_refs, score_hot, score_policy, score_impact, score_dedup, score_llm_gen, review_novelty, review_importance, review_feasibility, review_expression, review_evidence, final_score, status, created_at, updated_at) VALUES ('TOPIC_005_3300', '人工智能前沿进展选题', '围绕人工智能领域近期突现信号与机构布局变化，建议开展情报选题研究。', '2026Q3', '["TECH_S_64b200a76f7d89fa"]'::json, '["ORG_S_578240cb4da5a89b"]'::json, '["PROJECT_S_6b1e471464be8159"]'::json, '[]'::json, 0.527, 0.636, 0.383, 0.646, 0.464, 0.832, 0.637, 0.841, 0.456, NULL, 0.759, 'accepted', '2026-06-15T12:00:00+00:00', '2026-06-15T12:00:00+00:00');
INSERT INTO topic_candidate (topic_id, title, summary, period, related_tech_ids, related_org_ids, related_project_ids, related_policy_refs, score_hot, score_policy, score_impact, score_dedup, score_llm_gen, review_novelty, review_importance, review_feasibility, review_expression, review_evidence, final_score, status, created_at, updated_at) VALUES ('TOPIC_006_4975', '生物医药产业动态选题', '围绕生物医药领域近期突现信号与机构布局变化，建议开展情报选题研究。', '2026Q2', '["TECH_S_3a877b11cd3f02c9"]'::json, '["ORG_S_172812a49122578d"]'::json, '["PROJECT_S_f2aee75696e3a6b8"]'::json, '[]'::json, 0.543, 0.332, 0.802, 0.771, 0.427, 0.654, 0.678, 0.892, 0.793, NULL, 0.88, 'accepted', '2026-06-15T12:00:00+00:00', '2026-06-15T12:00:00+00:00');
INSERT INTO topic_candidate (topic_id, title, summary, period, related_tech_ids, related_org_ids, related_project_ids, related_policy_refs, score_hot, score_policy, score_impact, score_dedup, score_llm_gen, review_novelty, review_importance, review_feasibility, review_expression, review_evidence, final_score, status, created_at, updated_at) VALUES ('TOPIC_007_7898', '机器人技术突破选题', '围绕机器人领域近期突现信号与机构布局变化，建议开展情报选题研究。', '2026Q1', '["TECH_S_e28db2e1e4bfe4ed"]'::json, '["ORG_S_0b315f33774a3c81"]'::json, '["PROJECT_S_68aeaea827c1908e"]'::json, '[]'::json, 0.81, 0.53, 0.664, 0.837, 0.54, 0.461, 0.422, 0.743, 0.496, NULL, 0.642, 'pending', '2026-06-15T12:00:00+00:00', '2026-06-15T12:00:00+00:00');
INSERT INTO topic_candidate (topic_id, title, summary, period, related_tech_ids, related_org_ids, related_project_ids, related_policy_refs, score_hot, score_policy, score_impact, score_dedup, score_llm_gen, review_novelty, review_importance, review_feasibility, review_expression, review_evidence, final_score, status, created_at, updated_at) VALUES ('TOPIC_008_7455', '深海装备前沿进展选题', '围绕深海装备领域近期突现信号与机构布局变化，建议开展情报选题研究。', '2026Q3', '["TECH_S_302bfdf4aebe6908"]'::json, '["ORG_S_65aa5014fe8b30e2"]'::json, '["PROJECT_S_12c6a6fbc8224f59"]'::json, '[]'::json, 0.808, 0.504, 0.501, 0.679, 0.596, 0.467, 0.487, 0.711, 0.736, NULL, 0.852, 'revised', '2026-06-15T12:00:00+00:00', '2026-06-15T12:00:00+00:00');
INSERT INTO topic_candidate (topic_id, title, summary, period, related_tech_ids, related_org_ids, related_project_ids, related_policy_refs, score_hot, score_policy, score_impact, score_dedup, score_llm_gen, review_novelty, review_importance, review_feasibility, review_expression, review_evidence, final_score, status, created_at, updated_at) VALUES ('TOPIC_009_3460', '深海装备前沿进展选题', '围绕深海装备领域近期突现信号与机构布局变化，建议开展情报选题研究。', '2026Q1', '["TECH_S_1998aa446cb727d5"]'::json, '["ORG_S_1428390dadec8430"]'::json, '["PROJECT_S_3fef956eb2ba4080"]'::json, '[]'::json, 0.892, 0.866, 0.715, 0.867, 0.739, 0.635, 0.638, 0.459, 0.583, NULL, 0.529, 'accepted', '2026-06-15T12:00:00+00:00', '2026-06-15T12:00:00+00:00');
INSERT INTO topic_candidate (topic_id, title, summary, period, related_tech_ids, related_org_ids, related_project_ids, related_policy_refs, score_hot, score_policy, score_impact, score_dedup, score_llm_gen, review_novelty, review_importance, review_feasibility, review_expression, review_evidence, final_score, status, created_at, updated_at) VALUES ('TOPIC_010_3821', '生物医药技术突破选题', '围绕生物医药领域近期突现信号与机构布局变化，建议开展情报选题研究。', '2026Q2', '["TECH_S_345706bdb825f65c"]'::json, '["ORG_S_dd0087ada9a16430"]'::json, '["PROJECT_S_1aadf0cedc48acd7"]'::json, '[]'::json, 0.418, 0.458, 0.489, 0.542, 0.666, 0.46, 0.802, 0.621, 0.676, NULL, 0.504, 'rejected', '2026-06-15T12:00:00+00:00', '2026-06-15T12:00:00+00:00');
INSERT INTO topic_candidate (topic_id, title, summary, period, related_tech_ids, related_org_ids, related_project_ids, related_policy_refs, score_hot, score_policy, score_impact, score_dedup, score_llm_gen, review_novelty, review_importance, review_feasibility, review_expression, review_evidence, final_score, status, created_at, updated_at) VALUES ('TOPIC_011_7098', '卫星互联网前沿进展选题', '围绕卫星互联网领域近期突现信号与机构布局变化，建议开展情报选题研究。', '2026Q1', '["TECH_S_b759afec40664fa2"]'::json, '["ORG_S_146b27fb7ae93b9b"]'::json, '["PROJECT_S_71cd55816ade8253"]'::json, '[]'::json, 0.434, 0.831, 0.763, 0.944, 0.537, 0.856, 0.698, 0.858, 0.608, NULL, 0.666, 'accepted', '2026-06-15T12:00:00+00:00', '2026-06-15T12:00:00+00:00');

COMMIT;